player_id,player_name,player_display_name,position,position_group,headshot_url,season,season_type,recent_team,games,completions,attempts,passing_yards,passing_tds,passing_interceptions,sacks_suffered,sack_yards_lost,sack_fumbles,sack_fumbles_lost,passing_air_yards,passing_yards_after_catch,passing_first_downs,passing_epa,passing_cpoe,passing_2pt_conversions,pacr,passing_10,passing_16,passing_20,passing_40,carries,rushing_yards,rushing_tds,rushing_fumbles,rushing_fumbles_lost,rushing_first_downs,rushing_epa,rushing_2pt_conversions,rushing_10,rushing_12,rushing_20,rushing_40,receptions,targets,receiving_yards,receiving_tds,receiving_fumbles,receiving_fumbles_lost,receiving_air_yards,receiving_yards_after_catch,receiving_first_downs,receiving_epa,receiving_2pt_conversions,receiving_10,receiving_16,receiving_20,receiving_40,racr,target_share,air_yards_share,wopr,special_teams_tds,def_tackles_solo,def_tackles_with_assist,def_tackle_assists,def_tackles_for_loss,def_tackles_for_loss_yards,def_fumbles_forced,def_sacks,def_sack_yards,def_qb_hits,def_interceptions,def_interception_yards,def_pass_defended,def_tds,def_fumbles,def_safeties,misc_yards,fumble_recovery_own,fumble_recovery_yards_own,fumble_recovery_opp,fumble_recovery_yards_opp,fumble_recovery_tds,penalties,penalty_yards,fumbles_forced_by_opp,fumbles_not_forced,fumbles_out_of_bounds,fumbles_total,fumbles_lost_total,punt_returns,punt_return_yards,kickoff_returns,kickoff_return_yards,fg_made,fg_att,fg_missed,fg_blocked,fg_long,fg_pct,fg_made_0_19,fg_made_20_29,fg_made_30_39,fg_made_40_49,fg_made_50_59,fg_made_60_,fg_missed_0_19,fg_missed_20_29,fg_missed_30_39,fg_missed_40_49,fg_missed_50_59,fg_missed_60_,fg_made_list,fg_missed_list,fg_blocked_list,fg_made_distance,fg_missed_distance,fg_blocked_distance,pat_made,pat_att,pat_missed,pat_blocked,pat_pct,gwfg_made,gwfg_att,gwfg_missed,gwfg_blocked,gwfg_distance_list,pt_att,pt_blocked,pt_long,pt_yards,pt_inside_20,pt_out_of_bounds,pt_downed,pt_touchback,pt_fair_caught,pt_returned,pt_return_yards,pt_return_tds,pt_net_yards,fantasy_points,fantasy_points_ppr
00-0004091,P.Dawson,Phil Dawson,K,SPEC,"https://static.www.nfl.com/image/private/f_auto,q_auto/league/dypn7kf7fsaz30ey0ayc",2017,REG,ARI,16,0,0,0,0,0,0,0,0,0,0,0,0,,,0,,0,0,0,0,0,0,0,0,0,0,,0,0,0,0,0,0,0,0,0,0,0,0,0,0,,0,0,0,0,0,,0,0,0,0,1,0,0,0,0,0,0,0,0,0,0,0,0,0,0,0,0,0,0,0,0,0,0,0,0,0,0,0,0,0,0,0,32,40,6,2,57,0.8,1,7,10,10,4,0,0,0,4,2,0,0,24;27;40;30;37;29;43;50;32;28;25;32;43;34;42;48;57;54;47;23;32;35;40;35;19;34;32;21;49;46;53;42,32;42;36;32;38;40,51;45,1183,220,96,23,26,1,2,0.884615384615385,1,1,0,0,30,0,0,,0,0,0,0,0,0,0,0,0,0,0,0
00-0016919,A.Vinatieri,Adam Vinatieri,K,SPEC,"https://static.www.nfl.com/image/private/f_auto,q_auto/league/imfj1hl4kob4jof8hcwa",2017,REG,IND,15,0,0,0,0,0,0,0,0,0,0,0,0,,,0,,0,0,0,0,0,0,0,0,0,0,,0,0,0,0,0,0,0,0,0,0,0,0,0,0,,0,0,0,0,0,,0,0,0,0,0,0,0,0,0,0,0,0,0,0,0,0,0,0,0,0,0,0,0,0,0,0,0,0,0,0,0,0,0,0,0,0,29,34,4,1,54,0.852941176470588,0,11,7,6,5,0,0,0,2,1,0,1,20;46;29;33;40;52;23;38;51;36;25;52;29;33;29;22;53;48;26;28;42;27;45;39;48;38;30;54;22,38;33;43;60,38,1058,174,38,22,24,2,0,0.916666666666667,1,1,0,0,51,0,0,,0,0,0,0,0,0,0,0,0,0,0,0
00-0019596,T.Brady,Tom Brady,QB,QB,"https://static.www.nfl.com/image/private/f_auto,q_auto/league/q7dpdlxyu5rs05rgh1le",2017,REG,NE,16,385,581,4577,32,8,35,-201,6,2,5308,1910,230,140.614184434495,3.73565326460918,2,0.862283345892992,189,111,62,10,25,28,0,1,1,7,-12.2037849307887,0,0,0,0,0,0,0,0,0,0,0,0,0,0,,0,0,0,0,0,,0,0,0,0,0,0,0,0,0,0,0,0,0,0,0,0,0,0,0,0,2,-24,0,0,0,2,15,5,2,0,7,3,0,0,0,0,0,0,0,0,,,0,0,0,0,0,0,0,0,0,0,0,0,,,,0,0,0,0,0,0,0,,0,0,0,0,,0,0,,0,0,0,0,0,0,0,0,0,0,295.88,295.88
00-0019714,S.Lechler,Shane Lechler,P,SPEC,"https://static.www.nfl.com/image/private/f_auto,q_auto/league/we3oe5jqnrb4ag3d4pqu",2017,REG,HOU,16,0,0,0,0,0,0,0,0,0,0,0,0,,,0,,0,0,0,0,0,0,0,0,0,0,,0,0,0,0,0,0,0,0,0,0,0,0,0,0,,0,0,0,0,0,,0,0,0,0,1,0,1,0,0,0,0,0,0,0,0,0,0,0,0,0,0,0,0,0,0,1,15,0,0,0,0,0,0,0,0,0,0,0,0,0,,,0,0,0,0,0,0,0,0,0,0,0,0,,,,0,0,0,0,0,0,0,,0,0,0,0,,92,0,68,4507,32,8,8,5,22,49,608,1,3799,0,0
00-0020531,D.Brees,Drew Brees,QB,QB,"https://static.www.nfl.com/image/private/f_auto,q_auto/league/bt6nv11jgsirnuymookt",2017,REG,NO,16,386,536,4334,23,8,20,-145,2,0,3417,2369,201,106.646449420467,4.68135657517806,0,1.26836406204273,163,97,72,11,33,12,2,2,0,7,-8.33535170110102,0,0,0,0,0,0,0,0,0,0,0,0,0,0,,0,0,0,0,0,,0,0,0,0,1,0,0,0,0,0,0,0,0,0,0,0,0,0,0,0,3,-12,0,0,0,5,32,2,3,0,5,0,0,0,0,0,0,0,0,0,,,0,0,0,0,0,0,0,0,0,0,0,0,,,,0,0,0,0,0,0,0,,0,0,0,0,,0,0,,0,0,0,0,0,0,0,0,0,0,262.56,262.56
00-0020578,M.Bryant,Matt Bryant,K,SPEC,"https://static.www.nfl.com/image/private/f_auto,q_auto/league/okrutwlsyxd3w2xtohun",2017,REG,ATL,16,0,0,0,0,0,0,0,0,0,0,0,0,,,0,,0,0,0,0,0,0,0,0,0,0,,0,0,0,0,0,0,0,0,0,0,0,0,0,0,,0,0,0,0,0,,0,0,0,0,0,0,0,0,0,0,0,0,0,0,0,0,0,0,0,0,0,0,0,0,0,0,0,0,0,0,0,0,0,0,0,0,34,39,3,2,57,0.871794871794872,1,6,10,9,8,0,0,0,1,1,1,0,48;28;37;51;53;36;48;40;28;50;23;45;37;29;53;50;29;44;19;49;36;38;36;47;28;52;57;37;48;30;42;30;56;33,59;36;45,37;33,1367,140,70,35,35,0,0,1,0,0,0,0,,0,0,,0,0,0,0,0,0,0,0,0,0,0,0
00-0020712,J.Harrison,James Harrison,OLB,LB,"https://static.www.nfl.com/image/private/f_auto,q_auto/league/zck45uxz4nin7rqkqkpj",2017,REG,NE,2,0,0,0,0,0,0,0,0,0,0,0,0,,,0,,0,0,0,0,0,0,0,0,0,0,,0,0,0,0,0,0,0,0,0,0,0,0,0,0,,0,0,0,0,0,,0,0,0,0,6,0,2,2,9,1,3,18,4,0,0,0,0,0,0,0,0,0,0,0,0,0,0,0,0,0,0,0,0,0,0,0,0,0,0,0,,,0,0,0,0,0,0,0,0,0,0,0,0,,,,0,0,0,0,0,0,0,,0,0,0,0,,0,0,,0,0,0,0,0,0,0,0,0,0,0,0
00-0021140,J.Peppers,Julius Peppers,DE,DL,"https://static.www.nfl.com/image/private/f_auto,q_auto/league/c7tpbqsqzbg4vw5axw71",2017,REG,CAR,15,0,0,0,0,0,0,0,0,0,0,0,0,,,0,,0,0,0,0,0,0,0,0,0,0,,0,0,0,0,0,0,0,0,0,0,0,0,0,0,,0,0,0,0,0,,0,0,0,0,21,0,12,10,62,2,11,61,17,0,0,0,0,0,0,0,0,0,2,0,0,2,17,0,0,0,0,0,0,0,0,0,0,0,0,0,,,0,0,0,0,0,0,0,0,0,0,0,0,,,,0,0,0,0,0,0,0,,0,0,0,0,,0,0,,0,0,0,0,0,0,0,0,0,0,0,0
00-0021146,D.Freeney,Dwight Freeney,DE,DL,"https://static.www.nfl.com/image/private/f_auto,q_auto/league/tk45swjxoh8bbjs50s7a",2017,REG,SEA,3,0,0,0,0,0,0,0,0,0,0,0,0,,,0,,0,0,0,0,0,0,0,0,0,0,,0,0,0,0,0,0,0,0,0,0,0,0,0,0,,0,0,0,0,0,,0,0,0,0,3,0,0,3,31,0,3,31,4,0,0,1,0,0,0,0,0,0,0,0,0,0,0,0,0,0,0,0,0,0,0,0,0,0,0,0,,,0,0,0,0,0,0,0,0,0,0,0,0,,,,0,0,0,0,0,0,0,,0,0,0,0,,0,0,,0,0,0,0,0,0,0,0,0,0,0,0
00-0021206,J.McCown,Josh McCown,QB,QB,"https://static.www.nfl.com/image/private/f_auto,q_auto/league/qcauc37wqjdaxdbq1evu",2017,REG,NYJ,13,267,397,2926,18,9,39,-264,6,3,3036,1268,133,13.3731952256759,5.53414226736429,0,0.963768115942029,115,57,40,7,37,124,5,4,1,14,6.62105386180338,0,5,4,2,0,0,0,0,0,0,0,0,0,0,,0,0,0,0,0,,0,0,0,0,0,0,0,0,0,0,0,0,0,0,0,0,0,0,0,0,6,-8,0,0,0,4,20,7,4,0,11,4,0,0,0,0,0,0,0,0,,,0,0,0,0,0,0,0,0,0,0,0,0,,,,0,0,0,0,0,0,0,,0,0,0,0,,0,0,,0,0,0,0,0,0,0,0,0,0,205.44,205.44
00-0021429,C.Palmer,Carson Palmer,QB,QB,"https://static.www.nfl.com/image/private/f_auto,q_auto/league/belgna3tokxga0gjjmwk",2017,REG,ARI,7,164,267,1978,9,7,22,-150,0,0,2499,743,94,-4.19826790535914,-0.0349854392216618,0,0.791516606642657,89,48,28,2,14,12,0,2,0,5,0.243019134057651,0,0,0,0,0,0,0,0,0,0,0,0,0,0,,0,0,0,0,0,,0,0,0,0,0,0,0,0,0,0,0,0,0,0,0,0,0,0,0,0,2,-2,0,0,0,1,5,0,2,0,2,0,0,0,0,0,0,0,0,0,,,0,0,0,0,0,0,0,0,0,0,0,0,,,,0,0,0,0,0,0,0,,0,0,0,0,,0,0,,0,0,0,0,0,0,0,0,0,0,102.32,102.32
00-0021547,A.Gates,Antonio Gates,TE,TE,"https://static.www.nfl.com/image/private/f_auto,q_auto/league/kndulvysinvn4tpvt0bc",2017,REG,LAC,16,0,0,0,0,0,0,0,0,0,0,0,0,,,0,,0,0,0,0,0,0,0,0,0,0,,0,0,0,0,0,30,52,316,3,0,0,432,66,16,3.03850194953614,0,15,6,3,0,0.731481481481482,0.0907504363001745,0.0903765690376569,0.199389252776622,0,1,0,0,0,0,0,0,0,0,0,0,0,0,0,0,0,0,0,0,0,0,1,5,0,0,0,0,0,0,0,0,0,0,0,0,0,,,0,0,0,0,0,0,0,0,0,0,0,0,,,,0,0,0,0,0,0,0,,0,0,0,0,,0,0,,0,0,0,0,0,0,0,0,0,0,49.6,79.6
00-0022045,T.Newman,Terence Newman,CB,DB,"https://static.www.nfl.com/image/private/f_auto,q_auto/league/aphgunfzg6ptehfuk8j1",2017,REG,MIN,14,0,0,0,0,0,0,0,0,0,0,0,0,,,0,,0,0,0,0,0,0,0,0,0,0,,0,0,0,0,0,0,0,0,0,0,0,0,0,0,,0,0,0,0,0,,0,0,0,0,25,0,10,2,2,0,0,0,0,1,3,5,0,0,0,0,0,0,0,0,0,1,5,0,0,0,0,0,0,0,0,0,0,0,0,0,,,0,0,0,0,0,0,0,0,0,0,0,0,,,,0,0,0,0,0,0,0,,0,0,0,0,,0,0,,0,0,0,0,0,0,0,0,0,0,0,0
00-0022127,J.Witten,Jason Witten,TE,TE,"https://static.www.nfl.com/image/private/f_auto,q_auto/league/r7uafhtwuexuaty0nhsc",2017,REG,DAL,16,0,0,0,0,0,0,0,0,0,0,0,0,,,0,,0,0,0,0,0,0,0,0,0,0,,0,0,0,0,0,63,87,560,5,0,0,602,105,26,17.2837209879531,0,17,6,3,0,0.930232558139535,0.179381443298969,0.152675627694649,0.375945104334708,0,0,0,0,0,0,0,0,0,0,0,0,0,0,0,0,0,0,0,0,0,0,4,35,0,1,0,1,1,0,0,0,0,0,0,0,0,,,0,0,0,0,0,0,0,0,0,0,0,0,,,,0,0,0,0,0,0,0,,0,0,0,0,,0,0,,0,0,0,0,0,0,0,0,0,0,86,149
00-0022161,T.Suggs,Terrell Suggs,OLB,LB,"https://static.www.nfl.com/image/private/f_auto,q_auto/league/s8bqh2tllr3pyz03fvrx",2017,REG,BAL,16,0,0,0,0,0,0,0,0,0,0,0,0,,,0,,0,0,0,0,0,0,0,0,0,0,,0,0,0,0,0,0,0,0,0,0,0,0,0,0,,0,0,0,0,0,,0,0,0,0,35,2,12,11,74,4,11,71.5,20,0,0,4,0,0,0,0,0,0,0,0,0,4,20,0,0,0,0,0,0,0,0,0,0,0,0,0,,,0,0,0,0,0,0,0,0,0,0,0,0,,,,0,0,0,0,0,0,0,,0,0,0,0,,0,0,,0,0,0,0,0,0,0,0,0,0,0,0
00-0022247,M.Adams,Mike Adams,FS,DB,"https://static.www.nfl.com/image/private/f_auto,q_auto/league/lkfpqqbpyo1y29eeoqhb",2017,REG,CAR,16,0,0,0,0,0,0,0,0,0,0,0,0,,,0,,0,0,0,0,0,0,0,0,0,0,,0,0,0,0,0,0,0,0,0,0,0,0,0,0,,0,0,0,0,0,,0,0,0,0,44,3,21,1,5,2,0,0,2,2,42,10,0,1,0,0,0,0,2,4,0,3,38,1,0,0,1,0,0,0,0,0,0,0,0,0,,,0,0,0,0,0,0,0,0,0,0,0,0,,,,0,0,0,0,0,0,0,,0,0,0,0,,0,0,,0,0,0,0,0,0,0,0,0,0,0,0
00-0022531,J.Peters,Jason Peters,OT,OL,"https://static.www.nfl.com/image/upload/f_auto,q_auto/league/xcsyqvrlrpe6s3d0rodq",2017,REG,PHI,1,0,0,0,0,0,0,0,0,0,0,0,0,,,0,,0,0,0,0,0,0,0,0,0,0,,0,0,0,0,0,0,0,0,0,0,0,0,0,0,,0,0,0,0,0,,0,0,0,0,0,0,0,0,0,0,0,0,0,0,0,0,0,0,0,0,0,0,0,0,0,1,10,0,0,0,0,0,0,0,0,0,0,0,0,0,,,0,0,0,0,0,0,0,0,0,0,0,0,,,,0,0,0,0,0,0,0,,0,0,0,0,,0,0,,0,0,0,0,0,0,0,0,0,0,0,0
00-0022684,D.Jones,Donnie Jones,P,SPEC,"https://static.www.nfl.com/image/private/f_auto,q_auto/league/qds7simibz6lt6ckf5yo",2017,REG,PHI,16,0,0,0,0,0,0,0,0,0,0,0,0,,,0,,0,0,0,0,0,0,0,0,0,0,,0,0,0,0,0,0,0,0,0,0,0,0,0,0,,0,0,0,0,0,,0,0,0,0,0,0,0,0,0,0,0,0,0,0,0,0,0,0,0,0,0,0,0,0,0,0,0,0,0,0,0,0,0,0,0,0,0,0,0,0,,,0,0,0,0,0,0,0,0,0,0,0,0,,,,0,0,0,0,0,0,0,,0,0,0,0,,67,1,62,3033,21,7,16,5,14,25,171,0,2762,0,0
00-0022803,E.Manning,Eli Manning,QB,QB,"https://static.www.nfl.com/image/private/f_auto,q_auto/league/w51tf8uedjftbr4qpaex",2017,REG,NYG,15,352,571,3468,19,13,32,-189,11,5,4171,1619,170,-62.176554447788,-3.63614864818213,0,0.831455286502038,131,51,30,5,12,26,1,1,0,2,-9.73724402423259,0,1,1,0,0,0,0,0,0,0,0,0,0,0,,0,0,0,0,0,,0,0,0,0,0,0,0,0,0,0,0,0,0,0,0,0,0,0,0,0,5,-5,0,0,0,4,20,10,2,0,12,5,0,0,0,0,0,0,0,0,,,0,0,0,0,0,0,0,0,0,0,0,0,,,,0,0,0,0,0,0,0,,0,0,0,0,,0,0,,0,0,0,0,0,0,0,0,0,0,187.32,187.32
00-0022824,A.Lee,Andy Lee,P,SPEC,"https://static.www.nfl.com/image/private/f_auto,q_auto/league/bfozbs2h9jueavslvw3z",2017,REG,ARI,16,0,0,0,0,0,0,0,0,0,0,0,0,,,0,,0,0,0,0,0,0,0,0,0,0,,0,0,0,0,0,0,0,0,0,0,0,0,0,0,,0,0,0,0,0,,0,0,0,0,0,0,0,0,0,0,0,0,0,0,0,0,0,0,0,0,0,0,0,0,0,0,0,0,0,0,0,0,0,0,0,0,0,0,0,0,,,0,0,0,0,0,0,0,0,0,0,0,0,,,,0,0,0,0,0,0,0,,0,0,0,0,,88,0,63,4159,29,6,13,8,13,48,506,0,3493,0,0
00-0022921,L.Fitzgerald,Larry Fitzgerald,WR,WR,"https://static.www.nfl.com/image/private/f_auto,q_auto/league/giswjsemt4f7ppwxtqgp",2017,REG,ARI,16,1,1,21,0,0,0,0,0,0,18,3,1,1.24125400302,42.1798646450043,0,1.16666666666667,1,1,1,0,0,0,0,0,0,0,,0,0,0,0,0,109,161,1156,6,1,1,1336,408,66,28.8167438425181,1,56,26,16,0,0.865269461077844,0.271959459459459,0.230067160323747,0.568986201415812,0,0,0,0,0,0,0,0,0,0,0,0,0,0,0,0,0,0,0,0,0,0,1,15,1,0,0,1,1,0,0,0,0,0,0,0,0,,,0,0,0,0,0,0,0,0,0,0,0,0,,,,0,0,0,0,0,0,0,,0,0,0,0,,0,0,,0,0,0,0,0,0,0,0,0,0,152.44,261.44
00-0022923,D.Hall,DeAngelo Hall,S,DB,"https://static.www.nfl.com/image/private/f_auto,q_auto/league/yqzm0jpubsxcgkiqtaql",2017,REG,WAS,3,0,0,0,0,0,0,0,0,0,0,0,0,,,0,,0,0,0,0,0,0,0,0,0,0,,0,0,0,0,0,0,0,0,0,0,0,0,0,0,,0,0,0,0,0,,0,0,0,0,11,0,3,0,0,0,0,0,0,0,0,2,0,0,0,0,0,0,0,0,0,0,0,0,0,0,0,0,2,7,0,0,0,0,0,0,,,0,0,0,0,0,0,0,0,0,0,0,0,,,,0,0,0,0,0,0,0,,0,0,0,0,,0,0,,0,0,0,0,0,0,0,0,0,0,0,0
00-0022924,B.Roethlisberger,Ben Roethlisberger,QB,QB,"https://static.www.nfl.com/image/private/f_auto,q_auto/league/vziogpnyp9d0xtpiuqhr",2017,REG,PIT,15,361,562,4259,28,14,21,-139,1,1,5002,2096,208,86.7046309309517,2.9128954698928,2,0.851459416233507,172,84,52,14,28,47,0,2,0,6,-4.9673454781779,0,2,1,0,0,0,0,0,0,0,0,0,0,0,,0,0,0,0,0,,0,0,0,0,0,0,0,0,0,0,0,0,0,0,0,0,0,0,0,0,2,-10,0,0,0,3,15,1,2,0,3,1,0,0,0,0,0,0,0,0,,,0,0,0,0,0,0,0,0,0,0,0,0,,,,0,0,0,0,0,0,0,,0,0,0,0,,0,0,,0,0,0,0,0,0,0,0,0,0,261.06,261.06
00-0022927,K.Dansby,Karlos Dansby,ILB,LB,"https://static.www.nfl.com/image/private/f_auto,q_auto/league/lumuwuwq9kdemsw5uefz",2017,REG,ARI,16,0,0,0,0,0,0,0,0,0,0,0,0,,,0,,0,0,0,0,0,0,0,0,0,0,,0,0,0,0,0,0,0,0,0,0,0,0,0,0,,0,0,0,0,0,,0,0,0,0,69,5,21,7,28,0,1,8,5,1,4,4,0,0,0,0,0,0,1,0,0,2,20,0,0,0,0,0,0,0,0,0,0,0,0,0,,,0,0,0,0,0,0,0,0,0,0,0,0,,,,0,0,0,0,0,0,0,,0,0,0,0,,0,0,,0,0,0,0,0,0,0,0,0,0,0,0
00-0022942,P.Rivers,Philip Rivers,QB,QB,"https://static.www.nfl.com/image/private/f_auto,q_auto/league/voakyrtj34sghkwxaxxf",2017,REG,LAC,16,360,575,4515,28,10,18,-120,5,1,4745,2144,216,116.60148241619,1.01832867459913,0,0.951527924130664,193,93,61,12,18,-2,0,3,0,1,-8.13427931880713,0,0,0,0,0,0,0,0,0,0,0,0,0,0,,0,0,0,0,0,,0,0,0,0,1,0,0,0,0,0,0,0,0,0,0,0,0,0,0,0,5,-4,0,0,0,13,101,5,3,1,8,1,0,0,0,0,0,0,0,0,,,0,0,0,0,0,0,0,0,0,0,0,0,,,,0,0,0,0,0,0,0,,0,0,0,0,,0,0,,0,0,0,0,0,0,0,0,0,0,270.4,270.4
00-0022943,B.Watson,Benjamin Watson,TE,TE,"https://static.www.nfl.com/image/private/f_auto,q_auto/league/dorymozpdnrllkqlfzpu",2017,REG,BAL,16,0,0,0,0,0,0,0,0,0,0,0,0,,,0,,0,0,0,0,0,0,0,0,0,0,,0,0,0,0,0,61,79,522,4,1,0,416,263,30,11.2602206050754,0,22,9,5,0,1.25480769230769,0.140819964349376,0.108276939094222,0.287023803890019,0,4,0,0,0,0,0,0,0,0,0,0,0,0,0,0,0,0,0,0,0,0,1,5,1,0,1,1,0,0,0,0,0,0,0,0,0,,,0,0,0,0,0,0,0,0,0,0,0,0,,,,0,0,0,0,0,0,0,,0,0,0,0,,0,0,,0,0,0,0,0,0,0,0,0,0,76.2,137.2
00-0022999,J.Kuhn,John Kuhn,FB,RB,"https://static.www.nfl.com/image/private/f_auto,q_auto/league/nbcwgq2o0ymmx4czvr4b",2017,REG,NO,1,0,0,0,0,0,0,0,0,0,0,0,0,,,0,,0,0,0,0,1,2,0,0,0,1,0.0828106729313731,0,0,0,0,0,0,0,0,0,0,0,0,0,0,,0,0,0,0,0,,0,0,0,0,0,0,0,0,0,0,0,0,0,0,0,0,0,0,0,0,0,0,0,0,0,0,0,0,0,0,0,0,0,0,1,9,0,0,0,0,,,0,0,0,0,0,0,0,0,0,0,0,0,,,,0,0,0,0,0,0,0,,0,0,0,0,,0,0,,0,0,0,0,0,0,0,0,0,0,0.2,0.2
00-0023096,N.Novak,Nick Novak,K,SPEC,"https://static.www.nfl.com/image/private/f_auto,q_auto/league/gdjujo9q9eniokxlygke",2017,REG,LAC,7,0,0,0,0,0,0,0,0,0,0,0,0,,,0,,0,0,0,0,0,0,0,0,0,0,,0,0,0,0,0,0,0,0,0,0,0,0,0,0,,0,0,0,0,0,,0,0,0,0,0,0,0,0,0,0,0,0,0,0,0,0,0,0,0,0,0,0,0,0,0,0,0,0,0,0,0,0,0,0,0,0,9,13,3,1,50,0.692307692307692,0,4,4,0,1,0,0,0,1,2,0,0,20;31;32;50;33;28;39;28;22,48;46;35,51,283,129,51,17,18,1,0,0.944444444444444,1,1,0,0,32,0,0,,0,0,0,0,0,0,0,0,0,0,0,0
00-0023173,J.Denney,John Denney,LS,SPEC,"https://static.www.nfl.com/image/private/f_auto,q_auto/league/r592pzrlchblgsanedxc",2017,REG,MIA,2,0,0,0,0,0,0,0,0,0,0,0,0,,,0,,0,0,0,0,0,0,0,0,0,0,,0,0,0,0,0,0,0,0,0,0,0,0,0,0,,0,0,0,0,0,,0,0,0,0,1,0,1,0,0,0,0,0,0,0,0,0,0,0,0,0,0,0,0,0,0,0,0,0,0,0,0,0,0,0,0,0,0,0,0,0,,,0,0,0,0,0,0,0,0,0,0,0,0,,,,0,0,0,0,0,0,0,,0,0,0,0,,0,0,,0,0,0,0,0,0,0,0,0,0,0,0
00-0023177,J.Condo,Jon Condo,LS,SPEC,"https://static.www.nfl.com/image/private/f_auto,q_auto/league/pyy47jv0byo9lhyngja9",2017,REG,LV,1,0,0,0,0,0,0,0,0,0,0,0,0,,,0,,0,0,0,0,0,0,0,0,0,0,,0,0,0,0,0,0,0,0,0,0,0,0,0,0,,0,0,0,0,0,,0,0,0,0,0,1,0,0,0,0,0,0,0,0,0,0,0,0,0,0,0,0,0,0,0,0,0,0,0,0,0,0,0,0,0,0,0,0,0,0,,,0,0,0,0,0,0,0,0,0,0,0,0,,,,0,0,0,0,0,0,0,,0,0,0,0,,0,0,,0,0,0,0,0,0,0,0,0,0,0,0
00-0023252,R.Gould,Robbie Gould,K,SPEC,"https://static.www.nfl.com/image/private/f_auto,q_auto/league/uakpiwhnutg2rvoyrmgh",2017,REG,SF,16,0,0,0,0,0,0,0,0,0,0,0,0,,,0,,0,0,0,0,0,0,0,0,0,0,,0,0,0,0,0,0,0,0,0,0,0,0,0,0,,0,0,0,0,0,,0,0,0,0,0,0,0,0,0,0,0,0,0,0,0,0,0,0,0,0,0,0,0,0,0,0,0,0,0,0,0,0,0,0,0,0,39,41,1,1,52,0.951219512195122,0,7,11,17,4,0,0,0,0,1,0,0,44;40;37;34;36;48;49;39;47;48;23;28;43;40;52;42;50;42;43;38;42;33;28;35;34;24;52;35;25;41;38;48;28;50;48;45;27;33;48,47,27,1537,47,27,28,30,1,1,0.933333333333333,2,2,0,0,24;45,0,0,,0,0,0,0,0,0,0,0,0,0,0,0
00-0023259,L.Alexander,Lorenzo Alexander,OLB,LB,"https://static.www.nfl.com/image/private/f_auto,q_auto/league/rr7kcy09b67a7q6ma6lx",2017,REG,BUF,16,0,0,0,0,0,0,0,0,0,0,0,0,,,0,,0,0,0,0,0,0,0,0,0,0,,0,0,0,0,0,0,0,0,0,0,0,0,0,0,,0,0,0,0,0,,0,0,0,0,44,14,15,6,34,3,3,21,15,0,0,1,0,0,0,0,0,0,0,0,0,4,30,0,0,0,0,0,0,0,0,0,0,0,0,0,,,0,0,0,0,0,0,0,0,0,0,0,0,,,,0,0,0,0,0,0,0,,0,0,0,0,,0,0,,0,0,0,0,0,0,0,0,0,0,0,0
00-0023298,L.Ladouceur,L.P. LaDouceur,LS,SPEC,"https://static.www.nfl.com/image/private/f_auto,q_auto/league/b9a7s0amdroxdktpmsgp",2017,REG,DAL,1,0,0,0,0,0,0,0,0,0,0,0,0,,,0,,0,0,0,0,0,0,0,0,0,0,,0,0,0,0,0,0,0,0,0,0,0,0,0,0,,0,0,0,0,0,,0,0,0,0,0,0,0,0,0,0,0,0,0,0,0,0,0,0,0,0,0,0,1,0,0,0,0,0,0,0,0,0,0,0,0,0,0,0,0,0,,,0,0,0,0,0,0,0,0,0,0,0,0,,,,0,0,0,0,0,0,0,,0,0,0,0,,0,0,,0,0,0,0,0,0,0,0,0,0,0,0
00-0023368,C.Wake,Cameron Wake,LB,LB,"https://static.www.nfl.com/image/private/f_auto,q_auto/league/joxqiwlrpk7wwrwoibsl",2017,REG,MIA,15,0,0,0,0,0,0,0,0,0,0,0,0,,,0,,0,0,0,0,0,0,0,0,0,0,,0,0,0,0,0,0,0,0,0,0,0,0,0,0,,0,0,0,0,0,,0,0,0,0,22,4,10,11,86,0,10.5,72,27,0,0,0,0,0,0,0,0,0,0,0,0,5,36,0,0,0,0,0,0,0,0,0,0,0,0,0,,,0,0,0,0,0,0,0,0,0,0,0,0,,,,0,0,0,0,0,0,0,,0,0,0,0,,0,0,,0,0,0,0,0,0,0,0,0,0,0,0
00-0023436,A.Smith,Alex Smith,QB,QB,"https://static.www.nfl.com/image/private/f_auto,q_auto/league/hinmlhyjffsmq6bwq6tk",2017,REG,KC,15,341,505,4042,26,5,35,-207,1,1,3877,1964,184,91.0959337248764,4.99266077386872,0,1.04255867939128,155,73,52,13,60,355,1,1,0,19,8.78327572501214,0,11,7,2,1,0,0,0,0,0,0,0,0,0,,0,0,0,0,0,,0,0,0,0,2,0,0,0,0,0,0,0,0,0,0,0,0,0,0,0,3,-2,0,0,0,5,25,1,1,0,2,1,0,0,0,0,0,0,0,0,,,0,0,0,0,0,0,0,0,0,0,0,0,,,,0,0,0,0,0,0,0,,0,0,0,0,,0,0,,0,0,0,0,0,0,0,0,0,0,295.18,295.18
00-0023441,A.Jones,Adam Jones,DB,DB,"https://static.www.nfl.com/image/private/f_auto,q_auto/league/hvbjym05mpvfkdhy3bsz",2017,REG,CIN,9,0,0,0,0,0,0,0,0,0,0,0,0,,,0,,0,0,0,0,0,0,0,0,0,0,,0,0,0,0,0,0,0,0,0,0,0,0,0,0,,0,0,0,0,0,,0,0,0,0,19,0,4,0,0,0,0,0,0,1,0,4,0,0,0,0,0,0,0,0,0,4,69,0,0,0,0,0,6,131,0,0,0,0,0,0,,,0,0,0,0,0,0,0,0,0,0,0,0,,,,0,0,0,0,0,0,0,,0,0,0,0,,0,0,,0,0,0,0,0,0,0,0,0,0,0,0
00-0023448,T.Davis,Thomas Davis,OLB,LB,"https://static.www.nfl.com/image/private/f_auto,q_auto/league/jyvd92kxkrpnhltrzlhy",2017,REG,CAR,15,0,0,0,0,0,0,0,0,0,0,0,0,,,0,,0,0,0,0,0,0,0,0,0,0,,0,0,0,0,0,0,0,0,0,0,0,0,0,0,,0,0,0,0,0,,0,0,0,0,50,2,24,5,18,0,2.5,17.5,7,0,0,0,0,0,0,0,0,0,1,0,0,3,42,0,0,0,0,0,0,0,0,0,0,0,0,0,,,0,0,0,0,0,0,0,0,0,0,0,0,,,,0,0,0,0,0,0,0,,0,0,0,0,,0,0,,0,0,0,0,0,0,0,0,0,0,0,0
00-0023449,D.Johnson,Derrick Johnson,LB,LB,"https://static.www.nfl.com/image/private/f_auto,q_auto/league/klf4il8dwq34bs30x9wk",2017,REG,KC,15,0,0,0,0,0,0,0,0,0,0,0,0,,,0,,0,0,0,0,0,0,0,0,0,0,,0,0,0,0,0,0,0,0,0,0,0,0,0,0,,0,0,0,0,0,,0,0,0,0,43,5,23,4,13,1,0,0,0,0,0,7,0,0,0,0,0,0,1,3,0,0,0,0,0,0,0,0,0,0,0,0,0,0,0,0,,,0,0,0,0,0,0,0,0,0,0,0,0,,,,0,0,0,0,0,0,0,,0,0,0,0,,0,0,,0,0,0,0,0,0,0,0,0,0,0,0
00-0023459,A.Rodgers,Aaron Rodgers,QB,QB,"https://static.www.nfl.com/image/upload/f_auto,q_auto/league/dypvakakxhccxs67tb0y",2017,REG,GB,7,154,238,1675,16,6,22,-168,1,1,1643,870,85,21.6055061452416,0.847075255508097,0,1.01947656725502,64,29,21,4,24,126,0,0,0,10,4.66207498637258,0,4,4,0,0,0,0,0,0,0,0,0,0,0,,0,0,0,0,0,,0,0,0,0,0,0,0,0,0,0,0,0,0,0,0,0,0,0,0,0,1,0,0,0,0,3,15,1,0,0,1,1,0,0,0,0,0,0,0,0,,,0,0,0,0,0,0,0,0,0,0,0,0,,,,0,0,0,0,0,0,0,,0,0,0,0,,0,0,,0,0,0,0,0,0,0,0,0,0,129.6,129.6
00-0023482,M.Nugent,Mike Nugent,K,SPEC,"https://static.www.nfl.com/image/private/f_auto,q_auto/league/kkmkvk3wzzsdzgstz0ez",2017,REG,CHI,8,0,0,0,0,0,0,0,0,0,0,0,0,,,0,,0,0,0,0,0,0,0,0,0,0,,0,0,0,0,0,0,0,0,0,0,0,0,0,0,,0,0,0,0,0,,0,0,0,0,0,0,0,0,0,0,0,0,0,0,0,0,0,0,0,0,0,0,0,0,0,0,0,0,0,0,0,0,0,0,0,0,11,13,2,0,55,0.846153846153846,0,3,3,4,1,0,0,0,1,1,0,0,36;48;27;37;48;27;47;34;27;41;55,49;38,,427,87,0,15,17,1,1,0.882352941176471,0,0,0,0,,0,0,,0,0,0,0,0,0,0,0,0,0,0,0
00-0023500,F.Gore,Frank Gore,RB,RB,"https://static.www.nfl.com/image/private/f_auto,q_auto/league/gfuklcqmphmdy9ncwrdt",2017,REG,IND,16,0,0,0,0,0,0,0,0,0,0,0,0,,,0,,0,0,0,0,261,961,3,3,0,49,-24.0016958316519,0,19,14,1,0,29,38,245,1,0,0,-26,275,9,4.85158361665363,0,13,3,2,0,-9.42307692307692,0.0805084745762712,-0.00706905927134312,0.115814370374467,0,0,0,0,0,0,0,0,0,0,0,0,0,0,0,0,0,2,-8,0,0,0,2,10,2,1,1,3,0,0,0,0,0,0,0,0,0,,,0,0,0,0,0,0,0,0,0,0,0,0,,,,0,0,0,0,0,0,0,,0,0,0,0,,0,0,,0,0,0,0,0,0,0,0,0,0,144.6,173.6
00-0023516,R.Incognito,Richie Incognito,G,OL,"https://static.www.nfl.com/image/private/f_auto,q_auto/league/dp4mjqbrnzbjgymabe0a",2017,REG,BUF,5,0,0,0,0,0,0,0,0,0,0,0,0,,,0,,0,0,0,0,0,0,0,0,0,0,,0,0,0,0,0,0,0,0,0,0,0,0,0,0,,0,0,0,0,0,,0,0,0,0,0,0,0,0,0,0,0,0,0,0,0,0,0,0,0,0,0,0,0,0,0,6,60,0,0,0,0,0,0,0,0,0,0,0,0,0,,,0,0,0,0,0,0,0,0,0,0,0,0,,,,0,0,0,0,0,0,0,,0,0,0,0,,0,0,,0,0,0,0,0,0,0,0,0,0,0,0
00-0023534,D.Colquitt,Dustin Colquitt,P,SPEC,"https://static.www.nfl.com/image/private/f_auto,q_auto/league/v1aymd6o0vpg73ytxzhu",2017,REG,KC,16,0,0,0,0,0,0,0,0,0,0,0,0,,,0,,0,0,0,0,0,0,0,0,0,0,,0,0,0,0,0,0,0,0,0,0,0,0,0,0,,0,0,0,0,0,,0,0,0,0,1,0,0,0,0,0,0,0,0,0,0,0,0,0,0,0,0,0,0,0,0,1,5,0,0,0,0,0,0,0,0,0,0,0,0,0,,,0,0,0,0,0,0,0,0,0,0,0,0,,,,0,0,0,0,0,0,0,,0,0,0,0,,65,0,77,2936,29,5,9,5,22,24,164,0,2672,0,0
00-0023564,D.Sproles,Darren Sproles,RB,RB,"https://static.www.nfl.com/image/private/f_auto,q_auto/league/gvj5ng27blmwuz170aeo",2017,REG,PHI,3,0,0,0,0,0,0,0,0,0,0,0,0,,,0,,0,0,0,0,15,61,0,0,0,4,-2.16073647004669,0,3,1,0,0,7,12,73,0,0,0,-13,83,3,-7.02655128528256,0,4,1,0,0,-5.61538461538462,0.0215827338129496,-0.00246258761129002,0.0306502893915215,0,0,0,1,0,0,0,0,0,0,0,0,0,0,1,0,0,0,0,0,0,0,0,0,1,0,0,1,1,1,10,0,0,0,0,0,0,,,0,0,0,0,0,0,0,0,0,0,0,0,,,,0,0,0,0,0,0,0,,0,0,0,0,,0,0,,0,0,0,0,0,0,0,0,0,0,13.4,20.4
00-0023639,J.Berger,Joe Berger,G,OL,"https://static.www.nfl.com/image/private/f_auto,q_auto/league/eutoy78c0fv0uiqx22gt",2017,REG,MIN,5,0,0,0,0,0,0,0,0,0,0,0,0,,,0,,0,0,0,0,0,0,0,0,0,0,,0,0,0,0,0,0,0,0,0,0,0,0,0,0,,0,0,0,0,0,,0,0,0,0,1,0,0,0,0,0,0,0,0,0,0,0,0,0,0,0,0,0,0,0,0,4,20,0,0,0,0,0,0,0,0,0,0,0,0,0,,,0,0,0,0,0,0,0,0,0,0,0,0,,,,0,0,0,0,0,0,0,,0,0,0,0,,0,0,,0,0,0,0,0,0,0,0,0,0,0,0
00-0023645,D.Anderson,Derek Anderson,QB,QB,"https://static.www.nfl.com/image/private/f_auto,q_auto/league/w191gsxivnqgdwgydka6",2017,REG,CAR,3,2,8,17,0,0,0,0,0,0,92,6,1,-4.1944706342816,-33.9672788977623,0,0.184782608695652,0,0,0,0,2,-2,0,0,0,0,-3.71398931392469,0,0,0,0,0,0,0,0,0,0,0,0,0,0,,0,0,0,0,0,,0,0,0,0,0,0,0,0,0,0,0,0,0,0,0,0,0,0,0,0,0,0,0,0,0,0,0,0,0,0,0,0,0,0,0,0,0,0,0,0,,,0,0,0,0,0,0,0,0,0,0,0,0,,,,0,0,0,0,0,0,0,,0,0,0,0,,0,0,,0,0,0,0,0,0,0,0,0,0,0.48,0.48
00-0023662,M.Cassel,Matt Cassel,QB,QB,"https://static.www.nfl.com/image/private/f_auto,q_auto/league/n1ucqggyu5hlsqzuv5gj",2017,REG,TEN,2,25,42,162,1,2,8,-30,2,2,332,44,10,-38.2065900938266,-1.4201102460303,0,0.487951807228916,7,1,0,0,0,0,0,0,0,0,,0,0,0,0,0,0,0,0,0,0,0,0,0,0,,0,0,0,0,0,,0,0,0,0,1,0,0,0,0,0,0,0,0,0,0,0,0,0,0,0,0,0,0,0,0,2,10,2,0,0,2,2,0,0,0,0,0,0,0,0,,,0,0,0,0,0,0,0,0,0,0,0,0,,,,0,0,0,0,0,0,0,,0,0,0,0,,0,0,,0,0,0,0,0,0,0,0,0,0,2.48,2.48
00-0023682,R.Fitzpatrick,Ryan Fitzpatrick,QB,QB,"https://static.www.nfl.com/image/private/f_auto,q_auto/league/pkhhxwplsawnhln9rsun",2017,REG,TB,6,96,163,1103,7,3,7,-34,0,0,1479,385,63,7.07229598752626,-1.61161082131522,0,0.745774171737661,46,26,15,1,15,78,0,0,0,5,2.48724882250838,0,4,1,0,0,0,0,0,0,0,0,0,0,0,,0,0,0,0,0,,0,0,0,0,0,0,0,0,0,0,0,0,0,0,0,0,0,0,0,0,0,0,0,0,0,3,16,0,0,0,0,0,0,0,0,0,0,0,0,0,,,0,0,0,0,0,0,0,0,0,0,0,0,,,,0,0,0,0,0,0,0,,0,0,0,0,,0,0,,0,0,0,0,0,0,0,0,0,0,73.92,73.92
00-0023742,J.Ryan,Jon Ryan,P,SPEC,"https://static.www.nfl.com/image/private/f_auto,q_auto/league/jarcsmohj6vbznthlni8",2017,REG,SEA,16,1,1,-4,0,0,0,0,0,0,-4,0,0,-2.35913945920765,17.9795384407043,0,0,0,0,0,0,0,0,0,0,0,0,,0,0,0,0,0,0,0,0,0,0,0,0,0,0,,0,0,0,0,0,,0,0,0,0,1,0,0,0,0,0,0,0,0,0,0,0,0,0,0,0,0,0,0,0,0,1,5,0,0,0,0,0,0,0,0,0,0,0,0,0,,,0,0,0,0,0,0,0,0,0,0,0,0,,,,0,0,0,0,0,0,0,,0,0,0,0,,92,0,74,4141,29,10,12,6,19,45,452,0,3569,-0.16,-0.16
00-0023853,M.Prater,Matt Prater,K,SPEC,"https://static.www.nfl.com/image/upload/f_auto,q_auto/league/pj981bi535y4jwy6skr1",2017,REG,DET,16,0,0,0,0,0,0,0,0,0,0,0,0,,,0,,0,0,0,0,0,0,0,0,0,0,,0,0,0,0,0,0,0,0,0,0,0,0,0,0,,0,0,0,0,0,,0,0,0,0,0,0,0,0,0,0,0,0,0,0,0,0,0,0,0,0,0,0,0,0,0,0,0,0,0,0,0,0,0,0,0,0,30,35,5,0,58,0.857142857142857,2,4,10,7,7,0,0,0,0,1,4,0,58;56;55;40;35;57;29;37;30;41;48;37;51;34;19;44;19;31;46;27;52;32;32;50;46;48;31;23;28;30,59;56;55;43;50,,1166,263,0,40,41,1,0,0.975609756097561,1,1,0,0,46,4,0,47,139,1,0,2,0,2,0,0,0,139,0,0
00-0023894,D.Penn,Donald Penn,OT,OL,"https://static.www.nfl.com/image/private/f_auto,q_auto/league/lbarhx9omymxl236etax",2017,REG,LV,5,0,0,0,0,0,0,0,0,0,0,0,0,,,0,,0,0,0,0,0,0,0,0,0,0,,0,0,0,0,0,0,0,0,0,0,0,0,0,0,,0,0,0,0,0,,0,0,0,0,1,0,0,0,0,0,0,0,0,0,0,0,0,0,0,0,0,0,0,0,0,6,37,0,0,0,0,0,0,0,0,0,0,0,0,0,,,0,0,0,0,0,0,0,0,0,0,0,0,,,,0,0,0,0,0,0,0,,0,0,0,0,,0,0,,0,0,0,0,0,0,0,0,0,0,0,0
00-0024030,T.Johnson,Tom Johnson,DT,DL,"https://static.www.nfl.com/image/private/f_auto,q_auto/league/bwyxmz1ltuvlw2lmsbdo",2017,REG,MIN,16,0,0,0,0,0,0,0,0,0,0,0,0,,,0,,0,0,0,0,0,0,0,0,0,0,,0,0,0,0,0,0,0,0,0,0,0,0,0,0,,0,0,0,0,0,,0,0,0,0,16,1,15,5,15,0,2,8,10,0,0,0,0,0,0,0,0,0,0,0,0,5,44,0,0,0,0,0,0,0,0,0,0,0,0,0,,,0,0,0,0,0,0,0,0,0,0,0,0,,,,0,0,0,0,0,0,0,,0,0,0,0,,0,0,,0,0,0,0,0,0,0,0,0,0,0,0
00-0024061,T.Williams,Tramon Williams,CB,DB,"https://static.www.nfl.com/image/private/f_auto,q_auto/league/btv4xik81slb9h07rmkh",2017,REG,ARI,11,0,0,0,0,0,0,0,0,0,0,0,0,,,0,,0,0,0,0,0,0,0,0,0,0,,0,0,0,0,0,0,0,0,0,0,0,0,0,0,,0,0,0,0,0,,0,0,0,0,39,0,2,0,0,0,0,0,0,2,12,12,0,0,0,0,0,0,1,18,0,2,21,0,0,0,0,0,0,0,0,0,0,0,0,0,,,0,0,0,0,0,0,0,0,0,0,0,0,,,,0,0,0,0,0,0,0,,0,0,0,0,,0,0,,0,0,0,0,0,0,0,0,0,0,0,0
00-0024102,T.McDaniel,Tony McDaniel,DT,DL,"https://static.www.nfl.com/image/private/f_auto,q_auto/league/aii1gqgww8lytlngymkv",2017,REG,NO,4,0,0,0,0,0,0,0,0,0,0,0,0,,,0,,0,0,0,0,0,0,0,0,0,0,,0,0,0,0,0,0,0,0,0,0,0,0,0,0,,0,0,0,0,0,,0,0,0,0,7,0,1,1,3,1,0,0,0,0,0,1,0,0,0,0,0,0,0,0,0,0,0,0,0,0,0,0,0,0,0,0,0,0,0,0,,,0,0,0,0,0,0,0,0,0,0,0,0,,,,0,0,0,0,0,0,0,,0,0,0,0,,0,0,,0,0,0,0,0,0,0,0,0,0,0,0
00-0024183,B.Grimes,Brent Grimes,CB,DB,"https://static.www.nfl.com/image/private/f_auto,q_auto/league/jdlknyziigmhmkkyihrm",2017,REG,TB,13,0,0,0,0,0,0,0,0,0,0,0,0,,,0,,0,0,0,0,0,0,0,0,0,0,,0,0,0,0,0,0,0,0,0,0,0,0,0,0,,0,0,0,0,0,,0,0,0,0,42,2,5,2,2,0,0,0,0,3,67,11,0,0,0,0,0,0,1,37,0,0,0,0,0,0,0,0,0,0,0,0,0,0,0,0,,,0,0,0,0,0,0,0,0,0,0,0,0,,,,0,0,0,0,0,0,0,,0,0,0,0,,0,0,,0,0,0,0,0,0,0,0,0,0,0,0
00-0024221,V.Davis,Vernon Davis,TE,TE,"https://static.www.nfl.com/image/private/f_auto,q_auto/league/so5ywayfeeu4zeijln5m",2017,REG,WAS,16,0,0,0,0,0,0,0,0,0,0,0,0,,,0,,0,0,0,0,0,0,0,0,0,0,,0,0,0,0,0,43,69,648,3,2,2,746,306,23,10.6207444769659,0,25,14,11,2,0.868632707774799,0.129213483146067,0.17962918372261,0.319560653324928,0,1,0,0,0,0,0,0,0,0,0,0,0,0,0,0,0,0,0,0,0,0,5,40,2,0,0,2,2,0,0,0,0,0,0,0,0,,,0,0,0,0,0,0,0,0,0,0,0,0,,,,0,0,0,0,0,0,0,,0,0,0,0,,0,0,,0,0,0,0,0,0,0,0,0,0,78.8,121.8
00-0024226,J.Cutler,Jay Cutler,QB,QB,"https://static.www.nfl.com/image/private/f_auto,q_auto/league/ks6n7gvw4vccihlse6bn",2017,REG,MIA,14,266,429,2666,19,14,20,-154,3,0,3530,1191,134,-23.9573595240309,-0.391128031270845,0,0.755240793201133,116,41,27,2,19,32,0,2,0,3,-3.69445392314592,0,0,0,0,0,0,0,0,0,0,0,0,0,0,,0,0,0,0,0,,0,0,0,0,0,0,0,0,0,0,0,0,0,0,0,0,0,0,0,0,6,-5,0,0,0,1,5,2,4,0,6,0,0,0,0,0,0,0,0,0,,,0,0,0,0,0,0,0,0,0,0,0,0,,,,0,0,0,0,0,0,0,,0,0,0,0,,0,0,,0,0,0,0,0,0,0,0,0,0,157.84,157.84
00-0024227,H.Ngata,Haloti Ngata,DT,DL,"https://static.www.nfl.com/image/private/f_auto,q_auto/league/ga6ow47da8dsw0dcxct0",2017,REG,DET,5,0,0,0,0,0,0,0,0,0,0,0,0,,,0,,0,0,0,0,0,0,0,0,0,0,,0,0,0,0,0,0,0,0,0,0,0,0,0,0,,0,0,0,0,0,,0,0,0,0,6,1,0,2,12,0,2,12,3,0,0,1,0,0,0,0,0,0,0,0,0,1,5,0,0,0,0,0,0,0,0,0,0,0,0,0,,,0,0,0,0,0,0,0,0,0,0,0,0,,,,0,0,0,0,0,0,0,,0,0,0,0,,0,0,,0,0,0,0,0,0,0,0,0,0,0,0
00-0024235,T.Hali,Tamba Hali,OLB,LB,"https://static.www.nfl.com/image/private/f_auto,q_auto/league/it2l8ervbkhxeqqtzjsl",2017,REG,KC,2,0,0,0,0,0,0,0,0,0,0,0,0,,,0,,0,0,0,0,0,0,0,0,0,0,,0,0,0,0,0,0,0,0,0,0,0,0,0,0,,0,0,0,0,0,,0,0,0,0,1,0,0,0,0,0,0,0,1,0,0,0,0,0,0,0,0,0,0,0,0,0,0,0,0,0,0,0,0,0,0,0,0,0,0,0,,,0,0,0,0,0,0,0,0,0,0,0,0,,,,0,0,0,0,0,0,0,,0,0,0,0,,0,0,,0,0,0,0,0,0,0,0,0,0,0,0
00-0024239,J.Joseph,Johnathan Joseph,CB,DB,"https://static.www.nfl.com/image/private/f_auto,q_auto/league/caovj6onwsoepaen8tjc",2017,REG,HOU,16,0,0,0,0,0,0,0,0,0,0,0,0,,,0,,0,0,0,0,0,0,0,0,0,0,,0,0,0,0,0,0,0,0,0,0,0,0,0,0,,0,0,0,0,0,,0,0,0,0,36,1,10,2,6,0,0,0,0,2,85,9,1,0,0,0,0,0,0,0,0,5,54,0,0,0,0,0,0,0,0,0,0,0,0,0,,,0,0,0,0,0,0,0,0,0,0,0,0,,,,0,0,0,0,0,0,0,,0,0,0,0,,0,0,,0,0,0,0,0,0,0,0,0,0,0,0
00-0024243,M.Lewis,Marcedes Lewis,TE,TE,"https://static.www.nfl.com/image/private/f_auto,q_auto/league/ppq07tipygpftz5csipx",2017,REG,JAX,16,0,0,0,0,0,0,0,0,0,0,0,0,,,0,,0,0,0,0,0,0,0,0,0,0,,0,0,0,0,0,24,48,318,5,0,0,384,163,18,10.7325498394791,1,14,9,5,0,0.828125,0.0928433268858801,0.0936813857038302,0.204841960321501,0,0,0,0,0,0,0,0,0,0,0,0,0,0,0,0,0,0,0,0,0,0,5,30,0,0,0,0,0,0,0,0,0,0,0,0,0,,,0,0,0,0,0,0,0,0,0,0,0,0,,,,0,0,0,0,0,0,0,,0,0,0,0,,0,0,,0,0,0,0,0,0,0,0,0,0,63.8,87.8
00-0024264,K.Clemens,Kellen Clemens,QB,QB,"https://static.www.nfl.com/image/private/f_auto,q_auto/league/pxungqbhh61ov73tzaxk",2017,REG,LAC,3,6,8,36,0,1,0,0,0,0,35,6,4,-9.74079527810682,10.5972032994032,0,1.02857142857143,1,0,0,0,5,-5,0,0,0,0,-2.18602724227821,0,0,0,0,0,0,0,0,0,0,0,0,0,0,,0,0,0,0,0,,0,0,0,0,1,0,0,0,0,0,0,0,0,0,0,0,0,0,0,0,0,0,0,0,0,0,0,0,0,0,0,0,0,0,0,0,0,0,0,0,,,0,0,0,0,0,0,0,0,0,0,0,0,,,,0,0,0,0,0,0,0,,0,0,0,0,,0,0,,0,0,0,0,0,0,0,0,0,0,-1.06,-1.06
00-0024268,A.Fasano,Anthony Fasano,TE,TE,"https://static.www.nfl.com/image/private/f_auto,q_auto/league/twcrap9uhjbazmplq5x3",2017,REG,MIA,11,0,0,0,0,0,0,0,0,0,0,0,0,,,0,,0,0,0,0,0,0,0,0,0,0,,0,0,0,0,0,12,16,107,1,1,0,119,37,5,-7.49458453187253,0,4,3,2,0,0.899159663865546,0.0272108843537415,0.0243652743652744,0.0578720185863043,0,1,0,0,0,0,0,0,0,0,0,0,0,0,0,0,0,0,0,0,0,0,2,17,1,0,1,1,0,0,0,0,0,0,0,0,0,,,0,0,0,0,0,0,0,0,0,0,0,0,,,,0,0,0,0,0,0,0,,0,0,0,0,,0,0,,0,0,0,0,0,0,0,0,0,0,16.7,28.7
00-0024270,A.Whitworth,Andrew Whitworth,OT,OL,"https://static.www.nfl.com/image/private/f_auto,q_auto/league/jcpd1mheqjofcqoy8bd5",2017,REG,LA,6,0,0,0,0,0,0,0,0,0,0,0,0,,,0,,0,0,0,0,0,0,0,0,0,0,,0,0,0,0,0,0,0,0,0,0,0,0,0,0,,0,0,0,0,0,,0,0,0,0,1,0,0,0,0,0,0,0,0,0,0,0,0,0,0,0,2,0,0,0,0,5,37,0,0,0,0,0,0,0,0,0,0,0,0,0,,,0,0,0,0,0,0,0,0,0,0,0,0,,,,0,0,0,0,0,0,0,,0,0,0,0,,0,0,,0,0,0,0,0,0,0,0,0,0,0,0
00-0024278,D.Tapp,Darryl Tapp,DE,DL,"https://static.www.nfl.com/image/private/f_auto,q_auto/league/oyudusxpccwwebqo4xta",2017,REG,TB,1,0,0,0,0,0,0,0,0,0,0,0,0,,,0,,0,0,0,0,0,0,0,0,0,0,,0,0,0,0,0,0,0,0,0,0,0,0,0,0,,0,0,0,0,0,,0,0,0,0,2,0,0,1,6,0,1,6,1,0,0,0,0,0,0,0,0,0,0,0,0,0,0,0,0,0,0,0,0,0,0,0,0,0,0,0,,,0,0,0,0,0,0,0,0,0,0,0,0,,,,0,0,0,0,0,0,0,,0,0,0,0,,0,0,,0,0,0,0,0,0,0,0,0,0,0,0
00-0024306,F.Rucker,Frostee Rucker,DE,DL,"https://static.www.nfl.com/image/private/f_auto,q_auto/league/hqcc0pswncgp31c39ysy",2017,REG,ARI,14,0,0,0,0,0,0,0,0,0,0,0,0,,,0,,0,0,0,0,0,0,0,0,0,0,,0,0,0,0,0,0,0,0,0,0,0,0,0,0,,0,0,0,0,0,,0,0,0,0,22,1,6,6,18,0,1.5,5,9,0,0,1,0,0,0,0,0,0,0,0,0,3,40,0,0,0,0,0,0,0,0,0,0,0,0,0,,,0,0,0,0,0,0,0,0,0,0,0,0,,,,0,0,0,0,0,0,0,,0,0,0,0,,0,0,,0,0,0,0,0,0,0,0,0,0,0,0
00-0024323,J.Evans,Jahri Evans,G,OL,"https://static.www.nfl.com/image/private/f_auto,q_auto/league/qc8w4ddvwvhsxa5jrvne",2017,REG,GB,4,0,0,0,0,0,0,0,0,0,0,0,0,,,0,,0,0,0,0,0,0,0,0,0,0,,0,0,0,0,0,0,0,0,0,0,0,0,0,0,,0,0,0,0,0,,0,0,0,0,2,0,0,0,0,0,0,0,0,0,0,0,0,0,0,0,1,0,0,0,0,3,25,0,0,0,0,0,0,0,0,0,0,0,0,0,,,0,0,0,0,0,0,0,0,0,0,0,0,,,,0,0,0,0,0,0,0,,0,0,0,0,,0,0,,0,0,0,0,0,0,0,0,0,0,0,0
00-0024333,S.Gostkowski,Stephen Gostkowski,K,SPEC,"https://static.www.nfl.com/image/private/f_auto,q_auto/league/nqi0psnge6kkglcspabo",2017,REG,NE,16,0,0,0,0,0,0,0,0,0,0,0,0,,,0,,0,0,0,0,0,0,0,0,0,0,,0,0,0,0,0,0,0,0,0,0,0,0,0,0,,0,0,0,0,0,,0,0,0,0,0,0,0,0,0,0,0,0,0,0,0,0,0,0,0,0,0,0,0,0,0,0,0,0,0,0,0,0,0,0,0,0,37,40,3,0,62,0.925,0,16,9,8,3,1,0,0,0,3,0,0,25;32;28;24;27;41;35;58;27;23;45;48;28;29;21;38;25;36;43;26;25;28;62;51;40;29;50;31;39;46;33;32;46;21;40;34;21,47;43;43,,1287,133,0,45,47,2,0,0.957446808510638,0,0,0,0,,0,0,,0,0,0,0,0,0,0,0,0,0,0,0
00-0024334,B.Marshall,Brandon Marshall,WR,WR,"https://static.www.nfl.com/image/private/f_auto,q_auto/league/jhziqh0scfksvxen6f3s",2017,REG,NYG,5,0,0,0,0,0,0,0,0,0,0,0,0,,,0,,0,0,0,0,0,0,0,0,0,0,,0,0,0,0,0,18,33,154,0,0,0,341,39,11,0.744272637442919,0,8,2,0,0,0.451612903225806,0.054726368159204,0.0776588476429059,0.13645074558884,0,1,0,0,0,0,0,0,0,0,0,0,0,0,0,0,0,0,0,0,0,0,0,0,0,0,0,0,0,0,0,0,0,0,0,0,0,,,0,0,0,0,0,0,0,0,0,0,0,0,,,,0,0,0,0,0,0,0,,0,0,0,0,,0,0,,0,0,0,0,0,0,0,0,0,0,15.4,33.4
00-0024338,D.Peko,Domata Peko Sr.,NT,DL,"https://static.www.nfl.com/image/private/f_auto,q_auto/league/ekk47kr5k5tj8bkixmun",2017,REG,DEN,13,0,0,0,0,0,0,0,0,0,0,0,0,,,0,,0,0,0,0,0,0,0,0,0,0,,0,0,0,0,0,0,0,0,0,0,0,0,0,0,,0,0,0,0,0,,0,0,0,0,20,4,14,5,16,0,1,5,1,0,0,0,0,0,0,0,0,0,1,1,0,2,9,0,0,0,0,0,0,0,0,0,0,0,0,0,,,0,0,0,0,0,0,0,0,0,0,0,0,,,,0,0,0,0,0,0,0,,0,0,0,0,,0,0,,0,0,0,0,0,0,0,0,0,0,0,0
00-0024341,E.Dumervil,Elvis Dumervil,DE,DL,"https://static.www.nfl.com/image/private/f_auto,q_auto/league/roe8tanaqdc9jtyw4kfy",2017,REG,SF,14,0,0,0,0,0,0,0,0,0,0,0,0,,,0,,0,0,0,0,0,0,0,0,0,0,,0,0,0,0,0,0,0,0,0,0,0,0,0,0,,0,0,0,0,0,,0,0,0,0,9,0,4,8,56,0,6.5,46.5,18,0,0,0,0,0,0,0,0,0,0,0,0,2,20,0,0,0,0,0,0,0,0,0,0,0,0,0,,,0,0,0,0,0,0,0,0,0,0,0,0,,,,0,0,0,0,0,0,0,,0,0,0,0,,0,0,,0,0,0,0,0,0,0,0,0,0,0,0
00-0024348,K.Williams,Kyle Williams,DT,DL,"https://static.www.nfl.com/image/private/f_auto,q_auto/league/az6qa28sbmxfklqs9waz",2017,REG,BUF,16,0,0,0,0,0,0,0,0,0,0,0,0,,,0,,0,0,0,0,1,1,1,0,0,1,0.613478509010747,0,0,0,0,0,0,0,0,0,0,0,0,0,0,,0,0,0,0,0,,0,0,0,0,14,7,20,3,17,0,3,17,9,0,0,2,0,0,0,0,0,0,1,0,0,3,15,0,0,0,0,0,0,0,0,0,0,0,0,0,,,0,0,0,0,0,0,0,0,0,0,0,0,,,,0,0,0,0,0,0,0,,0,0,0,0,,0,0,,0,0,0,0,0,0,0,0,0,0,6.1,6.1
00-0024389,D.Walker,Delanie Walker,TE,TE,"https://static.www.nfl.com/image/private/f_auto,q_auto/league/diknegkpqy0qnri7877z",2017,REG,TEN,16,0,0,0,0,0,0,0,0,0,0,0,0,,,0,,0,0,0,0,2,-2,1,0,0,1,-0.541372802050319,0,0,0,0,0,74,111,807,3,2,2,1011,248,43,1.47684087693084,0,39,17,9,1,0.798219584569733,0.229338842975207,0.231085714285714,0.50576826446281,0,4,0,0,0,0,0,0,0,0,0,0,0,0,0,0,0,0,0,0,0,0,2,15,2,0,0,2,2,0,0,0,0,0,0,0,0,,,0,0,0,0,0,0,0,0,0,0,0,0,,,,0,0,0,0,0,0,0,,0,0,0,0,,0,0,,0,0,0,0,0,0,0,0,0,0,100.5,174.5
00-0024417,S.Koch,Sam Koch,P,SPEC,"https://static.www.nfl.com/image/private/f_auto,q_auto/league/dw34lcf6qit1i1knjhpv",2017,REG,BAL,16,2,2,38,0,0,0,0,0,0,32,6,2,9.42508688842645,57.3197811841965,0,1.1875,2,2,1,0,0,0,0,0,0,0,,0,0,0,0,0,0,0,0,0,0,0,0,0,0,,0,0,0,0,0,,0,0,0,0,0,0,0,0,0,0,0,0,0,0,0,0,0,0,0,0,0,0,0,0,0,1,4,0,0,0,0,0,0,0,0,0,0,0,0,0,,,0,0,0,0,0,0,0,0,0,0,0,0,,,,0,0,0,0,0,0,0,,0,0,0,0,,84,1,67,3765,40,16,13,3,18,34,277,0,3428,1.52,1.52
00-0024421,A.Bethea,Antoine Bethea,FS,DB,"https://static.www.nfl.com/image/private/f_auto,q_auto/league/xirozqwhvfycz5m830yf",2017,REG,ARI,15,0,0,0,0,0,0,0,0,0,0,0,0,,,0,,0,0,0,0,0,0,0,0,0,0,,0,0,0,0,0,0,0,0,0,0,0,0,0,0,,0,0,0,0,0,,0,0,0,0,44,3,10,1,8,1,1,8,2,5,51,9,0,0,0,0,0,0,0,0,0,2,30,0,0,0,0,0,0,0,0,0,0,0,0,0,,,0,0,0,0,0,0,0,0,0,0,0,0,,,,0,0,0,0,0,0,0,,0,0,0,0,,0,0,,0,0,0,0,0,0,0,0,0,0,0,0
00-0024424,Z.Strief,Zach Strief,OT,OL,"https://static.www.nfl.com/image/private/f_auto,q_auto/league/lsckapwvkijnzlivuskw",2017,REG,NO,1,0,0,0,0,0,0,0,0,0,0,0,0,,,0,,0,0,0,0,0,0,0,0,0,0,,0,0,0,0,0,0,0,0,0,0,0,0,0,0,,0,0,0,0,0,,0,0,0,0,0,0,0,0,0,0,0,0,0,0,0,0,0,0,0,0,0,0,0,0,0,1,10,0,0,0,0,0,0,0,0,0,0,0,0,0,,,0,0,0,0,0,0,0,0,0,0,0,0,,,,0,0,0,0,0,0,0,,0,0,0,0,,0,0,,0,0,0,0,0,0,0,0,0,0,0,0
00-0024495,A.Brooks,Ahmad Brooks,OLB,LB,"https://static.www.nfl.com/image/private/f_auto,q_auto/league/qxur1tfjyy0air33c3dn",2017,REG,GB,12,0,0,0,0,0,0,0,0,0,0,0,0,,,0,,0,0,0,0,0,0,0,0,0,0,,0,0,0,0,0,0,0,0,0,0,0,0,0,0,,0,0,0,0,0,,0,0,0,0,10,3,6,4,18,0,1.5,10,6,0,0,2,0,0,0,0,0,0,0,0,0,4,20,0,0,0,0,0,0,0,0,0,0,0,0,0,,,0,0,0,0,0,0,0,0,0,0,0,0,,,,0,0,0,0,0,0,0,,0,0,0,0,,0,0,,0,0,0,0,0,0,0,0,0,0,0,0
00-0024535,E.Weems,Eric Weems,WR,WR,"https://static.www.nfl.com/image/private/f_auto,q_auto/league/kptsfekcpfukewtim9kz",2017,REG,TEN,11,0,0,0,0,0,0,0,0,0,0,0,0,,,0,,0,0,0,0,1,0,0,0,0,0,-3.31236179766711,0,0,0,0,0,1,2,5,0,0,0,2,5,0,-1.34668596106349,0,0,0,0,0,2.5,0.00413223140495868,0.000457142857142857,0.00651834710743802,0,7,0,2,0,0,0,0,0,0,0,0,0,0,0,0,0,0,0,0,0,0,2,17,0,0,0,0,0,2,15,2,18,0,0,0,0,,,0,0,0,0,0,0,0,0,0,0,0,0,,,,0,0,0,0,0,0,0,,0,0,0,0,,0,0,,0,0,0,0,0,0,0,0,0,0,0.5,1.5
00-0025390,J.Thomas,Joe Thomas,OT,OL,"https://static.www.nfl.com/image/private/f_auto,q_auto/league/qf1ra7aphtmhkldgxg1s",2017,REG,CLE,1,0,0,0,0,0,0,0,0,0,0,0,0,,,0,,0,0,0,0,0,0,0,0,0,0,,0,0,0,0,0,0,0,0,0,0,0,0,0,0,,0,0,0,0,0,,0,0,0,0,0,0,0,0,0,0,0,0,0,0,0,0,0,0,0,0,0,0,0,0,0,1,5,0,0,0,0,0,0,0,0,0,0,0,0,0,,,0,0,0,0,0,0,0,0,0,0,0,0,,,,0,0,0,0,0,0,0,,0,0,0,0,,0,0,,0,0,0,0,0,0,0,0,0,0,0,0
00-0025394,A.Peterson,Adrian Peterson,RB,RB,"https://static.www.nfl.com/image/private/f_auto,q_auto/league/ug2ua3skqc9f6vkbowxc",2017,REG,ARI,10,0,0,0,0,0,0,0,0,0,0,0,0,,,0,,0,0,0,0,156,529,2,3,2,20,-41.0923795959569,0,10,6,2,0,11,19,70,0,0,0,35,55,3,-6.19829420262507,0,3,0,0,0,2,0.0359168241965974,0.0102429031314018,0.0610452684868773,0,1,0,0,0,0,0,0,0,0,0,0,0,0,0,0,0,1,0,0,0,0,2,20,3,0,0,3,2,0,0,0,0,0,0,0,0,,,0,0,0,0,0,0,0,0,0,0,0,0,,,,0,0,0,0,0,0,0,,0,0,0,0,,0,0,,0,0,0,0,0,0,0,0,0,0,67.9,78.9
00-0025396,T.Ginn,Ted Ginn,WR,WR,"https://static.www.nfl.com/image/private/f_auto,q_auto/league/av3kbvba3bp4c6wrqz3g",2017,REG,NO,15,0,0,0,0,0,0,0,0,0,0,0,0,,,0,,0,0,0,0,10,39,0,0,0,2,0.903240338928299,0,2,2,0,0,53,70,787,4,0,0,842,302,32,28.0503204185993,0,26,18,15,5,0.934679334916865,0.132325141776938,0.246414983904009,0.370978201398213,0,1,0,0,0,0,0,0,0,0,0,0,0,0,2,0,32,2,0,0,0,0,2,15,0,2,0,2,0,19,103,5,56,0,0,0,0,,,0,0,0,0,0,0,0,0,0,0,0,0,,,,0,0,0,0,0,0,0,,0,0,0,0,,0,0,,0,0,0,0,0,0,0,0,0,0,106.6,159.6
00-0025399,M.Lynch,Marshawn Lynch,RB,RB,"https://static.www.nfl.com/image/private/f_auto,q_auto/league/ddhpebfqtr9yxsnbx9ht",2017,REG,LV,15,0,0,0,0,0,0,0,0,0,0,0,0,,,0,,0,0,0,0,207,891,7,1,1,44,-15.3156990381248,0,21,17,5,1,20,31,151,0,0,0,15,164,6,-2.97423720808001,0,7,5,3,0,10.0666666666667,0.0561594202898551,0.00322234156820623,0.086494769532527,0,1,0,0,0,0,0,0,0,0,0,0,0,0,0,0,0,0,0,0,0,0,2,30,1,0,0,1,1,0,0,0,0,0,0,0,0,,,0,0,0,0,0,0,0,0,0,0,0,0,,,,0,0,0,0,0,0,0,,0,0,0,0,,0,0,,0,0,0,0,0,0,0,0,0,0,144.2,164.2
00-0025401,D.Revis,Darrelle Revis,DB,DB,"https://static.www.nfl.com/image/private/f_auto,q_auto/league/claknlaznleg3wcrdfig",2017,REG,KC,5,0,0,0,0,0,0,0,0,0,0,0,0,,,0,,0,0,0,0,0,0,0,0,0,0,,0,0,0,0,0,0,0,0,0,0,0,0,0,0,,0,0,0,0,0,,0,0,0,0,10,0,1,0,0,0,0,0,0,0,0,2,0,0,0,0,0,0,0,0,0,1,8,0,0,0,0,0,0,0,0,0,0,0,0,0,,,0,0,0,0,0,0,0,0,0,0,0,0,,,,0,0,0,0,0,0,0,,0,0,0,0,,0,0,,0,0,0,0,0,0,0,0,0,0,0,0
00-0025402,L.Timmons,Lawrence Timmons,OLB,LB,"https://static.www.nfl.com/image/private/f_auto,q_auto/league/j2i2ing36tjepdr5p63u",2017,REG,MIA,14,0,0,0,0,0,0,0,0,0,0,0,0,,,0,,0,0,0,0,0,0,0,0,0,0,,0,0,0,0,0,0,0,0,0,0,0,0,0,0,,0,0,0,0,0,,0,0,0,0,53,5,26,5,16,0,0,0,3,0,0,3,0,0,0,0,0,0,0,0,0,0,0,0,0,0,0,0,0,0,0,0,0,0,0,0,,,0,0,0,0,0,0,0,0,0,0,0,0,,,,0,0,0,0,0,0,0,,0,0,0,0,,0,0,,0,0,0,0,0,0,0,0,0,0,0,0
00-0025405,L.Hall,Leon Hall,DB,DB,"https://static.www.nfl.com/image/private/f_auto,q_auto/league/rajajwfcqsmonbqsblcl",2017,REG,SF,8,0,0,0,0,0,0,0,0,0,0,0,0,,,0,,0,0,0,0,0,0,0,0,0,0,,0,0,0,0,0,0,0,0,0,0,0,0,0,0,,0,0,0,0,0,,0,0,0,0,15,0,1,1,1,0,0,0,1,0,0,1,0,0,0,0,0,0,0,0,0,0,0,0,0,0,0,0,0,0,0,0,0,0,0,0,,,0,0,0,0,0,0,0,0,0,0,0,0,,,,0,0,0,0,0,0,0,,0,0,0,0,,0,0,,0,0,0,0,0,0,0,0,0,0,0,0
00-0025408,R.Nelson,Reggie Nelson,FS,DB,"https://static.www.nfl.com/image/private/f_auto,q_auto/league/t5hcdwky7qazuhkwlzn5",2017,REG,LV,16,0,0,0,0,0,0,0,0,0,0,0,0,,,0,,0,0,0,0,0,0,0,0,0,0,,0,0,0,0,0,0,0,0,0,0,0,0,0,0,,0,0,0,0,0,,0,0,0,0,52,8,29,0,0,2,0,0,0,1,3,5,0,0,0,0,0,0,0,0,0,1,30,0,0,0,0,0,0,0,0,0,0,0,0,0,,,0,0,0,0,0,0,0,0,0,0,0,0,,,,0,0,0,0,0,0,0,,0,0,0,0,,0,0,,0,0,0,0,0,0,0,0,0,0,0,0
00-0025415,J.Staley,Joe Staley,OT,OL,"https://static.www.nfl.com/image/private/f_auto,q_auto/league/vzmoz5duiuoocv4qnyhl",2017,REG,SF,5,0,0,0,0,0,0,0,0,0,0,0,0,,,0,,0,0,0,0,0,0,0,0,0,0,,0,0,0,0,0,0,0,0,0,0,0,0,0,0,,0,0,0,0,0,,0,0,0,0,2,0,0,0,0,0,0,0,0,0,0,0,0,0,0,0,1,0,0,0,0,3,15,0,0,0,0,0,0,0,0,0,0,0,0,0,,,0,0,0,0,0,0,0,0,0,0,0,0,,,,0,0,0,0,0,0,0,,0,0,0,0,,0,0,,0,0,0,0,0,0,0,0,0,0,0,0
00-0025418,G.Olsen,Greg Olsen,TE,TE,"https://static.www.nfl.com/image/private/f_auto,q_auto/league/jevf1bubmrv2vvmiwq3r",2017,REG,CAR,7,0,0,0,0,0,0,0,0,0,0,0,0,,,0,,0,0,0,0,0,0,0,0,0,0,,0,0,0,0,0,17,38,191,1,0,0,401,48,13,-8.16125477328964,0,12,3,2,0,0.476309226932668,0.0772357723577236,0.0943973634651601,0.181931812962197,0,0,0,0,0,0,0,0,0,0,0,0,0,0,0,0,0,0,0,0,0,0,2,10,0,0,0,0,0,0,0,0,0,0,0,0,0,,,0,0,0,0,0,0,0,0,0,0,0,0,,,,0,0,0,0,0,0,0,,0,0,0,0,,0,0,,0,0,0,0,0,0,0,0,0,0,25.1,42.1
00-0025420,A.Branch,Alan Branch,NT,DL,"https://static.www.nfl.com/image/private/f_auto,q_auto/league/p1vgxerrhwvr1eqqvbga",2017,REG,NE,6,0,0,0,0,0,0,0,0,0,0,0,0,,,0,,0,0,0,0,0,0,0,0,0,0,,0,0,0,0,0,0,0,0,0,0,0,0,0,0,,0,0,0,0,0,,0,0,0,0,11,1,0,2,2,0,0,0,1,0,0,0,0,0,0,0,0,0,0,0,0,1,5,0,0,0,0,0,0,0,0,0,0,0,0,0,,,0,0,0,0,0,0,0,0,0,0,0,0,,,,0,0,0,0,0,0,0,,0,0,0,0,,0,0,,0,0,0,0,0,0,0,0,0,0,0,0
00-0025421,P.Posluszny,Paul Posluszny,MLB,LB,"https://static.www.nfl.com/image/private/f_auto,q_auto/league/cn75t7mgmxes2w51b64y",2017,REG,JAX,13,0,0,0,0,0,0,0,0,0,0,0,0,,,0,,0,0,0,0,0,0,0,0,0,0,,0,0,0,0,0,0,0,0,0,0,0,0,0,0,,0,0,0,0,0,,0,0,0,0,42,1,18,6,11,0,1.5,6,2,0,0,2,0,0,0,0,0,0,0,0,0,1,15,0,0,0,0,0,0,0,0,0,0,0,0,0,,,0,0,0,0,0,0,0,0,0,0,0,0,,,,0,0,0,0,0,0,0,,0,0,0,0,,0,0,,0,0,0,0,0,0,0,0,0,0,0,0
00-0025424,E.Weddle,Eric Weddle,FS,DB,"https://static.www.nfl.com/image/private/f_auto,q_auto/league/zpf0d4cmeobcjjudzghs",2017,REG,BAL,16,0,0,0,0,0,0,0,0,0,0,0,0,,,0,,0,0,0,0,0,0,0,0,0,0,,0,0,0,0,0,0,0,0,0,0,0,0,0,0,,0,0,0,0,0,,0,0,0,0,48,1,14,2,7,2,1,7,1,6,85,8,1,0,0,0,0,0,1,0,0,0,0,0,0,0,0,0,0,0,0,0,0,0,0,0,,,0,0,0,0,0,0,0,0,0,0,0,0,,,,0,0,0,0,0,0,0,,0,0,0,0,,0,0,,0,0,0,0,0,0,0,0,0,0,0,0
00-0025430,D.Stanton,Drew Stanton,QB,QB,"https://static.www.nfl.com/image/private/f_auto,q_auto/league/di5hc0mwbomreqx7ojbu",2017,REG,ARI,5,79,159,894,6,5,7,-40,3,0,1718,299,50,-22.2369578536463,-8.31027075839348,0,0.520372526193248,44,19,9,1,9,7,0,0,0,2,-1.42354267829796,0,0,0,0,0,0,0,0,0,0,0,0,0,0,,0,0,0,0,0,,0,0,0,0,1,0,0,0,0,0,0,0,0,0,0,0,0,0,0,0,0,0,0,0,0,0,0,3,0,0,3,0,0,0,0,0,0,0,0,0,,,0,0,0,0,0,0,0,0,0,0,0,0,,,,0,0,0,0,0,0,0,,0,0,0,0,,0,0,,0,0,0,0,0,0,0,0,0,0,50.46,50.46
00-0025434,D.Harris,David Harris,OLB,LB,"https://static.www.nfl.com/image/private/f_auto,q_auto/league/pfvyx4ftqbjkvgukdyue",2017,REG,NE,7,0,0,0,0,0,0,0,0,0,0,0,0,,,0,,0,0,0,0,0,0,0,0,0,0,,0,0,0,0,0,0,0,0,0,0,0,0,0,0,,0,0,0,0,0,,0,0,0,0,11,4,7,0,0,0,1.5,10,2,0,0,1,0,0,0,0,0,0,0,0,0,0,0,0,0,0,0,0,0,0,0,0,0,0,0,0,,,0,0,0,0,0,0,0,0,0,0,0,0,,,,0,0,0,0,0,0,0,,0,0,0,0,,0,0,,0,0,0,0,0,0,0,0,0,0,0,0
00-0025435,J.Durant,Justin Durant,OLB,LB,"https://static.www.nfl.com/image/private/f_auto,q_auto/league/eedjpnwmpbsssvpufzpi",2017,REG,DAL,4,0,0,0,0,0,0,0,0,0,0,0,0,,,0,,0,0,0,0,0,0,0,0,0,0,,0,0,0,0,0,0,0,0,0,0,0,0,0,0,,0,0,0,0,0,,0,0,0,0,9,0,4,3,9,0,0,0,0,0,0,0,0,0,0,0,0,0,0,0,0,0,0,0,0,0,0,0,0,0,0,0,0,0,0,0,,,0,0,0,0,0,0,0,0,0,0,0,0,,,,0,0,0,0,0,0,0,,0,0,0,0,,0,0,,0,0,0,0,0,0,0,0,0,0,0,0
00-0025470,Ch.Johnson,Charles Johnson,DE,DL,"https://static.www.nfl.com/image/private/f_auto,q_auto/league/ymhie4lk7pifrufdoy9w",2017,REG,CAR,10,0,0,0,0,0,0,0,0,0,0,0,0,,,0,,0,0,0,0,0,0,0,0,0,0,,0,0,0,0,0,0,0,0,0,0,0,0,0,0,,0,0,0,0,0,,0,0,0,0,4,0,12,0,0,0,0,0,2,0,0,1,0,0,0,0,0,0,0,0,0,4,20,0,0,0,0,0,0,0,0,0,0,0,0,0,,,0,0,0,0,0,0,0,0,0,0,0,0,,,,0,0,0,0,0,0,0,,0,0,0,0,,0,0,,0,0,0,0,0,0,0,0,0,0,0,0
00-0025472,B.Mebane,Brandon Mebane,DT,DL,"https://static.www.nfl.com/image/private/f_auto,q_auto/league/odajsobuczo0mvyzczsi",2017,REG,LAC,13,0,0,0,0,0,0,0,0,0,0,0,0,,,0,,0,0,0,0,0,0,0,0,0,0,,0,0,0,0,0,0,0,0,0,0,0,0,0,0,,0,0,0,0,0,,0,0,0,0,13,3,14,1,3,0,0,0,2,0,0,0,0,0,0,0,0,0,0,0,0,1,5,0,0,0,0,0,0,0,0,0,0,0,0,0,,,0,0,0,0,0,0,0,0,0,0,0,0,,,,0,0,0,0,0,0,0,,0,0,0,0,,0,0,,0,0,0,0,0,0,0,0,0,0,0,0
00-0025489,B.Robison,Brian Robison,DE,DL,"https://static.www.nfl.com/image/private/f_auto,q_auto/league/ny17f80f3gd3kikvkllk",2017,REG,MIN,11,0,0,0,0,0,0,0,0,0,0,0,0,,,0,,0,0,0,0,0,0,0,0,0,0,,0,0,0,0,0,0,0,0,0,0,0,0,0,0,,0,0,0,0,0,,0,0,0,0,12,3,5,3,15,0,4,18.5,9,0,0,2,0,0,0,0,0,0,0,0,0,1,5,0,0,0,0,0,0,0,0,0,0,0,0,0,,,0,0,0,0,0,0,0,0,0,0,0,0,,,,0,0,0,0,0,0,0,,0,0,0,0,,0,0,,0,0,0,0,0,0,0,0,0,0,0,0
00-0025503,Z.DeOssie,Zak DeOssie,LS,SPEC,"https://static.www.nfl.com/image/private/f_auto,q_auto/league/jfeouc6i51hitnjpw68u",2017,REG,NYG,5,0,0,0,0,0,0,0,0,0,0,0,0,,,0,,0,0,0,0,0,0,0,0,0,0,,0,0,0,0,0,0,0,0,0,0,0,0,0,0,,0,0,0,0,0,,0,0,0,0,4,0,2,0,0,0,0,0,0,0,0,0,0,0,0,0,0,0,0,0,0,0,0,0,0,0,0,0,0,0,0,0,0,0,0,0,,,0,0,0,0,0,0,0,0,0,0,0,0,,,,0,0,0,0,0,0,0,,0,0,0,0,,0,0,,0,0,0,0,0,0,0,0,0,0,0,0
00-0025506,A.Barbre,Allen Barbre,OT,OL,"https://static.www.nfl.com/image/private/f_auto,q_auto/league/kz3kjakbdktgmv9msdrk",2017,REG,DEN,5,0,0,0,0,0,0,0,0,0,0,0,0,,,0,,0,0,0,0,0,0,0,0,0,0,,0,0,0,0,0,0,0,0,0,0,0,0,0,0,,0,0,0,0,0,,0,0,0,0,0,0,0,0,0,0,0,0,0,0,0,0,0,0,0,0,0,0,0,0,0,6,50,0,0,0,0,0,0,0,0,0,0,0,0,0,,,0,0,0,0,0,0,0,0,0,0,0,0,,,,0,0,0,0,0,0,0,,0,0,0,0,,0,0,,0,0,0,0,0,0,0,0,0,0,0,0
00-0025512,J.Bushrod,Jermon Bushrod,OT,OL,"https://static.www.nfl.com/image/private/f_auto,q_auto/league/s5rukxho2gzz0whq3pie",2017,REG,MIA,5,0,0,0,0,0,0,0,0,0,0,0,0,,,0,,0,0,0,0,0,0,0,0,0,0,,0,0,0,0,0,0,0,0,0,0,0,0,0,0,,0,0,0,0,0,,0,0,0,0,1,0,0,0,0,0,0,0,0,0,0,0,0,0,0,0,0,0,0,0,0,7,60,0,0,0,0,0,0,0,0,0,0,0,0,0,,,0,0,0,0,0,0,0,0,0,0,0,0,,,,0,0,0,0,0,0,0,,0,0,0,0,,0,0,,0,0,0,0,0,0,0,0,0,0,0,0
00-0025549,B.Celek,Brent Celek,TE,TE,"https://static.www.nfl.com/image/private/f_auto,q_auto/league/mit6ahic4gkdhy1hkejt",2017,REG,PHI,12,0,0,0,0,0,0,0,0,0,0,0,0,,,0,,0,0,0,0,0,0,0,0,0,0,,0,0,0,0,0,13,24,130,1,0,0,135,85,7,2.9777307563927,0,6,1,1,0,0.962962962962963,0.0431654676258993,0.0255730251941656,0.0826493190747648,0,0,0,0,0,0,0,0,0,0,0,0,0,0,0,0,0,0,0,0,0,0,2,15,0,0,0,0,0,0,0,2,18,0,0,0,0,,,0,0,0,0,0,0,0,0,0,0,0,0,,,,0,0,0,0,0,0,0,,0,0,0,0,,0,0,,0,0,0,0,0,0,0,0,0,0,19,32
00-0025555,C.Graham,Corey Graham,FS,DB,"https://static.www.nfl.com/image/private/f_auto,q_auto/league/xay4nrpgnss2wevzwvw3",2017,REG,PHI,13,0,0,0,0,0,0,0,0,0,0,0,0,,,0,,0,0,0,0,0,0,0,0,0,0,,0,0,0,0,0,0,0,0,0,0,0,0,0,0,,0,0,0,0,0,,0,0,0,0,32,2,4,1,1,0,0,0,0,2,73,4,0,0,0,0,0,0,0,0,0,1,5,0,0,0,0,0,0,0,0,0,0,0,0,0,,,0,0,0,0,0,0,0,0,0,0,0,0,,,,0,0,0,0,0,0,0,,0,0,0,0,,0,0,,0,0,0,0,0,0,0,0,0,0,0,0
00-0025557,W.Gay,William Gay,FS,DB,"https://static.www.nfl.com/image/private/f_auto,q_auto/league/fcsqfz4tqxk95aqcixsk",2017,REG,PIT,11,0,0,0,0,0,0,0,0,0,0,0,0,,,0,,0,0,0,0,0,0,0,0,0,0,,0,0,0,0,0,0,0,0,0,0,0,0,0,0,,0,0,0,0,0,,0,0,0,0,15,1,3,0,0,2,0,0,0,1,-1,3,0,0,0,0,0,0,0,0,0,3,25,0,0,0,0,0,0,0,0,0,0,0,0,0,,,0,0,0,0,0,0,0,0,0,0,0,0,,,,0,0,0,0,0,0,0,,0,0,0,0,,0,0,,0,0,0,0,0,0,0,0,0,0,0,0
00-0025565,N.Folk,Nick Folk,K,SPEC,"https://static.www.nfl.com/image/upload/f_auto,q_auto/league/qcfiv2cc7ky37yq9iklp",2017,REG,TB,4,0,0,0,0,0,0,0,0,0,0,0,0,,,0,,0,0,0,0,0,0,0,0,0,0,,0,0,0,0,0,0,0,0,0,0,0,0,0,0,,0,0,0,0,0,,0,0,0,0,0,0,0,0,0,0,0,0,0,0,0,0,0,0,0,0,0,0,0,0,0,0,0,0,0,0,0,0,0,0,0,0,6,11,5,0,50,0.545454545454545,0,2,1,2,1,0,0,0,1,3,1,0,42;50;23;40;20;34,46;49;56;49;31,,209,231,0,7,9,2,0,0.777777777777778,1,1,0,0,34,0,0,,0,0,0,0,0,0,0,0,0,0,0,0
00-0025580,M.Crosby,Mason Crosby,K,SPEC,"https://static.www.nfl.com/image/private/f_auto,q_auto/league/usbwgcjsdcugjafgjzvt",2017,REG,GB,16,0,0,0,0,0,0,0,0,0,0,0,0,,,0,,0,0,0,0,0,0,0,0,0,0,,0,0,0,0,0,0,0,0,0,0,0,0,0,0,,0,0,0,0,0,,0,0,0,0,1,0,0,0,0,0,0,0,0,0,0,0,0,0,0,0,0,0,0,0,0,0,0,0,0,0,0,0,0,0,0,0,15,19,3,1,50,0.789473684210526,0,8,2,4,1,0,0,0,1,0,2,0,40;28;28;27;22;26;46;35;40;24;50;37;22;28;41,59;35;57,38,494,151,38,33,35,2,0,0.942857142857143,1,1,0,0,27,0,0,,0,0,0,0,0,0,0,0,0,0,0,0
00-0025630,C.Harris,Clark Harris,LS,SPEC,"https://static.www.nfl.com/image/private/f_auto,q_auto/league/uzlssqn1cw3yxntldmhy",2017,REG,CIN,4,0,0,0,0,0,0,0,0,0,0,0,0,,,0,,0,0,0,0,0,0,0,0,0,0,,0,0,0,0,0,0,0,0,0,0,0,0,0,0,,0,0,0,0,0,,0,0,0,0,2,0,2,0,0,0,0,0,0,0,0,0,0,0,0,0,0,0,0,0,0,0,0,0,0,0,0,0,0,0,0,0,0,0,0,0,,,0,0,0,0,0,0,0,0,0,0,0,0,,,,0,0,0,0,0,0,0,,0,0,0,0,,0,0,,0,0,0,0,0,0,0,0,0,0,0,0
00-0025708,M.Moore,Matt Moore,QB,QB,"https://static.www.nfl.com/image/private/f_auto,q_auto/league/h04zarfikqlgerdftbgp",2017,REG,MIA,4,78,127,861,4,5,12,-95,0,0,1039,324,38,-21.4482638676934,-0.0988577802975972,0,0.828681424446583,32,16,11,3,3,9,0,0,0,1,0.098956324509345,0,0,0,0,0,0,0,0,0,0,0,0,0,0,,0,0,0,0,0,,0,0,0,0,0,0,0,0,0,0,0,0,0,0,0,0,0,0,0,0,0,0,0,0,0,0,0,0,0,0,0,0,0,0,0,0,0,0,0,0,,,0,0,0,0,0,0,0,0,0,0,0,0,,,,0,0,0,0,0,0,0,,0,0,0,0,,0,0,,0,0,0,0,0,0,0,0,0,0,41.34,41.34
00-0025825,B.Kern,Brett Kern,P,SPEC,"https://static.www.nfl.com/image/private/f_auto,q_auto/league/dbph1kuozunx3aorpeiw",2017,REG,TEN,16,0,0,0,0,0,0,0,0,0,0,0,0,,,0,,0,0,0,0,0,0,0,0,0,0,,0,0,0,0,0,0,0,0,0,0,0,0,0,0,,0,0,0,0,0,,0,0,0,0,0,0,0,0,0,0,0,0,0,0,0,0,0,0,0,0,0,0,0,0,0,0,0,0,0,0,0,0,0,0,0,0,0,0,0,0,,,0,0,0,0,0,0,0,0,0,0,0,0,,,,0,0,0,0,0,0,0,,0,0,0,0,,75,0,74,3728,28,16,5,5,9,40,286,0,3342,0,0
00-0025828,W.Woodyard,Wesley Woodyard,ILB,LB,"https://static.www.nfl.com/image/private/f_auto,q_auto/league/hxzc1j5paqvtmufh5jim",2017,REG,TEN,16,0,0,0,0,0,0,0,0,0,0,0,0,,,0,,0,0,0,0,0,0,0,0,0,0,,0,0,0,0,0,0,0,0,0,0,0,0,0,0,,0,0,0,0,0,,0,0,0,0,78,6,40,10,39,0,5,23,9,0,0,5,0,0,0,0,0,0,2,4,1,1,8,0,0,0,0,0,0,0,0,0,0,0,0,0,,,0,0,0,0,0,0,0,0,0,0,0,0,,,,0,0,0,0,0,0,0,,0,0,0,0,,0,0,,0,0,0,0,0,0,0,0,0,0,0,0
00-0025900,C.Clark,Chris Clark,OT,OL,"https://static.www.nfl.com/image/private/f_auto,q_auto/league/gq8chodrri9zkixomlat",2017,REG,HOU,6,0,0,0,0,0,0,0,0,0,0,0,0,,,0,,0,0,0,0,0,0,0,0,0,0,,0,0,0,0,0,0,0,0,0,0,0,0,0,0,,0,0,0,0,0,,0,0,0,0,1,0,0,0,0,0,0,0,0,0,0,0,0,0,0,0,1,0,0,0,0,5,35,0,0,0,0,0,0,0,0,0,0,0,0,0,,,0,0,0,0,0,0,0,0,0,0,0,0,,,,0,0,0,0,0,0,0,,0,0,0,0,,0,0,,0,0,0,0,0,0,0,0,0,0,0,0
00-0025920,J.Freeman,Jerrell Freeman,ILB,LB,"https://static.www.nfl.com/image/private/f_auto,q_auto/league/jnlsvixqmoilyudalovo",2017,REG,CHI,1,0,0,0,0,0,0,0,0,0,0,0,0,,,0,,0,0,0,0,0,0,0,0,0,0,,0,0,0,0,0,0,0,0,0,0,0,0,0,0,,0,0,0,0,0,,0,0,0,0,7,0,3,1,1,0,0,0,0,0,0,0,0,0,0,0,0,0,0,0,0,0,0,0,0,0,0,0,0,0,0,0,0,0,0,0,,,0,0,0,0,0,0,0,0,0,0,0,0,,,,0,0,0,0,0,0,0,,0,0,0,0,,0,0,,0,0,0,0,0,0,0,0,0,0,0,0
00-0025942,L.Douzable,Leger Douzable,DE,DL,"https://static.www.nfl.com/image/private/f_auto,q_auto/league/cebpzgbbjpepjhsbgtyg",2017,REG,SF,4,0,0,0,0,0,0,0,0,0,0,0,0,,,0,,0,0,0,0,0,0,0,0,0,0,,0,0,0,0,0,0,0,0,0,0,0,0,0,0,,0,0,0,0,0,,0,0,0,0,15,2,2,2,13,0,2,13,3,0,0,0,0,0,0,0,0,0,0,0,0,0,0,0,0,0,0,0,0,0,0,0,0,0,0,0,,,0,0,0,0,0,0,0,0,0,0,0,0,,,,0,0,0,0,0,0,0,,0,0,0,0,,0,0,,0,0,0,0,0,0,0,0,0,0,0,0
00-0025944,S.Hauschka,Steven Hauschka,K,SPEC,"https://static.www.nfl.com/image/private/f_auto,q_auto/league/dx2dsdejdbqrjltnkstm",2017,REG,BUF,16,0,0,0,0,0,0,0,0,0,0,0,0,,,0,,0,0,0,0,0,0,0,0,0,0,,0,0,0,0,0,0,0,0,0,0,0,0,0,0,,0,0,0,0,0,,0,0,0,0,1,0,0,0,0,1,0,0,0,0,0,0,0,0,0,0,0,0,0,0,0,1,5,0,0,0,0,0,0,0,0,0,29,33,4,0,56,0.878787878787879,0,6,9,7,7,0,0,0,0,2,2,0,45;49;55;53;27;24;56;55;31;38;28;25;52;30;35;44;37;50;34;56;49;49;34;41;23;30;23;49;33,46;41;52;50,,1155,189,0,29,29,0,0,1,1,1,0,0,30,0,0,,0,0,0,0,0,0,0,0,0,0,0,0
00-0026019,D.Woodhead,Danny Woodhead,RB,RB,"https://static.www.nfl.com/image/private/f_auto,q_auto/league/gorlqe0etvc8ek5wob7j",2017,REG,BAL,8,0,0,0,0,0,0,0,0,0,0,0,0,,,0,,0,0,0,0,14,56,0,0,0,2,-2.76594630259628,0,1,0,0,0,33,39,200,0,0,0,108,118,9,0.460091306098351,0,5,1,1,0,1.85185185185185,0.0695187165775401,0.028110359187923,0.123955326297856,0,2,0,0,0,0,0,0,0,0,0,0,0,0,0,0,0,0,0,0,0,0,0,0,0,0,0,0,0,0,0,0,0,0,0,0,0,,,0,0,0,0,0,0,0,0,0,0,0,0,,,,0,0,0,0,0,0,0,,0,0,0,0,,0,0,,0,0,0,0,0,0,0,0,0,0,25.6,58.6
00-0026027,J.Jansen,J.J. Jansen,LS,SPEC,"https://static.www.nfl.com/image/upload/f_auto,q_auto/league/vmbidsuvur7zfmpt9xak",2017,REG,CAR,1,0,0,0,0,0,0,0,0,0,0,0,0,,,0,,0,0,0,0,0,0,0,0,0,0,,0,0,0,0,0,0,0,0,0,0,0,0,0,0,,0,0,0,0,0,,0,0,0,0,1,0,0,0,0,0,0,0,0,0,0,0,0,0,0,0,0,0,0,0,0,0,0,0,0,0,0,0,0,0,0,0,0,0,0,0,,,0,0,0,0,0,0,0,0,0,0,0,0,,,,0,0,0,0,0,0,0,,0,0,0,0,,0,0,,0,0,0,0,0,0,0,0,0,0,0,0
00-0026035,D.Amendola,Danny Amendola,WR,WR,"https://static.www.nfl.com/image/private/f_auto,q_auto/league/etz06w7s0ardf49mnayz",2017,REG,NE,15,0,0,0,0,0,0,0,0,0,0,0,0,,,0,,0,0,0,0,0,0,0,0,0,0,,0,0,0,0,0,61,86,659,2,1,0,682,210,40,40.3324827398557,0,30,14,7,0,0.966275659824047,0.147260273972603,0.127333831217326,0.310024092811033,0,2,0,0,0,0,0,0,0,0,0,0,0,0,1,0,0,0,0,0,0,0,2,16,2,0,0,2,0,27,231,1,16,0,0,0,0,,,0,0,0,0,0,0,0,0,0,0,0,0,,,,0,0,0,0,0,0,0,,0,0,0,0,,0,0,,0,0,0,0,0,0,0,0,0,0,77.9,138.9
00-0026069,M.Tolbert,Mike Tolbert,FB,RB,"https://static.www.nfl.com/image/private/f_auto,q_auto/league/frwhwdhbcteyg7xjha7a",2017,REG,BUF,12,0,0,0,0,0,0,0,0,0,0,0,0,,,0,,0,0,0,0,66,247,1,2,1,9,-13.3527823920807,0,6,5,1,0,14,17,78,0,0,0,41,48,2,-4.61569712683559,0,2,0,0,0,1.90243902439024,0.0363247863247863,0.00993457717470317,0.0614413835094717,0,2,0,1,0,0,0,0,0,0,0,0,0,0,0,0,0,0,0,1,0,0,0,0,2,0,0,2,1,0,0,0,0,0,0,0,0,,,0,0,0,0,0,0,0,0,0,0,0,0,,,,0,0,0,0,0,0,0,,0,0,0,0,,0,0,,0,0,0,0,0,0,0,0,0,0,36.5,50.5
00-0026138,C.Barth,Connor Barth,K,SPEC,"https://static.www.nfl.com/image/private/f_auto,q_auto/league/hj8zrenu5dej3rvuzyba",2017,REG,CHI,10,0,0,0,0,0,0,0,0,0,0,0,0,,,0,,0,0,0,0,0,0,0,0,0,0,,0,0,0,0,0,0,0,0,0,0,0,0,0,0,,0,0,0,0,0,,0,0,0,0,0,0,0,0,0,0,0,0,0,0,0,0,0,0,0,0,0,0,0,0,0,0,0,0,0,0,0,0,0,0,0,0,11,16,4,1,54,0.6875,1,4,0,5,1,0,0,0,0,4,0,0,54;24;24;40;19;27;44;45;44;49;23,47;47;48;46,52,393,188,52,17,17,0,0,1,1,1,0,0,40,0,0,,0,0,0,0,0,0,0,0,0,0,0,0
00-0026142,C.Long,Chris Long,DE,DL,"https://static.www.nfl.com/image/private/f_auto,q_auto/league/gcrtrlvxdigu2kzrhfnw",2017,REG,PHI,16,0,0,0,0,0,0,0,0,0,0,0,0,,,0,,0,0,0,0,0,0,0,0,0,0,,0,0,0,0,0,0,0,0,0,0,0,0,0,0,,0,0,0,0,0,,0,0,0,0,20,0,8,2,8,4,5,15,18,0,0,0,0,0,0,0,0,0,0,0,0,2,10,0,0,0,0,0,0,0,0,0,0,0,0,0,,,0,0,0,0,0,0,0,0,0,0,0,0,,,,0,0,0,0,0,0,0,,0,0,0,0,,0,0,,0,0,0,0,0,0,0,0,0,0,0,0
00-0026143,M.Ryan,Matt Ryan,QB,QB,"https://static.www.nfl.com/image/private/f_auto,q_auto/league/s6zam4ekrrnonsck6vak",2017,REG,ATL,16,342,529,4095,20,12,24,-156,1,1,4719,1861,199,70.3792686330391,2.96805357748224,0,0.867768595041322,179,88,54,8,32,143,0,3,2,11,3.17969023434864,0,7,7,0,0,0,0,0,0,0,0,0,0,0,,0,0,0,0,0,,0,0,0,0,0,0,0,0,0,0,0,0,0,0,0,0,0,0,0,0,1,-4,0,0,0,1,10,1,3,0,4,3,0,0,0,0,0,0,0,0,,,0,0,0,0,0,0,0,0,0,0,0,0,,,,0,0,0,0,0,0,0,,0,0,0,0,,0,0,,0,0,0,0,0,0,0,0,0,0,228.1,228.1
00-0026144,D.McFadden,Darren McFadden,RB,RB,"https://static.www.nfl.com/image/private/f_auto,q_auto/league/bfvionxxsfckmjqtw4kv",2017,REG,DAL,1,0,0,0,0,0,0,0,0,0,0,0,0,,,0,,0,0,0,0,1,-2,0,0,0,0,-1.02465997869149,0,0,0,0,0,0,0,0,0,0,0,0,0,0,,0,0,0,0,0,,0,0,0,0,0,0,0,0,0,0,0,0,0,0,0,0,0,0,0,0,0,0,0,0,0,0,0,0,0,0,0,0,0,0,0,0,0,0,0,0,,,0,0,0,0,0,0,0,0,0,0,0,0,,,,0,0,0,0,0,0,0,,0,0,0,0,,0,0,,0,0,0,0,0,0,0,0,0,0,-0.2,-0.2
00-0026153,J.Stewart,Jonathan Stewart,RB,RB,"https://static.www.nfl.com/image/private/f_auto,q_auto/league/dzvxfj3xrgnzc3jbag2n",2017,REG,CAR,15,0,0,0,0,0,0,0,0,0,0,0,0,,,0,,0,0,0,0,198,680,6,3,3,41,-39.09691578509,0,15,9,1,1,8,15,52,1,0,0,-17,69,2,-3.95727971056476,0,1,1,1,0,-3.05882352941176,0.0304878048780488,-0.00400188323917137,0.0429303890496532,0,2,0,0,0,0,0,0,0,0,0,0,0,0,0,0,0,2,0,0,0,0,1,5,3,0,0,3,3,0,0,0,0,0,0,0,0,,,0,0,0,0,0,0,0,0,0,0,0,0,,,,0,0,0,0,0,0,0,,0,0,0,0,,0,0,,0,0,0,0,0,0,0,0,0,0,109.2,117.2
00-0026156,D.Rodgers-Cromartie,Dominique Rodgers-Cromartie,CB,DB,"https://static.www.nfl.com/image/private/f_auto,q_auto/league/sjq1mh1dhbriamgcqoim",2017,REG,NYG,14,0,0,0,0,0,0,0,0,0,0,0,0,,,0,,0,0,0,0,0,0,0,0,0,0,,0,0,0,0,0,0,0,0,0,0,0,0,0,0,,0,0,0,0,0,,0,0,0,0,24,7,17,3,5,0,0.5,4.5,2,0,0,1,0,0,0,0,0,0,0,0,0,1,5,0,0,0,0,0,0,0,0,0,0,0,0,0,,,0,0,0,0,0,0,0,0,0,0,0,0,,,,0,0,0,0,0,0,0,,0,0,0,0,,0,0,,0,0,0,0,0,0,0,0,0,0,0,0
00-0026158,J.Flacco,Joe Flacco,QB,QB,"https://static.www.nfl.com/image/upload/f_auto,q_auto/league/vbqptn8emdlbeaz1kvmx",2017,REG,BAL,16,352,549,3141,18,13,27,-205,3,0,3679,1470,161,-51.5197826322,-1.21529313905463,1,0.853764609948356,120,49,28,5,25,54,1,1,0,3,-7.97013820372966,0,2,1,1,0,0,0,0,0,0,0,0,0,0,,0,0,0,0,0,,0,0,0,0,2,0,0,0,0,0,0,0,0,0,0,0,0,0,0,0,4,-3,0,0,0,5,34,2,4,1,6,0,0,0,0,0,0,0,0,0,,,0,0,0,0,0,0,0,0,0,0,0,0,,,,0,0,0,0,0,0,0,,0,0,0,0,,0,0,,0,0,0,0,0,0,0,0,0,0,185.04,185.04
00-0026160,A.Talib,Aqib Talib,CB,DB,"https://static.www.nfl.com/image/private/f_auto,q_auto/league/yxot5c0z1duos6w3wunm",2017,REG,DEN,12,0,0,0,0,0,0,0,0,0,0,0,0,,,0,,0,0,0,0,0,0,0,0,0,0,,0,0,0,0,0,0,0,0,0,0,0,0,0,0,,0,0,0,0,0,,0,0,0,0,21,1,8,0,0,1,0,0,0,1,103,7,1,0,0,0,0,0,0,0,0,2,10,0,0,0,0,0,0,0,0,0,0,0,0,0,,,0,0,0,0,0,0,0,0,0,0,0,0,,,,0,0,0,0,0,0,0,,0,0,0,0,,0,0,,0,0,0,0,0,0,0,0,0,0,0,0
00-0026164,C.Johnson,Chris Johnson,RB,RB,"https://static.www.nfl.com/image/private/f_auto,q_auto/league/ryf9nc84eovvdbf0cz79",2017,REG,ARI,4,0,0,0,0,0,0,0,0,0,0,0,0,,,0,,0,0,0,0,45,114,0,0,0,3,-11.6485140227596,0,1,0,0,0,5,6,43,0,0,0,20,30,2,2.65649962326279,0,2,0,0,0,2.15,0.0101351351351351,0.00344411916652316,0.0176135861192689,0,0,0,0,0,0,0,0,0,0,0,0,0,0,0,0,0,0,0,0,0,0,0,0,0,0,0,0,0,0,0,0,0,0,0,0,0,,,0,0,0,0,0,0,0,0,0,0,0,0,,,,0,0,0,0,0,0,0,,0,0,0,0,,0,0,,0,0,0,0,0,0,0,0,0,0,15.7,20.7
00-0026166,D.Brown,Duane Brown,OT,OL,"https://static.www.nfl.com/image/private/f_auto,q_auto/league/oo4wdp0wxeyowhqtbor9",2017,REG,SEA,4,0,0,0,0,0,0,0,0,0,0,0,0,,,0,,0,0,0,0,0,0,0,0,0,0,,0,0,0,0,0,0,0,0,0,0,0,0,0,0,,0,0,0,0,0,,0,0,0,0,0,0,0,0,0,0,0,0,0,0,0,0,0,0,0,0,0,0,0,0,0,4,33,0,0,0,0,0,0,0,0,0,0,0,0,0,,,0,0,0,0,0,0,0,0,0,0,0,0,,,,0,0,0,0,0,0,0,,0,0,0,0,,0,0,,0,0,0,0,0,0,0,0,0,0,0,0
00-0026176,J.Nelson,Jordy Nelson,WR,WR,"https://static.www.nfl.com/image/private/f_auto,q_auto/league/bde2n4ozsakatgs4yyp2",2017,REG,GB,14,0,0,0,0,0,0,0,0,0,0,0,0,,,0,,0,0,0,0,0,0,0,0,0,0,,0,0,0,0,0,53,88,482,6,0,0,964,128,38,-5.50118026894139,0,17,6,4,1,0.5,0.15884476534296,0.236216613575104,0.403618777517013,0,2,0,0,0,0,0,0,0,0,0,0,0,0,0,0,0,0,0,0,0,0,0,0,0,0,0,0,0,0,0,0,0,0,0,0,0,,,0,0,0,0,0,0,0,0,0,0,0,0,,,,0,0,0,0,0,0,0,,0,0,0,0,,0,0,,0,0,0,0,0,0,0,0,0,0,84.2,137.2
00-0026184,M.Forte,Matt Forte,RB,RB,"https://static.www.nfl.com/image/private/f_auto,q_auto/league/olqssssjykcx7tx7xsy3",2017,REG,NYJ,12,0,0,0,0,0,0,0,0,0,0,0,0,,,0,,0,0,0,0,103,381,2,1,1,12,-18.9129038443789,0,9,6,1,0,37,45,293,1,0,0,83,252,13,8.76904647356519,0,13,3,3,0,3.53012048192771,0.0907258064516129,0.0210606445064704,0.150831160831949,0,3,0,0,0,0,0,0,0,0,0,0,0,0,0,0,0,0,0,0,0,0,1,10,1,0,0,1,1,0,0,0,0,0,0,0,0,,,0,0,0,0,0,0,0,0,0,0,0,0,,,,0,0,0,0,0,0,0,,0,0,0,0,,0,0,,0,0,0,0,0,0,0,0,0,0,83.4,120.4
00-0026189,D.Jackson,DeSean Jackson,WR,WR,"https://static.www.nfl.com/image/private/f_auto,q_auto/league/pr5m864fqvnoozihylrh",2017,REG,TB,14,0,0,0,0,0,0,0,0,0,0,0,0,,,0,,0,0,0,0,3,38,0,0,0,1,2.15593841474038,0,1,1,1,0,50,90,668,3,0,0,1444,191,36,5.12871042090963,0,31,15,10,1,0.462603878116344,0.151006711409396,0.233959818535321,0.390281940088819,0,0,0,0,0,0,0,0,0,0,0,0,0,0,0,0,0,0,0,0,0,0,0,0,0,0,0,0,0,0,0,0,0,0,0,0,0,,,0,0,0,0,0,0,0,0,0,0,0,0,,,,0,0,0,0,0,0,0,,0,0,0,0,,0,0,,0,0,0,0,0,0,0,0,0,0,88.6,138.6
00-0026190,C.Campbell,Calais Campbell,DE,DL,"https://static.www.nfl.com/image/upload/f_auto,q_auto/league/juvpepl8uc1p9rs7upsf",2017,REG,JAX,16,0,0,0,0,0,0,0,0,0,0,0,0,,,0,,0,0,0,0,0,0,0,0,0,0,,0,0,0,0,0,0,0,0,0,0,0,0,0,0,,0,0,0,0,0,,0,0,0,0,44,3,20,14,80,3,14.5,96,30,0,0,3,0,0,0,0,0,0,1,10,1,1,5,0,0,0,0,0,0,0,0,0,0,0,0,0,,,0,0,0,0,0,0,0,0,0,0,0,0,,,,0,0,0,0,0,0,0,,0,0,0,0,,0,0,,0,0,0,0,0,0,0,0,0,0,0,0
00-0026197,C.Henne,Chad Henne,QB,QB,"https://static.www.nfl.com/image/private/f_auto,q_auto/league/ornr9pcnzveqlntqc7jx",2017,REG,JAX,2,0,2,0,0,0,0,0,0,0,2,0,0,-2.14174759108573,-49.8342841863632,0,0,0,0,0,0,5,-5,0,0,0,0,0,0,0,0,0,0,0,0,0,0,0,0,0,0,0,,0,0,0,0,0,,0,0,0,0,0,0,0,0,0,0,0,0,0,0,0,0,0,0,0,0,0,0,0,0,0,0,0,0,0,0,0,0,0,0,0,0,0,0,0,0,,,0,0,0,0,0,0,0,0,0,0,0,0,,,,0,0,0,0,0,0,0,,0,0,0,0,,0,0,,0,0,0,0,0,0,0,0,0,0,-0.5,-0.5
00-0026201,M.Bennett,Martellus Bennett,TE,TE,"https://static.www.nfl.com/image/private/f_auto,q_auto/league/repls3tq1d4jnvwmaqia",2017,REG,NE,9,0,0,0,0,0,0,0,0,0,0,0,0,,,0,,0,0,0,0,0,0,0,0,0,0,,0,0,0,0,0,30,44,286,0,0,0,265,168,11,0.16138179283007,0,10,5,4,0,1.07924528301887,0.0794223826714802,0.0649350649350649,0.164588119461766,0,0,0,0,0,0,0,0,0,0,0,0,0,0,0,0,0,0,0,0,0,0,3,26,0,0,0,0,0,0,0,0,0,0,0,0,0,,,0,0,0,0,0,0,0,0,0,0,0,0,,,,0,0,0,0,0,0,0,,0,0,0,0,,0,0,,0,0,0,0,0,0,0,0,0,0,28.6,58.6
00-0026205,J.Greco,John Greco,C,OL,"https://static.www.nfl.com/image/private/f_auto,q_auto/league/tiupsy1z0fx78yzenzn8",2017,REG,NYG,2,0,0,0,0,0,0,0,0,0,0,0,0,,,0,,0,0,0,0,0,0,0,0,0,0,,0,0,0,0,0,0,0,0,0,0,0,0,0,0,,0,0,0,0,0,,0,0,0,0,0,0,0,0,0,0,0,0,0,0,0,0,0,0,0,0,0,0,0,0,0,2,10,0,0,0,0,0,0,0,0,0,0,0,0,0,,,0,0,0,0,0,0,0,0,0,0,0,0,,,,0,0,0,0,0,0,0,,0,0,0,0,,0,0,,0,0,0,0,0,0,0,0,0,0,0,0
00-0026213,J.Charles,Jamaal Charles,RB,RB,"https://static.www.nfl.com/image/private/f_auto,q_auto/league/mdrlzgankwwjldxllgcx",2017,REG,DEN,13,0,0,0,0,0,0,0,0,0,0,0,0,,,0,,0,0,0,0,69,296,1,2,2,16,-13.8101414347184,0,10,7,0,0,23,28,129,0,0,0,-23,159,6,-3.3971057505325,0,6,1,1,0,-5.60869565217391,0.0508166969147005,-0.00484312486839335,0.0728348579641755,0,1,0,0,0,0,0,0,0,0,0,0,0,0,0,0,0,0,0,0,0,0,1,5,2,0,0,2,2,0,0,0,0,0,0,0,0,,,0,0,0,0,0,0,0,0,0,0,0,0,,,,0,0,0,0,0,0,0,,0,0,0,0,,0,0,,0,0,0,0,0,0,0,0,0,0,44.5,67.5
00-0026217,P.Sims,Pat Sims,DT,DL,"https://static.www.nfl.com/image/private/f_auto,q_auto/league/biq91rshui7itkoqi64r",2017,REG,CIN,9,0,0,0,0,0,0,0,0,0,0,0,0,,,0,,0,0,0,0,0,0,0,0,0,0,,0,0,0,0,0,0,0,0,0,0,0,0,0,0,,0,0,0,0,0,,0,0,0,0,7,2,16,3,12,0,0.5,4.5,3,0,0,0,0,0,0,0,0,0,0,0,0,1,5,0,0,0,0,0,0,0,0,0,0,0,0,0,,,0,0,0,0,0,0,0,0,0,0,0,0,,,,0,0,0,0,0,0,0,,0,0,0,0,,0,0,,0,0,0,0,0,0,0,0,0,0,0,0
00-0026224,H.Douglas,Harry Douglas,WR,WR,"https://static.www.nfl.com/image/private/f_auto,q_auto/league/hblmz1iaov5vqx7cd9cv",2017,REG,TEN,1,0,0,0,0,0,0,0,0,0,0,0,0,,,0,,0,0,0,0,0,0,0,0,0,0,,0,0,0,0,0,1,3,8,0,0,0,26,12,0,-6.08685919246636,0,0,0,0,0,0.307692307692308,0.00619834710743802,0.00594285714285714,0.013457520661157,0,1,0,0,0,0,0,0,0,0,0,0,0,0,0,0,0,0,0,0,0,0,0,0,0,0,0,0,0,0,0,0,0,0,0,0,0,,,0,0,0,0,0,0,0,0,0,0,0,0,,,,0,0,0,0,0,0,0,,0,0,0,0,,0,0,,0,0,0,0,0,0,0,0,0,0,0.8,1.8
00-0026232,C.Avril,Cliff Avril,DE,DL,"https://static.www.nfl.com/image/private/f_auto,q_auto/league/nlca1f9zatmpmpgqcgob",2017,REG,SEA,3,0,0,0,0,0,0,0,0,0,0,0,0,,,0,,0,0,0,0,0,0,0,0,0,0,,0,0,0,0,0,0,0,0,0,0,0,0,0,0,,0,0,0,0,0,,0,0,0,0,2,0,0,1,6,0,1,6,2,0,0,0,0,0,0,0,0,0,0,0,0,4,35,0,0,0,0,0,0,0,0,0,0,0,0,0,,,0,0,0,0,0,0,0,0,0,0,0,0,,,,0,0,0,0,0,0,0,,0,0,0,0,,0,0,,0,0,0,0,0,0,0,0,0,0,0,0
00-0026240,T.Branch,Tyvon Branch,S,DB,"https://static.www.nfl.com/image/private/f_auto,q_auto/league/iqunozxf1itgujqdyolv",2017,REG,ARI,9,0,0,0,0,0,0,0,0,0,0,0,0,,,0,,0,0,0,0,0,0,0,0,0,0,,0,0,0,0,0,0,0,0,0,0,0,0,0,0,,0,0,0,0,0,,0,0,0,0,51,3,15,4,14,1,0,0,2,0,0,6,0,0,0,0,0,0,0,0,0,0,0,0,0,0,0,0,0,0,0,0,0,0,0,0,,,0,0,0,0,0,0,0,0,0,0,0,0,,,,0,0,0,0,0,0,0,,0,0,0,0,,0,0,,0,0,0,0,0,0,0,0,0,0,0,0
00-0026243,W.Hayes,William Hayes,DE,DL,"https://static.www.nfl.com/image/private/f_auto,q_auto/league/dqzrzlkyd4xcwmktujez",2017,REG,MIA,10,0,0,0,0,0,0,0,0,0,0,0,0,,,0,,0,0,0,0,0,0,0,0,0,0,,0,0,0,0,0,0,0,0,0,0,0,0,0,0,,0,0,0,0,0,,0,0,0,0,14,0,5,4,18,0,1,8,5,0,0,0,0,0,0,0,0,0,0,0,0,3,17,0,0,0,0,0,0,0,0,0,0,0,0,0,,,0,0,0,0,0,0,0,0,0,0,0,0,,,,0,0,0,0,0,0,0,,0,0,0,0,,0,0,,0,0,0,0,0,0,0,0,0,0,0,0
00-0026257,Q.Demps,Quintin Demps,S,DB,"https://static.www.nfl.com/image/private/f_auto,q_auto/league/qjmlprqtukd45wqsaif6",2017,REG,CHI,3,0,0,0,0,0,0,0,0,0,0,0,0,,,0,,0,0,0,0,0,0,0,0,0,0,,0,0,0,0,0,0,0,0,0,0,0,0,0,0,,0,0,0,0,0,,0,0,0,0,9,2,1,0,0,0,0,0,0,0,0,0,0,0,0,0,0,0,0,0,0,0,0,0,0,0,0,0,0,0,0,0,0,0,0,0,,,0,0,0,0,0,0,0,0,0,0,0,0,,,,0,0,0,0,0,0,0,,0,0,0,0,,0,0,,0,0,0,0,0,0,0,0,0,0,0,0
00-0026275,J.Sitton,Josh Sitton,G,OL,"https://static.www.nfl.com/image/private/f_auto,q_auto/league/dfmxab0e4asu6q9voxpa",2017,REG,CHI,3,0,0,0,0,0,0,0,0,0,0,0,0,,,0,,0,0,0,0,0,0,0,0,0,0,,0,0,0,0,0,0,0,0,0,0,0,0,0,0,,0,0,0,0,0,,0,0,0,0,0,0,0,0,0,0,0,0,0,0,0,0,0,0,0,0,0,0,0,0,0,3,35,0,0,0,0,0,0,0,0,0,0,0,0,0,,,0,0,0,0,0,0,0,0,0,0,0,0,,,,0,0,0,0,0,0,0,,0,0,0,0,,0,0,,0,0,0,0,0,0,0,0,0,0,0,0
00-0026280,B.Carr,Brandon Carr,CB,DB,"https://static.www.nfl.com/image/private/f_auto,q_auto/league/ahnxascuttpx7ce28twy",2017,REG,BAL,16,0,0,0,0,0,0,0,0,0,0,0,0,,,0,,0,0,0,0,0,0,0,0,0,0,,0,0,0,0,0,0,0,0,0,0,0,0,0,0,,0,0,0,0,0,,0,0,0,0,50,0,6,2,6,0,0,0,0,4,57,12,0,0,0,0,0,0,0,0,0,8,81,0,0,0,0,0,0,0,0,0,0,0,0,0,,,0,0,0,0,0,0,0,0,0,0,0,0,,,,0,0,0,0,0,0,0,,0,0,0,0,,0,0,,0,0,0,0,0,0,0,0,0,0,0,0
00-0026283,O.Scandrick,Orlando Scandrick,DB,DB,"https://static.www.nfl.com/image/private/f_auto,q_auto/league/lq7fuodktgaehlcdv1s2",2017,REG,DAL,10,0,0,0,0,0,0,0,0,0,0,0,0,,,0,,0,0,0,0,0,0,0,0,0,0,,0,0,0,0,0,0,0,0,0,0,0,0,0,0,,0,0,0,0,0,,0,0,0,0,31,1,6,4,28,0,0,0,1,0,0,3,0,0,0,86,0,0,0,0,0,3,71,0,0,0,0,0,0,0,0,0,0,0,0,0,,,0,0,0,0,0,0,0,0,0,0,0,0,,,,0,0,0,0,0,0,0,,0,0,0,0,,0,0,,0,0,0,0,0,0,0,0,0,0,0,0
00-0026290,B.Giacomini,Breno Giacomini,OT,OL,"https://static.www.nfl.com/image/private/f_auto,q_auto/league/mqmylhzkypguuetxntcd",2017,REG,HOU,6,0,0,0,0,0,0,0,0,0,0,0,0,,,0,,0,0,0,0,0,0,0,0,0,0,,0,0,0,0,0,0,0,0,0,0,0,0,0,0,,0,0,0,0,0,,0,0,0,0,0,0,0,0,0,0,0,0,0,0,0,0,0,0,0,0,1,0,0,0,0,5,32,0,0,0,0,0,0,0,0,0,0,0,0,0,,,0,0,0,0,0,0,0,0,0,0,0,0,,,,0,0,0,0,0,0,0,,0,0,0,0,,0,0,,0,0,0,0,0,0,0,0,0,0,0,0
00-0026293,M.Slater,Matthew Slater,WR,WR,"https://static.www.nfl.com/image/private/f_auto,q_auto/league/cs1ojdzhxjuanbw6vflv",2017,REG,NE,6,0,0,0,0,0,0,0,0,0,0,0,0,,,0,,0,0,0,0,0,0,0,0,0,0,,0,0,0,0,0,0,0,0,0,0,0,0,0,0,,0,0,0,0,0,,0,0,0,0,5,1,1,0,0,0,0,0,0,0,0,0,0,0,0,0,0,0,0,0,0,0,0,0,0,0,0,0,0,0,0,0,0,0,0,0,,,0,0,0,0,0,0,0,0,0,0,0,0,,,,0,0,0,0,0,0,0,,0,0,0,0,,0,0,,0,0,0,0,0,0,0,0,0,0,0,0
00-0026307,E.Walden,Erik Walden,LB,LB,"https://static.www.nfl.com/image/private/f_auto,q_auto/league/r8jcgdy5zgsmzh2ubo5b",2017,REG,TEN,15,0,0,0,0,0,0,0,0,0,0,0,0,,,0,,0,0,0,0,0,0,0,0,0,0,,0,0,0,0,0,0,0,0,0,0,0,0,0,0,,0,0,0,0,0,,0,0,0,0,23,2,11,5,25,0,4,22,7,0,0,0,0,0,0,0,0,0,1,0,0,3,33,0,0,0,0,0,0,0,0,0,0,0,0,0,,,0,0,0,0,0,0,0,0,0,0,0,0,,,,0,0,0,0,0,0,0,,0,0,0,0,,0,0,,0,0,0,0,0,0,0,0,0,0,0,0
00-0026327,J.Sullivan,John Sullivan,C,OL,"https://static.www.nfl.com/image/private/f_auto,q_auto/league/nhydd9mclp9t82oqwcph",2017,REG,LA,3,0,0,0,0,0,0,0,0,0,0,0,0,,,0,,0,0,0,0,0,0,0,0,0,0,,0,0,0,0,0,0,0,0,0,0,0,0,0,0,,0,0,0,0,0,,0,0,0,0,0,0,0,0,0,0,0,0,0,0,0,0,0,0,0,0,1,0,0,0,0,2,15,0,0,0,0,0,0,0,0,0,0,0,0,0,,,0,0,0,0,0,0,0,0,0,0,0,0,,,,0,0,0,0,0,0,0,,0,0,0,0,,0,0,,0,0,0,0,0,0,0,0,0,0,0,0
00-0026330,A.Rubin,Ahtyba Rubin,NT,DL,"https://static.www.nfl.com/image/private/f_auto,q_auto/league/ct4wy9zmgiatoubxgpc2",2017,REG,ATL,9,0,0,0,0,0,0,0,0,0,0,0,0,,,0,,0,0,0,0,0,0,0,0,0,0,,0,0,0,0,0,0,0,0,0,0,0,0,0,0,,0,0,0,0,0,,0,0,0,0,7,0,8,0,0,0,0,0,1,0,0,0,0,0,0,0,0,0,0,0,0,1,15,0,0,0,0,0,0,0,0,0,0,0,0,0,,,0,0,0,0,0,0,0,0,0,0,0,0,,,,0,0,0,0,0,0,0,,0,0,0,0,,0,0,,0,0,0,0,0,0,0,0,0,0,0,0
00-0026345,P.Garcon,Pierre Garcon,WR,WR,"https://static.www.nfl.com/image/private/f_auto,q_auto/league/xwjogot7xrfj9qwhsgtn",2017,REG,SF,8,0,0,0,0,0,0,0,0,0,0,0,0,,,0,,0,0,0,0,0,0,0,0,0,0,,0,0,0,0,0,40,67,500,0,0,0,639,190,25,7.71951843470654,0,23,11,6,1,0.782472613458529,0.111853088480801,0.132682724252492,0.260657539697946,0,0,0,0,0,0,0,0,0,0,0,0,0,0,0,0,0,0,0,0,0,0,1,10,0,0,0,0,0,0,0,0,0,0,0,0,0,,,0,0,0,0,0,0,0,0,0,0,0,0,,,,0,0,0,0,0,0,0,,0,0,0,0,,0,0,,0,0,0,0,0,0,0,0,0,0,50,90
00-0026498,M.Stafford,Matthew Stafford,QB,QB,"https://static.www.nfl.com/image/upload/f_auto,q_auto/league/svxl2pk2cuqf26zrhii4",2017,REG,DET,16,371,565,4446,29,10,47,-287,9,6,4543,2103,209,37.4722342865771,0.630649695438998,1,0.978648470173894,182,93,61,16,29,98,0,2,1,9,-6.57544912338904,0,5,2,0,0,0,0,0,0,0,0,0,0,0,1.053,1,0,0,0,0,,0,0,0,0,1,0,0,0,0,0,0,0,0,0,0,0,0,0,0,0,2,-13,0,0,0,1,9,8,3,0,11,7,0,0,0,0,0,0,0,0,,,0,0,0,0,0,0,0,0,0,0,0,0,,,,0,0,0,0,0,0,0,,0,0,0,0,,0,0,,0,0,0,0,0,0,0,0,0,0,273.64,273.64
00-0026500,M.Slauson,Matt Slauson,G,OL,"https://static.www.nfl.com/image/private/f_auto,q_auto/league/oilqzwvf5kwhgq3kgpsz",2017,REG,LAC,2,0,0,0,0,0,0,0,0,0,0,0,0,,,0,,0,0,0,0,0,0,0,0,0,0,,0,0,0,0,0,0,0,0,0,0,0,0,0,0,,0,0,0,0,0,,0,0,0,0,0,0,0,0,0,0,0,0,0,0,0,0,0,0,0,0,0,0,0,0,0,2,15,0,0,0,0,0,0,0,0,0,0,0,0,0,,,0,0,0,0,0,0,0,0,0,0,0,0,,,,0,0,0,0,0,0,0,,0,0,0,0,,0,0,,0,0,0,0,0,0,0,0,0,0,0,0
00-0026502,R.Jean Francois,Ricky Jean Francois,DT,DL,"https://static.www.nfl.com/image/private/f_auto,q_auto/league/r883sdq7hjifsn8hdzl4",2017,REG,NE,7,0,0,0,0,0,0,0,0,0,0,0,0,,,0,,0,0,0,0,0,0,0,0,0,0,,0,0,0,0,0,0,0,0,0,0,0,0,0,0,,0,0,0,0,0,,0,0,0,0,6,1,5,2,4,0,0,0,0,0,0,0,0,0,0,0,0,0,0,0,0,1,5,0,0,0,0,0,0,0,0,0,0,0,0,0,,,0,0,0,0,0,0,0,0,0,0,0,0,,,,0,0,0,0,0,0,0,,0,0,0,0,,0,0,,0,0,0,0,0,0,0,0,0,0,0,0
00-0026512,C.Baker,Chris Baker,DT,DL,"https://static.www.nfl.com/image/private/f_auto,q_auto/league/e9iw0thaaotdo2zku9vd",2017,REG,TB,15,0,0,0,0,0,0,0,0,0,0,0,0,,,0,,0,0,0,0,0,0,0,0,0,0,,0,0,0,0,0,0,0,0,0,0,0,0,0,0,,0,0,0,0,0,,0,0,0,0,16,8,9,2,6,0,0.5,0,5,0,0,2,0,0,0,0,0,0,0,0,0,2,17,0,0,0,0,0,0,0,0,0,0,0,0,0,,,0,0,0,0,0,0,0,0,0,0,0,0,,,,0,0,0,0,0,0,0,,0,0,0,0,,0,0,,0,0,0,0,0,0,0,0,0,0,0,0
00-0026516,B.Colquitt,Britton Colquitt,P,SPEC,"https://static.www.nfl.com/image/private/f_auto,q_auto/league/fih0fomatqdzjicowoze",2017,REG,CLE,16,0,0,0,0,0,0,0,0,0,0,0,0,,,0,,0,0,0,0,0,0,0,0,0,0,,0,0,0,0,0,0,0,0,0,0,0,0,0,0,,0,0,0,0,0,,0,0,0,0,0,0,0,0,0,0,0,0,0,0,0,0,0,0,0,0,0,0,0,0,0,2,7,0,0,0,0,0,0,0,0,0,0,0,0,0,,,0,0,0,0,0,0,0,0,0,0,0,0,,,,0,0,0,0,0,0,0,,0,0,0,0,,80,1,67,3811,24,5,15,2,13,45,482,0,3289,0,0
00-0026544,C.Daniel,Chase Daniel,QB,QB,"https://static.www.nfl.com/image/private/f_auto,q_auto/league/jt8fvgeyuhsbpo9m9t4x",2017,REG,NO,1,0,0,0,0,0,0,0,0,0,0,0,0,,,0,,0,0,0,0,3,-2,0,0,0,0,-2.43170348869171,0,0,0,0,0,0,0,0,0,0,0,0,0,0,,0,0,0,0,0,,0,0,0,0,0,0,0,0,0,0,0,0,0,0,0,0,0,0,0,0,0,0,0,0,0,0,0,0,0,0,0,0,0,0,0,0,0,0,0,0,,,0,0,0,0,0,0,0,0,0,0,0,0,,,,0,0,0,0,0,0,0,,0,0,0,0,,0,0,,0,0,0,0,0,0,0,0,0,0,-0.2,-0.2
00-0026561,R.Foster,Ramon Foster,G,OL,"https://static.www.nfl.com/image/private/f_auto,q_auto/league/znmbx2dptq9o9k0b3ql9",2017,REG,PIT,2,0,0,0,0,0,0,0,0,0,0,0,0,,,0,,0,0,0,0,0,0,0,0,0,0,,0,0,0,0,0,0,0,0,0,0,0,0,0,0,,0,0,0,0,0,,0,0,0,0,2,0,0,0,0,0,0,0,0,0,0,0,0,0,0,0,0,0,0,0,0,0,0,0,0,0,0,0,0,0,0,0,0,0,0,0,,,0,0,0,0,0,0,0,0,0,0,0,0,,,,0,0,0,0,0,0,0,,0,0,0,0,,0,0,,0,0,0,0,0,0,0,0,0,0,0,0
00-0026564,S.McLendon,Steve McLendon,NT,DL,"https://static.www.nfl.com/image/private/f_auto,q_auto/league/bt0l6ltdi7h2dtahm3xh",2017,REG,NYJ,15,0,0,0,0,0,0,0,0,0,0,0,0,,,0,,0,0,0,0,0,0,0,0,0,0,,0,0,0,0,0,0,0,0,0,0,0,0,0,0,,0,0,0,0,0,,0,0,0,0,29,1,16,6,16,0,1.5,7.5,3,0,0,0,0,0,0,0,0,0,0,0,0,2,10,0,0,0,0,0,0,0,0,0,0,0,0,0,,,0,0,0,0,0,0,0,0,0,0,0,0,,,,0,0,0,0,0,0,0,,0,0,0,0,,0,0,,0,0,0,0,0,0,0,0,0,0,0,0
00-0026578,C.Anderson,Colt Anderson,DB,DB,"https://static.www.nfl.com/image/private/f_auto,q_auto/league/rknpd9m4mm4aflc5k6ff",2017,REG,BUF,3,0,0,0,0,0,0,0,0,0,0,0,0,,,0,,0,0,0,0,0,0,0,0,0,0,,0,0,0,0,0,0,0,0,0,0,0,0,0,0,,0,0,0,0,0,,0,0,0,0,2,1,0,0,0,0,0,0,0,0,0,0,0,0,0,0,0,0,0,0,0,0,0,0,0,0,0,0,0,0,0,0,0,0,0,0,,,0,0,0,0,0,0,0,0,0,0,0,0,,,,0,0,0,0,0,0,0,,0,0,0,0,,0,0,,0,0,0,0,0,0,0,0,0,0,0,0
00-0026618,M.Bennett,Michael Bennett,DE,DL,"https://static.www.nfl.com/image/private/f_auto,q_auto/league/yvuywnsbnvpvu8k27mmq",2017,REG,SEA,16,0,0,0,0,0,0,0,0,0,0,0,0,,,0,,0,0,0,0,0,0,0,0,0,0,,0,0,0,0,0,0,0,0,0,0,0,0,0,0,,0,0,0,0,0,,0,0,0,0,25,0,15,14,55,0,8.5,56.5,24,0,0,1,0,0,0,0,0,0,0,0,0,12,70,0,0,0,0,0,0,0,0,0,0,0,0,0,,,0,0,0,0,0,0,0,0,0,0,0,0,,,,0,0,0,0,0,0,0,,0,0,0,0,,0,0,,0,0,0,0,0,0,0,0,0,0,0,0
00-0026625,B.Hoyer,Brian Hoyer,QB,QB,"https://static.www.nfl.com/image/private/f_auto,q_auto/league/japt3mj2xctm7saqndxn",2017,REG,NE,10,123,211,1287,4,4,16,-112,1,1,1667,569,64,-30.8996400371079,-6.30266968733989,0,0.772045590881824,52,25,14,3,9,4,1,2,0,2,-6.85483479668619,0,0,0,0,0,0,0,0,0,0,0,0,0,0,,0,0,0,0,0,,0,0,0,0,1,0,0,0,0,0,0,0,0,0,0,0,0,0,0,0,1,-9,0,0,0,3,26,1,2,0,3,1,0,0,0,0,0,0,0,0,,,0,0,0,0,0,0,0,0,0,0,0,0,,,,0,0,0,0,0,0,0,,0,0,0,0,,0,0,,0,0,0,0,0,0,0,0,0,0,63.88,63.88
00-0026672,R.Humber,Ramon Humber,LB,LB,"https://static.www.nfl.com/image/private/f_auto,q_auto/league/ndhxo2ihms3w52lvgtus",2017,REG,BUF,12,0,0,0,0,0,0,0,0,0,0,0,0,,,0,,0,0,0,0,0,0,0,0,0,0,,0,0,0,0,0,0,0,0,0,0,0,0,0,0,,0,0,0,0,0,,0,0,0,0,48,12,29,7,19,1,1,8,4,0,0,1,0,0,0,0,0,0,0,0,0,1,5,0,0,0,0,0,0,0,0,0,0,0,0,0,,,0,0,0,0,0,0,0,0,0,0,0,0,,,,0,0,0,0,0,0,0,,0,0,0,0,,0,0,,0,0,0,0,0,0,0,0,0,0,0,0
00-0026714,N.Sundberg,Nick Sundberg,LS,SPEC,"https://static.www.nfl.com/image/private/f_auto,q_auto/league/xkqlolhsrfkbbrq8cwfl",2017,REG,WAS,5,0,0,0,0,0,0,0,0,0,0,0,0,,,0,,0,0,0,0,0,0,0,0,0,0,,0,0,0,0,0,0,0,0,0,0,0,0,0,0,,0,0,0,0,0,,0,0,0,0,3,0,1,0,0,0,0,0,0,0,0,0,0,0,0,0,0,0,0,0,0,1,10,0,0,0,0,0,0,0,0,0,0,0,0,0,,,0,0,0,0,0,0,0,0,0,0,0,0,,,,0,0,0,0,0,0,0,,0,0,0,0,,0,0,,0,0,0,0,0,0,0,0,0,0,0,0
00-0026762,A.Boone,Alex Boone,OT,OL,"https://static.www.nfl.com/image/private/f_auto,q_auto/league/sckg9o35cdeumkdim6de",2017,REG,ARI,3,0,0,0,0,0,0,0,0,0,0,0,0,,,0,,0,0,0,0,0,0,0,0,0,0,,0,0,0,0,0,0,0,0,0,0,0,0,0,0,,0,0,0,0,0,,0,0,0,0,1,0,1,0,0,0,0,0,0,0,0,0,0,0,0,0,1,0,0,0,0,2,25,0,0,0,0,0,0,0,0,0,0,0,0,0,,,0,0,0,0,0,0,0,0,0,0,0,0,,,,0,0,0,0,0,0,0,,0,0,0,0,,0,0,,0,0,0,0,0,0,0,0,0,0,0,0
00-0026784,E.Smith,Evan Smith,C,OL,"https://static.www.nfl.com/image/private/f_auto,q_auto/league/jq2ngjg4vinpkrhw9tza",2017,REG,TB,5,0,0,0,0,0,0,0,0,0,0,0,0,,,0,,0,0,0,0,0,0,0,0,0,0,,0,0,0,0,0,0,0,0,0,0,0,0,0,0,,0,0,0,0,0,,0,0,0,0,1,0,0,0,0,0,0,0,0,0,0,0,0,0,0,0,0,-9,0,0,0,5,40,0,1,0,1,0,0,0,0,0,0,0,0,0,,,0,0,0,0,0,0,0,0,0,0,0,0,,,,0,0,0,0,0,0,0,,0,0,0,0,,0,0,,0,0,0,0,0,0,0,0,0,0,0,0
00-0026814,D.Dotson,Demar Dotson,OT,OL,"https://static.www.nfl.com/image/private/f_auto,q_auto/league/pvrj1vuiqqogiqwo5y52",2017,REG,TB,5,0,0,0,0,0,0,0,0,0,0,0,0,,,0,,0,0,0,0,0,0,0,0,0,0,,0,0,0,0,0,0,0,0,0,0,0,0,0,0,,0,0,0,0,0,,0,0,0,0,1,0,0,0,0,0,0,0,0,0,0,0,0,0,0,0,0,0,0,0,0,5,27,0,0,0,0,0,0,0,0,0,0,0,0,0,,,0,0,0,0,0,0,0,0,0,0,0,0,,,,0,0,0,0,0,0,0,,0,0,0,0,,0,0,,0,0,0,0,0,0,0,0,0,0,0,0
00-0026832,J.Casillas,Jonathan Casillas,OLB,LB,"https://static.www.nfl.com/image/private/f_auto,q_auto/league/w8xcgy1xsknex6feq6g6",2017,REG,NYG,8,0,0,0,0,0,0,0,0,0,0,0,0,,,0,,0,0,0,0,0,0,0,0,0,0,,0,0,0,0,0,0,0,0,0,0,0,0,0,0,,0,0,0,0,0,,0,0,0,0,20,5,10,2,3,0,0,0,2,0,0,1,0,0,0,0,0,0,0,0,0,0,0,0,0,0,0,0,0,0,0,0,0,0,0,0,,,0,0,0,0,0,0,0,0,0,0,0,0,,,,0,0,0,0,0,0,0,,0,0,0,0,,0,0,,0,0,0,0,0,0,0,0,0,0,0,0
00-0026839,J.Parnell,Jermey Parnell,OT,OL,"https://static.www.nfl.com/image/private/f_auto,q_auto/league/kmvghqnkctefqwukhhwt",2017,REG,JAX,4,0,0,0,0,0,0,0,0,0,0,0,0,,,0,,0,0,0,0,0,0,0,0,0,0,,0,0,0,0,0,0,0,0,0,0,0,0,0,0,,0,0,0,0,0,,0,0,0,0,2,0,0,0,0,0,0,0,0,0,0,0,0,0,0,0,0,0,0,0,0,3,25,0,0,0,0,0,0,0,0,0,0,0,0,0,,,0,0,0,0,0,0,0,0,0,0,0,0,,,,0,0,0,0,0,0,0,,0,0,0,0,,0,0,,0,0,0,0,0,0,0,0,0,0,0,0
00-0026844,G.Sanborn,Garrison Sanborn,LS,SPEC,"https://static.www.nfl.com/image/private/f_auto,q_auto/league/hf5lgpcdcidclrjmppfy",2017,REG,TB,1,0,0,0,0,0,0,0,0,0,0,0,0,,,0,,0,0,0,0,0,0,0,0,0,0,,0,0,0,0,0,0,0,0,0,0,0,0,0,0,,0,0,0,0,0,,0,0,0,0,0,0,0,0,0,0,0,0,0,0,0,0,0,0,0,0,0,0,0,0,0,1,10,0,0,0,0,0,0,0,0,0,0,0,0,0,,,0,0,0,0,0,0,0,0,0,0,0,0,,,,0,0,0,0,0,0,0,,0,0,0,0,,0,0,,0,0,0,0,0,0,0,0,0,0,0,0
00-0026857,D.Ellerbe,Dannell Ellerbe,LB,LB,"https://static.www.nfl.com/image/private/f_auto,q_auto/league/dpz19d0krklh7n124i98",2017,REG,PHI,2,0,0,0,0,0,0,0,0,0,0,0,0,,,0,,0,0,0,0,0,0,0,0,0,0,,0,0,0,0,0,0,0,0,0,0,0,0,0,0,,0,0,0,0,0,,0,0,0,0,6,0,2,2,4,0,0,0,0,0,0,0,0,0,0,0,0,0,0,0,0,0,0,0,0,0,0,0,0,0,0,0,0,0,0,0,,,0,0,0,0,0,0,0,0,0,0,0,0,,,,0,0,0,0,0,0,0,,0,0,0,0,,0,0,,0,0,0,0,0,0,0,0,0,0,0,0
00-0026858,G.Gano,Graham Gano,K,SPEC,"https://static.www.nfl.com/image/upload/f_auto,q_auto/league/wp5wochy7uuqcgyjcrrd",2017,REG,CAR,16,0,0,0,0,0,0,0,0,0,0,0,0,,,0,,0,0,0,0,0,0,0,0,0,0,,0,0,0,0,0,0,0,0,0,0,0,0,0,0,,0,0,0,0,0,,0,0,0,0,0,0,0,0,0,0,0,0,0,0,0,0,0,0,0,0,0,0,0,0,0,0,0,0,0,0,0,0,0,0,0,0,29,30,1,0,48,0.966666666666667,0,8,11,10,0,0,0,0,0,0,1,0,39;36;20;34;28;20;32;48;32;48;21;44;39;20;46;36;28;31;45;40;40;33;45;41;33;25;28;30;42,55,,1004,55,0,34,37,2,1,0.918918918918919,1,1,0,0,48,0,0,,0,0,0,0,0,0,0,0,0,0,0,0
00-0026901,M.Wallace,Mike Wallace,WR,WR,"https://static.www.nfl.com/image/private/f_auto,q_auto/league/dy9z5wbsitf6l9psjq4y",2017,REG,BAL,15,0,0,0,0,0,0,0,0,0,0,0,0,,,0,,0,0,0,0,1,4,0,0,0,0,0.102180845104158,0,0,0,0,0,52,92,748,4,0,0,1231,157,33,25.6203146239066,0,25,18,11,4,0.607636068237206,0.163992869875223,0.320406038521603,0.470273531777957,0,2,0,0,0,0,0,0,0,0,0,0,0,0,0,0,0,1,0,0,0,0,1,5,0,0,0,0,0,0,0,0,0,0,0,0,0,,,0,0,0,0,0,0,0,0,0,0,0,0,,,,0,0,0,0,0,0,0,,0,0,0,0,,0,0,,0,0,0,0,0,0,0,0,0,0,99.2,151.2
00-0026935,B.McCain,Brice McCain,CB,DB,"https://static.www.nfl.com/image/private/f_auto,q_auto/league/wniws1imhuakghqrxols",2017,REG,TEN,11,0,0,0,0,0,0,0,0,0,0,0,0,,,0,,0,0,0,0,0,0,0,0,0,0,,0,0,0,0,0,0,0,0,0,0,0,0,0,0,,0,0,0,0,0,,0,0,0,0,9,0,3,0,0,0,0,0,0,0,0,3,0,0,0,0,0,0,0,0,0,3,50,0,0,0,0,0,0,0,0,0,0,0,0,0,,,0,0,0,0,0,0,0,0,0,0,0,0,,,,0,0,0,0,0,0,0,,0,0,0,0,,0,0,,0,0,0,0,0,0,0,0,0,0,0,0
00-0026944,C.Munnerlyn,Captain Munnerlyn,DB,DB,"https://static.www.nfl.com/image/private/f_auto,q_auto/league/txrio1lyaloqkwm78bxt",2017,REG,CAR,14,0,0,0,0,0,0,0,0,0,0,0,0,,,0,,0,0,0,0,0,0,0,0,0,0,,0,0,0,0,0,0,0,0,0,0,0,0,0,0,,0,0,0,0,0,,0,0,0,0,21,3,5,4,26,0,2,18,5,0,0,4,0,0,0,0,0,0,0,0,0,0,0,0,0,0,0,0,0,0,0,0,0,0,0,0,,,0,0,0,0,0,0,0,0,0,0,0,0,,,,0,0,0,0,0,0,0,,0,0,0,0,,0,0,,0,0,0,0,0,0,0,0,0,0,0,0
00-0026950,A.Shipley,A.Q. Shipley,C,OL,"https://static.www.nfl.com/image/private/f_auto,q_auto/league/r2mftn8chmfrurymfgi3",2017,REG,ARI,6,0,0,0,0,0,0,0,0,0,0,0,0,,,0,,0,0,0,0,0,0,0,0,0,0,,0,0,0,0,0,0,0,0,0,0,0,0,0,0,,0,0,0,0,0,,0,0,0,0,1,0,0,0,0,0,0,0,0,0,0,0,0,0,0,0,1,0,0,0,0,4,30,0,0,0,0,0,0,0,0,0,0,0,0,0,,,0,0,0,0,0,0,0,0,0,0,0,0,,,,0,0,0,0,0,0,0,,0,0,0,0,,0,0,,0,0,0,0,0,0,0,0,0,0,0,0
00-0026964,C.McDonald,Clinton McDonald,DT,DL,"https://static.www.nfl.com/image/private/f_auto,q_auto/league/w5ifm5yk23wn8tccsnk8",2017,REG,TB,12,0,0,0,0,0,0,0,0,0,0,0,0,,,0,,0,0,0,0,0,0,0,0,0,0,,0,0,0,0,0,0,0,0,0,0,0,0,0,0,,0,0,0,0,0,,0,0,0,0,15,3,11,6,31,0,5,30,10,0,0,1,0,0,0,0,0,0,0,0,0,2,10,0,0,0,0,0,0,0,0,0,0,0,0,0,,,0,0,0,0,0,0,0,0,0,0,0,0,,,,0,0,0,0,0,0,0,,0,0,0,0,,0,0,,0,0,0,0,0,0,0,0,0,0,0,0
00-0026968,R.Succop,Ryan Succop,K,SPEC,"https://static.www.nfl.com/image/private/f_auto,q_auto/league/sbdymbap2wadw2jbey6w",2017,REG,TEN,16,0,0,0,0,0,0,0,0,0,0,0,0,,,0,,0,0,0,0,0,0,0,0,0,0,,0,0,0,0,0,0,0,0,0,0,0,0,0,0,,0,0,0,0,0,,0,0,0,0,1,0,1,0,0,0,0,0,0,0,0,0,0,0,0,0,0,0,0,0,0,0,0,0,0,0,0,0,0,0,0,0,35,42,6,1,52,0.833333333333333,0,10,7,16,2,0,0,0,0,3,3,0,23;26;52;40;41;26;24;37;47;35;45;48;32;40;48;23;43;23;46;47;48;44;44;29;45;43;40;31;50;25;37;27;25;39;38,52;53;48;40;58;45,48,1311,296,48,31,33,1,1,0.939393939393939,1,1,0,0,47,0,0,,0,0,0,0,0,0,0,0,0,0,0,0
00-0026982,A.Smith,Andre Smith,OT,OL,"https://static.www.nfl.com/image/private/f_auto,q_auto/league/dg8hzv2uomztyyaddgnn",2017,REG,CIN,6,0,0,0,0,0,0,0,0,0,0,0,0,,,0,,0,0,0,0,0,0,0,0,0,0,,0,0,0,0,0,0,0,0,0,0,0,0,0,0,,0,0,0,0,0,,0,0,0,0,1,0,0,0,0,0,0,0,0,0,0,0,0,0,0,0,0,0,0,0,0,7,50,0,0,0,0,0,0,0,0,0,0,0,0,0,,,0,0,0,0,0,0,0,0,0,0,0,0,,,,0,0,0,0,0,0,0,,0,0,0,0,,0,0,,0,0,0,0,0,0,0,0,0,0,0,0
00-0026983,D.Heyward-Bey,Darrius Heyward-Bey,WR,WR,"https://static.www.nfl.com/image/private/f_auto,q_auto/league/d5otkkbb0z2rdd2bjatd",2017,REG,PIT,10,0,0,0,0,0,0,0,0,0,0,0,0,,,0,,0,0,0,0,2,32,1,0,0,1,3.12273939454462,0,1,1,1,0,2,3,47,0,0,0,50,21,1,3.8843839634792,0,1,1,1,1,0.94,0.00512820512820513,0.00953652489032996,0.0143678751155387,0,3,0,3,0,0,0,0,0,0,0,0,0,0,0,0,0,0,0,0,0,0,1,8,0,0,0,0,0,0,0,0,0,0,0,0,0,,,0,0,0,0,0,0,0,0,0,0,0,0,,,,0,0,0,0,0,0,0,,0,0,0,0,,0,0,,0,0,0,0,0,0,0,0,0,0,13.9,15.9
00-0026986,M.Crabtree,Michael Crabtree,WR,WR,"https://static.www.nfl.com/image/private/f_auto,q_auto/league/kcavcmeyaion38ewxwyk",2017,REG,LV,13,0,0,0,0,0,0,0,0,0,0,0,0,,,0,,0,0,0,0,0,0,0,0,0,0,,0,0,0,0,0,58,101,618,8,1,0,1059,190,35,15.4319599061602,2,23,13,8,2,0.58356940509915,0.182971014492754,0.22749731471536,0.433704642039882,0,2,0,0,0,0,0,0,0,0,0,0,0,0,0,0,0,1,0,0,0,0,4,34,1,0,0,1,0,0,0,0,0,0,0,0,0,,,0,0,0,0,0,0,0,0,0,0,0,0,,,,0,0,0,0,0,0,0,,0,0,0,0,,0,0,,0,0,0,0,0,0,0,0,0,0,113.8,171.8
00-0026989,B.Orakpo,Brian Orakpo,OLB,LB,"https://static.www.nfl.com/image/private/f_auto,q_auto/league/qyplabol0lxz7qzkk6ww",2017,REG,TEN,16,0,0,0,0,0,0,0,0,0,0,0,0,,,0,,0,0,0,0,0,0,0,0,0,0,,0,0,0,0,0,0,0,0,0,0,0,0,0,0,,0,0,0,0,0,,0,0,0,0,29,1,14,4,29,3,7,68.5,18,0,0,2,0,0,0,0,0,0,0,0,0,0,0,0,0,0,0,0,0,0,0,0,0,0,0,0,,,0,0,0,0,0,0,0,0,0,0,0,0,,,,0,0,0,0,0,0,0,,0,0,0,0,,0,0,,0,0,0,0,0,0,0,0,0,0,0,0
00-0026990,M.Jenkins,Malcolm Jenkins,S,DB,"https://static.www.nfl.com/image/private/f_auto,q_auto/league/mbjf9xp0ilh4vbbwyzwi",2017,REG,PHI,15,0,0,0,0,0,0,0,0,0,0,0,0,,,0,,0,0,0,0,0,0,0,0,0,0,,0,0,0,0,0,0,0,0,0,0,0,0,0,0,,0,0,0,0,0,,0,0,0,0,58,5,13,5,19,1,1,8,2,2,0,8,0,1,0,0,0,0,1,0,0,1,28,1,0,0,1,1,0,0,0,0,0,0,0,0,,,0,0,0,0,0,0,0,0,0,0,0,0,,,,0,0,0,0,0,0,0,,0,0,0,0,,0,0,,0,0,0,0,0,0,0,0,0,0,0,0
00-0026991,B.Cushing,Brian Cushing,ILB,LB,"https://static.www.nfl.com/image/private/f_auto,q_auto/league/zrlnfugnqnzlnh9o832q",2017,REG,HOU,5,0,0,0,0,0,0,0,0,0,0,0,0,,,0,,0,0,0,0,0,0,0,0,0,0,,0,0,0,0,0,0,0,0,0,0,0,0,0,0,,0,0,0,0,0,,0,0,0,0,7,1,8,1,3,0,1.5,4.5,2,0,0,0,0,0,0,0,0,0,0,0,0,1,9,0,0,0,0,0,0,0,0,0,0,0,0,0,,,0,0,0,0,0,0,0,0,0,0,0,0,,,,0,0,0,0,0,0,0,,0,0,0,0,,0,0,,0,0,0,0,0,0,0,0,0,0,0,0
00-0026994,R.Ayers Jr.,Robert Ayers,DE,DL,"https://static.www.nfl.com/image/private/f_auto,q_auto/league/fr2bhhcuarbcgofrl87f",2017,REG,TB,12,0,0,0,0,0,0,0,0,0,0,0,0,,,0,,0,0,0,0,0,0,0,0,0,0,,0,0,0,0,0,0,0,0,0,0,0,0,0,0,,0,0,0,0,0,,0,0,0,0,17,3,11,3,13,2,2,14,16,0,0,0,0,0,0,0,0,0,0,0,0,4,16,0,0,0,0,0,0,0,0,0,0,0,0,0,,,0,0,0,0,0,0,0,0,0,0,0,0,,,,0,0,0,0,0,0,0,,0,0,0,0,,0,0,,0,0,0,0,0,0,0,0,0,0,0,0
00-0026995,J.Maclin,Jeremy Maclin,WR,WR,"https://static.www.nfl.com/image/private/f_auto,q_auto/league/tvlsuugnbn0idb0tbtgw",2017,REG,BAL,12,0,0,0,0,0,0,0,0,0,0,0,0,,,0,,0,0,0,0,0,0,0,0,0,0,,0,0,0,0,0,40,72,440,3,0,0,702,108,23,0.891509321057684,0,20,8,3,1,0.626780626780627,0.128342245989305,0.182717334721499,0.320415503289007,0,0,0,0,0,0,0,0,0,0,0,0,0,0,0,0,0,0,0,0,0,0,0,0,0,0,0,0,0,0,0,0,0,0,0,0,0,,,0,0,0,0,0,0,0,0,0,0,0,0,,,,0,0,0,0,0,0,0,,0,0,0,0,,0,0,,0,0,0,0,0,0,0,0,0,0,62,102
00-0026997,A.Mack,Alex Mack,C,OL,"https://static.www.nfl.com/image/private/f_auto,q_auto/league/ebzxqyz5e7h7wrszr5vn",2017,REG,ATL,1,0,0,0,0,0,0,0,0,0,0,0,0,,,0,,0,0,0,0,0,0,0,0,0,0,,0,0,0,0,0,0,0,0,0,0,0,0,0,0,,0,0,0,0,0,,0,0,0,0,0,0,0,0,0,0,0,0,0,0,0,0,0,0,0,0,0,0,0,0,0,1,10,0,0,0,0,0,0,0,0,0,0,0,0,0,,,0,0,0,0,0,0,0,0,0,0,0,0,,,,0,0,0,0,0,0,0,,0,0,0,0,,0,0,,0,0,0,0,0,0,0,0,0,0,0,0
00-0027001,V.Davis,Vontae Davis,CB,DB,"https://static.www.nfl.com/image/private/f_auto,q_auto/league/t0d66dvypk5mlma4ommp",2017,REG,IND,5,0,0,0,0,0,0,0,0,0,0,0,0,,,0,,0,0,0,0,0,0,0,0,0,0,,0,0,0,0,0,0,0,0,0,0,0,0,0,0,,0,0,0,0,0,,0,0,0,0,16,0,5,0,0,0,0,0,0,0,0,2,0,0,0,0,0,0,0,0,0,0,0,0,0,0,0,0,0,0,0,0,0,0,0,0,,,0,0,0,0,0,0,0,0,0,0,0,0,,,,0,0,0,0,0,0,0,,0,0,0,0,,0,0,,0,0,0,0,0,0,0,0,0,0,0,0
00-0027002,C.Matthews,Clay Matthews,OLB,LB,"https://static.www.nfl.com/image/private/f_auto,q_auto/league/ozayln2febjtgagfzbp7",2017,REG,GB,14,0,0,0,0,0,0,0,0,0,0,0,0,,,0,,0,0,0,0,0,0,0,0,0,0,,0,0,0,0,0,0,0,0,0,0,0,0,0,0,,0,0,0,0,0,,0,0,0,0,23,4,16,8,38,1,7.5,53,21,0,0,2,0,1,0,0,0,0,1,63,0,3,15,1,0,1,1,0,0,0,0,0,0,0,0,0,,,0,0,0,0,0,0,0,0,0,0,0,0,,,,0,0,0,0,0,0,0,,0,0,0,0,,0,0,,0,0,0,0,0,0,0,0,0,0,0,0
00-0027004,E.Wood,Eric Wood,C,OL,"https://static.www.nfl.com/image/private/f_auto,q_auto/league/uvuk7uc6d9ubuqnem4q3",2017,REG,BUF,6,0,0,0,0,0,0,0,0,0,0,0,0,,,0,,0,0,0,0,0,0,0,0,0,0,,0,0,0,0,0,0,0,0,0,0,0,0,0,0,,0,0,0,0,0,,0,0,0,0,1,0,0,0,0,0,0,0,0,0,0,0,0,0,0,0,1,0,0,0,0,4,35,0,0,0,0,0,0,0,0,0,0,0,0,0,,,0,0,0,0,0,0,0,0,0,0,0,0,,,,0,0,0,0,0,0,0,,0,0,0,0,,0,0,,0,0,0,0,0,0,0,0,0,0,0,0
00-0027006,K.Britt,Kenny Britt,WR,WR,"https://static.www.nfl.com/image/private/f_auto,q_auto/league/joozpvuyykyxjogcg3r5",2017,REG,NE,12,0,0,0,0,0,0,0,0,0,0,0,0,,,0,,0,0,0,0,0,0,0,0,0,0,,0,0,0,0,0,20,43,256,2,0,0,505,88,10,-12.0070365944352,0,10,7,3,0,0.506930693069307,0.0759717314487633,0.0973400154202005,0.182095607967285,0,1,0,0,0,0,0,0,0,0,0,0,0,0,0,0,0,0,0,0,0,0,2,15,0,0,0,0,0,0,0,0,0,0,0,0,0,,,0,0,0,0,0,0,0,0,0,0,0,0,,,,0,0,0,0,0,0,0,,0,0,0,0,,0,0,,0,0,0,0,0,0,0,0,0,0,37.6,57.6
00-0027008,E.Hood,Ziggy Hood,DT,DL,"https://static.www.nfl.com/image/private/f_auto,q_auto/league/qmkl0clbvafomsx2rucp",2017,REG,WAS,10,0,0,0,0,0,0,0,0,0,0,0,0,,,0,,0,0,0,0,0,0,0,0,0,0,,0,0,0,0,0,0,0,0,0,0,0,0,0,0,,0,0,0,0,0,,0,0,0,0,10,3,12,0,0,0,0.5,2.5,2,0,0,0,0,0,0,0,0,0,0,0,0,2,20,0,0,0,0,0,0,0,0,0,0,0,0,0,,,0,0,0,0,0,0,0,0,0,0,0,0,,,,0,0,0,0,0,0,0,,0,0,0,0,,0,0,,0,0,0,0,0,0,0,0,0,0,0,0
00-0027010,P.Chung,Patrick Chung,S,DB,"https://static.www.nfl.com/image/private/f_auto,q_auto/league/a47ekoy2j1fb1jd3qqo4",2017,REG,NE,16,0,0,0,0,0,0,0,0,0,0,0,0,,,0,,0,0,0,0,0,0,0,0,0,0,,0,0,0,0,0,0,0,0,0,0,0,0,0,0,,0,0,0,0,0,,0,0,0,0,61,10,13,2,4,0,0,0,3,1,30,9,0,0,0,0,0,0,2,0,0,4,30,0,0,0,0,0,1,0,1,4,0,0,0,0,,,0,0,0,0,0,0,0,0,0,0,0,0,,,,0,0,0,0,0,0,0,,0,0,0,0,,0,0,,0,0,0,0,0,0,0,0,0,0,0,0
00-0027014,R.Maualuga,Rey Maualuga,OLB,LB,"https://static.www.nfl.com/image/private/f_auto,q_auto/league/bmacifxxuhhemwsjpe5z",2017,REG,MIA,6,0,0,0,0,0,0,0,0,0,0,0,0,,,0,,0,0,0,0,0,0,0,0,0,0,,0,0,0,0,0,0,0,0,0,0,0,0,0,0,,0,0,0,0,0,,0,0,0,0,14,0,9,1,1,0,0,0,0,0,0,0,0,0,0,0,0,0,0,0,0,1,1,0,0,0,0,0,0,0,0,0,0,0,0,0,,,0,0,0,0,0,0,0,0,0,0,0,0,,,,0,0,0,0,0,0,0,,0,0,0,0,,0,0,,0,0,0,0,0,0,0,0,0,0,0,0
00-0027017,D.Butler,Darius Butler,FS,DB,"https://static.www.nfl.com/image/private/f_auto,q_auto/league/jioulfkazqkukruq4yuh",2017,REG,IND,15,0,0,0,0,0,0,0,0,0,0,0,0,,,0,,0,0,0,0,0,0,0,0,0,0,,0,0,0,0,0,0,0,0,0,0,0,0,0,0,,0,0,0,0,0,,0,0,0,0,22,1,6,0,0,2,0,0,0,0,0,4,0,0,0,0,0,0,1,32,0,4,47,0,0,0,0,0,0,0,0,0,0,0,0,0,,,0,0,0,0,0,0,0,0,0,0,0,0,,,,0,0,0,0,0,0,0,,0,0,0,0,,0,0,,0,0,0,0,0,0,0,0,0,0,0,0
00-0027018,J.Byrd,Jairus Byrd,DB,DB,"https://static.www.nfl.com/image/private/f_auto,q_auto/league/q3hlibknedbissfommcv",2017,REG,CAR,6,0,0,0,0,0,0,0,0,0,0,0,0,,,0,,0,0,0,0,0,0,0,0,0,0,,0,0,0,0,0,0,0,0,0,0,0,0,0,0,,0,0,0,0,0,,0,0,0,0,9,0,2,0,0,0,0,0,0,0,0,0,0,0,0,0,0,0,0,0,0,1,15,0,0,0,0,0,0,0,0,0,0,0,0,0,,,0,0,0,0,0,0,0,0,0,0,0,0,,,,0,0,0,0,0,0,0,,0,0,0,0,,0,0,,0,0,0,0,0,0,0,0,0,0,0,0
00-0027022,C.Barwin,Connor Barwin,ILB,LB,"https://static.www.nfl.com/image/private/f_auto,q_auto/league/xtaqskqpspksh4krryfb",2017,REG,LA,12,0,0,0,0,0,0,0,0,0,0,0,0,,,0,,0,0,0,0,0,0,0,0,0,0,,0,0,0,0,0,0,0,0,0,0,0,0,0,0,,0,0,0,0,0,,0,0,0,0,23,3,8,7,39,0,5,31,12,0,0,0,0,0,0,0,0,0,1,0,0,0,0,0,0,0,0,0,0,0,0,0,0,0,0,0,,,0,0,0,0,0,0,0,0,0,0,0,0,,,,0,0,0,0,0,0,0,,0,0,0,0,,0,0,,0,0,0,0,0,0,0,0,0,0,0,0
00-0027023,M.Mitchell,Mike Mitchell,S,DB,"https://static.www.nfl.com/image/private/f_auto,q_auto/league/ztkfeslzvq6tia7qix7a",2017,REG,PIT,13,0,0,0,0,0,0,0,0,0,0,0,0,,,0,,0,0,0,0,0,0,0,0,0,0,,0,0,0,0,0,0,0,0,0,0,0,0,0,0,,0,0,0,0,0,,0,0,0,0,32,3,18,1,4,0,0,0,1,0,0,2,0,0,0,0,0,0,1,0,0,1,12,0,0,0,0,0,0,0,0,0,0,0,0,0,,,0,0,0,0,0,0,0,0,0,0,0,0,,,,0,0,0,0,0,0,0,,0,0,0,0,,0,0,,0,0,0,0,0,0,0,0,0,0,0,0
00-0027025,M.Unger,Max Unger,C,OL,"https://static.www.nfl.com/image/private/f_auto,q_auto/league/zspyq1pcjhjuvcj9se5q",2017,REG,NO,2,0,0,0,0,0,0,0,0,0,0,0,0,,,0,,0,0,0,0,0,0,0,0,0,0,,0,0,0,0,0,0,0,0,0,0,0,0,0,0,,0,0,0,0,0,,0,0,0,0,0,0,0,0,0,0,0,0,0,0,0,0,0,0,0,0,1,-17,0,0,0,0,0,0,1,0,1,0,0,0,0,0,0,0,0,0,,,0,0,0,0,0,0,0,0,0,0,0,0,,,,0,0,0,0,0,0,0,,0,0,0,0,,0,0,,0,0,0,0,0,0,0,0,0,0,0,0
00-0027027,A.Levitre,Andy Levitre,G,OL,"https://static.www.nfl.com/image/private/f_auto,q_auto/league/bedmmuvegoul5o7fqt7x",2017,REG,ATL,5,0,0,0,0,0,0,0,0,0,0,0,0,,,0,,0,0,0,0,0,0,0,0,0,0,,0,0,0,0,0,0,0,0,0,0,0,0,0,0,,0,0,0,0,0,,0,0,0,0,1,0,0,0,0,0,0,0,0,0,0,0,0,0,0,0,0,0,0,0,0,5,30,0,0,0,0,0,0,0,0,0,0,0,0,0,,,0,0,0,0,0,0,0,0,0,0,0,0,,,,0,0,0,0,0,0,0,,0,0,0,0,,0,0,,0,0,0,0,0,0,0,0,0,0,0,0
00-0027029,L.McCoy,LeSean McCoy,RB,RB,"https://static.www.nfl.com/image/private/f_auto,q_auto/league/pbktgxotzvm04sasmxwl",2017,REG,BUF,16,0,0,0,0,0,0,0,0,0,0,0,0,,,0,,0,0,0,0,287,1138,6,3,1,56,-40.2144700496252,0,33,26,12,1,59,77,448,2,0,0,104,395,23,6.18282419375511,0,19,8,3,0,4.30769230769231,0.164529914529915,0.0251999030772959,0.264434803948979,0,1,0,0,0,0,0,0,0,0,0,0,0,0,0,0,0,1,0,0,0,0,1,9,3,0,0,3,1,0,0,0,0,0,0,0,0,,,0,0,0,0,0,0,0,0,0,0,0,0,,,,0,0,0,0,0,0,0,,0,0,0,0,,0,0,,0,0,0,0,0,0,0,0,0,0,204.6,263.6
00-0027036,W.Beatty,William Beatty,OT,OL,"https://static.www.nfl.com/image/private/f_auto,q_auto/league/nfdsdnlhffir7knww7vo",2017,REG,PHI,1,0,0,0,0,0,0,0,0,0,0,0,0,,,0,,0,0,0,0,0,0,0,0,0,0,,0,0,0,0,0,0,0,0,0,0,0,0,0,0,,0,0,0,0,0,,0,0,0,0,0,0,0,0,0,0,0,0,0,0,0,0,0,0,0,0,0,0,0,0,0,1,10,0,0,0,0,0,0,0,0,0,0,0,0,0,,,0,0,0,0,0,0,0,0,0,0,0,0,,,,0,0,0,0,0,0,0,,0,0,0,0,,0,0,,0,0,0,0,0,0,0,0,0,0,0,0
00-0027037,S.Smith,Sean Smith,CB,DB,"https://static.www.nfl.com/image/private/f_auto,q_auto/league/fk5yrlrrtjbr6jcv5l45",2017,REG,LV,12,0,0,0,0,0,0,0,0,0,0,0,0,,,0,,0,0,0,0,0,0,0,0,0,0,,0,0,0,0,0,0,0,0,0,0,0,0,0,0,,0,0,0,0,0,,0,0,0,0,30,2,2,0,0,0,0,0,1,2,8,4,0,0,0,0,0,0,0,0,0,2,20,0,0,0,0,0,0,0,0,0,0,0,0,0,,,0,0,0,0,0,0,0,0,0,0,0,0,,,,0,0,0,0,0,0,0,,0,0,0,0,,0,0,,0,0,0,0,0,0,0,0,0,0,0,0
00-0027044,M.Johnson,Michael Johnson,DE,DL,"https://static.www.nfl.com/image/private/f_auto,q_auto/league/krkxyza7pgqtd4pgfosk",2017,REG,CIN,15,0,0,0,0,0,0,0,0,0,0,0,0,,,0,,0,0,0,0,0,0,0,0,0,0,,0,0,0,0,0,0,0,0,0,0,0,0,0,0,,0,0,0,0,0,,0,0,0,0,34,1,14,10,67,0,5,36,7,0,0,1,0,0,0,0,0,0,0,0,0,1,15,0,0,0,0,0,0,0,0,0,0,0,0,0,,,0,0,0,0,0,0,0,0,0,0,0,0,,,,0,0,0,0,0,0,0,,0,0,0,0,,0,0,,0,0,0,0,0,0,0,0,0,0,0,0
00-0027055,R.Miller,Roy Miller,DT,DL,"https://static.www.nfl.com/image/private/f_auto,q_auto/league/m9hkxcykj6adzkjz6d0o",2017,REG,KC,5,0,0,0,0,0,0,0,0,0,0,0,0,,,0,,0,0,0,0,0,0,0,0,0,0,,0,0,0,0,0,0,0,0,0,0,0,0,0,0,,0,0,0,0,0,,0,0,0,0,2,0,4,1,3,0,0,0,0,0,0,1,0,0,0,0,0,0,0,0,0,0,0,0,0,0,0,0,0,0,0,0,0,0,0,0,,,0,0,0,0,0,0,0,0,0,0,0,0,,,,0,0,0,0,0,0,0,,0,0,0,0,,0,0,,0,0,0,0,0,0,0,0,0,0,0,0
00-0027057,B.Tate,Brandon Tate,WR,WR,"https://static.www.nfl.com/image/private/f_auto,q_auto/league/uzpf58ijo44jfqakwv83",2017,REG,BUF,13,0,0,0,0,0,0,0,0,0,0,0,0,,,0,,0,0,0,0,0,0,0,0,0,0,,0,0,0,0,0,6,14,81,1,0,0,142,37,5,2.58041057822993,0,4,2,2,0,0.570422535211268,0.0299145299145299,0.0344075599709232,0.0689570868514411,0,2,0,0,0,0,0,0,0,0,0,0,0,0,1,0,0,1,0,0,0,0,0,0,0,1,0,1,0,20,193,28,548,0,0,0,0,,,0,0,0,0,0,0,0,0,0,0,0,0,,,,0,0,0,0,0,0,0,,0,0,0,0,,0,0,,0,0,0,0,0,0,0,0,0,0,14.1,20.1
00-0027060,L.Webb,Lardarius Webb,FS,DB,"https://static.www.nfl.com/image/private/f_auto,q_auto/league/ltgpknt9ianx6u1mqvrw",2017,REG,BAL,14,0,0,0,0,0,0,0,0,0,0,0,0,,,0,,0,0,0,0,0,0,0,0,0,0,,0,0,0,0,0,0,0,0,0,0,0,0,0,0,,0,0,0,0,0,,0,0,0,0,35,2,2,4,16,1,2,13,2,2,10,4,0,0,0,0,0,0,0,0,0,0,0,0,0,0,0,0,2,7,0,0,0,0,0,0,,,0,0,0,0,0,0,0,0,0,0,0,0,,,,0,0,0,0,0,0,0,,0,0,0,0,,0,0,,0,0,0,0,0,0,0,0,0,0,0,0
00-0027061,J.Cook,Jared Cook,TE,TE,"https://static.www.nfl.com/image/private/f_auto,q_auto/league/cthoenebptadlu4g928v",2017,REG,LV,16,0,0,0,0,0,0,0,0,0,0,0,0,,,0,,0,0,0,0,0,0,0,0,0,0,,0,0,0,0,0,54,86,688,2,1,1,769,241,35,28.4807857653269,0,31,16,10,0,0.894668400520156,0.155797101449275,0.165198711063373,0.349334749918274,0,2,0,0,0,0,0,0,0,0,0,0,0,0,0,0,0,0,0,0,0,0,6,39,1,0,0,1,1,0,0,0,0,0,0,0,0,,,0,0,0,0,0,0,0,0,0,0,0,0,,,,0,0,0,0,0,0,0,,0,0,0,0,,0,0,,0,0,0,0,0,0,0,0,0,0,78.8,132.8
00-0027078,T.Lang,T.J. Lang,G,OL,"https://static.www.nfl.com/image/private/f_auto,q_auto/league/rxh89oktoztpaa7urg76",2017,REG,DET,5,0,0,0,0,0,0,0,0,0,0,0,0,,,0,,0,0,0,0,0,0,0,0,0,0,,0,0,0,0,0,0,0,0,0,0,0,0,0,0,,0,0,0,0,0,,0,0,0,0,0,0,0,0,0,0,0,0,0,0,0,0,0,0,0,0,0,0,0,0,0,7,70,0,0,0,0,0,0,0,0,0,0,0,0,0,,,0,0,0,0,0,0,0,0,0,0,0,0,,,,0,0,0,0,0,0,0,,0,0,0,0,,0,0,,0,0,0,0,0,0,0,0,0,0,0,0
00-0027081,G.Quin,Glover Quin,FS,DB,"https://static.www.nfl.com/image/private/f_auto,q_auto/league/ei3tqugetowcz2ix3o2p",2017,REG,DET,16,0,0,0,0,0,0,0,0,0,0,0,0,,,0,,0,0,0,0,0,0,0,0,0,0,,0,0,0,0,0,0,0,0,0,0,0,0,0,0,,0,0,0,0,0,,0,0,0,0,55,5,24,4,12,4,0,0,0,3,62,6,1,0,0,0,0,0,1,0,0,0,0,0,0,0,0,0,0,0,0,0,0,0,0,0,,,0,0,0,0,0,0,0,0,0,0,0,0,,,,0,0,0,0,0,0,0,,0,0,0,0,,0,0,,0,0,0,0,0,0,0,0,0,0,0,0
00-0027089,L.Murphy,Louis Murphy,WR,WR,"https://static.www.nfl.com/image/private/f_auto,q_auto/league/rivj8wgktddc22qdtpsn",2017,REG,SF,6,0,0,0,0,0,0,0,0,0,0,0,0,,,0,,0,0,0,0,0,0,0,0,0,0,,0,0,0,0,0,8,17,121,1,0,0,181,39,6,3.58850886923028,0,5,4,2,1,0.668508287292818,0.0283806343906511,0.0375830564784053,0.0688790911208604,0,1,0,0,0,0,0,0,0,0,0,0,0,0,0,0,0,0,0,0,0,0,1,5,0,0,0,0,0,0,0,0,0,0,0,0,0,,,0,0,0,0,0,0,0,0,0,0,0,0,,,,0,0,0,0,0,0,0,,0,0,0,0,,0,0,,0,0,0,0,0,0,0,0,0,0,18.1,26.1
00-0027103,K.Huber,Kevin Huber,P,SPEC,"https://static.www.nfl.com/image/private/f_auto,q_auto/league/yrd8jgpvefr8jvu7oejg",2017,REG,CIN,16,0,0,0,0,0,0,0,0,0,0,0,0,,,0,,0,0,0,0,0,0,0,0,0,0,,0,0,0,0,0,0,0,0,0,0,0,0,0,0,,0,0,0,0,0,,0,0,0,0,1,0,0,0,0,0,0,0,0,0,0,0,0,0,0,0,0,0,0,0,0,0,0,0,0,0,0,0,0,0,0,0,0,0,0,0,,,0,0,0,0,0,0,0,0,0,0,0,0,,,,0,0,0,0,0,0,0,,0,0,0,0,,88,1,63,4101,32,7,12,3,23,43,410,1,3631,0,0
00-0027114,T.Morstead,Thomas Morstead,P,SPEC,"https://static.www.nfl.com/image/upload/f_auto,q_auto/league/uicxa9bwvrenvcwnoklm",2017,REG,NO,15,0,0,0,0,0,0,0,0,0,0,0,0,,,0,,0,0,0,0,0,0,0,0,0,0,,0,0,0,0,0,0,0,0,0,0,0,0,0,0,,0,0,0,0,0,,0,0,0,0,0,0,0,0,0,0,0,0,0,0,0,0,0,0,0,0,0,0,0,0,0,2,10,0,0,0,0,0,0,0,0,0,0,0,0,0,,,0,0,0,0,0,0,0,0,0,0,0,0,,,,0,0,0,0,0,0,0,,0,0,0,0,,60,0,68,2822,26,7,9,2,18,24,249,1,2533,0,0
00-0027124,D.Carey,Don Carey,DB,DB,"https://static.www.nfl.com/image/private/f_auto,q_auto/league/e8ym4bz9wic7rcozq1ox",2017,REG,DET,7,0,0,0,0,0,0,0,0,0,0,0,0,,,0,,0,0,0,0,0,0,0,0,0,0,,0,0,0,0,0,0,0,0,0,0,0,0,0,0,,0,0,0,0,0,,0,0,0,0,9,0,0,0,0,1,0,0,0,0,0,0,0,0,0,0,0,0,0,0,0,2,20,0,0,0,0,0,0,0,0,0,0,0,0,0,,,0,0,0,0,0,0,0,0,0,0,0,0,,,,0,0,0,0,0,0,0,,0,0,0,0,,0,0,,0,0,0,0,0,0,0,0,0,0,0,0
00-0027125,Z.Miller,Zach Miller,TE,TE,"https://static.www.nfl.com/image/private/f_auto,q_auto/league/ghvzkuugli86zstauzvr",2017,REG,CHI,8,0,0,0,0,0,0,0,0,0,0,0,0,,,0,,0,0,0,0,0,0,0,0,0,0,,0,0,0,0,0,20,35,236,2,0,0,298,72,10,-4.70074355251516,0,11,6,4,0,0.791946308724832,0.0747863247863248,0.0854602810438773,0.172001683910201,0,2,0,0,0,0,0,0,0,0,0,0,0,0,0,0,0,0,0,0,0,0,1,10,0,0,0,0,0,0,0,0,0,0,0,0,0,,,0,0,0,0,0,0,0,0,0,0,0,0,,,,0,0,0,0,0,0,0,,0,0,0,0,,0,0,,0,0,0,0,0,0,0,0,0,0,35.6,55.6
00-0027136,J.McCourty,Jason McCourty,S,DB,"https://static.www.nfl.com/image/private/f_auto,q_auto/league/myk5ccdezt1lhjc8szbm",2017,REG,CLE,14,0,0,0,0,0,0,0,0,0,0,0,0,,,0,,0,0,0,0,0,0,0,0,0,0,,0,0,0,0,0,0,0,0,0,0,0,0,0,0,,0,0,0,0,0,,0,0,0,0,53,1,11,5,13,2,0,0,0,3,59,14,1,0,0,0,0,0,0,0,0,3,13,0,0,0,0,0,0,0,0,0,0,0,0,0,,,0,0,0,0,0,0,0,0,0,0,0,0,,,,0,0,0,0,0,0,0,,0,0,0,0,,0,0,,0,0,0,0,0,0,0,0,0,0,0,0
00-0027139,J.Phillips,John Phillips,TE,TE,"https://static.www.nfl.com/image/private/f_auto,q_auto/league/i1t7zl2f5t0wwj72yxj7",2017,REG,NO,1,0,0,0,0,0,0,0,0,0,0,0,0,,,0,,0,0,0,0,0,0,0,0,0,0,,0,0,0,0,0,0,0,0,0,0,0,0,0,0,,0,0,0,0,0,,0,0,0,0,1,0,0,0,0,0,0,0,0,0,0,0,0,0,0,0,0,0,0,0,0,0,0,0,0,0,0,0,0,0,0,0,0,0,0,0,,,0,0,0,0,0,0,0,0,0,0,0,0,,,,0,0,0,0,0,0,0,,0,0,0,0,,0,0,,0,0,0,0,0,0,0,0,0,0,0,0
00-0027187,M.Overton,Matt Overton,LS,SPEC,"https://static.www.nfl.com/image/private/f_auto,q_auto/league/yeulo5dieb6um5zajehr",2017,REG,JAX,1,0,0,0,0,0,0,0,0,0,0,0,0,,,0,,0,0,0,0,0,0,0,0,0,0,,0,0,0,0,0,0,0,0,0,0,0,0,0,0,,0,0,0,0,0,,0,0,0,0,0,0,0,0,0,0,0,0,0,0,0,0,0,0,0,0,0,0,0,0,0,1,10,0,0,0,0,0,0,0,0,0,0,0,0,0,,,0,0,0,0,0,0,0,0,0,0,0,0,,,,0,0,0,0,0,0,0,,0,0,0,0,,0,0,,0,0,0,0,0,0,0,0,0,0,0,0
00-0027195,R.Bush,Rafael Bush,DB,DB,"https://static.www.nfl.com/image/private/f_auto,q_auto/league/jjczucq2drlicupfncho",2017,REG,NO,11,0,0,0,0,0,0,0,0,0,0,0,0,,,0,,0,0,0,0,0,0,0,0,0,0,,0,0,0,0,0,0,0,0,0,0,0,0,0,0,,0,0,0,0,0,,0,0,0,0,16,1,6,1,12,0,1,12,1,0,0,1,0,0,0,0,0,0,0,0,0,1,15,0,0,0,0,0,0,0,0,0,0,0,0,0,,,0,0,0,0,0,0,0,0,0,0,0,0,,,,0,0,0,0,0,0,0,,0,0,0,0,,0,0,,0,0,0,0,0,0,0,0,0,0,0,0
00-0027197,J.Drescher,Justin Drescher,LS,SPEC,"https://static.www.nfl.com/image/private/f_auto,q_auto/league/ghecetp6hwh2ernujcn1",2017,REG,ARI,2,0,0,0,0,0,0,0,0,0,0,0,0,,,0,,0,0,0,0,0,0,0,0,0,0,,0,0,0,0,0,0,0,0,0,0,0,0,0,0,,0,0,0,0,0,,0,0,0,0,1,0,0,0,0,0,0,0,0,0,0,0,0,0,0,0,0,0,0,0,0,1,10,0,0,0,0,0,0,0,0,0,0,0,0,0,,,0,0,0,0,0,0,0,0,0,0,0,0,,,,0,0,0,0,0,0,0,,0,0,0,0,,0,0,,0,0,0,0,0,0,0,0,0,0,0,0
00-0027215,L.Paulsen,Logan Paulsen,TE,TE,"https://static.www.nfl.com/image/private/f_auto,q_auto/league/rckjvflmpzh9tiescxcd",2017,REG,SF,3,0,0,0,0,0,0,0,0,0,0,0,0,,,0,,0,0,0,0,0,0,0,0,0,0,,0,0,0,0,0,0,2,0,0,0,0,22,0,0,-0.838642647431698,0,0,0,0,0,0,0.00333889816360601,0.00456810631229236,0.00820602166401367,0,0,0,0,0,0,0,0,0,0,0,0,0,0,0,0,0,0,0,0,0,0,2,15,0,0,0,0,0,0,0,0,0,0,0,0,0,,,0,0,0,0,0,0,0,0,0,0,0,0,,,,0,0,0,0,0,0,0,,0,0,0,0,,0,0,,0,0,0,0,0,0,0,0,0,0,0,0
00-0027224,J.Weeks,Jon Weeks,LS,SPEC,"https://static.www.nfl.com/image/upload/f_auto,q_auto/league/efqsxmef1aoqnw6co1au",2017,REG,HOU,3,0,0,0,0,0,0,0,0,0,0,0,0,,,0,,0,0,0,0,0,0,0,0,0,0,,0,0,0,0,0,0,0,0,0,0,0,0,0,0,,0,0,0,0,0,,0,0,0,0,1,0,3,0,0,0,0,0,0,0,0,0,0,0,0,0,0,0,0,0,0,0,0,0,0,0,0,0,0,0,0,0,0,0,0,0,,,0,0,0,0,0,0,0,0,0,0,0,0,,,,0,0,0,0,0,0,0,,0,0,0,0,,0,0,,0,0,0,0,0,0,0,0,0,0,0,0
00-0027236,K.Love,Kyle Love,DT,DL,"https://static.www.nfl.com/image/private/f_auto,q_auto/league/sh8qb9w2fzox4qaudo8k",2017,REG,CAR,13,0,0,0,0,0,0,0,0,0,0,0,0,,,0,,0,0,0,0,0,0,0,0,0,0,,0,0,0,0,0,0,0,0,0,0,0,0,0,0,,0,0,0,0,0,,0,0,0,0,9,0,7,3,23,0,3.5,26.5,8,0,0,0,0,0,0,0,0,0,0,0,0,0,0,0,0,0,0,0,0,0,0,0,0,0,0,0,,,0,0,0,0,0,0,0,0,0,0,0,0,,,,0,0,0,0,0,0,0,,0,0,0,0,,0,0,,0,0,0,0,0,0,0,0,0,0,0,0
00-0027245,V.Rey,Vincent Rey,OLB,LB,"https://static.www.nfl.com/image/private/f_auto,q_auto/league/fb8trvmla0xvbyp2rvyi",2017,REG,CIN,13,0,0,0,0,0,0,0,0,0,0,0,0,,,0,,0,0,0,0,0,0,0,0,0,0,,0,0,0,0,0,0,0,0,0,0,0,0,0,0,,0,0,0,0,0,,0,0,0,0,50,2,33,1,6,0,0,0,0,1,12,1,0,0,0,0,0,0,0,0,0,1,6,0,0,0,0,0,0,0,0,0,0,0,0,0,,,0,0,0,0,0,0,0,0,0,0,0,0,,,,0,0,0,0,0,0,0,,0,0,0,0,,0,0,,0,0,0,0,0,0,0,0,0,0,0,0
00-0027247,M.Windt,Mike Windt,LS,SPEC,"https://static.www.nfl.com/image/private/f_auto,q_auto/league/gjx7hbwlv1aewkn9og9q",2017,REG,LAC,1,0,0,0,0,0,0,0,0,0,0,0,0,,,0,,0,0,0,0,0,0,0,0,0,0,,0,0,0,0,0,0,0,0,0,0,0,0,0,0,,0,0,0,0,0,,0,0,0,0,0,0,2,0,0,0,0,0,0,0,0,0,0,0,0,0,0,0,0,0,0,0,0,0,0,0,0,0,0,0,0,0,0,0,0,0,,,0,0,0,0,0,0,0,0,0,0,0,0,,,,0,0,0,0,0,0,0,,0,0,0,0,,0,0,,0,0,0,0,0,0,0,0,0,0,0,0
00-0027256,D.Stewart,Darian Stewart,S,DB,"https://static.www.nfl.com/image/private/f_auto,q_auto/league/j0ilwh1cr5uzyg8z8qsy",2017,REG,DEN,15,0,0,0,0,0,0,0,0,0,0,0,0,,,0,,0,0,0,0,0,0,0,0,0,0,,0,0,0,0,0,0,0,0,0,0,0,0,0,0,,0,0,0,0,0,,0,0,0,0,49,3,11,3,5,0,0,0,0,3,33,5,0,0,0,0,0,0,0,0,0,2,22,0,0,0,0,0,0,0,0,0,0,0,0,0,,,0,0,0,0,0,0,0,0,0,0,0,0,,,,0,0,0,0,0,0,0,,0,0,0,0,,0,0,,0,0,0,0,0,0,0,0,0,0,0,0
00-0027282,B.Garland,Ben Garland,C,OL,"https://static.www.nfl.com/image/private/f_auto,q_auto/league/fkspr9fagr03lt1cueyf",2017,REG,ATL,6,0,0,0,0,0,0,0,0,0,0,0,0,,,0,,0,0,0,0,0,0,0,0,0,0,,0,0,0,0,0,0,0,0,0,0,0,0,0,0,,0,0,0,0,0,,0,0,0,0,1,0,0,0,0,0,0,0,0,0,0,0,0,0,0,0,1,0,0,0,0,4,40,0,0,0,0,0,0,0,1,11,0,0,0,0,,,0,0,0,0,0,0,0,0,0,0,0,0,,,,0,0,0,0,0,0,0,,0,0,0,0,,0,0,,0,0,0,0,0,0,0,0,0,0,0,0
00-0027297,A.Howard,Austin Howard,OT,OL,"https://static.www.nfl.com/image/private/f_auto,q_auto/league/rlkl035tmrtg7rlu6qsi",2017,REG,BAL,3,0,0,0,0,0,0,0,0,0,0,0,0,,,0,,0,0,0,0,0,0,0,0,0,0,,0,0,0,0,0,0,0,0,0,0,0,0,0,0,,0,0,0,0,0,,0,0,0,0,1,0,0,0,0,0,0,0,0,0,0,0,0,0,0,0,0,0,0,0,0,3,30,0,0,0,0,0,0,0,0,0,0,0,0,0,,,0,0,0,0,0,0,0,0,0,0,0,0,,,,0,0,0,0,0,0,0,,0,0,0,0,,0,0,,0,0,0,0,0,0,0,0,0,0,0,0
00-0027321,J.Cumberland,Jeff Cumberland,TE,TE,"https://static.www.nfl.com/image/private/f_auto,q_auto/league/c87plzwz1aj8haowwxcq",2017,REG,LAC,5,0,0,0,0,0,0,0,0,0,0,0,0,,,0,,0,0,0,0,0,0,0,0,0,0,,0,0,0,0,0,2,3,2,0,0,0,6,0,0,-1.72910780861275,0,0,0,0,0,0.333333333333333,0.00523560209424084,0.00125523012552301,0.00873206422922737,0,2,0,0,0,0,0,0,0,0,0,0,0,0,0,0,0,1,0,0,0,0,2,15,0,0,0,0,0,0,0,0,0,0,0,0,0,,,0,0,0,0,0,0,0,0,0,0,0,0,,,,0,0,0,0,0,0,0,,0,0,0,0,,0,0,,0,0,0,0,0,0,0,0,0,0,0.2,2.2
00-0027325,L.Blount,LeGarrette Blount,RB,RB,"https://static.www.nfl.com/image/private/f_auto,q_auto/league/s3eilto1yi0yhoamvvo3",2017,REG,PHI,16,0,0,0,0,0,0,0,0,0,0,0,0,,,0,,0,0,0,0,173,766,2,1,1,30,-23.4246762094326,1,20,15,7,1,8,8,50,1,0,0,3,47,3,1.91069950719248,0,2,1,1,0,16.6666666666667,0.0143884892086331,0.000568289448759235,0.0219805364270811,0,0,0,0,0,0,0,0,0,0,0,0,0,0,0,0,0,0,0,0,0,0,3,40,1,0,0,1,1,0,0,0,0,0,0,0,0,,,0,0,0,0,0,0,0,0,0,0,0,0,,,,0,0,0,0,0,0,0,,0,0,0,0,,0,0,,0,0,0,0,0,0,0,0,0,0,99.6,107.6
00-0027375,T.Brock,Tramaine Brock,DB,DB,"https://static.www.nfl.com/image/private/f_auto,q_auto/league/pvlqdsnml9gfddkdz4p2",2017,REG,MIN,7,0,0,0,0,0,0,0,0,0,0,0,0,,,0,,0,0,0,0,0,0,0,0,0,0,,0,0,0,0,0,0,0,0,0,0,0,0,0,0,,0,0,0,0,0,,0,0,0,0,6,0,2,0,0,0,0,0,0,0,0,1,0,0,0,0,0,0,0,0,0,5,48,0,0,0,0,0,0,0,0,0,0,0,0,0,,,0,0,0,0,0,0,0,0,0,0,0,0,,,,0,0,0,0,0,0,0,,0,0,0,0,,0,0,,0,0,0,0,0,0,0,0,0,0,0,0
00-0027378,C.Maragos,Chris Maragos,DB,DB,"https://static.www.nfl.com/image/private/f_auto,q_auto/league/pojk8qu8tparbcu35qxo",2017,REG,PHI,5,0,0,0,0,0,0,0,0,0,0,0,0,,,0,,0,0,0,0,0,0,0,0,0,0,,0,0,0,0,0,0,0,0,0,0,0,0,0,0,,0,0,0,0,0,,0,0,0,0,5,0,6,0,0,0,0,0,0,0,0,0,0,0,0,0,0,0,0,0,0,0,0,0,0,0,0,0,0,0,0,0,0,0,0,0,,,0,0,0,0,0,0,0,0,0,0,0,0,,,,0,0,0,0,0,0,0,,0,0,0,0,,0,0,,0,0,0,0,0,0,0,0,0,0,0,0
00-0027416,B.Church,Barry Church,S,DB,"https://static.www.nfl.com/image/private/f_auto,q_auto/league/dy7p4v3wpjkhfksg3hj4",2017,REG,JAX,16,0,0,0,0,0,0,0,0,0,0,0,0,,,0,,0,0,0,0,0,0,0,0,0,0,,0,0,0,0,0,0,0,0,0,0,0,0,0,0,,0,0,0,0,0,,0,0,0,0,57,1,16,2,6,0,1.5,8.5,3,4,51,8,1,0,0,0,0,0,0,0,0,0,0,0,0,0,0,0,0,0,0,0,0,0,0,0,,,0,0,0,0,0,0,0,0,0,0,0,0,,,,0,0,0,0,0,0,0,,0,0,0,0,,0,0,,0,0,0,0,0,0,0,0,0,0,0,0
00-0027442,F.Zombo,Frank Zombo,LB,LB,"https://static.www.nfl.com/image/private/f_auto,q_auto/league/zdobrqdvajayktz5zcbx",2017,REG,KC,14,0,0,0,0,0,0,0,0,0,0,0,0,,,0,,0,0,0,0,0,0,0,0,0,0,,0,0,0,0,0,0,0,0,0,0,0,0,0,0,,0,0,0,0,0,,0,0,0,0,24,2,17,4,13,0,1.5,8,5,0,0,0,0,0,0,0,0,0,1,0,0,3,40,0,0,0,0,0,0,0,0,0,0,0,0,0,,,0,0,0,0,0,0,0,0,0,0,0,0,,,,0,0,0,0,0,0,0,,0,0,0,0,,0,0,,0,0,0,0,0,0,0,0,0,0,0,0
00-0027495,G.Johnson,George Johnson,DE,DL,"https://static.www.nfl.com/image/private/f_auto,q_auto/league/h8p9504ky8aduw0mhuow",2017,REG,NO,6,0,0,0,0,0,0,0,0,0,0,0,0,,,0,,0,0,0,0,0,0,0,0,0,0,,0,0,0,0,0,0,0,0,0,0,0,0,0,0,,0,0,0,0,0,,0,0,0,0,5,0,2,3,14,0,2.5,13.5,5,0,0,1,0,0,0,0,0,0,0,0,0,0,0,0,0,0,0,0,0,0,0,0,0,0,0,0,,,0,0,0,0,0,0,0,0,0,0,0,0,,,,0,0,0,0,0,0,0,,0,0,0,0,,0,0,,0,0,0,0,0,0,0,0,0,0,0,0
00-0027531,C.Ivory,Chris Ivory,RB,RB,"https://static.www.nfl.com/image/private/f_auto,q_auto/league/wuhrkffigvt55hcqd4yw",2017,REG,JAX,14,0,0,0,0,0,0,0,0,0,0,0,0,,,0,,0,0,0,0,112,382,1,2,2,16,-27.1121680407086,0,7,5,1,0,21,28,175,1,0,0,-5,185,8,-1.4787985426831,0,8,3,3,0,-35,0.0541586073500967,-0.00121980970968529,0.0803840442283654,0,0,0,0,0,0,0,0,0,0,0,0,0,0,0,0,0,0,0,0,0,0,1,15,2,0,0,2,2,0,0,0,0,0,0,0,0,,,0,0,0,0,0,0,0,0,0,0,0,0,,,,0,0,0,0,0,0,0,,0,0,0,0,,0,0,,0,0,0,0,0,0,0,0,0,0,63.7,84.7
00-0027539,A.Levine Sr.,Anthony Levine,DB,DB,"https://static.www.nfl.com/image/private/f_auto,q_auto/league/gew5y4jtrh2jd7guowwk",2017,REG,BAL,14,0,0,0,0,0,0,0,0,0,0,0,0,,,0,,0,0,0,0,0,0,0,0,0,0,,0,0,0,0,0,0,0,0,0,0,0,0,0,0,,0,0,0,0,0,,0,0,0,0,23,0,6,3,21,0,3,21,3,1,8,3,0,0,0,0,0,0,1,0,0,2,10,0,0,0,0,0,0,0,0,0,0,0,0,0,,,0,0,0,0,0,0,0,0,0,0,0,0,,,,0,0,0,0,0,0,0,,0,0,0,0,,0,0,,0,0,0,0,0,0,0,0,0,0,0,0
00-0027547,M.Sherels,Marcus Sherels,DB,DB,"https://static.www.nfl.com/image/private/f_auto,q_auto/league/qgwd89z8jxh5o9ln6cmp",2017,REG,MIN,16,0,0,0,0,0,0,0,0,0,0,0,0,,,0,,0,0,0,0,0,0,0,0,0,0,,0,0,0,0,0,0,0,0,0,0,0,0,0,0,,0,0,0,0,0,,0,0,0,0,6,0,0,0,0,0,0,0,0,0,0,0,0,1,0,40,1,0,0,0,0,0,0,1,0,0,1,0,39,372,11,271,0,0,0,0,,,0,0,0,0,0,0,0,0,0,0,0,0,,,,0,0,0,0,0,0,0,,0,0,0,0,,0,0,,0,0,0,0,0,0,0,0,0,0,0,0
00-0027551,J.Galette,Junior Galette,LB,LB,"https://static.www.nfl.com/image/private/f_auto,q_auto/league/qxdbjcu5nv4nz3twzhpq",2017,REG,WAS,14,0,0,0,0,0,0,0,0,0,0,0,0,,,0,,0,0,0,0,0,0,0,0,0,0,,0,0,0,0,0,0,0,0,0,0,0,0,0,0,,0,0,0,0,0,,0,0,0,0,13,1,6,2,12,1,3,27,14,0,0,2,0,0,0,0,0,0,0,0,0,3,29,0,0,0,0,0,0,0,0,0,0,0,0,0,,,0,0,0,0,0,0,0,0,0,0,0,0,,,,0,0,0,0,0,0,0,,0,0,0,0,,0,0,,0,0,0,0,0,0,0,0,0,0,0,0
00-0027557,M.Cox,Morgan Cox,LS,SPEC,"https://static.www.nfl.com/image/upload/f_auto,q_auto/league/lqdswjw8fzenqmc06zbe",2017,REG,BAL,1,0,0,0,0,0,0,0,0,0,0,0,0,,,0,,0,0,0,0,0,0,0,0,0,0,,0,0,0,0,0,0,0,0,0,0,0,0,0,0,,0,0,0,0,0,,0,0,0,0,1,0,0,0,0,0,0,0,0,0,0,0,0,0,0,0,0,0,0,0,0,0,0,0,0,0,0,0,0,0,0,0,0,0,0,0,,,0,0,0,0,0,0,0,0,0,0,0,0,,,,0,0,0,0,0,0,0,,0,0,0,0,,0,0,,0,0,0,0,0,0,0,0,0,0,0,0
00-0027573,M.Unrein,Mitch Unrein,DT,DL,"https://static.www.nfl.com/image/private/f_auto,q_auto/league/ca7jpvbeqxt9gyfzbh5a",2017,REG,CHI,12,0,0,0,0,0,0,0,0,0,0,0,0,,,0,,0,0,0,0,0,0,0,0,0,0,,0,0,0,0,0,0,0,0,0,0,0,0,0,0,,0,0,0,0,0,,0,0,0,0,24,1,7,4,8,0,2.5,6.5,5,0,0,0,0,0,0,0,0,0,0,0,0,0,0,0,0,0,0,0,0,0,0,0,0,0,0,0,,,0,0,0,0,0,0,0,0,0,0,0,0,,,,0,0,0,0,0,0,0,,0,0,0,0,,0,0,,0,0,0,0,0,0,0,0,0,0,0,0
00-0027607,T.Larsen,Ted Larsen,G,OL,"https://static.www.nfl.com/image/private/f_auto,q_auto/league/d3jar3bcqsoyfvzpkbbl",2017,REG,MIA,3,0,0,0,0,0,0,0,0,0,0,0,0,,,0,,0,0,0,0,0,0,0,0,0,0,,0,0,0,0,0,0,0,0,0,0,0,0,0,0,,0,0,0,0,0,,0,0,0,0,1,0,0,0,0,0,0,0,0,0,0,0,0,0,0,0,0,0,0,0,0,4,35,0,0,0,0,0,0,0,0,0,0,0,0,0,,,0,0,0,0,0,0,0,0,0,0,0,0,,,,0,0,0,0,0,0,0,,0,0,0,0,,0,0,,0,0,0,0,0,0,0,0,0,0,0,0
00-0027647,D.McCourty,Devin McCourty,FS,DB,"https://static.www.nfl.com/image/private/f_auto,q_auto/league/ykgtrwxckxvxdvadgqjf",2017,REG,NE,16,0,0,0,0,0,0,0,0,0,0,0,0,,,0,,0,0,0,0,0,0,0,0,0,0,,0,0,0,0,0,0,0,0,0,0,0,0,0,0,,0,0,0,0,0,,0,0,0,0,76,4,17,3,14,0,1,11,1,1,0,5,0,0,0,0,0,0,1,0,0,0,0,0,0,0,0,0,0,0,2,15,0,0,0,0,,,0,0,0,0,0,0,0,0,0,0,0,0,,,,0,0,0,0,0,0,0,,0,0,0,0,,0,0,,0,0,0,0,0,0,0,0,0,0,0,0
00-0027648,R.Saffold,Rodger Saffold,G,OL,"https://static.www.nfl.com/image/upload/f_auto,q_auto/league/bhsp53lhsdcaxg3jvn7u",2017,REG,LA,2,0,0,0,0,0,0,0,0,0,0,0,0,,,0,,0,0,0,0,0,0,0,0,0,0,,0,0,0,0,0,0,0,0,0,0,0,0,0,0,,0,0,0,0,0,,0,0,0,0,0,0,0,0,0,0,0,0,0,0,0,0,0,0,0,0,0,0,0,0,0,2,20,0,0,0,0,0,0,0,0,0,0,0,0,0,,,0,0,0,0,0,0,0,0,0,0,0,0,,,,0,0,0,0,0,0,0,,0,0,0,0,,0,0,,0,0,0,0,0,0,0,0,0,0,0,0
00-0027652,N.Allen,Nate Allen,S,DB,"https://static.www.nfl.com/image/private/f_auto,q_auto/league/bewz2w8tojv4hovy3zg5",2017,REG,MIA,6,0,0,0,0,0,0,0,0,0,0,0,0,,,0,,0,0,0,0,0,0,0,0,0,0,,0,0,0,0,0,0,0,0,0,0,0,0,0,0,,0,0,0,0,0,,0,0,0,0,13,1,6,0,0,0,0,0,0,0,0,1,0,0,0,0,0,0,0,0,0,0,0,0,0,0,0,0,0,0,0,0,0,0,0,0,,,0,0,0,0,0,0,0,0,0,0,0,0,,,,0,0,0,0,0,0,0,,0,0,0,0,,0,0,,0,0,0,0,0,0,0,0,0,0,0,0
00-0027653,T.Ward,T.J. Ward,DB,DB,"https://static.www.nfl.com/image/private/f_auto,q_auto/league/r4vww4ic2ptpvqvo8fz4",2017,REG,TB,12,0,0,0,0,0,0,0,0,0,0,0,0,,,0,,0,0,0,0,0,0,0,0,0,0,,0,0,0,0,0,0,0,0,0,0,0,0,0,0,,0,0,0,0,0,,0,0,0,0,29,2,12,1,3,0,0,0,0,0,0,3,0,0,0,0,0,0,1,2,0,3,21,0,0,0,0,0,0,0,0,0,0,0,0,0,,,0,0,0,0,0,0,0,0,0,0,0,0,,,,0,0,0,0,0,0,0,,0,0,0,0,,0,0,,0,0,0,0,0,0,0,0,0,0,0,0
00-0027654,A.Benn,Arrelious Benn,WR,WR,"https://static.www.nfl.com/image/private/f_auto,q_auto/league/mrdtswjobu20gukdl2cp",2017,REG,JAX,5,0,0,0,0,0,0,0,0,0,0,0,0,,,0,,0,0,0,0,0,0,0,0,0,0,,0,0,0,0,0,1,2,12,0,0,0,14,2,1,1.38949508912629,0,1,0,0,0,0.857142857142857,0.00386847195357834,0.00341546718711881,0.00819353496135067,0,3,0,0,0,0,0,0,0,0,0,0,0,0,0,0,0,0,0,0,0,0,3,22,0,0,0,0,0,0,0,0,0,0,0,0,0,,,0,0,0,0,0,0,0,0,0,0,0,0,,,,0,0,0,0,0,0,0,,0,0,0,0,,0,0,,0,0,0,0,0,0,0,0,0,0,1.2,2.2
00-0027656,R.Gronkowski,Rob Gronkowski,TE,TE,"https://static.www.nfl.com/image/private/f_auto,q_auto/league/svpo7chliiymc0r7hegp",2017,REG,NE,13,0,0,0,0,0,0,0,0,0,0,0,0,,,0,,0,0,0,0,0,0,0,0,0,0,,0,0,0,0,0,69,105,1084,8,1,0,1213,345,57,74.5829950866463,1,52,34,18,2,0.893652102225886,0.179794520547945,0.22647498132935,0.428224267752463,0,0,0,0,0,0,0,0,0,0,0,0,1,0,0,0,0,0,0,0,0,0,8,60,1,0,1,1,0,0,0,0,0,0,0,0,0,,,0,0,0,0,0,0,0,0,0,0,0,0,,,,0,0,0,0,0,0,0,,0,0,0,0,,0,0,,0,0,0,0,0,0,0,0,0,0,158.4,227.4
00-0027657,L.Houston,Lamarr Houston,LB,LB,"https://static.www.nfl.com/image/private/f_auto,q_auto/league/nnvihbj8bpfhnlew77fm",2017,REG,CHI,9,0,0,0,0,0,0,0,0,0,0,0,0,,,0,,0,0,0,0,0,0,0,0,0,0,,0,0,0,0,0,0,0,0,0,0,0,0,0,0,,0,0,0,0,0,,0,0,0,0,13,1,3,7,40,1,5,45,9,0,0,1,0,0,0,0,0,0,1,34,1,2,9,0,0,0,0,0,0,0,0,0,0,0,0,0,,,0,0,0,0,0,0,0,0,0,0,0,0,,,,0,0,0,0,0,0,0,,0,0,0,0,,0,0,,0,0,0,0,0,0,0,0,0,0,0,0
00-0027658,Z.Beadles,Zane Beadles,G,OL,"https://static.www.nfl.com/image/private/f_auto,q_auto/league/rppve04bslxftp1vkgzk",2017,REG,SF,1,0,0,0,0,0,0,0,0,0,0,0,0,,,0,,0,0,0,0,0,0,0,0,0,0,,0,0,0,0,0,0,0,0,0,0,0,0,0,0,,0,0,0,0,0,,0,0,0,0,0,0,0,0,0,0,0,0,0,0,0,0,0,0,0,0,0,0,0,0,0,1,5,0,0,0,0,0,0,0,0,0,0,0,0,0,,,0,0,0,0,0,0,0,0,0,0,0,0,,,,0,0,0,0,0,0,0,,0,0,0,0,,0,0,,0,0,0,0,0,0,0,0,0,0,0,0
00-0027662,C.Dunlap,Carlos Dunlap,DE,DL,"https://static.www.nfl.com/image/private/f_auto,q_auto/league/wbg4avjy9bbdyeri6b6j",2017,REG,CIN,16,0,0,0,0,0,0,0,0,0,0,0,0,,,0,,0,0,0,0,0,0,0,0,0,0,,0,0,0,0,0,0,0,0,0,0,0,0,0,0,,0,0,0,0,0,,0,0,0,0,34,1,11,11,66,1,7.5,41,24,1,16,7,1,0,0,0,0,0,0,0,0,2,10,0,0,0,0,0,0,0,0,0,0,0,0,0,,,0,0,0,0,0,0,0,0,0,0,0,0,,,,0,0,0,0,0,0,0,,0,0,0,0,,0,0,,0,0,0,0,0,0,0,0,0,0,0,0
00-0027663,S.Lee,Sean Lee,OLB,LB,"https://static.www.nfl.com/image/private/f_auto,q_auto/league/gjep6wyeoq45kwfocpg6",2017,REG,DAL,11,0,0,0,0,0,0,0,0,0,0,0,0,,,0,,0,0,0,0,0,0,0,0,0,0,,0,0,0,0,0,0,0,0,0,0,0,0,0,0,,0,0,0,0,0,,0,0,0,0,64,6,31,12,37,0,0,0,1,1,9,1,0,0,0,0,0,0,0,0,0,1,5,0,0,0,0,0,0,0,0,0,0,0,0,0,,,0,0,0,0,0,0,0,0,0,0,0,0,,,,0,0,0,0,0,0,0,,0,0,0,0,,0,0,,0,0,0,0,0,0,0,0,0,0,0,0
00-0027667,V.Ducasse,Vladimir Ducasse,G,OL,"https://static.www.nfl.com/image/private/f_auto,q_auto/league/nkffr4bti6sb24hnbnr3",2017,REG,BUF,1,0,0,0,0,0,0,0,0,0,0,0,0,,,0,,0,0,0,0,0,0,0,0,0,0,,0,0,0,0,0,0,0,0,0,0,0,0,0,0,,0,0,0,0,0,,0,0,0,0,0,0,0,0,0,0,0,0,0,0,0,0,0,0,0,0,0,0,0,0,0,1,5,0,0,0,0,0,0,0,0,0,0,0,0,0,,,0,0,0,0,0,0,0,0,0,0,0,0,,,,0,0,0,0,0,0,0,,0,0,0,0,,0,0,,0,0,0,0,0,0,0,0,0,0,0,0
00-0027674,J.Veldheer,Jared Veldheer,OT,OL,"https://static.www.nfl.com/image/private/f_auto,q_auto/league/q7ees8sofhe8gg3isgjt",2017,REG,ARI,6,0,0,0,0,0,0,0,0,0,0,0,0,,,0,,0,0,0,0,0,0,0,0,0,0,,0,0,0,0,0,0,0,0,0,0,0,0,0,0,,0,0,0,0,0,,0,0,0,0,2,0,0,0,0,0,0,0,0,0,0,0,0,0,0,0,0,0,0,0,0,4,25,0,0,0,0,0,0,0,0,0,0,0,0,0,,,0,0,0,0,0,0,0,0,0,0,0,0,,,,0,0,0,0,0,0,0,,0,0,0,0,,0,0,,0,0,0,0,0,0,0,0,0,0,0,0
00-0027675,E.Dickson,Ed Dickson,TE,TE,"https://static.www.nfl.com/image/private/f_auto,q_auto/league/qtxat8xwaclkqfkj5lrq",2017,REG,CAR,14,0,0,0,0,0,0,0,0,0,0,0,0,,,0,,0,0,0,0,0,0,0,0,0,0,,0,0,0,0,0,30,48,437,1,0,0,451,201,22,16.3417057380576,0,18,8,7,2,0.968957871396896,0.0975609756097561,0.106167608286252,0.220658789215011,0,2,0,2,0,0,0,0,0,0,0,0,0,0,0,0,0,0,0,0,0,0,0,0,0,0,0,0,0,0,0,0,0,0,0,0,0,,,0,0,0,0,0,0,0,0,0,0,0,0,,,,0,0,0,0,0,0,0,,0,0,0,0,,0,0,,0,0,0,0,0,0,0,0,0,0,49.7,79.7
00-0027676,M.Burnett,Morgan Burnett,S,DB,"https://static.www.nfl.com/image/private/f_auto,q_auto/league/jtwux6yh55tkno6diilj",2017,REG,GB,12,0,0,0,0,0,0,0,0,0,0,0,0,,,0,,0,0,0,0,0,0,0,0,0,0,,0,0,0,0,0,0,0,0,0,0,0,0,0,0,,0,0,0,0,0,,0,0,0,0,41,7,20,5,10,1,0,0,1,0,0,3,0,0,0,0,0,0,0,0,0,0,0,0,0,0,0,0,0,0,0,0,0,0,0,0,,,0,0,0,0,0,0,0,0,0,0,0,0,,,,0,0,0,0,0,0,0,,0,0,0,0,,0,0,,0,0,0,0,0,0,0,0,0,0,0,0
00-0027678,J.Jerry,John Jerry,OT,OL,"https://static.www.nfl.com/image/private/f_auto,q_auto/league/pojstv7hizkfu3u31p4r",2017,REG,NYG,4,0,0,0,0,0,0,0,0,0,0,0,0,,,0,,0,0,0,0,0,0,0,0,0,0,,0,0,0,0,0,0,0,0,0,0,0,0,0,0,,0,0,0,0,0,,0,0,0,0,2,0,0,0,0,0,0,0,0,0,0,0,0,0,0,0,0,0,0,0,0,2,20,0,0,0,0,0,0,0,0,0,0,0,0,0,,,0,0,0,0,0,0,0,0,0,0,0,0,,,,0,0,0,0,0,0,0,,0,0,0,0,,0,0,,0,0,0,0,0,0,0,0,0,0,0,0
00-0027681,B.LaFell,Brandon LaFell,WR,WR,"https://static.www.nfl.com/image/private/f_auto,q_auto/league/x4wifb5arw0neuwg1cch",2017,REG,CIN,16,0,0,0,0,0,0,0,0,0,0,0,0,,,0,,0,0,0,0,0,0,0,0,0,0,,0,0,0,0,0,52,89,548,3,1,0,774,239,25,3.67404213339463,0,20,10,6,1,0.708010335917313,0.182377049180328,0.185656032621732,0.403524796605704,0,1,0,0,0,0,0,0,0,0,0,0,0,0,0,0,0,0,0,0,0,0,1,5,1,0,1,1,0,0,0,0,0,0,0,0,0,,,0,0,0,0,0,0,0,0,0,0,0,0,,,,0,0,0,0,0,0,0,,0,0,0,0,,0,0,,0,0,0,0,0,0,0,0,0,0,72.8,124.8
00-0027684,E.Mitchell,Earl Mitchell,DT,DL,"https://static.www.nfl.com/image/private/f_auto,q_auto/league/jbjvrm7hnjhkk7bljd8a",2017,REG,SF,15,0,0,0,0,0,0,0,0,0,0,0,0,,,0,,0,0,0,0,0,0,0,0,0,0,,0,0,0,0,0,0,0,0,0,0,0,0,0,0,,0,0,0,0,0,,0,0,0,0,16,3,14,2,7,0,1,6,3,0,0,4,0,0,0,0,0,0,1,0,0,3,15,0,0,0,0,0,0,0,0,0,0,0,0,0,,,0,0,0,0,0,0,0,0,0,0,0,0,,,,0,0,0,0,0,0,0,,0,0,0,0,,0,0,,0,0,0,0,0,0,0,0,0,0,0,0
00-0027685,E.Sanders,Emmanuel Sanders,WR,WR,"https://static.www.nfl.com/image/private/f_auto,q_auto/league/potkibjtm855tsawozs0",2017,REG,DEN,12,0,0,0,0,0,0,0,0,0,0,0,0,,,0,,0,0,0,0,0,0,0,0,0,0,,0,0,0,0,0,47,92,555,2,0,0,978,167,30,9.83096098528101,0,23,13,11,0,0.567484662576687,0.166969147005445,0.205938092229943,0.394610385069127,0,2,0,0,0,0,0,0,0,0,0,0,0,0,0,0,0,0,0,0,0,0,1,5,0,0,0,0,0,2,-2,0,0,0,0,0,0,,,0,0,0,0,0,0,0,0,0,0,0,0,,,,0,0,0,0,0,0,0,,0,0,0,0,,0,0,,0,0,0,0,0,0,0,0,0,0,67.5,114.5
00-0027686,C.Peters,Corey Peters,DE,DL,"https://static.www.nfl.com/image/private/f_auto,q_auto/league/zutvrtzwir9awk4zh7yn",2017,REG,ARI,11,0,0,0,0,0,0,0,0,0,0,0,0,,,0,,0,0,0,0,0,0,0,0,0,0,,0,0,0,0,0,0,0,0,0,0,0,0,0,0,,0,0,0,0,0,,0,0,0,0,18,0,4,4,11,0,1,6,4,0,0,1,0,0,0,0,0,0,0,0,0,2,20,0,0,0,0,0,0,0,0,0,0,0,0,0,,,0,0,0,0,0,0,0,0,0,0,0,0,,,,0,0,0,0,0,0,0,,0,0,0,0,,0,0,,0,0,0,0,0,0,0,0,0,0,0,0
00-0027690,E.Decker,Eric Decker,WR,WR,"https://static.www.nfl.com/image/private/f_auto,q_auto/league/jg5ftnvxz4jdiajzeoyn",2017,REG,TEN,16,0,1,0,0,0,0,0,0,0,0,0,0,-0.835002687177621,,0,,0,0,0,0,0,0,0,0,0,0,,0,0,0,0,0,54,83,563,1,0,0,826,113,31,20.8471763185654,0,26,11,5,0,0.681598062953995,0.171487603305785,0.1888,0.389391404958678,0,0,0,0,0,0,0,0,0,0,0,0,0,0,0,0,0,0,0,0,0,0,3,30,0,0,0,0,0,0,0,1,22,0,0,0,0,,,0,0,0,0,0,0,0,0,0,0,0,0,,,,0,0,0,0,0,0,0,,0,0,0,0,,0,0,,0,0,0,0,0,0,0,0,0,0,62.3,116.3
00-0027691,A.Roberts,Andre Roberts,WR,WR,"https://static.www.nfl.com/image/private/f_auto,q_auto/league/hjoyjewh7knoafxt4k93",2017,REG,ATL,16,0,0,0,0,0,0,0,0,0,0,0,0,,,0,,0,0,0,0,0,0,0,0,0,0,,0,0,0,0,0,1,4,12,0,0,0,20,7,1,-1.89332136717104,0,1,0,0,0,0.6,0.00773694390715667,0.00419287211740042,0.0145404263429153,0,0,0,0,0,0,0,0,0,0,0,0,0,0,2,0,0,2,0,0,0,0,0,0,2,2,0,4,1,27,201,38,860,0,0,0,0,,,0,0,0,0,0,0,0,0,0,0,0,0,,,,0,0,0,0,0,0,0,,0,0,0,0,,0,0,,0,0,0,0,0,0,0,0,0,0,1.2,2.2
00-0027694,S.Lauvao,Shawn Lauvao,G,OL,"https://static.www.nfl.com/image/private/f_auto,q_auto/league/gy5mepwbvbdemlnitrc5",2017,REG,WAS,1,0,0,0,0,0,0,0,0,0,0,0,0,,,0,,0,0,0,0,0,0,0,0,0,0,,0,0,0,0,0,0,0,0,0,0,0,0,0,0,,0,0,0,0,0,,0,0,0,0,0,0,0,0,0,0,0,0,0,0,0,0,0,0,0,0,0,0,0,0,0,1,5,0,0,0,0,0,0,0,0,0,0,0,0,0,,,0,0,0,0,0,0,0,0,0,0,0,0,,,,0,0,0,0,0,0,0,,0,0,0,0,,0,0,,0,0,0,0,0,0,0,0,0,0,0,0
00-0027696,J.Graham,Jimmy Graham,TE,TE,"https://static.www.nfl.com/image/private/f_auto,q_auto/league/h7xs06oj6g03mippwtse",2017,REG,SEA,16,0,0,0,0,0,0,0,0,0,0,0,0,,,0,,0,0,0,0,0,0,0,0,0,0,,0,0,0,0,0,57,96,520,10,0,0,728,211,32,0.729209089237453,1,21,9,8,0,0.714285714285714,0.182509505703422,0.133848133848134,0.367457952248827,0,1,0,0,0,0,0,0,0,0,0,0,0,0,0,0,0,0,0,0,0,0,2,20,0,0,0,0,0,0,0,0,0,0,0,0,0,,,0,0,0,0,0,0,0,0,0,0,0,0,,,,0,0,0,0,0,0,0,,0,0,0,0,,0,0,,0,0,0,0,0,0,0,0,0,0,114,171
00-0027701,E.Griffen,Everson Griffen,DE,DL,"https://static.www.nfl.com/image/private/f_auto,q_auto/league/fqvc0dkghdix5fq9tfaq",2017,REG,MIN,15,0,0,0,0,0,0,0,0,0,0,0,0,,,0,,0,0,0,0,0,0,0,0,0,0,,0,0,0,0,0,0,0,0,0,0,0,0,0,0,,0,0,0,0,0,,0,0,0,0,30,1,14,12,62,3,13,76,26,0,0,1,0,0,0,0,0,0,0,0,0,4,30,0,0,0,0,0,0,0,0,0,0,0,0,0,,,0,0,0,0,0,0,0,0,0,0,0,0,,,,0,0,0,0,0,0,0,,0,0,0,0,,0,0,,0,0,0,0,0,0,0,0,0,0,0,0
00-0027705,A.Verner,Alterraun Verner,DB,DB,"https://static.www.nfl.com/image/private/f_auto,q_auto/league/rvzdcbasgnsjnpzmc1dm",2017,REG,MIA,9,0,0,0,0,0,0,0,0,0,0,0,0,,,0,,0,0,0,0,0,0,0,0,0,0,,0,0,0,0,0,0,0,0,0,0,0,0,0,0,,0,0,0,0,0,,0,0,0,0,11,1,3,0,0,1,0,0,0,0,0,4,0,0,0,0,0,0,0,0,0,4,32,0,0,0,0,0,0,0,0,0,0,0,0,0,,,0,0,0,0,0,0,0,0,0,0,0,0,,,,0,0,0,0,0,0,0,,0,0,0,0,,0,0,,0,0,0,0,0,0,0,0,0,0,0,0
00-0027717,J.Hawley,Joe Hawley,C,OL,"https://static.www.nfl.com/image/private/f_auto,q_auto/league/deoboccbllw3uer38kdn",2017,REG,TB,1,0,0,0,0,0,0,0,0,0,0,0,0,,,0,,0,0,0,0,0,0,0,0,0,0,,0,0,0,0,0,0,0,0,0,0,0,0,0,0,,0,0,0,0,0,,0,0,0,0,0,0,0,0,0,0,0,0,0,0,0,0,0,0,0,0,0,0,0,0,0,1,10,0,0,0,0,0,0,0,0,0,0,0,0,0,,,0,0,0,0,0,0,0,0,0,0,0,0,,,,0,0,0,0,0,0,0,,0,0,0,0,,0,0,,0,0,0,0,0,0,0,0,0,0,0,0
00-0027720,G.Atkins,Geno Atkins,DT,DL,"https://static.www.nfl.com/image/private/f_auto,q_auto/league/oqpytrmyvf6dtgwbfa2b",2017,REG,CIN,15,0,0,0,0,0,0,0,0,0,0,0,0,,,0,,0,0,0,0,0,0,0,0,0,0,,0,0,0,0,0,0,0,0,0,0,0,0,0,0,,0,0,0,0,0,,0,0,0,0,28,1,17,10,60,0,9,65.5,20,0,0,0,0,0,0,0,0,0,0,0,0,2,20,0,0,0,0,0,0,0,0,0,0,0,0,0,,,0,0,0,0,0,0,0,0,0,0,0,0,,,,0,0,0,0,0,0,0,,0,0,0,0,,0,0,,0,0,0,0,0,0,0,0,0,0,0,0
00-0027723,A.Woods,Al Woods,DT,DL,"https://static.www.nfl.com/image/private/f_auto,q_auto/league/prcuuwfcof1uok4lxb11",2017,REG,IND,14,0,0,0,0,0,0,0,0,0,0,0,0,,,0,,0,0,0,0,0,0,0,0,0,0,,0,0,0,0,0,0,0,0,0,0,0,0,0,0,,0,0,0,0,0,,0,0,0,0,18,2,24,5,18,0,1,7,2,0,0,0,0,0,0,0,0,0,0,0,0,0,0,0,0,0,0,0,0,0,0,0,0,0,0,0,,,0,0,0,0,0,0,0,0,0,0,0,0,,,,0,0,0,0,0,0,0,,0,0,0,0,,0,0,,0,0,0,0,0,0,0,0,0,0,0,0
00-0027732,M.Hoomanawanui,Michael Hoomanawanui,TE,TE,"https://static.www.nfl.com/image/private/f_auto,q_auto/league/fgfwj67pbxmp1bpjm7ti",2017,REG,NO,9,0,0,0,0,0,0,0,0,0,0,0,0,,,0,,0,0,0,0,0,0,0,0,0,0,,0,0,0,0,0,6,10,52,1,0,0,71,27,2,-1.23361892613578,0,2,1,1,0,0.732394366197183,0.0189035916824197,0.0207784606379865,0.0429003099702201,0,0,0,0,0,0,0,0,0,0,0,0,0,0,0,0,0,0,0,0,0,0,4,30,0,0,0,0,0,0,0,0,0,0,0,0,0,,,0,0,0,0,0,0,0,0,0,0,0,0,,,,0,0,0,0,0,0,0,,0,0,0,0,,0,0,,0,0,0,0,0,0,0,0,0,0,11.2,17.2
00-0027733,K.Chancellor,Kam Chancellor,DB,DB,"https://static.www.nfl.com/image/private/f_auto,q_auto/league/ikz4btwsjxsvakyysfqp",2017,REG,SEA,9,0,0,0,0,0,0,0,0,0,0,0,0,,,0,,0,0,0,0,0,0,0,0,0,0,,0,0,0,0,0,0,0,0,0,0,0,0,0,0,,0,0,0,0,0,,0,0,0,0,31,3,15,2,2,1,0,0,0,0,0,2,0,0,1,0,0,0,0,0,0,0,0,0,0,0,0,0,0,0,0,0,0,0,0,0,,,0,0,0,0,0,0,0,0,0,0,0,0,,,,0,0,0,0,0,0,0,,0,0,0,0,,0,0,,0,0,0,0,0,0,0,0,0,0,0,0
00-0027743,S.McManis,Sherrick McManis,DB,DB,"https://static.www.nfl.com/image/private/f_auto,q_auto/league/btf33jteyvknqo0djxtm",2017,REG,CHI,8,0,0,0,0,0,0,0,0,0,0,0,0,,,0,,0,0,0,0,0,0,0,0,0,0,,0,0,0,0,0,0,0,0,0,0,0,0,0,0,,0,0,0,0,0,,0,0,0,0,8,0,5,0,0,0,0,0,0,0,0,0,0,0,0,0,0,0,1,0,0,2,10,0,0,0,0,0,0,0,0,0,0,0,0,0,,,0,0,0,0,0,0,0,0,0,0,0,0,,,,0,0,0,0,0,0,0,,0,0,0,0,,0,0,,0,0,0,0,0,0,0,0,0,0,0,0
00-0027744,N.Carroll,Nolan Carroll,CB,DB,"https://static.www.nfl.com/image/private/f_auto,q_auto/league/ug3srjuwzoktj6rnbtgr",2017,REG,DAL,2,0,0,0,0,0,0,0,0,0,0,0,0,,,0,,0,0,0,0,0,0,0,0,0,0,,0,0,0,0,0,0,0,0,0,0,0,0,0,0,,0,0,0,0,0,,0,0,0,0,5,0,0,0,0,0,0,0,0,0,0,0,0,0,0,0,0,0,0,0,0,0,0,0,0,0,0,0,0,0,0,0,0,0,0,0,,,0,0,0,0,0,0,0,0,0,0,0,0,,,,0,0,0,0,0,0,0,,0,0,0,0,,0,0,,0,0,0,0,0,0,0,0,0,0,0,0
00-0027745,C.Thomas,Cam Thomas,DT,DL,"https://static.www.nfl.com/image/private/f_auto,q_auto/league/fyzxnsiqgjrw6tzj3szt",2017,REG,KC,1,0,0,0,0,0,0,0,0,0,0,0,0,,,0,,0,0,0,0,0,0,0,0,0,0,,0,0,0,0,0,0,0,0,0,0,0,0,0,0,,0,0,0,0,0,,0,0,0,0,0,1,0,0,0,0,0,0,0,0,0,1,0,0,0,0,0,0,0,0,0,0,0,0,0,0,0,0,0,0,0,0,0,0,0,0,,,0,0,0,0,0,0,0,0,0,0,0,0,,,,0,0,0,0,0,0,0,,0,0,0,0,,0,0,,0,0,0,0,0,0,0,0,0,0,0,0
00-0027762,R.Jones,Reshad Jones,FS,DB,"https://static.www.nfl.com/image/private/f_auto,q_auto/league/cjk7skpbhcjevd8cbww8",2017,REG,MIA,16,0,0,0,0,0,0,0,0,0,0,0,0,,,0,,0,0,0,0,0,0,0,0,0,0,,0,0,0,0,0,0,0,0,0,0,0,0,0,0,,0,0,0,0,0,,0,0,0,0,87,7,28,6,12,0,1.5,4.5,1,2,15,5,0,0,0,0,0,0,3,52,2,4,33,0,0,0,0,0,0,0,0,0,0,0,0,0,,,0,0,0,0,0,0,0,0,0,0,0,0,,,,0,0,0,0,0,0,0,,0,0,0,0,,0,0,,0,0,0,0,0,0,0,0,0,0,0,0
00-0027768,M.Newhouse,Marshall Newhouse,G,OL,"https://static.www.nfl.com/image/private/f_auto,q_auto/league/yl1lyj7cwjjye8lkfrkk",2017,REG,LV,5,0,0,0,0,0,0,0,0,0,0,0,0,,,0,,0,0,0,0,0,0,0,0,0,0,,0,0,0,0,0,0,0,0,0,0,0,0,0,0,,0,0,0,0,0,,0,0,0,0,0,0,0,0,0,0,0,0,0,0,0,0,0,0,0,0,1,0,0,0,0,4,25,1,0,0,1,1,0,0,0,0,0,0,0,0,,,0,0,0,0,0,0,0,0,0,0,0,0,,,,0,0,0,0,0,0,0,,0,0,0,0,,0,0,,0,0,0,0,0,0,0,0,0,0,0,0
00-0027777,A.Moats,Arthur Moats,DE,DL,"https://static.www.nfl.com/image/private/f_auto,q_auto/league/e8poi1eiwekisknibttd",2017,REG,PIT,5,0,0,0,0,0,0,0,0,0,0,0,0,,,0,,0,0,0,0,0,0,0,0,0,0,,0,0,0,0,0,0,0,0,0,0,0,0,0,0,,0,0,0,0,0,,0,0,0,0,6,0,2,0,0,0,0,0,0,0,0,0,0,0,0,0,0,0,0,0,0,0,0,0,0,0,0,0,0,0,0,0,0,0,0,0,,,0,0,0,0,0,0,0,0,0,0,0,0,,,,0,0,0,0,0,0,0,,0,0,0,0,,0,0,,0,0,0,0,0,0,0,0,0,0,0,0
00-0027778,S.Young,Sam Young,OT,OL,"https://static.www.nfl.com/image/private/f_auto,q_auto/league/iya8ffexyfuj500erkvs",2017,REG,MIA,3,0,0,0,0,0,0,0,0,0,0,0,0,,,0,,0,0,0,0,0,0,0,0,0,0,,0,0,0,0,0,0,0,0,0,0,0,0,0,0,,0,0,0,0,0,,0,0,0,0,0,0,0,0,0,0,0,0,0,0,0,0,0,0,0,0,0,0,0,0,0,4,30,0,0,0,0,0,0,0,0,0,0,0,0,0,,,0,0,0,0,0,0,0,0,0,0,0,0,,,,0,0,0,0,0,0,0,,0,0,0,0,,0,0,,0,0,0,0,0,0,0,0,0,0,0,0
00-0027793,A.Brown,Antonio Brown,WR,WR,"https://static.www.nfl.com/image/private/f_auto,q_auto/league/ecxsx9t7bfg42bgfwj3v",2017,REG,PIT,14,0,0,0,0,0,0,0,0,0,0,0,0,,,0,,0,0,0,0,0,0,0,0,0,0,,0,0,0,0,0,101,163,1533,9,3,0,2187,481,71,42.9175948138035,1,63,35,27,7,0.700960219478738,0.278632478632479,0.417127598703033,0.709938037040841,0,0,0,0,0,0,0,0,0,0,0,0,0,0,1,0,0,1,0,0,0,0,7,60,3,1,2,4,0,11,61,0,0,0,0,0,0,,,0,0,0,0,0,0,0,0,0,0,0,0,,,,0,0,0,0,0,0,0,,0,0,0,0,,0,0,,0,0,0,0,0,0,0,0,0,0,209.3,310.3
00-0027796,J.Webb,Joe Webb,QB,QB,"https://static.www.nfl.com/image/private/f_auto,q_auto/league/hjieero9ugbyu7n1629h",2017,REG,BUF,9,2,7,35,0,1,0,0,0,0,112,3,1,-5.235481272568,-25.2996329750334,0,0.3125,1,1,1,0,8,54,0,0,0,4,5.5604426577338,0,2,2,1,0,0,0,0,0,0,0,0,0,0,,0,0,0,0,0,,0,0,0,0,4,0,4,0,0,0,0,0,0,0,0,0,0,0,0,0,0,0,0,0,0,1,5,0,0,0,0,0,0,0,0,0,0,0,0,0,,,0,0,0,0,0,0,0,0,0,0,0,0,,,,0,0,0,0,0,0,0,,0,0,0,0,,0,0,,0,0,0,0,0,0,0,0,0,0,4.8,4.8
00-0027808,W.Young,Willie Young,OLB,LB,"https://static.www.nfl.com/image/private/f_auto,q_auto/league/lqnt5tua9ci2icpli8kg",2017,REG,CHI,4,0,0,0,0,0,0,0,0,0,0,0,0,,,0,,0,0,0,0,0,0,0,0,0,0,,0,0,0,0,0,0,0,0,0,0,0,0,0,0,,0,0,0,0,0,,0,0,0,0,4,0,3,2,13,0,2,13,4,0,0,0,0,0,0,0,0,0,0,0,0,1,2,0,0,0,0,0,0,0,0,0,0,0,0,0,,,0,0,0,0,0,0,0,0,0,0,0,0,,,,0,0,0,0,0,0,0,,0,0,0,0,,0,0,,0,0,0,0,0,0,0,0,0,0,0,0
00-0027812,D.Watson,Dekoda Watson,LB,LB,"https://static.www.nfl.com/image/private/f_auto,q_auto/league/gvc93fvk7g9990tigdyo",2017,REG,SF,6,0,0,0,0,0,0,0,0,0,0,0,0,,,0,,0,0,0,0,0,0,0,0,0,0,,0,0,0,0,0,0,0,0,0,0,0,0,0,0,,0,0,0,0,0,,0,0,0,0,6,0,2,0,0,0,0,0,0,0,0,0,0,0,0,0,0,0,0,0,0,1,5,0,0,0,0,0,0,0,0,0,0,0,0,0,,,0,0,0,0,0,0,0,0,0,0,0,0,,,,0,0,0,0,0,0,0,,0,0,0,0,,0,0,,0,0,0,0,0,0,0,0,0,0,0,0
00-0027835,K.Coleman,Kurt Coleman,S,DB,"https://static.www.nfl.com/image/private/f_auto,q_auto/league/hajqjgwcavi9umc2226x",2017,REG,CAR,12,0,0,0,0,0,0,0,0,0,0,0,0,,,0,,0,0,0,0,0,0,0,0,0,0,,0,0,0,0,0,0,0,0,0,0,0,0,0,0,,0,0,0,0,0,,0,0,0,0,50,1,25,2,4,0,0,0,0,0,0,3,0,0,0,0,0,0,1,0,0,1,5,0,0,0,0,0,0,0,0,0,0,0,0,0,,,0,0,0,0,0,0,0,0,0,0,0,0,,,,0,0,0,0,0,0,0,,0,0,0,0,,0,0,,0,0,0,0,0,0,0,0,0,0,0,0
00-0027840,R.McClain,Robert McClain,DB,DB,"https://static.www.nfl.com/image/private/f_auto,q_auto/league/ow1utuzpcztztoownywj",2017,REG,TB,14,0,0,0,0,0,0,0,0,0,0,0,0,,,0,,0,0,0,0,0,0,0,0,0,0,,0,0,0,0,0,0,0,0,0,0,0,0,0,0,,0,0,0,0,0,,0,0,0,0,37,4,9,2,3,0,0,0,0,3,53,5,1,0,0,0,0,0,0,0,0,4,48,0,0,0,0,0,0,0,0,0,0,0,0,0,,,0,0,0,0,0,0,0,0,0,0,0,0,,,,0,0,0,0,0,0,0,,0,0,0,0,,0,0,,0,0,0,0,0,0,0,0,0,0,0,0
00-0027854,S.Bradford,Sam Bradford,QB,QB,"https://static.www.nfl.com/image/private/f_auto,q_auto/league/fizwrxzfdaw7v2vzzpn6",2017,REG,MIN,2,32,43,382,3,0,5,-40,0,0,359,149,17,13.0149055075535,10.8658482862073,0,1.06406685236769,15,9,8,1,2,-3,0,0,0,0,-4.12086771317991,0,0,0,0,0,0,0,0,0,0,0,0,0,0,,0,0,0,0,0,,0,0,0,0,0,0,0,0,0,0,0,0,0,0,0,0,0,0,0,0,0,0,0,0,0,0,0,0,0,0,0,0,0,0,0,0,0,0,0,0,,,0,0,0,0,0,0,0,0,0,0,0,0,,,,0,0,0,0,0,0,0,,0,0,0,0,,0,0,,0,0,0,0,0,0,0,0,0,0,26.98,26.98
00-0027855,N.Suh,Ndamukong Suh,NT,DL,"https://static.www.nfl.com/image/private/f_auto,q_auto/league/amvgudlseikg7eq0nn9d",2017,REG,MIA,16,0,0,0,0,0,0,0,0,0,0,0,0,,,0,,0,0,0,0,0,0,0,0,0,0,,0,0,0,0,0,0,0,0,0,0,0,0,0,0,,0,0,0,0,0,,0,0,0,0,23,6,19,6,15,2,4.5,17,12,0,0,2,0,0,0,0,0,0,0,0,0,7,61,0,0,0,0,0,0,0,0,0,0,0,0,0,,,0,0,0,0,0,0,0,0,0,0,0,0,,,,0,0,0,0,0,0,0,,0,0,0,0,,0,0,,0,0,0,0,0,0,0,0,0,0,0,0
00-0027856,G.McCoy,Gerald McCoy,DT,DL,"https://static.www.nfl.com/image/private/f_auto,q_auto/league/bcmgbdrylurlh6qretce",2017,REG,TB,14,0,0,0,0,0,0,0,0,0,0,0,0,,,0,,0,0,0,0,0,0,0,0,0,0,,0,0,0,0,0,0,0,0,0,0,0,0,0,0,,0,0,0,0,0,,0,0,0,0,26,7,14,9,52,0,6,34,24,0,0,1,0,0,0,0,0,0,0,0,0,1,5,0,0,0,0,0,0,0,0,0,0,0,0,0,,,0,0,0,0,0,0,0,0,0,0,0,0,,,,0,0,0,0,0,0,0,,0,0,0,0,,0,0,,0,0,0,0,0,0,0,0,0,0,0,0
00-0027857,T.Williams,Trent Williams,OT,OL,"https://static.www.nfl.com/image/upload/f_auto,q_auto/league/z3rgsbkzy0sripzunidx",2017,REG,WAS,5,0,0,0,0,0,0,0,0,0,0,0,0,,,0,,0,0,0,0,0,0,0,0,0,0,,0,0,0,0,0,0,0,0,0,0,0,0,0,0,,0,0,0,0,0,,0,0,0,0,2,0,0,0,0,0,0,0,0,0,0,0,0,0,0,0,1,0,0,0,0,3,25,0,0,0,0,0,0,0,0,0,0,0,0,0,,,0,0,0,0,0,0,0,0,0,0,0,0,,,,0,0,0,0,0,0,0,,0,0,0,0,,0,0,,0,0,0,0,0,0,0,0,0,0,0,0
00-0027858,E.Berry,Eric Berry,DB,DB,"https://static.www.nfl.com/image/private/f_auto,q_auto/league/ddeux7sivoroljriypwa",2017,REG,KC,1,0,0,0,0,0,0,0,0,0,0,0,0,,,0,,0,0,0,0,0,0,0,0,0,0,,0,0,0,0,0,0,0,0,0,0,0,0,0,0,,0,0,0,0,0,,0,0,0,0,3,1,3,0,0,0,0,0,0,0,0,0,0,0,0,0,0,0,0,0,0,0,0,0,0,0,0,0,0,0,0,0,0,0,0,0,,,0,0,0,0,0,0,0,0,0,0,0,0,,,,0,0,0,0,0,0,0,,0,0,0,0,,0,0,,0,0,0,0,0,0,0,0,0,0,0,0
00-0027859,R.Okung,Russell Okung,OT,OL,"https://static.www.nfl.com/image/private/f_auto,q_auto/league/aegce342iuqxpfirhzxg",2017,REG,LAC,4,0,0,0,0,0,0,0,0,0,0,0,0,,,0,,0,0,0,0,0,0,0,0,0,0,,0,0,0,0,0,0,0,0,0,0,0,0,0,0,,0,0,0,0,0,,0,0,0,0,0,0,0,0,0,0,0,0,0,0,0,0,0,0,0,0,1,0,0,0,0,4,40,0,0,0,0,0,0,0,0,0,0,0,0,0,,,0,0,0,0,0,0,0,0,0,0,0,0,,,,0,0,0,0,0,0,0,,0,0,0,0,,0,0,,0,0,0,0,0,0,0,0,0,0,0,0
00-0027860,J.Haden,Joe Haden,CB,DB,"https://static.www.nfl.com/image/private/f_auto,q_auto/league/caumqxwppfoakjvpqxej",2017,REG,PIT,10,0,0,0,0,0,0,0,0,0,0,0,0,,,0,,0,0,0,0,0,0,0,0,0,0,,0,0,0,0,0,0,0,0,0,0,0,0,0,0,,0,0,0,0,0,,0,0,0,0,18,0,2,1,3,0,1,3,1,1,1,7,0,0,0,20,0,0,0,0,0,3,14,0,0,0,0,0,0,0,0,0,0,0,0,0,,,0,0,0,0,0,0,0,0,0,0,0,0,,,,0,0,0,0,0,0,0,,0,0,0,0,,0,0,,0,0,0,0,0,0,0,0,0,0,0,0
00-0027861,C.Spiller,C.J. Spiller,RB,RB,"https://static.www.nfl.com/image/private/f_auto,q_auto/league/jqbnrdpq9c2nbchzntxt",2017,REG,KC,1,0,0,0,0,0,0,0,0,0,0,0,0,,,0,,0,0,0,0,2,0,0,0,0,0,-1.30428124964237,0,0,0,0,0,0,2,0,0,0,0,2,0,0,-2.81510488544933,0,0,0,0,0,0,0.00378787878787879,0.000476417341591234,0.00601531032093205,0,0,0,0,0,0,0,0,0,0,0,0,0,0,0,0,0,0,0,0,0,0,0,0,0,0,0,0,0,0,0,0,0,0,0,0,0,,,0,0,0,0,0,0,0,0,0,0,0,0,,,,0,0,0,0,0,0,0,,0,0,0,0,,0,0,,0,0,0,0,0,0,0,0,0,0,0,0
00-0027862,T.Alualu,Tyson Alualu,DE,DL,"https://static.www.nfl.com/image/private/f_auto,q_auto/league/wz7lyukjawvr7xfdszmb",2017,REG,PIT,13,0,0,0,0,0,0,0,0,0,0,0,0,,,0,,0,0,0,0,0,0,0,0,0,0,,0,0,0,0,0,0,0,0,0,0,0,0,0,0,,0,0,0,0,0,,0,0,0,0,18,7,14,4,27,0,4,27,6,0,0,1,0,0,0,0,0,0,0,0,0,0,0,0,0,0,0,0,0,0,0,0,0,0,0,0,,,0,0,0,0,0,0,0,0,0,0,0,0,,,,0,0,0,0,0,0,0,,0,0,0,0,,0,0,,0,0,0,0,0,0,0,0,0,0,0,0
00-0027865,B.Graham,Brandon Graham,DE,DL,"https://static.www.nfl.com/image/upload/f_auto,q_auto/league/e6iqegrredwqev7qx81m",2017,REG,PHI,15,0,0,0,0,0,0,0,0,0,0,0,0,,,0,,0,0,0,0,0,0,0,0,0,0,,0,0,0,0,0,0,0,0,0,0,0,0,0,0,,0,0,0,0,0,,0,0,0,0,30,2,14,14,61,2,9.5,67.5,14,0,0,2,0,0,0,0,0,0,1,16,1,5,45,0,0,0,0,0,0,0,0,0,0,0,0,0,,,0,0,0,0,0,0,0,0,0,0,0,0,,,,0,0,0,0,0,0,0,,0,0,0,0,,0,0,,0,0,0,0,0,0,0,0,0,0,0,0
00-0027866,E.Thomas,Earl Thomas,FS,DB,"https://static.www.nfl.com/image/private/f_auto,q_auto/league/zqeizl8cu6rbtyjwbjka",2017,REG,SEA,14,0,0,0,0,0,0,0,0,0,0,0,0,,,0,,0,0,0,0,0,0,0,0,0,0,,0,0,0,0,0,0,0,0,0,0,0,0,0,0,,0,0,0,0,0,,0,0,0,0,54,2,32,1,5,1,0,0,0,2,97,7,1,0,0,0,0,0,0,0,0,1,15,0,0,0,0,0,0,0,0,0,0,0,0,0,,,0,0,0,0,0,0,0,0,0,0,0,0,,,,0,0,0,0,0,0,0,,0,0,0,0,,0,0,,0,0,0,0,0,0,0,0,0,0,0,0
00-0027867,J.Pierre-Paul,Jason Pierre-Paul,DE,DL,"https://static.www.nfl.com/image/private/f_auto,q_auto/league/pwl0fkpfwut1rizcarub",2017,REG,NYG,16,0,0,0,0,0,0,0,0,0,0,0,0,,,0,,0,0,0,0,0,0,0,0,0,0,,0,0,0,0,0,0,0,0,0,0,0,0,0,0,,0,0,0,0,0,,0,0,0,0,33,14,20,11,53,2,8.5,48.5,13,0,0,5,0,0,0,0,0,0,0,0,0,5,22,0,0,0,0,0,0,0,0,0,0,0,0,0,,,0,0,0,0,0,0,0,0,0,0,0,0,,,,0,0,0,0,0,0,0,,0,0,0,0,,0,0,,0,0,0,0,0,0,0,0,0,0,0,0
00-0027868,D.Morgan,Derrick Morgan,OLB,LB,"https://static.www.nfl.com/image/private/f_auto,q_auto/league/gmzk2voolvuwgcbwc4ov",2017,REG,TEN,14,0,0,0,0,0,0,0,0,0,0,0,0,,,0,,0,0,0,0,0,0,0,0,0,0,,0,0,0,0,0,0,0,0,0,0,0,0,0,0,,0,0,0,0,0,,0,0,0,0,16,0,16,6,33,0,7.5,54,14,0,0,2,0,0,0,0,0,0,2,0,0,1,5,0,0,0,0,0,0,0,0,0,0,0,0,0,,,0,0,0,0,0,0,0,0,0,0,0,0,,,,0,0,0,0,0,0,0,,0,0,0,0,,0,0,,0,0,0,0,0,0,0,0,0,0,0,0
00-0027869,M.Iupati,Mike Iupati,G,OL,"https://static.www.nfl.com/image/private/f_auto,q_auto/league/g86wdftsz8refubqztyk",2017,REG,ARI,1,0,0,0,0,0,0,0,0,0,0,0,0,,,0,,0,0,0,0,0,0,0,0,0,0,,0,0,0,0,0,0,0,0,0,0,0,0,0,0,,0,0,0,0,0,,0,0,0,0,0,0,0,0,0,0,0,0,0,0,0,0,0,0,0,0,0,0,0,0,0,2,25,0,0,0,0,0,0,0,0,0,0,0,0,0,,,0,0,0,0,0,0,0,0,0,0,0,0,,,,0,0,0,0,0,0,0,,0,0,0,0,,0,0,,0,0,0,0,0,0,0,0,0,0,0,0
00-0027870,M.Pouncey,Maurkice Pouncey,C,OL,"https://static.www.nfl.com/image/private/f_auto,q_auto/league/tmwaifzvklcmjs4ubrgo",2017,REG,PIT,3,0,0,0,0,0,0,0,0,0,0,0,0,,,0,,0,0,0,0,0,0,0,0,0,0,,0,0,0,0,0,0,0,0,0,0,0,0,0,0,,0,0,0,0,0,,0,0,0,0,0,0,0,0,0,0,0,0,0,0,0,0,0,0,0,0,0,0,0,0,0,3,30,0,0,0,0,0,0,0,0,0,0,0,0,0,,,0,0,0,0,0,0,0,0,0,0,0,0,,,,0,0,0,0,0,0,0,,0,0,0,0,,0,0,,0,0,0,0,0,0,0,0,0,0,0,0
00-0027871,S.Weatherspoon,Sean Weatherspoon,LB,LB,"https://static.www.nfl.com/image/private/f_auto,q_auto/league/sijnwwbaybhvcyokvpup",2017,REG,ATL,1,0,0,0,0,0,0,0,0,0,0,0,0,,,0,,0,0,0,0,0,0,0,0,0,0,,0,0,0,0,0,0,0,0,0,0,0,0,0,0,,0,0,0,0,0,,0,0,0,0,1,0,0,0,0,0,0,0,0,0,0,0,0,0,0,0,0,0,0,0,0,0,0,0,0,0,0,0,0,0,0,0,0,0,0,0,,,0,0,0,0,0,0,0,0,0,0,0,0,,,,0,0,0,0,0,0,0,,0,0,0,0,,0,0,,0,0,0,0,0,0,0,0,0,0,0,0
00-0027872,K.Jackson,Kareem Jackson,S,DB,"https://static.www.nfl.com/image/upload/f_auto,q_auto/league/vzmcqsvgotnfsmmzgtwa",2017,REG,HOU,16,0,0,0,0,0,0,0,0,0,0,0,0,,,0,,0,0,0,0,0,0,0,0,0,0,,0,0,0,0,0,0,0,0,0,0,0,0,0,0,,0,0,0,0,0,,0,0,0,0,49,5,19,4,13,1,1,4,2,1,2,10,0,0,0,0,0,0,0,0,0,5,41,0,0,0,0,0,0,0,0,0,0,0,0,0,,,0,0,0,0,0,0,0,0,0,0,0,0,,,,0,0,0,0,0,0,0,,0,0,0,0,,0,0,,0,0,0,0,0,0,0,0,0,0,0,0
00-0027873,J.Gresham,Jermaine Gresham,TE,TE,"https://static.www.nfl.com/image/private/f_auto,q_auto/league/higvmot083ues41wbdgi",2017,REG,ARI,14,0,0,0,0,0,0,0,0,0,0,0,0,,,0,,0,0,0,0,0,0,0,0,0,0,,0,0,0,0,0,33,46,322,2,0,0,296,136,17,1.14595991977851,0,16,6,3,0,1.08783783783784,0.0777027027027027,0.0509729636645428,0.152235128619234,0,1,0,0,0,0,0,0,0,0,0,0,0,0,0,0,0,0,0,0,0,0,10,80,0,0,0,0,0,0,0,0,0,0,0,0,0,,,0,0,0,0,0,0,0,0,0,0,0,0,,,,0,0,0,0,0,0,0,,0,0,0,0,,0,0,,0,0,0,0,0,0,0,0,0,0,44.2,77.2
00-0027874,D. Thomas,Demaryius Thomas,WR,WR,"https://static.www.nfl.com/image/private/f_auto,q_auto/league/p1yjsqtqimjd6iazu3h9",2017,REG,DEN,16,0,0,0,0,0,0,0,0,0,0,0,0,,,0,,0,0,0,0,0,0,0,0,0,0,,0,0,0,0,0,83,140,949,5,1,1,1462,299,53,-11.9427258574273,0,43,19,15,1,0.649110807113543,0.254083484573503,0.307854285112655,0.596623226439113,0,1,0,0,0,0,0,0,0,0,0,0,0,0,0,0,0,0,0,0,0,0,3,20,1,0,0,1,1,0,0,0,0,0,0,0,0,,,0,0,0,0,0,0,0,0,0,0,0,0,,,,0,0,0,0,0,0,0,,0,0,0,0,,0,0,,0,0,0,0,0,0,0,0,0,0,122.9,205.9
00-0027875,B.Bulaga,Bryan Bulaga,OT,OL,"https://static.www.nfl.com/image/private/f_auto,q_auto/league/hwbsruftotkdlthpwnp5",2017,REG,GB,1,0,0,0,0,0,0,0,0,0,0,0,0,,,0,,0,0,0,0,0,0,0,0,0,0,,0,0,0,0,0,0,0,0,0,0,0,0,0,0,,0,0,0,0,0,,0,0,0,0,0,0,0,0,0,0,0,0,0,0,0,0,0,0,0,0,0,0,0,0,0,1,5,0,0,0,0,0,0,0,0,0,0,0,0,0,,,0,0,0,0,0,0,0,0,0,0,0,0,,,,0,0,0,0,0,0,0,,0,0,0,0,,0,0,,0,0,0,0,0,0,0,0,0,0,0,0
00-0027881,J.Hughes,Jerry Hughes,DE,DL,"https://static.www.nfl.com/image/upload/f_auto,q_auto/league/holacsltnj1mvxkeqgp0",2017,REG,BUF,15,0,0,0,0,0,0,0,0,0,0,0,0,,,0,,0,0,0,0,0,0,0,0,0,0,,0,0,0,0,0,0,0,0,0,0,0,0,0,0,,0,0,0,0,0,,0,0,0,0,25,3,16,10,48,1,4,24,11,0,0,0,0,0,0,0,0,0,0,0,0,6,68,0,0,0,0,0,0,0,0,0,0,0,0,0,,,0,0,0,0,0,0,0,0,0,0,0,0,,,,0,0,0,0,0,0,0,,0,0,0,0,,0,0,,0,0,0,0,0,0,0,0,0,0,0,0
00-0027882,P.Robinson,Patrick Robinson,CB,DB,"https://static.www.nfl.com/image/private/f_auto,q_auto/league/k3sqcnehnthxyqqpjzi2",2017,REG,PHI,16,0,0,0,0,0,0,0,0,0,0,0,0,,,0,,0,0,0,0,0,0,0,0,0,0,,0,0,0,0,0,0,0,0,0,0,0,0,0,0,,0,0,0,0,0,,0,0,0,0,37,2,8,3,7,0,1,0,0,4,36,18,0,0,0,0,1,0,0,0,0,3,21,0,0,0,0,0,0,0,0,0,0,0,0,0,,,0,0,0,0,0,0,0,0,0,0,0,0,,,,0,0,0,0,0,0,0,,0,0,0,0,,0,0,,0,0,0,0,0,0,0,0,0,0,0,0
00-0027885,L.Joseph,Linval Joseph,DT,DL,"https://static.www.nfl.com/image/upload/f_auto,q_auto/league/xm9kvvx4uujqqjkqxngq",2017,REG,MIN,16,0,0,0,0,0,0,0,0,0,0,0,0,,,0,,0,0,0,0,0,0,0,0,0,0,,0,0,0,0,0,0,0,0,0,0,0,0,0,0,,0,0,0,0,0,,0,0,0,0,38,2,28,5,25,0,3.5,23.5,10,0,0,0,0,0,0,0,0,0,1,0,0,4,39,0,0,0,0,0,0,0,0,0,0,0,0,0,,,0,0,0,0,0,0,0,0,0,0,0,0,,,,0,0,0,0,0,0,0,,0,0,0,0,,0,0,,0,0,0,0,0,0,0,0,0,0,0,0
00-0027891,G.Tate,Golden Tate,WR,WR,"https://static.www.nfl.com/image/private/f_auto,q_auto/league/yfqebrp2o9t1gt1wqjku",2017,REG,DET,16,0,0,0,0,0,0,0,0,0,0,0,0,1.053,,1,,0,0,0,0,5,22,0,0,0,1,-1.10187041724566,0,1,0,0,0,92,120,1003,5,1,1,716,613,44,12.5821351630415,0,41,21,10,3,1.40083798882682,0.212389380530973,0.156983117737338,0.428472253212597,0,2,0,0,0,0,0,0,0,0,0,0,0,0,0,0,0,0,0,0,0,0,1,10,0,1,0,1,1,2,23,2,0,0,0,0,0,,,0,0,0,0,0,0,0,0,0,0,0,0,,,,0,0,0,0,0,0,0,,0,0,0,0,,0,0,,0,0,0,0,0,0,0,0,0,0,132.5,224.5
00-0027894,N.Bowman,NaVorro Bowman,MLB,LB,"https://static.www.nfl.com/image/private/f_auto,q_auto/league/yss1d5mc46wcpqm4wcmh",2017,REG,LV,15,0,0,0,0,0,0,0,0,0,0,0,0,,,0,,0,0,0,0,0,0,0,0,0,0,,0,0,0,0,0,0,0,0,0,0,0,0,0,0,,0,0,0,0,0,,0,0,0,0,63,17,46,5,11,0,1.5,7.5,5,1,0,3,0,0,0,0,0,0,1,1,0,3,10,0,0,0,0,0,0,0,0,0,0,0,0,0,,,0,0,0,0,0,0,0,0,0,0,0,0,,,,0,0,0,0,0,0,0,,0,0,0,0,,0,0,,0,0,0,0,0,0,0,0,0,0,0,0
00-0027902,D.Bryant,Dez Bryant,WR,WR,"https://static.www.nfl.com/image/private/f_auto,q_auto/league/gvepdqkr998dbgfawn7e",2017,REG,DAL,16,0,0,0,0,0,0,0,0,0,0,0,0,,,0,,0,0,0,0,1,-4,0,0,0,0,-1.10098128998652,0,0,0,0,0,69,132,838,6,1,1,1534,266,44,-10.8097489879054,0,38,16,8,2,0.546284224250326,0.272164948453608,0.389043875221912,0.680578135335751,0,2,0,0,0,0,0,0,0,0,0,0,0,0,0,0,0,0,0,0,0,0,1,10,1,0,0,1,1,0,0,0,0,0,0,0,0,,,0,0,0,0,0,0,0,0,0,0,0,0,,,,0,0,0,0,0,0,0,,0,0,0,0,,0,0,,0,0,0,0,0,0,0,0,0,0,117.4,186.4
00-0027914,A.Sendejo,Andrew Sendejo,FS,DB,"https://static.www.nfl.com/image/private/f_auto,q_auto/league/siupf4yvtt6m2vo8eed9",2017,REG,MIN,13,0,0,0,0,0,0,0,0,0,0,0,0,,,0,,0,0,0,0,0,0,0,0,0,0,,0,0,0,0,0,0,0,0,0,0,0,0,0,0,,0,0,0,0,0,,0,0,0,0,52,2,26,1,2,0,0,0,0,2,70,7,0,0,0,0,0,0,0,0,0,1,18,0,0,0,0,0,0,0,0,0,0,0,0,0,,,0,0,0,0,0,0,0,0,0,0,0,0,,,,0,0,0,0,0,0,0,,0,0,0,0,,0,0,,0,0,0,0,0,0,0,0,0,0,0,0
00-0027925,J.Develin,James Develin,FB,RB,"https://static.www.nfl.com/image/private/f_auto,q_auto/league/ryhocvpml27otxnncc2h",2017,REG,NE,8,0,0,0,0,0,0,0,0,0,0,0,0,,,0,,0,0,0,0,0,0,0,0,0,0,,0,0,0,0,0,6,10,38,0,0,0,19,26,3,-0.145807269087527,0,1,0,0,0,2,0.0171232876712329,0.00354742345033607,0.0281681279220846,0,1,0,0,0,0,0,0,0,0,0,0,0,0,0,0,0,0,0,0,0,0,0,0,0,0,0,0,0,0,0,0,0,0,0,0,0,,,0,0,0,0,0,0,0,0,0,0,0,0,,,,0,0,0,0,0,0,0,,0,0,0,0,,0,0,,0,0,0,0,0,0,0,0,0,0,3.8,9.8
00-0027939,C.Newton,Cam Newton,QB,QB,"https://static.www.nfl.com/image/private/f_auto,q_auto/league/zwmgw2gmnn2kch4nquft",2017,REG,CAR,16,291,492,3302,22,16,35,-242,3,0,4150,1617,166,-4.06360970145148,-2.32102005254655,0,0.79566265060241,144,70,46,5,139,754,6,6,1,46,11.831064734844,1,20,15,5,2,0,0,0,0,0,0,0,0,0,,0,0,0,0,0,,0,0,0,0,1,0,1,0,0,0,0,0,0,0,0,0,0,0,0,0,3,-17,0,0,0,3,15,3,6,0,9,1,0,0,0,0,0,0,0,0,,,0,0,0,0,0,0,0,0,0,0,0,0,,,,0,0,0,0,0,0,0,,0,0,0,0,,0,0,,0,0,0,0,0,0,0,0,0,0,299.48,299.48
00-0027940,V.Miller,Von Miller,OLB,LB,"https://static.www.nfl.com/image/upload/f_auto,q_auto/league/cqkgo6uw5ha7bjajkewf",2017,REG,DEN,16,0,0,0,0,0,0,0,0,0,0,0,0,,,0,,0,0,0,0,0,0,0,0,0,0,,0,0,0,0,0,0,0,0,0,0,0,0,0,0,,0,0,0,0,0,,0,0,0,0,48,3,6,17,81,2,10,64.5,23,0,0,3,0,0,0,0,0,0,1,0,0,8,60,0,0,0,0,0,0,0,0,0,0,0,0,0,,,0,0,0,0,0,0,0,0,0,0,0,0,,,,0,0,0,0,0,0,0,,0,0,0,0,,0,0,,0,0,0,0,0,0,0,0,0,0,0,0
00-0027941,M.Dareus,Marcell Dareus,DT,DL,"https://static.www.nfl.com/image/private/f_auto,q_auto/league/q7d6a77ea6egfriqkmbn",2017,REG,JAX,11,0,0,0,0,0,0,0,0,0,0,0,0,,,0,,0,0,0,0,0,0,0,0,0,0,,0,0,0,0,0,0,0,0,0,0,0,0,0,0,,0,0,0,0,0,,0,0,0,0,19,3,6,3,11,0,2,9,3,0,0,0,0,0,0,0,0,0,0,0,0,1,5,0,0,0,0,0,0,0,0,0,0,0,0,0,,,0,0,0,0,0,0,0,0,0,0,0,0,,,,0,0,0,0,0,0,0,,0,0,0,0,,0,0,,0,0,0,0,0,0,0,0,0,0,0,0
00-0027942,A.Green,A.J. Green,WR,WR,"https://static.www.nfl.com/image/private/f_auto,q_auto/league/guj5a9vnnzqfiljupzuj",2017,REG,CIN,16,0,0,0,0,0,0,0,0,0,0,0,0,,,0,,0,0,0,0,0,0,0,0,0,0,,0,0,0,0,0,75,143,1078,8,2,2,1873,297,55,5.74616123308328,0,50,22,9,4,0.575547250400427,0.293032786885246,0.449268409690573,0.75403706711127,0,0,0,1,0,0,0,0,0,0,0,0,1,0,0,0,0,0,0,0,0,0,4,35,2,0,0,2,2,0,0,0,0,0,0,0,0,,,0,0,0,0,0,0,0,0,0,0,0,0,,,,0,0,0,0,0,0,0,,0,0,0,0,,0,0,,0,0,0,0,0,0,0,0,0,0,151.8,226.8
00-0027943,P.Peterson,Patrick Peterson,CB,DB,"https://static.www.nfl.com/image/private/f_auto,q_auto/league/hefuj7lvfmgvr4tme7te",2017,REG,ARI,16,0,0,0,0,0,0,0,0,0,0,0,0,,,0,,0,0,0,0,0,0,0,0,0,0,,0,0,0,0,0,0,0,0,0,0,0,0,0,0,,0,0,0,0,0,,0,0,0,0,30,0,4,0,0,0,0,0,0,1,22,8,0,0,0,0,0,0,1,47,0,7,36,0,0,0,0,0,13,88,0,0,0,0,0,0,,,0,0,0,0,0,0,0,0,0,0,0,0,,,,0,0,0,0,0,0,0,,0,0,0,0,,0,0,,0,0,0,0,0,0,0,0,0,0,0,0
00-0027944,Ju.Jones,Julio Jones,WR,WR,"https://static.www.nfl.com/image/upload/f_auto,q_auto/league/omrddf2phtyztzx2nup1",2017,REG,ATL,16,0,0,0,0,0,0,0,0,0,0,0,0,,,0,,0,0,0,0,1,15,0,0,0,1,0.971836993354373,0,1,1,0,0,88,148,1444,3,0,0,2105,486,67,57.43416191778,0,64,39,23,4,0.685985748218527,0.286266924564797,0.441299790356394,0.738310240096671,0,1,0,0,0,0,0,0,0,0,0,0,0,0,0,0,0,0,0,0,0,0,1,5,0,0,0,0,0,0,0,0,0,0,0,0,0,,,0,0,0,0,0,0,0,0,0,0,0,0,,,,0,0,0,0,0,0,0,,0,0,0,0,,0,0,,0,0,0,0,0,0,0,0,0,0,163.9,251.9
00-0027947,T.Smith,Tyron Smith,OT,OL,"https://static.www.nfl.com/image/upload/f_auto,q_auto/league/w7doljwg9c9jqwejqf8b",2017,REG,DAL,5,0,0,0,0,0,0,0,0,0,0,0,0,,,0,,0,0,0,0,0,0,0,0,0,0,,0,0,0,0,0,0,0,0,0,0,0,0,0,0,,0,0,0,0,0,,0,0,0,0,0,0,0,0,0,0,0,0,0,0,0,0,0,0,0,0,0,0,0,0,0,8,62,0,0,0,0,0,0,0,0,0,0,0,0,0,,,0,0,0,0,0,0,0,0,0,0,0,0,,,,0,0,0,0,0,0,0,,0,0,0,0,,0,0,,0,0,0,0,0,0,0,0,0,0,0,0
00-0027948,B.Gabbert,Blaine Gabbert,QB,QB,"https://static.www.nfl.com/image/private/f_auto,q_auto/league/fphhd3wedamgkps6e0dl",2017,REG,ARI,5,95,171,1086,6,6,23,-149,4,2,1572,412,55,-53.8876781478423,-7.39742686762612,1,0.690839694656489,48,23,17,2,22,82,0,3,0,7,-2.42907997756265,0,3,1,0,0,0,0,0,0,0,0,0,0,0,,0,0,0,0,0,,0,0,0,0,0,0,0,0,0,0,0,0,0,0,0,0,0,0,0,0,3,-4,0,0,0,1,5,2,5,0,7,2,0,0,0,0,0,0,0,0,,,0,0,0,0,0,0,0,0,0,0,0,0,,,,0,0,0,0,0,0,0,,0,0,0,0,,0,0,,0,0,0,0,0,0,0,0,0,0,61.64,61.64
00-0027949,J.Watt,J.J. Watt,DE,DL,"https://static.www.nfl.com/image/private/f_auto,q_auto/league/pooulgm7mdcx5x9gza7l",2017,REG,HOU,5,0,0,0,0,0,0,0,0,0,0,0,0,,,0,,0,0,0,0,0,0,0,0,0,0,,0,0,0,0,0,0,0,0,0,0,0,0,0,0,,0,0,0,0,0,,0,0,0,0,10,1,4,3,11,0,0,0,5,0,0,2,0,0,0,0,0,0,0,0,0,0,0,0,0,0,0,0,0,0,0,0,0,0,0,0,,,0,0,0,0,0,0,0,0,0,0,0,0,,,,0,0,0,0,0,0,0,,0,0,0,0,,0,0,,0,0,0,0,0,0,0,0,0,0,0,0
00-0027952,R.Quinn,Robert Quinn,DE,DL,"https://static.www.nfl.com/image/private/f_auto,q_auto/league/g8hslz6tb43l7xbmxzfh",2017,REG,LA,14,0,0,0,0,0,0,0,0,0,0,0,0,,,0,,0,0,0,0,0,0,0,0,0,0,,0,0,0,0,0,0,0,0,0,0,0,0,0,0,,0,0,0,0,0,,0,0,0,0,21,0,11,9,54,2,8.5,67.5,12,0,0,1,0,0,0,0,0,0,0,0,0,5,50,0,0,0,0,0,0,0,0,0,0,0,0,0,,,0,0,0,0,0,0,0,0,0,0,0,0,,,,0,0,0,0,0,0,0,,0,0,0,0,,0,0,,0,0,0,0,0,0,0,0,0,0,0,0
00-0027953,M.Pouncey,Mike Pouncey,C,OL,"https://static.www.nfl.com/image/private/f_auto,q_auto/league/vousrrbz3j8fxfhyhplv",2017,REG,MIA,6,0,0,0,0,0,0,0,0,0,0,0,0,,,0,,0,0,0,0,0,0,0,0,0,0,,0,0,0,0,0,0,0,0,0,0,0,0,0,0,,0,0,0,0,0,,0,0,0,0,1,0,0,0,0,0,0,0,0,0,0,0,0,0,0,0,0,-4,0,0,0,8,70,0,1,0,1,0,0,0,0,0,0,0,0,0,,,0,0,0,0,0,0,0,0,0,0,0,0,,,,0,0,0,0,0,0,0,,0,0,0,0,,0,0,,0,0,0,0,0,0,0,0,0,0,0,0
00-0027954,R.Kerrigan,Ryan Kerrigan,DE,DL,"https://static.www.nfl.com/image/private/f_auto,q_auto/league/zi9qhkog8osjo2pk5bg4",2017,REG,WAS,16,0,0,0,0,0,0,0,0,0,0,0,0,,,0,,0,0,0,0,0,0,0,0,0,0,,0,0,0,0,0,0,0,0,0,0,0,0,0,0,,0,0,0,0,0,,0,0,0,0,32,2,12,15,89,3,13,73.5,17,1,24,1,1,0,0,0,0,0,0,0,0,1,5,0,0,0,0,0,0,0,0,0,0,0,0,0,,,0,0,0,0,0,0,0,0,0,0,0,0,,,,0,0,0,0,0,0,0,,0,0,0,0,,0,0,,0,0,0,0,0,0,0,0,0,0,0,0
00-0027955,N.Solder,Nate Solder,OT,OL,"https://static.www.nfl.com/image/private/f_auto,q_auto/league/kbzznhzm6nub46htfcse",2017,REG,NE,6,0,0,0,0,0,0,0,0,0,0,0,0,,,0,,0,0,0,0,0,0,0,0,0,0,,0,0,0,0,0,0,0,0,0,0,0,0,0,0,,0,0,0,0,0,,0,0,0,0,0,0,0,0,0,0,0,0,0,0,0,0,0,0,0,0,0,0,0,0,0,9,80,0,0,0,0,0,0,0,0,0,0,0,0,0,,,0,0,0,0,0,0,0,0,0,0,0,0,,,,0,0,0,0,0,0,0,,0,0,0,0,,0,0,,0,0,0,0,0,0,0,0,0,0,0,0
00-0027956,C.Liuget,Corey Liuget,DT,DL,"https://static.www.nfl.com/image/private/f_auto,q_auto/league/dhettmtaamsu9qlepzzf",2017,REG,LAC,10,0,0,0,0,0,0,0,0,0,0,0,0,,,0,,0,0,0,0,0,0,0,0,0,0,,0,0,0,0,0,0,0,0,0,0,0,0,0,0,,0,0,0,0,0,,0,0,0,0,10,5,6,5,20,1,1.5,8.5,4,0,0,2,0,0,0,0,0,0,0,0,0,0,0,0,0,0,0,0,0,0,0,0,0,0,0,0,,,0,0,0,0,0,0,0,0,0,0,0,0,,,,0,0,0,0,0,0,0,,0,0,0,0,,0,0,,0,0,0,0,0,0,0,0,0,0,0,0
00-0027957,P.Amukamara,Prince Amukamara,CB,DB,"https://static.www.nfl.com/image/private/f_auto,q_auto/league/jfvrnjdacet9xufnpeyy",2017,REG,CHI,14,0,0,0,0,0,0,0,0,0,0,0,0,,,0,,0,0,0,0,0,0,0,0,0,0,,0,0,0,0,0,0,0,0,0,0,0,0,0,0,,0,0,0,0,0,,0,0,0,0,45,0,3,0,0,0,0,0,0,0,0,7,0,0,0,0,0,0,1,0,0,7,99,0,0,0,0,0,0,0,0,0,0,0,0,0,,,0,0,0,0,0,0,0,0,0,0,0,0,,,,0,0,0,0,0,0,0,,0,0,0,0,,0,0,,0,0,0,0,0,0,0,0,0,0,0,0
00-0027958,A.Clayborn,Adrian Clayborn,DE,DL,"https://static.www.nfl.com/image/private/f_auto,q_auto/league/qoymtyk5nvoiw4f1qn13",2017,REG,ATL,15,0,0,0,0,0,0,0,0,0,0,0,0,,,0,,0,0,0,0,0,0,0,0,0,0,,0,0,0,0,0,0,0,0,0,0,0,0,0,0,,0,0,0,0,0,,0,0,0,0,17,0,4,6,47,2,9.5,61.5,17,0,0,0,0,0,0,0,0,0,2,10,1,4,26,0,0,0,0,0,0,0,0,0,0,0,0,0,,,0,0,0,0,0,0,0,0,0,0,0,0,,,,0,0,0,0,0,0,0,,0,0,0,0,,0,0,,0,0,0,0,0,0,0,0,0,0,0,0
00-0027960,A.Castonzo,Anthony Castonzo,OT,OL,"https://static.www.nfl.com/image/private/f_auto,q_auto/league/eo8hgegwmbukuapvzz0i",2017,REG,IND,5,0,0,0,0,0,0,0,0,0,0,0,0,,,0,,0,0,0,0,0,0,0,0,0,0,,0,0,0,0,0,0,0,0,0,0,0,0,0,0,,0,0,0,0,0,,0,0,0,0,1,0,0,0,0,0,0,0,0,0,0,0,0,0,0,0,1,0,0,0,0,4,30,0,0,0,0,0,0,0,0,0,0,0,0,0,,,0,0,0,0,0,0,0,0,0,0,0,0,,,,0,0,0,0,0,0,0,,0,0,0,0,,0,0,,0,0,0,0,0,0,0,0,0,0,0,0
00-0027962,C.Jordan,Cameron Jordan,LB,LB,"https://static.www.nfl.com/image/upload/f_auto,q_auto/league/eauqz3xbdtl0wfoy71da",2017,REG,NO,15,0,0,0,0,0,0,0,0,0,0,0,0,,,0,,0,0,0,0,0,0,0,0,0,0,,0,0,0,0,0,0,0,0,0,0,0,0,0,0,,0,0,0,0,0,,0,0,0,0,48,0,14,17,109,2,13,93.5,28,1,0,11,1,0,0,0,0,0,0,0,0,3,25,0,0,0,0,0,0,0,0,0,0,0,0,0,,,0,0,0,0,0,0,0,0,0,0,0,0,,,,0,0,0,0,0,0,0,,0,0,0,0,,0,0,,0,0,0,0,0,0,0,0,0,0,0,0
00-0027963,J.Carpenter,James Carpenter,G,OL,"https://static.www.nfl.com/image/private/f_auto,q_auto/league/zdpq6ozj3pcjwhe0g4ia",2017,REG,NYJ,6,0,0,0,0,0,0,0,0,0,0,0,0,,,0,,0,0,0,0,0,0,0,0,0,0,,0,0,0,0,0,0,0,0,0,0,0,0,0,0,,0,0,0,0,0,,0,0,0,0,0,0,0,0,0,0,0,0,0,0,0,0,0,0,0,0,2,0,0,0,0,4,25,0,0,0,0,0,0,0,0,0,0,0,0,0,,,0,0,0,0,0,0,0,0,0,0,0,0,,,,0,0,0,0,0,0,0,,0,0,0,0,,0,0,,0,0,0,0,0,0,0,0,0,0,0,0
00-0027965,J.Smith,Jimmy Smith,CB,DB,"https://static.www.nfl.com/image/private/f_auto,q_auto/league/uycb0wytmroih8dz8rag",2017,REG,BAL,12,0,0,0,0,0,0,0,0,0,0,0,0,,,0,,0,0,0,0,0,0,0,0,0,0,,0,0,0,0,0,0,0,0,0,0,0,0,0,0,,0,0,0,0,0,,0,0,0,0,26,0,2,1,1,0,0,0,0,3,58,9,1,0,0,0,0,0,1,47,1,3,36,0,0,0,0,0,0,0,0,0,0,0,0,0,,,0,0,0,0,0,0,0,0,0,0,0,0,,,,0,0,0,0,0,0,0,,0,0,0,0,,0,0,,0,0,0,0,0,0,0,0,0,0,0,0
00-0027966,M.Ingram,Mark Ingram,RB,RB,"https://static.www.nfl.com/image/private/f_auto,q_auto/league/qyju9wutyssrf0b26ran",2017,REG,NO,16,0,0,0,0,0,0,0,0,0,0,0,0,,,0,,0,0,0,0,230,1124,12,2,2,50,-6.60897309250402,0,23,18,11,3,58,71,416,0,1,1,-90,500,19,1.02641085995559,0,13,5,3,1,-4.62222222222222,0.13421550094518,-0.0263388937664618,0.182886025781246,0,0,0,0,0,0,0,0,0,0,0,0,0,0,0,0,0,1,0,0,0,0,1,15,3,0,0,3,3,0,0,0,0,0,0,0,0,,,0,0,0,0,0,0,0,0,0,0,0,0,,,,0,0,0,0,0,0,0,,0,0,0,0,,0,0,,0,0,0,0,0,0,0,0,0,0,220,278
00-0027968,M.Wilkerson,Muhammad Wilkerson,DE,DL,"https://static.www.nfl.com/image/private/f_auto,q_auto/league/b420zpvo9xcftkj0akvw",2017,REG,NYJ,13,0,0,0,0,0,0,0,0,0,0,0,0,,,0,,0,0,0,0,0,0,0,0,0,0,,0,0,0,0,0,0,0,0,0,0,0,0,0,0,,0,0,0,0,0,,0,0,0,0,23,3,20,4,22,0,3.5,13.5,6,1,3,4,0,0,0,0,0,0,0,0,0,4,40,0,0,0,0,0,0,0,0,0,0,0,0,0,,,0,0,0,0,0,0,0,0,0,0,0,0,,,,0,0,0,0,0,0,0,,0,0,0,0,,0,0,,0,0,0,0,0,0,0,0,0,0,0,0
00-0027969,C.Heyward,Cameron Heyward,DE,DL,"https://static.www.nfl.com/image/upload/f_auto,q_auto/league/vfql05jp29d2pltrlwqz",2017,REG,PIT,15,0,0,0,0,0,0,0,0,0,0,0,0,,,0,,0,0,0,0,0,0,0,0,0,0,,0,0,0,0,0,0,0,0,0,0,0,0,0,0,,0,0,0,0,0,,0,0,0,0,26,4,15,14,78,2,12,71,22,0,0,3,0,0,0,0,0,0,1,0,0,3,25,0,0,0,0,0,0,0,0,0,0,0,0,0,,,0,0,0,0,0,0,0,0,0,0,0,0,,,,0,0,0,0,0,0,0,,0,0,0,0,,0,0,,0,0,0,0,0,0,0,0,0,0,0,0
00-0027973,A.Dalton,Andy Dalton,QB,QB,"https://static.www.nfl.com/image/upload/f_auto,q_auto/league/nyjb97rajdqckaxsoniv",2017,REG,CIN,16,297,496,3320,25,12,39,-255,3,3,4064,1704,162,-30.9987436668259,-1.68253416627771,0,0.816929133858268,137,61,33,9,38,99,0,1,1,9,-11.0152563218228,0,5,3,1,0,0,0,0,0,0,0,0,0,0,,0,0,0,0,0,,0,0,0,0,2,0,0,0,0,0,0,0,0,0,0,0,0,0,0,0,1,-4,0,0,0,3,27,3,1,0,4,4,0,0,0,0,0,0,0,0,,,0,0,0,0,0,0,0,0,0,0,0,0,,,,0,0,0,0,0,0,0,,0,0,0,0,,0,0,,0,0,0,0,0,0,0,0,0,0,210.7,210.7
00-0027975,J.Sheard,Jabaal Sheard,DE,DL,"https://static.www.nfl.com/image/private/f_auto,q_auto/league/lgti1akk6lj57zbfuobf",2017,REG,IND,15,0,0,0,0,0,0,0,0,0,0,0,0,,,0,,0,0,0,0,0,0,0,0,0,0,,0,0,0,0,0,0,0,0,0,0,0,0,0,0,,0,0,0,0,0,,0,0,0,0,37,0,15,8,35,2,5.5,46,14,0,0,3,0,0,0,0,0,0,0,0,0,4,40,0,0,0,0,0,0,0,0,0,0,0,0,0,,,0,0,0,0,0,0,0,0,0,0,0,0,,,,0,0,0,0,0,0,0,,0,0,0,0,,0,0,,0,0,0,0,0,0,0,0,0,0,0,0
00-0027977,A.Ayers,Akeem Ayers,LB,LB,"https://static.www.nfl.com/image/private/f_auto,q_auto/league/zul4uca5ew4fvos65due",2017,REG,NYG,3,0,0,0,0,0,0,0,0,0,0,0,0,,,0,,0,0,0,0,0,0,0,0,0,0,,0,0,0,0,0,0,0,0,0,0,0,0,0,0,,0,0,0,0,0,,0,0,0,0,2,0,1,0,0,0,0,0,0,0,0,0,0,0,0,0,0,0,0,0,0,1,10,0,0,0,0,0,0,0,0,0,0,0,0,0,,,0,0,0,0,0,0,0,0,0,0,0,0,,,,0,0,0,0,0,0,0,,0,0,0,0,,0,0,,0,0,0,0,0,0,0,0,0,0,0,0
00-0027978,B.Carter,Bruce Carter,LB,LB,"https://static.www.nfl.com/image/private/f_auto,q_auto/league/sm8onep4lvhjbqdrq3ja",2017,REG,NYJ,5,0,0,0,0,0,0,0,0,0,0,0,0,,,0,,0,0,0,0,0,0,0,0,0,0,,0,0,0,0,0,0,0,0,0,0,0,0,0,0,,0,0,0,0,0,,0,0,0,0,2,0,4,0,0,0,0,0,0,0,0,0,0,0,0,0,0,0,0,0,0,0,0,0,0,0,0,0,0,0,0,0,0,0,0,0,,,0,0,0,0,0,0,0,0,0,0,0,0,,,,0,0,0,0,0,0,0,,0,0,0,0,,0,0,,0,0,0,0,0,0,0,0,0,0,0,0
00-0027979,J.Jenkins,Jarvis Jenkins,DT,DL,"https://static.www.nfl.com/image/private/f_auto,q_auto/league/pxvjmmyps0sz1ewiarl1",2017,REG,KC,6,0,0,0,0,0,0,0,0,0,0,0,0,,,0,,0,0,0,0,0,0,0,0,0,0,,0,0,0,0,0,0,0,0,0,0,0,0,0,0,,0,0,0,0,0,,0,0,0,0,6,1,2,1,1,0,1,0,3,0,0,0,0,0,0,0,0,0,0,0,0,2,20,0,0,0,0,0,0,0,0,0,0,0,0,0,,,0,0,0,0,0,0,0,0,0,0,0,0,,,,0,0,0,0,0,0,0,,0,0,0,0,,0,0,,0,0,0,0,0,0,0,0,0,0,0,0
00-0027980,B.Reed,Brooks Reed,LB,LB,"https://static.www.nfl.com/image/private/f_auto,q_auto/league/hcnuqe5ulqoldxue1xjt",2017,REG,ATL,13,0,0,0,0,0,0,0,0,0,0,0,0,,,0,,0,0,0,0,0,0,0,0,0,0,,0,0,0,0,0,0,0,0,0,0,0,0,0,0,,0,0,0,0,0,,0,0,0,0,20,3,18,6,45,0,4,41,7,0,0,0,0,0,0,0,0,0,0,0,0,1,10,0,0,0,0,0,0,0,0,0,0,0,0,0,,,0,0,0,0,0,0,0,0,0,0,0,0,,,,0,0,0,0,0,0,0,,0,0,0,0,,0,0,,0,0,0,0,0,0,0,0,0,0,0,0
00-0027981,K.Rudolph,Kyle Rudolph,TE,TE,"https://static.www.nfl.com/image/private/f_auto,q_auto/league/mtvrkfel5750mlevcvtp",2017,REG,MIN,16,0,0,0,0,0,0,0,0,0,0,0,0,,,0,,0,0,0,0,0,0,0,0,0,0,,0,0,0,0,0,57,81,532,8,0,0,600,224,32,17.347054972293,0,21,10,4,0,0.886666666666667,0.155470249520154,0.149775336994508,0.338048110176386,0,3,0,0,0,0,0,0,0,0,0,0,0,0,0,0,0,0,0,0,0,0,2,10,0,0,0,0,0,0,0,0,0,0,0,0,0,,,0,0,0,0,0,0,0,0,0,0,0,0,,,,0,0,0,0,0,0,0,,0,0,0,0,,0,0,,0,0,0,0,0,0,0,0,0,0,101.2,158.2
00-0027985,L.Kendricks,Lance Kendricks,TE,TE,"https://static.www.nfl.com/image/private/f_auto,q_auto/league/njjeo5udwowpbfnufl5l",2017,REG,GB,14,0,0,0,0,0,0,0,0,0,0,0,0,,,0,,0,0,0,0,0,0,0,0,0,0,,0,0,0,0,0,18,35,203,1,0,0,260,89,8,-16.6796115382471,0,6,4,3,1,0.780769230769231,0.0631768953068592,0.0637098750306298,0.13936225548173,0,5,0,0,0,0,0,0,0,0,0,0,0,0,0,0,0,0,0,0,0,0,2,15,0,0,0,0,0,0,0,0,0,0,0,0,0,,,0,0,0,0,0,0,0,0,0,0,0,0,,,,0,0,0,0,0,0,0,,0,0,0,0,,0,0,,0,0,0,0,0,0,0,0,0,0,26.3,44.3
00-0027986,S.Wisniewski,Stefen Wisniewski,G,OL,"https://static.www.nfl.com/image/private/f_auto,q_auto/league/auwjtpjvgtptputbjcpd",2017,REG,PHI,1,0,0,0,0,0,0,0,0,0,0,0,0,,,0,,0,0,0,0,0,0,0,0,0,0,,0,0,0,0,0,0,0,0,0,0,0,0,0,0,,0,0,0,0,0,,0,0,0,0,0,0,0,0,0,0,0,0,0,0,0,0,0,0,0,0,0,0,0,0,0,1,9,0,0,0,0,0,0,0,0,0,0,0,0,0,,,0,0,0,0,0,0,0,0,0,0,0,0,,,,0,0,0,0,0,0,0,,0,0,0,0,,0,0,,0,0,0,0,0,0,0,0,0,0,0,0
00-0027987,B.Ijalana,Ben Ijalana,OT,OL,"https://static.www.nfl.com/image/private/f_auto,q_auto/league/vchgerblngrb2rbcfxka",2017,REG,NYJ,1,0,0,0,0,0,0,0,0,0,0,0,0,,,0,,0,0,0,0,0,0,0,0,0,0,,0,0,0,0,0,0,0,0,0,0,0,0,0,0,,0,0,0,0,0,,0,0,0,0,0,0,0,0,0,0,0,0,0,0,0,0,0,0,0,0,0,0,0,0,0,1,5,0,0,0,0,0,0,0,0,0,0,0,0,0,,,0,0,0,0,0,0,0,0,0,0,0,0,,,,0,0,0,0,0,0,0,,0,0,0,0,,0,0,,0,0,0,0,0,0,0,0,0,0,0,0
00-0027988,M.Gilchrist,Marcus Gilchrist,S,DB,"https://static.www.nfl.com/image/private/f_auto,q_auto/league/n7mvjgjfbohmmyrm7zis",2017,REG,HOU,16,0,0,0,0,0,0,0,0,0,0,0,0,,,0,,0,0,0,0,0,0,0,0,0,0,,0,0,0,0,0,0,0,0,0,0,0,0,0,0,,0,0,0,0,0,,0,0,0,0,40,5,11,1,1,1,1,8,0,1,17,6,0,0,0,0,0,0,0,0,0,3,39,0,0,0,0,0,0,0,0,0,0,0,0,0,,,0,0,0,0,0,0,0,0,0,0,0,0,,,,0,0,0,0,0,0,0,,0,0,0,0,,0,0,,0,0,0,0,0,0,0,0,0,0,0,0
00-0027991,S.Paea,Stephen Paea,DT,DL,"https://static.www.nfl.com/image/private/f_auto,q_auto/league/l32upooqvms7swcmlot9",2017,REG,DAL,4,0,0,0,0,0,0,0,0,0,0,0,0,,,0,,0,0,0,0,0,0,0,0,0,0,,0,0,0,0,0,0,0,0,0,0,0,0,0,0,,0,0,0,0,0,,0,0,0,0,3,0,1,2,4,0,0,0,0,0,0,0,0,0,0,0,0,0,0,0,0,0,0,0,0,0,0,0,0,0,0,0,0,0,0,0,,,0,0,0,0,0,0,0,0,0,0,0,0,,,,0,0,0,0,0,0,0,,0,0,0,0,,0,0,,0,0,0,0,0,0,0,0,0,0,0,0
00-0027993,R.Hudson,Rodney Hudson,C,OL,"https://static.www.nfl.com/image/private/f_auto,q_auto/league/qcyahgqlx44j8n9bzkwg",2017,REG,LV,5,0,0,0,0,0,0,0,0,0,0,0,0,,,0,,0,0,0,0,0,0,0,0,0,0,,0,0,0,0,0,0,0,0,0,0,0,0,0,0,,0,0,0,0,0,,0,0,0,0,1,0,0,0,0,0,0,0,0,0,0,0,0,0,0,0,1,-7,0,0,0,3,30,0,1,0,1,0,0,0,0,0,0,0,0,0,,,0,0,0,0,0,0,0,0,0,0,0,0,,,,0,0,0,0,0,0,0,,0,0,0,0,,0,0,,0,0,0,0,0,0,0,0,0,0,0,0
00-0027994,S.Vereen,Shane Vereen,RB,RB,"https://static.www.nfl.com/image/private/f_auto,q_auto/league/grirsvo53nqb22jzb1zk",2017,REG,NYG,16,0,1,0,0,1,0,0,0,0,17,0,0,-4.04650280892383,-34.4814985990524,0,0,0,0,0,0,45,164,0,0,0,3,-13.4868668907113,0,3,2,0,0,44,53,253,0,0,0,22,245,7,-10.1998204264152,0,7,1,1,0,11.5,0.087893864013267,0.00501024823502619,0.135347969784419,0,1,0,0,0,0,0,0,0,0,0,0,0,0,0,0,0,0,0,0,0,0,0,0,0,0,0,0,0,0,0,9,196,0,0,0,0,,,0,0,0,0,0,0,0,0,0,0,0,0,,,,0,0,0,0,0,0,0,,0,0,0,0,,0,0,,0,0,0,0,0,0,0,0,0,0,39.7,83.7
00-0027996,T.Smith,Torrey Smith,WR,WR,"https://static.www.nfl.com/image/private/f_auto,q_auto/league/sqvbn4ybxagyfwva3i51",2017,REG,PHI,16,0,0,0,0,0,0,0,0,0,0,0,0,,,0,,0,0,0,0,1,-3,0,0,0,0,-1.04485134675633,0,0,0,0,0,36,68,430,2,0,0,881,131,11,3.93755349066086,0,15,6,6,2,0.488081725312145,0.122302158273381,0.166887668118962,0.300274605093345,0,1,0,0,0,0,0,0,0,0,0,0,0,0,0,0,0,0,0,0,0,0,1,5,0,0,0,0,0,1,9,0,0,0,0,0,0,,,0,0,0,0,0,0,0,0,0,0,0,0,,,,0,0,0,0,0,0,0,,0,0,0,0,,0,0,,0,0,0,0,0,0,0,0,0,0,54.7,90.7
00-0028001,M.Gilbert,Marcus Gilbert,OT,OL,"https://static.www.nfl.com/image/private/f_auto,q_auto/league/xwdcj8ctkxjqlx6rd3z2",2017,REG,PIT,1,0,0,0,0,0,0,0,0,0,0,0,0,,,0,,0,0,0,0,0,0,0,0,0,0,,0,0,0,0,0,0,0,0,0,0,0,0,0,0,,0,0,0,0,0,,0,0,0,0,0,0,0,0,0,0,0,0,0,0,0,0,0,0,0,0,0,0,0,0,0,1,15,0,0,0,0,0,0,0,0,0,0,0,0,0,,,0,0,0,0,0,0,0,0,0,0,0,0,,,,0,0,0,0,0,0,0,,0,0,0,0,,0,0,,0,0,0,0,0,0,0,0,0,0,0,0
00-0028002,R.Cobb,Randall Cobb,WR,WR,"https://static.www.nfl.com/image/private/f_auto,q_auto/league/kuwo5hnkbtesfw6n9w1s",2017,REG,GB,14,1,1,10,0,0,0,0,0,0,-5,15,1,0.606652478454635,13.1624221801758,0,0,1,0,0,0,9,17,0,0,0,1,-2.50597624198271,0,1,0,0,0,66,92,653,4,1,0,555,412,29,20.0075613049394,1,26,12,7,1,1.17657657657658,0.166064981949459,0.135996079392306,0.344294728498802,0,1,0,0,0,0,0,0,0,0,0,0,0,0,0,0,0,0,0,0,0,0,2,19,1,0,0,1,0,0,0,0,0,0,0,0,0,,,0,0,0,0,0,0,0,0,0,0,0,0,,,,0,0,0,0,0,0,0,,0,0,0,0,,0,0,,0,0,0,0,0,0,0,0,0,0,93.4,159.4
00-0028003,T.McClain,Terrell McClain,DT,DL,"https://static.www.nfl.com/image/private/f_auto,q_auto/league/x0ayoxxysni3umvnerhj",2017,REG,WAS,7,0,0,0,0,0,0,0,0,0,0,0,0,,,0,,0,0,0,0,0,0,0,0,0,0,,0,0,0,0,0,0,0,0,0,0,0,0,0,0,,0,0,0,0,0,,0,0,0,0,14,3,3,3,19,0,2,18,3,0,0,0,0,0,0,0,0,0,1,0,0,0,0,0,0,0,0,0,0,0,0,0,0,0,0,0,,,0,0,0,0,0,0,0,0,0,0,0,0,,,,0,0,0,0,0,0,0,,0,0,0,0,,0,0,,0,0,0,0,0,0,0,0,0,0,0,0
00-0028006,K.Sheppard,Kelvin Sheppard,LB,LB,"https://static.www.nfl.com/image/private/f_auto,q_auto/league/ncbet6bicsoq23i0ma9k",2017,REG,NYG,7,0,0,0,0,0,0,0,0,0,0,0,0,,,0,,0,0,0,0,0,0,0,0,0,0,,0,0,0,0,0,0,0,0,0,0,0,0,0,0,,0,0,0,0,0,,0,0,0,0,27,5,17,1,2,0,0,0,1,2,17,4,0,0,0,0,0,0,0,0,0,0,0,0,0,0,0,0,0,0,0,0,0,0,0,0,,,0,0,0,0,0,0,0,0,0,0,0,0,,,,0,0,0,0,0,0,0,,0,0,0,0,,0,0,,0,0,0,0,0,0,0,0,0,0,0,0
00-0028008,J.Houston,Justin Houston,OLB,LB,"https://static.www.nfl.com/image/upload/f_auto,q_auto/league/uvob2wz6eezshbjclcya",2017,REG,KC,15,0,0,0,0,0,0,0,0,0,0,0,0,,,0,,0,0,0,0,0,0,0,0,0,0,,0,0,0,0,0,0,0,0,0,0,0,0,0,0,,0,0,0,0,0,,0,0,0,0,41,5,13,16,74,0,9.5,54,20,0,0,5,0,0,0,0,0,0,1,13,1,3,20,0,0,0,0,0,0,0,0,0,0,0,0,0,,,0,0,0,0,0,0,0,0,0,0,0,0,,,,0,0,0,0,0,0,0,,0,0,0,0,,0,0,,0,0,0,0,0,0,0,0,0,0,0,0
00-0028009,D.Murray,DeMarco Murray,RB,RB,"https://static.www.nfl.com/image/private/f_auto,q_auto/league/lu4pqg7cvxbz7z4oormo",2017,REG,TEN,15,0,0,0,0,0,0,0,0,0,0,0,0,,,0,,0,0,0,0,184,659,6,1,1,29,-31.7061150509414,0,9,8,3,1,39,47,266,1,0,0,11,244,10,-2.65515076152556,0,9,3,0,0,24.1818181818182,0.0971074380165289,0.00251428571428571,0.147421157024793,0,1,0,0,0,0,0,0,0,0,0,0,0,0,0,0,0,0,0,0,0,0,1,15,1,0,0,1,1,0,0,0,0,0,0,0,0,,,0,0,0,0,0,0,0,0,0,0,0,0,,,,0,0,0,0,0,0,0,,0,0,0,0,,0,0,,0,0,0,0,0,0,0,0,0,0,132.5,171.5
00-0028011,S.Ridley,Stevan Ridley,RB,RB,"https://static.www.nfl.com/image/private/f_auto,q_auto/league/futdstbe48qaqcvtolzj",2017,REG,PIT,2,0,0,0,0,0,0,0,0,0,0,0,0,,,0,,0,0,0,0,26,108,1,0,0,6,-1.94289765955182,0,4,4,1,0,0,0,0,0,0,0,0,0,0,,0,0,0,0,0,,0,0,0,0,0,0,0,0,0,0,0,0,0,0,0,0,0,0,0,0,0,0,0,0,0,0,0,0,0,0,0,0,0,0,0,0,0,0,0,0,,,0,0,0,0,0,0,0,0,0,0,0,0,,,,0,0,0,0,0,0,0,,0,0,0,0,,0,0,,0,0,0,0,0,0,0,0,0,0,16.8,16.8
00-0028012,R.Mallett,Ryan Mallett,QB,QB,"https://static.www.nfl.com/image/private/f_auto,q_auto/league/tvn03oot2ttdoog5x0qr",2017,REG,BAL,2,9,16,56,2,0,0,0,0,0,131,30,5,-1.6307479340611,-8.13594050705433,0,0.427480916030534,1,0,0,0,4,-3,0,1,0,1,0.652280918322504,0,0,0,0,0,0,0,0,0,0,0,0,0,0,,0,0,0,0,0,,0,0,0,0,0,0,0,0,0,0,0,0,0,0,0,0,0,0,0,0,0,0,0,0,0,0,0,0,1,0,1,0,0,0,0,0,0,0,0,0,,,0,0,0,0,0,0,0,0,0,0,0,0,,,,0,0,0,0,0,0,0,,0,0,0,0,,0,0,,0,0,0,0,0,0,0,0,0,0,9.94,9.94
00-0028015,J.Casey,Jurrell Casey,DE,DL,"https://static.www.nfl.com/image/private/f_auto,q_auto/league/xgjvec15hvgvk0hy483n",2017,REG,TEN,15,0,0,0,0,0,0,0,0,0,0,0,0,,,0,,0,0,0,0,0,0,0,0,0,0,,0,0,0,0,0,0,0,0,0,0,0,0,0,0,,0,0,0,0,0,,0,0,0,0,40,1,19,11,48,1,6,39,19,0,0,1,0,0,0,0,0,0,0,0,0,2,20,0,0,0,0,0,0,0,0,0,0,0,0,0,,,0,0,0,0,0,0,0,0,0,0,0,0,,,,0,0,0,0,0,0,0,,0,0,0,0,,0,0,,0,0,0,0,0,0,0,0,0,0,0,0
00-0028022,M.Foster,Mason Foster,ILB,LB,"https://static.www.nfl.com/image/private/f_auto,q_auto/league/sz7atmla9y50ylo2o6ul",2017,REG,WAS,5,0,0,0,0,0,0,0,0,0,0,0,0,,,0,,0,0,0,0,0,0,0,0,0,0,,0,0,0,0,0,0,0,0,0,0,0,0,0,0,,0,0,0,0,0,,0,0,0,0,19,3,9,1,3,0,0.5,5,2,1,10,1,0,0,0,0,0,0,1,0,0,0,0,0,0,0,0,0,0,0,0,0,0,0,0,0,,,0,0,0,0,0,0,0,0,0,0,0,0,,,,0,0,0,0,0,0,0,,0,0,0,0,,0,0,,0,0,0,0,0,0,0,0,0,0,0,0
00-0028024,A.Bailey,Allen Bailey,DE,DL,"https://static.www.nfl.com/image/private/f_auto,q_auto/league/awcb8wvpg9cv9dxj5oe1",2017,REG,KC,13,0,0,0,0,0,0,0,0,0,0,0,0,,,0,,0,0,0,0,0,0,0,0,0,0,,0,0,0,0,0,0,0,0,0,0,0,0,0,0,,0,0,0,0,0,,0,0,0,0,20,1,17,6,18,0,2,8,2,0,0,0,0,0,0,0,0,0,0,0,0,0,0,0,0,0,0,0,0,0,0,0,0,0,0,0,,,0,0,0,0,0,0,0,0,0,0,0,0,,,,0,0,0,0,0,0,0,,0,0,0,0,,0,0,,0,0,0,0,0,0,0,0,0,0,0,0
00-0028027,S.Wright,Shareece Wright,DB,DB,"https://static.www.nfl.com/image/private/f_auto,q_auto/league/ilhzmyl1qio3lvsezldn",2017,REG,BUF,9,0,0,0,0,0,0,0,0,0,0,0,0,,,0,,0,0,0,0,0,0,0,0,0,0,,0,0,0,0,0,0,0,0,0,0,0,0,0,0,,0,0,0,0,0,,0,0,0,0,35,2,7,1,2,1,0,0,0,1,54,5,0,1,0,0,2,0,0,0,0,1,5,0,1,0,1,0,0,0,0,0,0,0,0,0,,,0,0,0,0,0,0,0,0,0,0,0,0,,,,0,0,0,0,0,0,0,,0,0,0,0,,0,0,,0,0,0,0,0,0,0,0,0,0,0,0
00-0028030,J.Barksdale,Joe Barksdale,OT,OL,"https://static.www.nfl.com/image/private/f_auto,q_auto/league/dz9ercbqsuicsvpy60fe",2017,REG,LAC,5,0,0,0,0,0,0,0,0,0,0,0,0,,,0,,0,0,0,0,0,0,0,0,0,0,,0,0,0,0,0,0,0,0,0,0,0,0,0,0,,0,0,0,0,0,,0,0,0,0,0,0,0,0,0,0,0,0,0,0,0,0,0,0,0,0,0,0,0,0,0,6,35,0,0,0,0,0,0,0,0,0,0,0,0,0,,,0,0,0,0,0,0,0,0,0,0,0,0,,,,0,0,0,0,0,0,0,,0,0,0,0,,0,0,,0,0,0,0,0,0,0,0,0,0,0,0
00-0028031,C.Conte,Chris Conte,FS,DB,"https://static.www.nfl.com/image/private/f_auto,q_auto/league/xm51ykkmz8ehssxbmykb",2017,REG,TB,16,0,0,0,0,0,0,0,0,0,0,0,0,,,0,,0,0,0,0,0,0,0,0,0,0,,0,0,0,0,0,0,0,0,0,0,0,0,0,0,,0,0,0,0,0,,0,0,0,0,55,6,15,0,0,3,0,0,0,1,0,8,0,0,0,0,0,0,0,0,0,3,31,0,0,0,0,0,0,0,0,0,0,0,0,0,,,0,0,0,0,0,0,0,0,0,0,0,0,,,,0,0,0,0,0,0,0,,0,0,0,0,,0,0,,0,0,0,0,0,0,0,0,0,0,0,0
00-0028037,K.Wright,K.J. Wright,OLB,LB,"https://static.www.nfl.com/image/private/f_auto,q_auto/league/z1lt2ic9salihpdevh7p",2017,REG,SEA,15,0,0,0,0,0,0,0,0,0,0,0,0,,,0,,0,0,0,0,0,0,0,0,0,0,,0,0,0,0,0,0,0,0,0,0,0,0,0,0,,0,0,0,0,0,,0,0,0,0,65,6,37,5,14,0,0,0,3,1,1,6,0,0,0,0,0,0,1,0,0,3,25,0,0,0,0,0,0,0,0,0,0,0,0,0,,,0,0,0,0,0,0,0,0,0,0,0,0,,,,0,0,0,0,0,0,0,,0,0,0,0,,0,0,,0,0,0,0,0,0,0,0,0,0,0,0
00-0028038,D.Searcy,Da'Norris Searcy,S,DB,"https://static.www.nfl.com/image/private/f_auto,q_auto/league/nxqg3323q2tj2qea57ae",2017,REG,TEN,12,0,0,0,0,0,0,0,0,0,0,0,0,,,0,,0,0,0,0,0,0,0,0,0,0,,0,0,0,0,0,0,0,0,0,0,0,0,0,0,,0,0,0,0,0,,0,0,0,0,15,0,11,0,0,0,0,0,1,1,8,2,0,0,0,0,0,0,0,0,0,0,0,0,0,0,0,0,0,0,0,0,0,0,0,0,,,0,0,0,0,0,0,0,0,0,0,0,0,,,,0,0,0,0,0,0,0,,0,0,0,0,,0,0,,0,0,0,0,0,0,0,0,0,0,0,0
00-0028039,C.Boling,Clint Boling,G,OL,"https://static.www.nfl.com/image/private/f_auto,q_auto/league/hbkhzw6t4wsu3ia5sr6z",2017,REG,CIN,5,0,0,0,0,0,0,0,0,0,0,0,0,,,0,,0,0,0,0,0,0,0,0,0,0,,0,0,0,0,0,0,0,0,0,0,0,0,0,0,,0,0,0,0,0,,0,0,0,0,4,0,0,0,0,0,0,0,0,0,0,0,0,0,0,0,0,0,0,0,0,1,4,0,0,0,0,0,0,0,0,0,0,0,0,0,,,0,0,0,0,0,0,0,0,0,0,0,0,,,,0,0,0,0,0,0,0,,0,0,0,0,,0,0,,0,0,0,0,0,0,0,0,0,0,0,0
00-0028041,S.Acho,Sam Acho,LB,LB,"https://static.www.nfl.com/image/private/f_auto,q_auto/league/sqoygt7fpqcakogjwk92",2017,REG,CHI,15,0,0,0,0,0,0,0,0,0,0,0,0,,,0,,0,0,0,0,0,0,0,0,0,0,,0,0,0,0,0,0,0,0,0,0,0,0,0,0,,0,0,0,0,0,,0,0,0,0,28,1,16,2,19,1,3,25,18,0,0,1,0,0,0,0,0,0,0,0,0,0,0,0,0,0,0,0,0,0,1,3,0,0,0,0,,,0,0,0,0,0,0,0,0,0,0,0,0,,,,0,0,0,0,0,0,0,,0,0,0,0,,0,0,,0,0,0,0,0,0,0,0,0,0,0,0
00-0028042,L.Stocker,Luke Stocker,TE,TE,"https://static.www.nfl.com/image/private/f_auto,q_auto/league/keoilbfzupthtliuou1a",2017,REG,TEN,5,0,0,0,0,0,0,0,0,0,0,0,0,,,0,,0,0,0,0,0,0,0,0,0,0,,0,0,0,0,0,4,5,30,1,0,0,13,22,1,2.70020329748513,0,1,0,0,0,2.30769230769231,0.00838926174496644,0.00210628645495787,0.0140582931359202,0,0,0,1,0,0,0,0,0,0,0,0,0,0,0,0,0,0,0,0,0,0,2,14,0,0,0,0,0,0,0,0,0,0,0,0,0,,,0,0,0,0,0,0,0,0,0,0,0,0,,,,0,0,0,0,0,0,0,,0,0,0,0,,0,0,,0,0,0,0,0,0,0,0,0,0,9,13
00-0028059,C.Prosinski,Chris Prosinski,DB,DB,"https://static.www.nfl.com/image/private/f_auto,q_auto/league/i33hoobrfihsekxbvsew",2017,REG,CHI,3,0,0,0,0,0,0,0,0,0,0,0,0,,,0,,0,0,0,0,0,0,0,0,0,0,,0,0,0,0,0,0,0,0,0,0,0,0,0,0,,0,0,0,0,0,,0,0,0,0,5,0,3,0,0,0,0,0,0,0,0,0,0,0,0,0,0,0,0,0,0,0,0,0,0,0,0,0,0,0,0,0,0,0,0,0,,,0,0,0,0,0,0,0,0,0,0,0,0,,,,0,0,0,0,0,0,0,,0,0,0,0,,0,0,,0,0,0,0,0,0,0,0,0,0,0,0
00-0028060,C.Hairston,Chris Hairston,OT,OL,"https://static.www.nfl.com/image/private/f_auto,q_auto/league/ol7qhtn0hj2soyphl68y",2017,REG,LAC,1,0,0,0,0,0,0,0,0,0,0,0,0,,,0,,0,0,0,0,0,0,0,0,0,0,,0,0,0,0,0,0,0,0,0,0,0,0,0,0,,0,0,0,0,0,,0,0,0,0,0,0,0,0,0,0,0,0,0,0,0,0,0,0,0,0,0,0,0,0,0,1,10,0,0,0,0,0,0,0,0,0,0,0,0,0,,,0,0,0,0,0,0,0,0,0,0,0,0,,,,0,0,0,0,0,0,0,,0,0,0,0,,0,0,,0,0,0,0,0,0,0,0,0,0,0,0
00-0028063,T.Jones,Taiwan Jones,RB,RB,"https://static.www.nfl.com/image/private/f_auto,q_auto/league/va09vgfr7bdc2wb6ikq4",2017,REG,BUF,5,0,0,0,0,0,0,0,0,0,0,0,0,,,0,,0,0,0,0,0,0,0,0,0,0,,0,0,0,0,0,1,2,11,0,0,0,24,10,1,0.393405912283914,0,1,0,0,0,0.458333333333333,0.00427350427350427,0.00581536224860674,0.0104810099842811,0,2,1,0,0,0,0,0,0,0,0,0,0,0,0,0,0,0,0,0,0,0,1,10,0,0,0,0,0,0,0,2,50,0,0,0,0,,,0,0,0,0,0,0,0,0,0,0,0,0,,,,0,0,0,0,0,0,0,,0,0,0,0,,0,0,,0,0,0,0,0,0,0,0,0,0,1.1,2.1
00-0028064,B.Powell,Bilal Powell,RB,RB,"https://static.www.nfl.com/image/private/f_auto,q_auto/league/a5qlloemeetaqawzwuf7",2017,REG,NYJ,15,0,0,0,0,0,0,0,0,0,0,0,0,,,0,,0,0,0,0,178,772,5,0,0,30,-17.9371459154047,0,20,15,9,4,23,33,170,0,1,1,36,143,8,-12.0303445360658,0,6,1,1,0,4.72222222222222,0.0665322580645161,0.00913473737630043,0.106192703260184,0,2,0,0,0,0,0,0,0,0,0,0,0,0,0,0,0,0,0,0,0,0,0,0,1,0,0,1,1,0,0,0,0,0,0,0,0,,,0,0,0,0,0,0,0,0,0,0,0,0,,,,0,0,0,0,0,0,0,,0,0,0,0,,0,0,,0,0,0,0,0,0,0,0,0,0,122.2,145.2
00-0028067,J.Thomas,Julius Thomas,TE,TE,"https://static.www.nfl.com/image/private/f_auto,q_auto/league/ephrfopvlebj4fdcl67a",2017,REG,MIA,14,0,0,0,0,0,0,0,0,0,0,0,0,,,0,,0,0,0,0,0,0,0,0,0,0,,0,0,0,0,0,41,62,388,3,1,0,480,145,18,-4.36217280887499,0,17,6,4,0,0.808333333333333,0.105442176870748,0.0982800982800983,0.226959334102191,0,2,0,0,0,0,0,0,0,0,0,0,0,0,0,0,0,1,0,0,0,0,2,20,0,1,0,1,0,0,0,0,0,0,0,0,0,,,0,0,0,0,0,0,0,0,0,0,0,0,,,,0,0,0,0,0,0,0,,0,0,0,0,,0,0,,0,0,0,0,0,0,0,0,0,0,56.8,97.8
00-0028069,D.House,Davon House,DB,DB,"https://static.www.nfl.com/image/private/f_auto,q_auto/league/e8qfdpw9wyq5ccvhslru",2017,REG,GB,12,0,0,0,0,0,0,0,0,0,0,0,0,,,0,,0,0,0,0,0,0,0,0,0,0,,0,0,0,0,0,0,0,0,0,0,0,0,0,0,,0,0,0,0,0,,0,0,0,0,33,4,7,3,17,0,1,8,1,1,0,6,0,0,0,0,0,0,0,0,0,1,2,0,0,0,0,0,0,0,0,0,0,0,0,0,,,0,0,0,0,0,0,0,0,0,0,0,0,,,,0,0,0,0,0,0,0,,0,0,0,0,,0,0,,0,0,0,0,0,0,0,0,0,0,0,0
00-0028074,A.Sherman,Anthony Sherman,FB,RB,"https://static.www.nfl.com/image/private/f_auto,q_auto/league/ue0kpbo7b9trtkeuhvjx",2017,REG,KC,7,0,0,0,0,0,0,0,0,0,0,0,0,,,0,,0,0,0,0,14,40,1,0,0,5,0.102911590671336,0,0,0,0,0,6,8,47,0,0,0,14,41,3,2.29980979044922,0,3,0,0,0,3.35714285714286,0.0151515151515152,0.00333492139113864,0.0250617177010698,0,1,0,0,0,0,0,0,0,0,0,0,0,0,0,0,0,0,0,1,0,0,0,0,0,0,0,0,0,0,0,1,7,0,0,0,0,,,0,0,0,0,0,0,0,0,0,0,0,0,,,,0,0,0,0,0,0,0,,0,0,0,0,,0,0,,0,0,0,0,0,0,0,0,0,0,14.7,20.7
00-0028075,B.Skrine,Buster Skrine,CB,DB,"https://static.www.nfl.com/image/private/f_auto,q_auto/league/tqvazxnrbpe7kpsyuy2q",2017,REG,NYJ,15,0,0,0,0,0,0,0,0,0,0,0,0,,,0,,0,0,0,0,0,0,0,0,0,0,,0,0,0,0,0,0,0,0,0,0,0,0,0,0,,0,0,0,0,0,,0,0,0,0,53,2,7,2,7,2,1,12,2,1,0,9,0,0,0,0,0,0,2,8,0,11,105,0,0,0,0,0,0,0,0,0,0,0,0,0,,,0,0,0,0,0,0,0,0,0,0,0,0,,,,0,0,0,0,0,0,0,,0,0,0,0,,0,0,,0,0,0,0,0,0,0,0,0,0,0,0
00-0028076,M.Cannon,Marcus Cannon,OT,OL,"https://static.www.nfl.com/image/private/f_auto,q_auto/league/rwce2yi6lcykdletcuvk",2017,REG,NE,2,0,0,0,0,0,0,0,0,0,0,0,0,,,0,,0,0,0,0,0,0,0,0,0,0,,0,0,0,0,0,0,0,0,0,0,0,0,0,0,,0,0,0,0,0,,0,0,0,0,0,0,0,0,0,0,0,0,0,0,0,0,0,0,0,0,0,0,0,0,0,2,20,0,0,0,0,0,0,0,0,0,0,0,0,0,,,0,0,0,0,0,0,0,0,0,0,0,0,,,,0,0,0,0,0,0,0,,0,0,0,0,,0,0,,0,0,0,0,0,0,0,0,0,0,0,0
00-0028080,K.Klug,Karl Klug,DE,DL,"https://static.www.nfl.com/image/private/f_auto,q_auto/league/t5wpqg7qws4gabyrjvk5",2017,REG,TEN,11,0,0,0,0,0,0,0,0,0,0,0,0,,,0,,0,0,0,0,0,0,0,0,0,0,,0,0,0,0,0,0,0,0,0,0,0,0,0,0,,0,0,0,0,0,,0,0,0,0,13,0,5,3,9,0,1.5,8,3,0,0,0,0,0,0,0,0,0,0,0,0,1,5,0,0,0,0,0,0,0,0,0,0,0,0,0,,,0,0,0,0,0,0,0,0,0,0,0,0,,,,0,0,0,0,0,0,0,,0,0,0,0,,0,0,,0,0,0,0,0,0,0,0,0,0,0,0
00-0028083,J.Rodgers,Jacquizz Rodgers,RB,RB,"https://static.www.nfl.com/image/private/f_auto,q_auto/league/ztmescfueap5glplyf7w",2017,REG,TB,16,0,0,0,0,0,0,0,0,0,0,0,0,,,0,,0,0,0,0,64,244,1,0,0,11,-8.94342955289176,0,4,3,1,0,9,11,74,0,0,0,-3,85,4,1.50861993955914,0,4,0,0,0,-24.6666666666667,0.0184563758389262,-0.000486066104990279,0.0273443174848961,0,3,0,1,0,0,0,0,0,0,0,0,0,0,0,0,0,0,0,0,0,0,0,0,0,0,0,0,0,0,0,11,255,0,0,0,0,,,0,0,0,0,0,0,0,0,0,0,0,0,,,,0,0,0,0,0,0,0,,0,0,0,0,,0,0,,0,0,0,0,0,0,0,0,0,0,37.8,46.8
00-0028087,D.Lewis,Dion Lewis,RB,RB,"https://static.www.nfl.com/image/private/f_auto,q_auto/league/mvv0a1lqk90dscqn8uuj",2017,REG,NE,16,0,0,0,0,0,0,0,0,0,0,0,0,,,0,,0,0,0,0,180,896,6,0,0,48,18.6022631201472,0,25,18,7,1,32,35,214,3,0,0,0,224,11,13.2837032179523,0,9,1,1,0,0,0.0599315068493151,0,0.0898972602739726,1,0,0,0,0,0,0,0,0,0,0,0,0,0,0,0,0,0,0,0,0,0,0,0,0,0,0,0,0,0,0,23,570,0,0,0,0,,,0,0,0,0,0,0,0,0,0,0,0,0,,,,0,0,0,0,0,0,0,,0,0,0,0,,0,0,,0,0,0,0,0,0,0,0,0,0,171,203
00-0028090,T.Yates,T.J. Yates,QB,QB,"https://static.www.nfl.com/image/private/f_auto,q_auto/league/h8x0pbhc1s5dwjuzipsb",2017,REG,HOU,4,47,97,523,4,3,13,-75,4,1,991,176,27,-27.9549588183632,-10.3715488506902,0,0.527749747729566,21,8,7,1,5,51,0,0,0,4,5.7194524424352,0,3,2,0,0,0,0,0,0,0,0,0,0,0,,0,0,0,0,0,,0,0,0,0,1,0,0,0,0,0,0,0,0,0,0,0,0,0,0,0,3,0,0,0,0,0,0,4,1,0,5,1,0,0,0,0,0,0,0,0,,,0,0,0,0,0,0,0,0,0,0,0,0,,,,0,0,0,0,0,0,0,,0,0,0,0,,0,0,,0,0,0,0,0,0,0,0,0,0,34.02,34.02
00-0028091,J.Kerley,Jeremy Kerley,WR,WR,"https://static.www.nfl.com/image/private/f_auto,q_auto/league/lsfc40maht2r3k0ctu1b",2017,REG,NYJ,8,0,0,0,0,0,0,0,0,0,0,0,0,,,0,,0,0,0,0,0,0,0,0,0,0,,0,0,0,0,0,22,27,217,1,0,0,244,57,13,16.0281485630999,0,9,3,2,0,0.889344262295082,0.0544354838709677,0.0619132199949252,0.124992479802899,0,0,0,0,0,0,0,0,0,0,0,0,0,0,2,0,0,1,0,0,0,0,0,0,0,3,0,3,2,16,85,0,0,0,0,0,0,,,0,0,0,0,0,0,0,0,0,0,0,0,,,,0,0,0,0,0,0,0,,0,0,0,0,,0,0,,0,0,0,0,0,0,0,0,0,0,27.7,49.7
00-0028092,R.Sherman,Richard Sherman,CB,DB,"https://static.www.nfl.com/image/private/f_auto,q_auto/league/bdfb1uulaykfcryanimb",2017,REG,SEA,9,0,0,0,0,0,0,0,0,0,0,0,0,,,0,,0,0,0,0,0,0,0,0,0,0,,0,0,0,0,0,0,0,0,0,0,0,0,0,0,,0,0,0,0,0,,0,0,0,0,24,1,10,1,2,0,0,0,0,2,20,7,0,0,0,0,1,0,0,0,0,4,40,0,0,0,0,0,0,0,0,0,0,0,0,0,,,0,0,0,0,0,0,0,0,0,0,0,0,,,,0,0,0,0,0,0,0,,0,0,0,0,,0,0,,0,0,0,0,0,0,0,0,0,0,0,0
00-0028093,N.Paul,Niles Paul,TE,TE,"https://static.www.nfl.com/image/private/f_auto,q_auto/league/c2hufhhjyuitenxujhpz",2017,REG,WAS,11,0,0,0,0,0,0,0,0,0,0,0,0,,,0,,0,0,0,0,2,4,0,0,0,1,1.30055225093383,0,0,0,0,0,13,19,94,0,0,0,112,31,4,1.20608496881323,0,4,1,1,0,0.839285714285714,0.0355805243445693,0.0269684565374428,0.0722487060930639,0,2,0,2,0,0,0,0,0,0,0,0,0,0,0,0,0,0,0,0,0,0,2,15,0,0,0,0,0,0,0,3,47,0,0,0,0,,,0,0,0,0,0,0,0,0,0,0,0,0,,,,0,0,0,0,0,0,0,,0,0,0,0,,0,0,,0,0,0,0,0,0,0,0,0,0,9.8,22.8
00-0028097,L.Smith,Lee Smith,TE,TE,"https://static.www.nfl.com/image/private/f_auto,q_auto/league/gcaqwhzrinlqicrljwlr",2017,REG,LV,10,0,0,0,0,0,0,0,0,0,0,0,0,,,0,,0,0,0,0,0,0,0,0,0,0,,0,0,0,0,0,8,11,76,0,0,0,57,32,4,2.33930380083621,0,4,1,1,0,1.33333333333333,0.0199275362318841,0.0122448979591837,0.0384627329192547,0,3,0,0,0,0,0,0,0,0,0,0,0,0,0,0,0,0,0,0,0,0,5,57,0,0,0,0,0,0,0,0,0,0,0,0,0,,,0,0,0,0,0,0,0,0,0,0,0,0,,,,0,0,0,0,0,0,0,,0,0,0,0,,0,0,,0,0,0,0,0,0,0,0,0,0,7.6,15.6
00-0028100,C.Carter,Chris Carter,LB,LB,"https://static.www.nfl.com/image/private/f_auto,q_auto/league/ls8fucfotvwxyro3s3k4",2017,REG,WAS,6,0,0,0,0,0,0,0,0,0,0,0,0,,,0,,0,0,0,0,0,0,0,0,0,0,,0,0,0,0,0,0,0,0,0,0,0,0,0,0,,0,0,0,0,0,,0,0,0,0,4,0,3,0,0,0,0,0,0,0,0,0,0,0,0,0,0,0,0,0,0,0,0,0,0,0,0,0,0,0,0,0,0,0,0,0,,,0,0,0,0,0,0,0,0,0,0,0,0,,,,0,0,0,0,0,0,0,,0,0,0,0,,0,0,,0,0,0,0,0,0,0,0,0,0,0,0
00-0028101,D.Kilgore,Daniel Kilgore,C,OL,"https://static.www.nfl.com/image/private/f_auto,q_auto/league/fgghhl3qcrhmlvq2wsk7",2017,REG,SF,4,0,0,0,0,0,0,0,0,0,0,0,0,,,0,,0,0,0,0,0,0,0,0,0,0,,0,0,0,0,0,0,0,0,0,0,0,0,0,0,,0,0,0,0,0,,0,0,0,0,1,0,0,0,0,0,0,0,0,0,0,0,0,0,0,0,0,0,0,0,0,4,40,0,0,0,0,0,0,0,0,0,0,0,0,0,,,0,0,0,0,0,0,0,0,0,0,0,0,,,,0,0,0,0,0,0,0,,0,0,0,0,,0,0,,0,0,0,0,0,0,0,0,0,0,0,0
00-0028103,P.McPhee,Pernell McPhee,LB,LB,"https://static.www.nfl.com/image/private/f_auto,q_auto/league/ybkcgchf6dxet313tmji",2017,REG,CHI,12,0,0,0,0,0,0,0,0,0,0,0,0,,,0,,0,0,0,0,0,0,0,0,0,0,,0,0,0,0,0,0,0,0,0,0,0,0,0,0,,0,0,0,0,0,,0,0,0,0,20,0,1,5,26,1,4,20,11,0,0,2,0,0,0,0,0,0,0,0,0,0,0,0,0,0,0,0,0,0,0,0,0,0,0,0,,,0,0,0,0,0,0,0,0,0,0,0,0,,,,0,0,0,0,0,0,0,,0,0,0,0,,0,0,,0,0,0,0,0,0,0,0,0,0,0,0
00-0028110,B.Fusco,Brandon Fusco,G,OL,"https://static.www.nfl.com/image/private/f_auto,q_auto/league/od5khhgbwy4xmdjiiiwj",2017,REG,SF,6,0,0,0,0,0,0,0,0,0,0,0,0,,,0,,0,0,0,0,0,0,0,0,0,0,,0,0,0,0,0,0,0,0,0,0,0,0,0,0,,0,0,0,0,0,,0,0,0,0,1,0,0,0,0,0,0,0,0,0,0,0,0,0,0,0,0,0,0,0,0,5,28,0,0,0,0,0,0,0,0,0,0,0,0,0,,,0,0,0,0,0,0,0,0,0,0,0,0,,,,0,0,0,0,0,0,0,,0,0,0,0,,0,0,,0,0,0,0,0,0,0,0,0,0,0,0
00-0028111,B.Maxwell,Byron Maxwell,CB,DB,"https://static.www.nfl.com/image/private/f_auto,q_auto/league/wbrmwlbgy7enymlxef1y",2017,REG,SEA,9,0,0,0,0,0,0,0,0,0,0,0,0,,,0,,0,0,0,0,0,0,0,0,0,0,,0,0,0,0,0,0,0,0,0,0,0,0,0,0,,0,0,0,0,0,,0,0,0,0,37,2,7,0,0,2,0,0,0,1,0,7,0,0,0,0,0,0,0,0,0,2,45,0,0,0,0,0,0,0,0,0,0,0,0,0,,,0,0,0,0,0,0,0,0,0,0,0,0,,,,0,0,0,0,0,0,0,,0,0,0,0,,0,0,,0,0,0,0,0,0,0,0,0,0,0,0
00-0028112,C.Clay,Charles Clay,TE,TE,"https://static.www.nfl.com/image/private/f_auto,q_auto/league/gbfhfjn5cxtou5aazegt",2017,REG,BUF,13,0,0,0,0,0,0,0,0,0,0,0,0,,,0,,0,0,0,0,0,0,0,0,0,0,,0,0,0,0,0,49,74,558,2,1,0,512,265,29,8.53428105378599,0,23,10,7,1,1.08984375,0.158119658119658,0.12406106130361,0.324022230092014,0,1,0,0,0,0,0,0,0,0,0,0,0,0,0,0,0,0,0,0,0,0,2,15,1,0,1,1,0,0,0,0,0,0,0,0,0,,,0,0,0,0,0,0,0,0,0,0,0,0,,,,0,0,0,0,0,0,0,,0,0,0,0,,0,0,,0,0,0,0,0,0,0,0,0,0,67.8,116.8
00-0028114,D.Harris,Dwayne Harris,WR,WR,"https://static.www.nfl.com/image/private/f_auto,q_auto/league/cz34jefkstkm3mvjznvg",2017,REG,NYG,5,0,0,0,0,0,0,0,0,0,0,0,0,,,0,,0,0,0,0,0,0,0,0,0,0,,0,0,0,0,0,0,0,0,0,0,0,0,0,0,,0,0,0,0,0,,0,0,0,0,1,0,1,0,0,0,0,0,0,0,0,0,0,0,0,0,0,0,0,0,0,1,5,0,0,0,0,0,7,48,9,188,0,0,0,0,,,0,0,0,0,0,0,0,0,0,0,0,0,,,,0,0,0,0,0,0,0,,0,0,0,0,,0,0,,0,0,0,0,0,0,0,0,0,0,0,0
00-0028116,A.Robinson,Aldrick Robinson,WR,WR,"https://static.www.nfl.com/image/private/f_auto,q_auto/league/lzdmahvzc7tm4pulh2sj",2017,REG,SF,14,0,0,0,0,0,0,0,0,0,0,0,0,,,0,,0,0,0,0,0,0,0,0,0,0,,0,0,0,0,0,19,48,260,2,0,0,524,45,12,-5.95581916230864,0,12,6,3,1,0.49618320610687,0.0801335559265442,0.108803986710963,0.196363124587491,0,5,0,0,0,0,0,0,0,0,0,0,0,0,0,0,0,0,0,1,0,0,2,7,0,0,0,0,0,0,0,0,0,0,0,0,0,,,0,0,0,0,0,0,0,0,0,0,0,0,,,,0,0,0,0,0,0,0,,0,0,0,0,,0,0,,0,0,0,0,0,0,0,0,0,0,38,57
00-0028118,T.Taylor,Tyrod Taylor,QB,QB,"https://static.www.nfl.com/image/upload/f_auto,q_auto/league/nqpyumxuo0e9sitk0a0o",2017,REG,BUF,15,263,420,2799,14,4,46,-256,3,2,3599,1231,134,4.03020964691217,1.25949861130853,0,0.777716032231175,107,53,36,4,84,427,4,1,0,26,21.5225638407698,0,15,11,2,0,0,0,0,0,0,0,0,0,0,,0,0,0,0,0,,0,0,0,0,0,0,0,0,0,0,0,0,0,0,0,0,0,0,0,0,0,-7,0,0,0,2,10,3,1,0,4,2,0,0,0,0,0,0,0,0,,,0,0,0,0,0,0,0,0,0,0,0,0,,,,0,0,0,0,0,0,0,,0,0,0,0,,0,0,,0,0,0,0,0,0,0,0,0,0,222.66,222.66
00-0028121,J.Todman,Jordan Todman,RB,RB,"https://static.www.nfl.com/image/private/f_auto,q_auto/league/lhoxroo20gf8a3mbiczr",2017,REG,HOU,9,0,0,0,0,0,0,0,0,0,0,0,0,,,0,,0,0,0,0,0,0,0,0,0,0,,0,0,0,0,0,0,0,0,0,0,0,0,0,0,,0,0,0,0,0,,0,0,0,0,6,0,0,0,0,0,0,0,0,0,0,0,0,0,0,0,0,0,1,0,0,1,6,0,0,0,0,0,0,0,4,84,0,0,0,0,,,0,0,0,0,0,0,0,0,0,0,0,0,,,,0,0,0,0,0,0,0,,0,0,0,0,,0,0,,0,0,0,0,0,0,0,0,0,0,0,0
00-0028128,C.Jones,Colin Jones,S,DB,"https://static.www.nfl.com/image/private/f_auto,q_auto/league/gtpcd4mvricoawwynceu",2017,REG,CAR,9,0,0,0,0,0,0,0,0,0,0,0,0,,,0,,0,0,0,0,0,0,0,0,0,0,,0,0,0,0,0,0,0,0,0,0,0,0,0,0,,0,0,0,0,0,,0,0,0,0,14,0,9,0,0,0,0,0,0,1,10,2,0,0,0,0,0,0,0,0,0,0,0,0,0,0,0,0,0,0,0,0,0,0,0,0,,,0,0,0,0,0,0,0,0,0,0,0,0,,,,0,0,0,0,0,0,0,,0,0,0,0,,0,0,,0,0,0,0,0,0,0,0,0,0,0,0
00-0028129,J.Kelce,Jason Kelce,C,OL,"https://static.www.nfl.com/image/private/f_auto,q_auto/league/jkleqefsugfjxde0hzci",2017,REG,PHI,5,0,0,0,0,0,0,0,0,0,0,0,0,,,0,,0,0,0,0,0,0,0,0,0,0,,0,0,0,0,0,0,0,0,0,0,0,0,0,0,,0,0,0,0,0,,0,0,0,0,0,0,0,0,0,0,0,0,0,0,0,0,0,0,0,0,0,0,0,0,0,5,34,0,0,0,0,0,0,0,0,0,0,0,0,0,,,0,0,0,0,0,0,0,0,0,0,0,0,,,,0,0,0,0,0,0,0,,0,0,0,0,,0,0,,0,0,0,0,0,0,0,0,0,0,0,0
00-0028130,M.Bosher,Matt Bosher,P,SPEC,"https://static.www.nfl.com/image/private/f_auto,q_auto/league/onuliab3wc9t56b9ghfg",2017,REG,ATL,16,0,0,0,0,0,0,0,0,0,0,0,0,,,0,,0,0,0,0,1,0,0,0,0,0,-2.4659443073906,0,0,0,0,0,0,0,0,0,0,0,0,0,0,,0,0,0,0,0,,0,0,0,0,1,0,2,0,0,0,0,0,0,0,0,0,0,0,0,0,1,0,0,0,0,0,0,0,0,0,0,0,0,0,0,0,0,0,0,0,,,0,0,0,0,0,0,0,0,0,0,0,0,,,,0,0,0,0,0,0,0,,0,0,0,0,,53,0,62,2379,19,4,3,2,22,22,179,0,2160,0,0
00-0028142,V.Green,Virgil Green,TE,TE,"https://static.www.nfl.com/image/private/f_auto,q_auto/league/ic5ifab8fb39m4e9el3n",2017,REG,DEN,11,0,0,0,0,0,0,0,0,0,0,0,0,,,0,,0,0,0,0,0,0,0,0,0,0,,0,0,0,0,0,14,22,191,1,0,0,175,92,7,3.27189514884958,0,6,5,3,1,1.09142857142857,0.0399274047186933,0.0368498631290798,0.0856860112683958,0,1,0,0,0,0,0,0,0,0,0,0,0,0,0,0,0,0,0,0,0,0,1,10,0,0,0,0,0,0,0,0,0,0,0,0,0,,,0,0,0,0,0,0,0,0,0,0,0,0,,,,0,0,0,0,0,0,0,,0,0,0,0,,0,0,,0,0,0,0,0,0,0,0,0,0,25.1,39.1
00-0028171,L.Guy,Lawrence Guy,DT,DL,"https://static.www.nfl.com/image/private/f_auto,q_auto/league/jyc3hf6lyt5js3b7oon8",2017,REG,NE,16,0,0,0,0,0,0,0,0,0,0,0,0,,,0,,0,0,0,0,0,0,0,0,0,0,,0,0,0,0,0,0,0,0,0,0,0,0,0,0,,0,0,0,0,0,,0,0,0,0,25,9,24,5,17,0,1,3,4,0,0,1,0,0,0,0,0,0,0,0,0,0,0,0,0,0,0,0,0,0,0,0,0,0,0,0,,,0,0,0,0,0,0,0,0,0,0,0,0,,,,0,0,0,0,0,0,0,,0,0,0,0,,0,0,,0,0,0,0,0,0,0,0,0,0,0,0
00-0028172,A.Gachkar,Andrew Gachkar,LB,LB,"https://static.www.nfl.com/image/private/f_auto,q_auto/league/leg9hx848pbhdo3p9jge",2017,REG,CAR,3,0,0,0,0,0,0,0,0,0,0,0,0,,,0,,0,0,0,0,0,0,0,0,0,0,,0,0,0,0,0,0,0,0,0,0,0,0,0,0,,0,0,0,0,0,,0,0,0,0,4,0,0,0,0,0,0,0,0,0,0,0,0,0,0,0,0,0,0,0,0,1,15,0,0,0,0,0,0,0,0,0,0,0,0,0,,,0,0,0,0,0,0,0,0,0,0,0,0,,,,0,0,0,0,0,0,0,,0,0,0,0,,0,0,,0,0,0,0,0,0,0,0,0,0,0,0
00-0028177,M.Person,Mike Person,G,OL,"https://static.www.nfl.com/image/private/f_auto,q_auto/league/ckf3ynpz84hzylbal7xa",2017,REG,IND,1,0,0,0,0,0,0,0,0,0,0,0,0,,,0,,0,0,0,0,0,0,0,0,0,0,,0,0,0,0,0,0,0,0,0,0,0,0,0,0,,0,0,0,0,0,,0,0,0,0,0,0,0,0,0,0,0,0,0,0,0,0,0,0,0,0,0,0,0,0,0,1,5,0,0,0,0,0,0,0,0,0,0,0,0,0,,,0,0,0,0,0,0,0,0,0,0,0,0,,,,0,0,0,0,0,0,0,,0,0,0,0,,0,0,,0,0,0,0,0,0,0,0,0,0,0,0
00-0028224,C.Harris,Chris Harris,CB,DB,"https://static.www.nfl.com/image/private/f_auto,q_auto/league/jil3vlqjybwg2tawnume",2017,REG,DEN,16,0,0,0,0,0,0,0,0,0,0,0,0,,,0,,0,0,0,0,0,0,0,0,0,0,,0,0,0,0,0,0,0,0,0,0,0,0,0,0,,0,0,0,0,0,,0,0,0,0,31,1,8,1,2,1,0,0,0,2,36,7,0,0,0,0,0,0,0,0,0,3,15,0,0,0,0,0,0,0,0,0,0,0,0,0,,,0,0,0,0,0,0,0,0,0,0,0,0,,,,0,0,0,0,0,0,0,,0,0,0,0,,0,0,,0,0,0,0,0,0,0,0,0,0,0,0
00-0028237,C.Hogan,Chris Hogan,WR,WR,"https://static.www.nfl.com/image/private/f_auto,q_auto/league/fmpqnciwjqicsjzy63mc",2017,REG,NE,9,0,0,0,0,0,0,0,0,0,0,0,0,,,0,,0,0,0,0,3,17,0,0,0,1,-0.244613608811051,0,1,1,0,0,34,59,439,5,0,0,780,171,22,17.6838911094614,0,17,12,6,1,0.562820512820513,0.101027397260274,0.145631067961165,0.253482843463226,0,1,0,0,0,0,0,0,0,0,0,0,0,0,0,0,0,0,0,0,0,0,1,10,0,0,0,0,0,0,0,0,0,0,0,0,0,,,0,0,0,0,0,0,0,0,0,0,0,0,,,,0,0,0,0,0,0,0,,0,0,0,0,,0,0,,0,0,0,0,0,0,0,0,0,0,75.6,109.6
00-0028240,K.Wiggins,Kenny Wiggins,G,OL,"https://static.www.nfl.com/image/private/f_auto,q_auto/league/omjtwbluwhd3p2ynglsi",2017,REG,LAC,2,0,0,0,0,0,0,0,0,0,0,0,0,,,0,,0,0,0,0,0,0,0,0,0,0,,0,0,0,0,0,0,0,0,0,0,0,0,0,0,,0,0,0,0,0,,0,0,0,0,1,0,0,0,0,0,0,0,0,0,0,0,0,0,0,0,0,0,0,0,0,2,13,0,0,0,0,0,0,0,0,0,0,0,0,0,,,0,0,0,0,0,0,0,0,0,0,0,0,,,,0,0,0,0,0,0,0,,0,0,0,0,,0,0,,0,0,0,0,0,0,0,0,0,0,0,0
00-0028256,S.Siliga,Sealver Siliga,DT,DL,"https://static.www.nfl.com/image/private/f_auto,q_auto/league/begtrvmup6zuwrboq7b7",2017,REG,TB,5,0,0,0,0,0,0,0,0,0,0,0,0,,,0,,0,0,0,0,0,0,0,0,0,0,,0,0,0,0,0,0,0,0,0,0,0,0,0,0,,0,0,0,0,0,,0,0,0,0,3,0,5,1,1,0,0,0,0,0,0,0,0,0,0,0,0,0,0,0,0,0,0,0,0,0,0,0,0,0,0,0,0,0,0,0,,,0,0,0,0,0,0,0,0,0,0,0,0,,,,0,0,0,0,0,0,0,,0,0,0,0,,0,0,,0,0,0,0,0,0,0,0,0,0,0,0
00-0028263,A.Holmes,Andre Holmes,WR,WR,"https://static.www.nfl.com/image/private/f_auto,q_auto/league/ujb4sism9jdte3o8ofve",2017,REG,BUF,10,0,0,0,0,0,0,0,0,0,0,0,0,,,0,,0,0,0,0,0,0,0,0,0,0,,0,0,0,0,0,13,23,120,3,0,0,308,11,10,8.64599719988643,0,3,2,1,0,0.38961038961039,0.0491452991452992,0.0746304821904531,0.125959286251266,0,8,0,0,0,0,0,0,0,0,0,0,0,0,0,0,0,0,0,0,0,0,2,18,0,0,0,0,0,0,0,0,0,0,0,0,0,,,0,0,0,0,0,0,0,0,0,0,0,0,,,,0,0,0,0,0,0,0,,0,0,0,0,,0,0,,0,0,0,0,0,0,0,0,0,0,30,43
00-0028278,J.Bynes,Josh Bynes,ILB,LB,"https://static.www.nfl.com/image/private/f_auto,q_auto/league/yki1iqv1tu8hvta68ypu",2017,REG,ARI,11,0,0,0,0,0,0,0,0,0,0,0,0,,,0,,0,0,0,0,0,0,0,0,0,0,,0,0,0,0,0,0,0,0,0,0,0,0,0,0,,0,0,0,0,0,,0,0,0,0,28,2,5,2,5,2,1,2,1,1,25,3,0,0,0,0,0,0,0,0,0,3,38,0,0,0,0,0,0,0,0,0,0,0,0,0,,,0,0,0,0,0,0,0,0,0,0,0,0,,,,0,0,0,0,0,0,0,,0,0,0,0,,0,0,,0,0,0,0,0,0,0,0,0,0,0,0
00-0028292,N.Bellore,Nick Bellore,LB,LB,"https://static.www.nfl.com/image/upload/f_auto,q_auto/league/wlj7zdf6h9p9dnhdtmih",2017,REG,DET,7,0,0,0,0,0,0,0,0,0,0,0,0,,,0,,0,0,0,0,0,0,0,0,0,0,,0,0,0,0,0,1,1,1,1,0,0,0,1,1,0.944199098274112,0,0,0,0,0,0,0.00176991150442478,0,0.00265486725663717,0,9,0,3,0,0,0,0,0,0,0,0,0,0,0,0,0,0,0,0,0,0,0,0,0,0,0,0,0,0,0,0,0,0,0,0,0,,,0,0,0,0,0,0,0,0,0,0,0,0,,,,0,0,0,0,0,0,0,,0,0,0,0,,0,0,,0,0,0,0,0,0,0,0,0,0,6.1,7.1
00-0028339,M.Addison,Mario Addison,DL,DL,"https://static.www.nfl.com/image/private/f_auto,q_auto/league/bapzewurohnyaqq1p3ud",2017,REG,CAR,15,0,0,0,0,0,0,0,0,0,0,0,0,,,0,,0,0,0,0,0,0,0,0,0,0,,0,0,0,0,0,0,0,0,0,0,0,0,0,0,,0,0,0,0,0,,0,0,0,0,27,0,17,10,60,2,11,70.5,15,0,0,1,0,0,0,0,0,0,0,0,0,2,10,0,0,0,0,0,0,0,0,0,0,0,0,0,,,0,0,0,0,0,0,0,0,0,0,0,0,,,,0,0,0,0,0,0,0,,0,0,0,0,,0,0,,0,0,0,0,0,0,0,0,0,0,0,0
00-0028374,K.Nelson,Kyle Nelson,LS,SPEC,"https://static.www.nfl.com/image/private/f_auto,q_auto/league/mbpziehbztm2l0elsalv",2017,REG,SF,2,0,0,0,0,0,0,0,0,0,0,0,0,,,0,,0,0,0,0,0,0,0,0,0,0,,0,0,0,0,0,0,0,0,0,0,0,0,0,0,,0,0,0,0,0,,0,0,0,0,1,0,1,0,0,0,0,0,0,0,0,0,0,0,0,0,0,0,1,0,0,0,0,0,0,0,0,0,0,0,0,0,0,0,0,0,,,0,0,0,0,0,0,0,0,0,0,0,0,,,,0,0,0,0,0,0,0,,0,0,0,0,,0,0,,0,0,0,0,0,0,0,0,0,0,0,0
00-0028411,D.Inman,Dontrelle Inman,WR,WR,"https://static.www.nfl.com/image/private/f_auto,q_auto/league/ankqlmlhk3orbiztqott",2017,REG,CHI,10,0,0,0,0,0,0,0,0,0,0,0,0,,,0,,0,0,0,0,0,0,0,0,0,0,,0,0,0,0,0,25,44,343,1,0,0,561,31,19,8.94254651898669,0,19,10,4,0,0.611408199643494,0.0767888307155323,0.117364016736402,0.19733805778878,0,0,0,0,0,0,0,0,0,0,0,0,0,0,0,0,0,0,0,0,0,0,1,10,0,0,0,0,0,0,0,0,0,0,0,0,0,,,0,0,0,0,0,0,0,0,0,0,0,0,,,,0,0,0,0,0,0,0,,0,0,0,0,,0,0,,0,0,0,0,0,0,0,0,0,0,40.3,65.3
00-0028424,C.Thornton,Cedric Thornton,DT,DL,"https://static.www.nfl.com/image/private/f_auto,q_auto/league/hb2vbmdv48etuapynz4c",2017,REG,BUF,13,0,0,0,0,0,0,0,0,0,0,0,0,,,0,,0,0,0,0,0,0,0,0,0,0,,0,0,0,0,0,0,0,0,0,0,0,0,0,0,,0,0,0,0,0,,0,0,0,0,16,2,9,5,10,0,2,5,4,0,0,0,0,0,0,0,0,0,0,0,0,1,15,0,0,0,0,0,0,0,0,0,0,0,0,0,,,0,0,0,0,0,0,0,0,0,0,0,0,,,,0,0,0,0,0,0,0,,0,0,0,0,,0,0,,0,0,0,0,0,0,0,0,0,0,0,0
00-0028434,D.Baldwin,Doug Baldwin,WR,WR,"https://static.www.nfl.com/image/private/f_auto,q_auto/league/kccmcttfdtl7m3g49vb8",2017,REG,SEA,16,0,0,0,0,0,0,0,0,0,0,0,0,,,0,,0,0,0,0,2,-8,0,0,0,0,-2.84694556891918,0,0,0,0,0,75,116,991,8,0,0,1476,274,44,43.8722242265689,1,38,20,18,3,0.671409214092141,0.220532319391635,0.271373414230557,0.520759869048843,0,3,0,0,0,0,0,0,0,0,0,0,0,0,0,0,0,0,0,0,0,0,1,5,0,0,0,0,0,0,0,0,0,0,0,0,0,,,0,0,0,0,0,0,0,0,0,0,0,0,,,,0,0,0,0,0,0,0,,0,0,0,0,,0,0,,0,0,0,0,0,0,0,0,0,0,148.3,223.3
00-0028445,R.Parker,Ron Parker,FS,DB,"https://static.www.nfl.com/image/private/f_auto,q_auto/league/qhgkk3fclxl23xmpchjl",2017,REG,KC,15,0,0,0,0,0,0,0,0,0,0,0,0,,,0,,0,0,0,0,0,0,0,0,0,0,,0,0,0,0,0,0,0,0,0,0,0,0,0,0,,0,0,0,0,0,,0,0,0,0,53,5,9,0,0,0,0,0,0,2,0,4,0,0,0,0,0,0,2,7,0,2,16,0,0,0,0,0,0,0,0,0,0,0,0,0,,,0,0,0,0,0,0,0,0,0,0,0,0,,,,0,0,0,0,0,0,0,,0,0,0,0,,0,0,,0,0,0,0,0,0,0,0,0,0,0,0
00-0028454,J.Freeny,Jonathan Freeny,LB,LB,"https://static.www.nfl.com/image/private/f_auto,q_auto/league/omeokvcmqcs1r7eyw0m8",2017,REG,NO,3,0,0,0,0,0,0,0,0,0,0,0,0,,,0,,0,0,0,0,0,0,0,0,0,0,,0,0,0,0,0,0,0,0,0,0,0,0,0,0,,0,0,0,0,0,,0,0,0,0,5,0,1,0,0,0,0,0,0,0,0,0,0,0,0,0,0,0,0,0,0,0,0,0,0,0,0,0,0,0,0,0,0,0,0,0,,,0,0,0,0,0,0,0,0,0,0,0,0,,,,0,0,0,0,0,0,0,,0,0,0,0,,0,0,,0,0,0,0,0,0,0,0,0,0,0,0
00-0028497,K.Aiken,Kamar Aiken,WR,WR,"https://static.www.nfl.com/image/private/f_auto,q_auto/league/u0fe10u5kbeyhe65spby",2017,REG,IND,14,0,0,0,0,0,0,0,0,0,0,0,0,,,0,,0,0,0,0,0,0,0,0,0,0,,0,0,0,0,0,15,44,133,0,0,0,417,47,7,-26.3421768741391,0,6,1,1,0,0.3189448441247,0.0932203389830508,0.113376835236542,0.219194293140155,0,0,0,0,0,0,0,0,0,0,0,0,0,0,0,0,0,0,0,0,0,0,2,25,0,0,0,0,0,0,0,0,0,0,0,0,0,,,0,0,0,0,0,0,0,0,0,0,0,0,,,,0,0,0,0,0,0,0,,0,0,0,0,,0,0,,0,0,0,0,0,0,0,0,0,0,13.3,28.3
00-0028581,P.DiMarco,Patrick DiMarco,RB,RB,"https://static.www.nfl.com/image/private/f_auto,q_auto/league/aogfdoxrgi8kssdps73x",2017,REG,BUF,9,0,0,0,0,0,0,0,0,0,0,0,0,,,0,,0,0,0,0,2,-2,0,0,0,0,-3.80403227190254,0,0,0,0,0,7,10,28,0,0,0,21,10,0,-11.1885762856109,0,0,0,0,0,1.33333333333333,0.0213675213675214,0.00508844196753089,0.0356131914285537,0,1,0,1,0,0,0,0,0,0,0,0,0,0,0,0,0,0,0,0,0,0,0,0,0,0,0,0,0,0,0,1,24,0,0,0,0,,,0,0,0,0,0,0,0,0,0,0,0,0,,,,0,0,0,0,0,0,0,,0,0,0,0,,0,0,,0,0,0,0,0,0,0,0,0,0,2.6,9.6
00-0028595,S.Tolzien,Scott Tolzien,QB,QB,"https://static.www.nfl.com/image/private/f_auto,q_auto/league/kt8ji3aejylpnpskeqzn",2017,REG,IND,1,9,18,128,0,2,4,-29,1,0,165,72,5,-22.6156100803805,-10.3960164719158,0,0.775757575757576,6,5,4,0,2,2,0,0,0,0,-0.36162001779303,0,0,0,0,0,0,0,0,0,0,0,0,0,0,,0,0,0,0,0,,0,0,0,0,0,0,0,0,0,0,0,0,0,0,0,0,0,0,0,0,1,0,0,0,0,0,0,0,1,0,1,0,0,0,0,0,0,0,0,0,,,0,0,0,0,0,0,0,0,0,0,0,0,,,,0,0,0,0,0,0,0,,0,0,0,0,,0,0,,0,0,0,0,0,0,0,0,0,0,1.32,1.32
00-0028660,D.Bailey,Dan Bailey,K,SPEC,"https://static.www.nfl.com/image/private/f_auto,q_auto/league/whzglb6c4ruwqe9n4vge",2017,REG,DAL,12,0,0,0,0,0,0,0,0,0,0,0,0,,,0,,0,0,0,0,0,0,0,0,0,0,,0,0,0,0,0,0,0,0,0,0,0,0,0,0,,0,0,0,0,0,,0,0,0,0,0,0,0,0,0,0,0,0,0,0,0,0,0,0,0,0,0,0,0,0,0,0,0,0,0,0,0,0,0,0,0,0,15,20,5,0,56,0.75,1,3,4,4,3,0,0,1,1,1,2,0,21;48;42;36;56;34;43;24;21;45;19;34;51;51;39,53;50;34;48;23,,564,208,0,26,28,2,0,0.928571428571429,0,0,0,0,,0,0,,0,0,0,0,0,0,0,0,0,0,0,0
00-0028664,C.Jones,Chris Jones,P,SPEC,"https://static.www.nfl.com/image/private/f_auto,q_auto/league/c6kjlharechwayxq6fzk",2017,REG,DAL,16,0,0,0,0,0,0,0,0,0,0,0,0,,,0,,0,0,0,0,1,24,0,0,0,1,4.43070918740705,0,1,1,1,0,0,0,0,0,0,0,0,0,0,,0,0,0,0,0,,0,0,0,0,0,0,0,0,0,0,0,0,0,0,0,0,0,0,0,0,0,0,0,0,0,1,5,0,0,0,0,0,0,0,0,0,0,0,0,0,,,0,0,0,0,0,0,0,0,0,0,0,0,,,,0,0,0,0,0,0,0,,0,0,0,0,,66,0,62,2908,34,9,14,5,20,18,75,0,2733,2.4,2.4
00-0028698,B.Jacobs,Ben Jacobs,LB,LB,"https://static.www.nfl.com/image/private/f_auto,q_auto/league/wozis8va9ewn72flodjq",2017,REG,CAR,5,0,0,0,0,0,0,0,0,0,0,0,0,,,0,,0,0,0,0,0,0,0,0,0,0,,0,0,0,0,0,0,0,0,0,0,0,0,0,0,,0,0,0,0,0,,0,0,0,0,4,0,2,0,0,0,0,0,0,0,0,0,0,0,0,0,0,0,0,0,0,1,10,0,0,0,0,0,0,0,0,0,0,0,0,0,,,0,0,0,0,0,0,0,0,0,0,0,0,,,,0,0,0,0,0,0,0,,0,0,0,0,,0,0,,0,0,0,0,0,0,0,0,0,0,0,0
00-0028702,C.Matthews,Chris Matthews,WR,WR,"https://static.www.nfl.com/image/private/f_auto,q_auto/league/yhaaa3gyqbin9feahr0v",2017,REG,BAL,4,0,0,0,0,0,0,0,0,0,0,0,0,,,0,,0,0,0,0,0,0,0,0,0,0,,0,0,0,0,0,3,6,25,0,0,0,39,5,2,-3.05435509351712,0,1,0,0,0,0.641025641025641,0.0106951871657754,0.0101509630400833,0.0231484548767214,0,5,0,0,0,0,0,0,0,0,0,0,0,0,0,0,0,0,0,0,0,0,0,0,0,0,0,0,0,0,0,0,0,0,0,0,0,,,0,0,0,0,0,0,0,0,0,0,0,0,,,,0,0,0,0,0,0,0,,0,0,0,0,,0,0,,0,0,0,0,0,0,0,0,0,0,2.5,5.5
00-0028738,B.Bell,Byron Bell,G,OL,"https://static.www.nfl.com/image/private/f_auto,q_auto/league/mdeyf3uftjfrhmcnzjoy",2017,REG,DAL,3,0,0,0,0,0,0,0,0,0,0,0,0,,,0,,0,0,0,0,0,0,0,0,0,0,,0,0,0,0,0,0,0,0,0,0,0,0,0,0,,0,0,0,0,0,,0,0,0,0,1,0,0,0,0,0,0,0,0,0,0,0,0,0,0,0,0,0,0,0,0,3,30,0,0,0,0,0,0,0,0,0,0,0,0,0,,,0,0,0,0,0,0,0,0,0,0,0,0,,,,0,0,0,0,0,0,0,,0,0,0,0,,0,0,,0,0,0,0,0,0,0,0,0,0,0,0
00-0028767,S.Moore,Sterling Moore,CB,DB,"https://static.www.nfl.com/image/private/f_auto,q_auto/league/teqetqikvvyknsrahxcc",2017,REG,NO,3,0,0,0,0,0,0,0,0,0,0,0,0,,,0,,0,0,0,0,0,0,0,0,0,0,,0,0,0,0,0,0,0,0,0,0,0,0,0,0,,0,0,0,0,0,,0,0,0,0,5,0,0,0,0,1,0,0,0,0,0,2,0,0,0,0,0,0,0,0,0,2,20,0,0,0,0,0,0,0,0,0,0,0,0,0,,,0,0,0,0,0,0,0,0,0,0,0,0,,,,0,0,0,0,0,0,0,,0,0,0,0,,0,0,,0,0,0,0,0,0,0,0,0,0,0,0
00-0028787,K.Forbath,Kai Forbath,K,SPEC,"https://static.www.nfl.com/image/private/f_auto,q_auto/league/ogz6qruagoh7ihyybcse",2017,REG,MIN,16,0,0,0,0,0,0,0,0,0,0,0,0,,,0,,0,0,0,0,0,0,0,0,0,0,,0,0,0,0,0,0,0,0,0,0,0,0,0,0,,0,0,0,0,0,,0,0,0,0,1,0,0,0,0,0,0,0,0,0,0,0,0,0,0,0,0,0,0,0,0,0,0,0,0,0,0,0,0,0,0,0,32,38,5,1,53,0.842105263157895,0,8,12,6,6,0,0,0,2,1,2,0,24;32;45;42;20;37;26;26;36;34;53;52;51;43;43;34;32;35;34;43;51;53;39;36;30;22;27;53;35;49;20;27,39;48;39;54;55,53,1184,235,53,34,39,3,2,0.871794871794872,1,1,0,0,26,0,0,,0,0,0,0,0,0,0,0,0,0,0,0
00-0028825,T.Pryor,Terrelle Pryor,WR,WR,"https://static.www.nfl.com/image/private/f_auto,q_auto/league/ac6blk5o4ztsr7hvtil9",2017,REG,WAS,8,0,0,0,0,0,0,0,0,0,0,0,0,,,0,,0,0,0,0,0,0,0,0,0,0,,0,0,0,0,0,20,37,240,1,0,0,400,58,15,8.43327744960636,0,10,4,3,1,0.6,0.0692883895131086,0.0963159162051529,0.17135372561327,0,0,0,0,0,0,0,0,0,0,0,0,0,0,0,0,0,0,0,0,0,0,1,10,0,0,0,0,0,0,0,0,0,0,0,0,0,,,0,0,0,0,0,0,0,0,0,0,0,0,,,,0,0,0,0,0,0,0,,0,0,0,0,,0,0,,0,0,0,0,0,0,0,0,0,0,30,50
00-0028834,C.Robertson,Craig Robertson,LB,LB,"https://static.www.nfl.com/image/private/f_auto,q_auto/league/o4futmewhqnhcb71pds2",2017,REG,NO,15,0,0,0,0,0,0,0,0,0,0,0,0,,,0,,0,0,0,0,0,0,0,0,0,0,,0,0,0,0,0,0,0,0,0,0,0,0,0,0,,0,0,0,0,0,,0,0,0,0,50,3,27,5,17,1,2,19,1,2,20,6,0,0,0,0,0,0,2,8,0,2,7,0,0,0,0,0,0,0,0,0,0,0,0,0,,,0,0,0,0,0,0,0,0,0,0,0,0,,,,0,0,0,0,0,0,0,,0,0,0,0,,0,0,,0,0,0,0,0,0,0,0,0,0,0,0
00-0028836,M.Wilhoite,Michael Wilhoite,OLB,LB,"https://static.www.nfl.com/image/private/f_auto,q_auto/league/vj3nhhqozlprpig7a3nh",2017,REG,SEA,13,0,0,0,0,0,0,0,0,0,0,0,0,,,0,,0,0,0,0,0,0,0,0,0,0,,0,0,0,0,0,0,0,0,0,0,0,0,0,0,,0,0,0,0,0,,0,0,0,0,20,1,9,1,2,0,0,0,0,1,0,1,0,0,0,0,0,0,0,0,0,3,30,0,0,0,0,0,0,0,0,0,0,0,0,0,,,0,0,0,0,0,0,0,0,0,0,0,0,,,,0,0,0,0,0,0,0,,0,0,0,0,,0,0,,0,0,0,0,0,0,0,0,0,0,0,0
00-0028845,J.Harris,Josh Harris,LS,SPEC,"https://static.www.nfl.com/image/upload/f_auto,q_auto/league/agckpghgjhwbacdexqyd",2017,REG,ATL,3,0,0,0,0,0,0,0,0,0,0,0,0,,,0,,0,0,0,0,0,0,0,0,0,0,,0,0,0,0,0,0,0,0,0,0,0,0,0,0,,0,0,0,0,0,,0,0,0,0,1,0,1,0,0,0,0,0,0,0,0,0,0,0,0,0,0,-6,0,0,0,0,0,0,1,0,1,0,0,0,0,0,0,0,0,0,,,0,0,0,0,0,0,0,0,0,0,0,0,,,,0,0,0,0,0,0,0,,0,0,0,0,,0,0,,0,0,0,0,0,0,0,0,0,0,0,0
00-0028846,P.Thompson,Peyton Thompson,DB,DB,"https://static.www.nfl.com/image/private/f_auto,q_auto/league/qmdyrv88d2hjt2ujhw18",2017,REG,JAX,12,0,0,0,0,0,0,0,0,0,0,0,0,,,0,,0,0,0,0,0,0,0,0,0,0,,0,0,0,0,0,0,0,0,0,0,0,0,0,0,,0,0,0,0,0,,0,0,0,0,9,0,3,0,0,0,0,0,0,0,0,0,0,0,0,0,0,0,0,0,0,2,14,0,0,0,0,0,0,0,0,0,0,0,0,0,,,0,0,0,0,0,0,0,0,0,0,0,0,,,,0,0,0,0,0,0,0,,0,0,0,0,,0,0,,0,0,0,0,0,0,0,0,0,0,0,0
00-0028872,J.Hekker,Johnny Hekker,P,SPEC,"https://static.www.nfl.com/image/upload/f_auto,q_auto/league/qqxvnynrahubphl6gjvw",2017,REG,LA,16,2,3,34,0,0,0,0,0,0,38,27,1,-1.25399285677122,14.6256407101949,0,0.894736842105263,1,1,1,0,0,0,0,0,0,0,,0,0,0,0,0,0,0,0,0,0,0,0,0,0,,0,0,0,0,0,,0,0,0,0,2,0,1,0,0,0,0,0,0,0,0,0,0,0,0,0,0,0,0,0,0,1,5,0,0,0,0,0,0,0,0,0,0,0,0,0,,,0,0,0,0,0,0,0,0,0,0,0,0,,,,0,0,0,0,0,0,0,,0,0,0,0,,65,0,70,3113,30,16,8,4,12,25,152,0,2881,1.36,1.36
00-0028899,R.McLeod,Rodney McLeod Jr.,FS,DB,"https://static.www.nfl.com/image/upload/f_auto,q_auto/league/ettne7rdpnkozuyhx8be",2017,REG,PHI,14,0,0,0,0,0,0,0,0,0,0,0,0,,,0,,0,0,0,0,0,0,0,0,0,0,,0,0,0,0,0,0,0,0,0,0,0,0,0,0,,0,0,0,0,0,,0,0,0,0,38,1,15,2,3,1,0,0,0,3,67,6,0,0,0,0,0,0,1,9,0,0,0,0,0,0,0,0,0,0,0,0,0,0,0,0,,,0,0,0,0,0,0,0,0,0,0,0,0,,,,0,0,0,0,0,0,0,,0,0,0,0,,0,0,,0,0,0,0,0,0,0,0,0,0,0,0
00-0028903,G.Celek,Garrett Celek,TE,TE,"https://static.www.nfl.com/image/private/f_auto,q_auto/league/hin5nyuakhpbngjhepty",2017,REG,SF,14,0,0,0,0,0,0,0,0,0,0,0,0,,,0,,0,0,0,0,0,0,0,0,0,0,,0,0,0,0,0,21,33,336,4,0,0,273,172,15,11.8093626255483,0,10,7,6,3,1.23076923076923,0.0550918196994992,0.0566860465116279,0.122317962107388,0,5,0,0,0,0,0,0,0,0,0,0,0,0,0,0,0,0,0,0,0,0,5,45,0,0,0,0,0,0,0,0,0,0,0,0,0,,,0,0,0,0,0,0,0,0,0,0,0,0,,,,0,0,0,0,0,0,0,,0,0,0,0,,0,0,,0,0,0,0,0,0,0,0,0,0,57.6,78.6
00-0028907,G.Tavecchio,Giorgio Tavecchio,K,SPEC,"https://static.www.nfl.com/image/private/f_auto,q_auto/league/sxmukxhraeml7lup8pm1",2017,REG,LV,16,0,0,0,0,0,0,0,0,0,0,0,0,,,0,,0,0,0,0,0,0,0,0,0,0,,0,0,0,0,0,0,0,0,0,0,0,0,0,0,,0,0,0,0,0,,0,0,0,0,0,0,0,0,0,0,0,0,0,0,0,0,0,0,0,0,0,0,0,0,0,1,5,0,0,0,0,0,0,0,0,0,16,21,4,1,53,0.761904761904762,0,5,5,3,3,0,0,0,2,2,0,0,20;52;52;43;29;22;38;32;44;26;36;53;39;39;25;40,45;35;39;48,53,590,167,53,33,34,1,0,0.970588235294118,0,0,0,0,,0,0,,0,0,0,0,0,0,0,0,0,0,0,0
00-0028908,M.Thomas,Michael Thomas,DB,DB,"https://static.www.nfl.com/image/private/f_auto,q_auto/league/wkugml4qpzkcj1tcyezx",2017,REG,MIA,10,0,0,0,0,0,0,0,0,0,0,0,0,,,0,,0,0,0,0,0,0,0,0,0,0,,0,0,0,0,0,0,0,0,0,0,0,0,0,0,,0,0,0,0,0,,0,0,0,0,15,1,11,1,6,0,0,0,0,0,0,1,0,0,0,0,0,0,0,0,0,1,10,0,0,0,0,0,0,0,0,0,0,0,0,0,,,0,0,0,0,0,0,0,0,0,0,0,0,,,,0,0,0,0,0,0,0,,0,0,0,0,,0,0,,0,0,0,0,0,0,0,0,0,0,0,0
00-0028912,V.Burfict,Vontaze Burfict,OLB,LB,"https://static.www.nfl.com/image/private/f_auto,q_auto/league/yiq1ldt7exydj8p71qko",2017,REG,CIN,10,0,0,0,0,0,0,0,0,0,0,0,0,,,0,,0,0,0,0,0,0,0,0,0,0,,0,0,0,0,0,0,0,0,0,0,0,0,0,0,,0,0,0,0,0,,0,0,0,0,48,0,21,5,15,1,1.5,12,5,0,0,2,0,0,0,0,0,0,0,0,0,6,49,0,0,0,0,0,0,0,0,0,0,0,0,0,,,0,0,0,0,0,0,0,0,0,0,0,0,,,,0,0,0,0,0,0,0,,0,0,0,0,,0,0,,0,0,0,0,0,0,0,0,0,0,0,0
00-0028924,T.Gipson,Tashaun Gipson,FS,DB,"https://static.www.nfl.com/image/private/f_auto,q_auto/league/mbniabicepxxcetygjhk",2017,REG,JAX,16,0,0,0,0,0,0,0,0,0,0,0,0,,,0,,0,0,0,0,0,0,0,0,0,0,,0,0,0,0,0,0,0,0,0,0,0,0,0,0,,0,0,0,0,0,,0,0,0,0,53,0,11,4,15,0,0,0,0,4,83,7,0,0,0,0,0,0,1,0,0,1,5,0,0,0,0,0,0,0,0,0,0,0,0,0,,,0,0,0,0,0,0,0,0,0,0,0,0,,,,0,0,0,0,0,0,0,,0,0,0,0,,0,0,,0,0,0,0,0,0,0,0,0,0,0,0
00-0028932,L.Fort,L.J. Fort,LB,LB,"https://static.www.nfl.com/image/private/f_auto,q_auto/league/z3x0kdm8pc6wo4luvel1",2017,REG,PIT,8,0,0,0,0,0,0,0,0,0,0,0,0,,,0,,0,0,0,0,0,0,0,0,0,0,,0,0,0,0,0,0,0,0,0,0,0,0,0,0,,0,0,0,0,0,,0,0,0,0,8,1,2,1,7,0,1,7,1,0,0,4,0,0,0,0,0,0,0,0,0,0,0,0,0,0,0,0,0,0,0,0,0,0,0,0,,,0,0,0,0,0,0,0,0,0,0,0,0,,,,0,0,0,0,0,0,0,,0,0,0,0,,0,0,,0,0,0,0,0,0,0,0,0,0,0,0
00-0028943,S.Johnson,Steven Johnson,LB,LB,"https://static.www.nfl.com/image/private/f_auto,q_auto/league/rexvwdi8c46s7uuztqup",2017,REG,BAL,4,0,0,0,0,0,0,0,0,0,0,0,0,,,0,,0,0,0,0,0,0,0,0,0,0,,0,0,0,0,0,0,0,0,0,0,0,0,0,0,,0,0,0,0,0,,0,0,0,0,4,0,1,0,0,0,0,0,0,0,0,0,0,0,0,0,0,0,0,0,0,0,0,0,0,0,0,0,0,0,0,0,0,0,0,0,,,0,0,0,0,0,0,0,0,0,0,0,0,,,,0,0,0,0,0,0,0,,0,0,0,0,,0,0,,0,0,0,0,0,0,0,0,0,0,0,0
00-0028946,A.Brewer,Aaron Brewer,LS,SPEC,"https://static.www.nfl.com/image/upload/f_auto,q_auto/league/mnaix4zmrmwryj55usgx",2017,REG,ARI,2,0,0,0,0,0,0,0,0,0,0,0,0,,,0,,0,0,0,0,0,0,0,0,0,0,,0,0,0,0,0,0,0,0,0,0,0,0,0,0,,0,0,0,0,0,,0,0,0,0,1,0,1,0,0,0,0,0,0,0,0,0,0,0,0,0,0,0,0,0,0,0,0,0,0,0,0,0,0,0,0,0,0,0,0,0,,,0,0,0,0,0,0,0,0,0,0,0,0,,,,0,0,0,0,0,0,0,,0,0,0,0,,0,0,,0,0,0,0,0,0,0,0,0,0,0,0
00-0028954,R.Golden,Robert Golden,FS,DB,"https://static.www.nfl.com/image/private/f_auto,q_auto/league/x34qsxf2ita6cddyhped",2017,REG,PIT,9,1,1,44,0,0,0,0,0,0,23,21,1,4.9709281558753,67.8993582725525,0,1.91304347826087,1,1,1,1,0,0,0,0,0,0,,0,0,0,0,0,0,0,0,0,0,0,0,0,0,,0,0,0,0,0,,0,0,0,0,10,3,6,0,0,0,0,0,0,1,-1,2,0,0,0,0,0,0,0,0,0,0,0,0,0,0,0,0,0,0,1,5,0,0,0,0,,,0,0,0,0,0,0,0,0,0,0,0,0,,,,0,0,0,0,0,0,0,,0,0,0,0,,0,0,,0,0,0,0,0,0,0,0,0,0,1.76,1.76
00-0028957,A.Davis,Austin Davis,QB,QB,"https://static.www.nfl.com/image/private/f_auto,q_auto/league/wmquxjs1nuwferz7o9q2",2017,REG,SEA,1,0,0,0,0,0,0,0,0,0,0,0,0,,,0,,0,0,0,0,1,-1,0,0,0,0,0,0,0,0,0,0,0,0,0,0,0,0,0,0,0,,0,0,0,0,0,,0,0,0,0,0,0,0,0,0,0,0,0,0,0,0,0,0,0,0,0,0,0,0,0,0,0,0,0,0,0,0,0,0,0,0,0,0,0,0,0,,,0,0,0,0,0,0,0,0,0,0,0,0,,,,0,0,0,0,0,0,0,,0,0,0,0,,0,0,,0,0,0,0,0,0,0,0,0,0,-0.1,-0.1
00-0028986,C.Keenum,Case Keenum,QB,QB,"https://static.www.nfl.com/image/upload/f_auto,q_auto/league/weixhyzal4ntsyszyepu",2017,REG,MIN,15,325,481,3547,22,7,22,-136,1,1,3641,1830,179,58.2826270781184,3.58392319240068,1,0.974182916781104,140,71,45,8,40,160,1,0,0,13,-1.23717690451304,0,7,7,2,0,0,0,0,0,0,0,0,0,0,,0,0,0,0,0,,0,0,0,0,1,0,0,0,0,1,0,0,0,0,0,0,0,0,0,0,0,0,0,0,0,4,23,1,0,0,1,1,0,0,0,0,0,0,0,0,,,0,0,0,0,0,0,0,0,0,0,0,0,,,,0,0,0,0,0,0,0,,0,0,0,0,,0,0,,0,0,0,0,0,0,0,0,0,0,237.88,237.88
00-0028987,P.Supernaw,Phillip Supernaw,TE,TE,"https://static.www.nfl.com/image/private/f_auto,q_auto/league/wltyuqbgmkisakjqkua5",2017,REG,TEN,9,0,0,0,0,0,0,0,0,0,0,0,0,,,0,,0,0,0,0,0,0,0,0,0,0,,0,0,0,0,0,4,6,39,1,0,0,34,15,2,-5.65076331538148,0,2,1,1,0,1.14705882352941,0.012396694214876,0.00777142857142857,0.0240350413223141,0,3,1,0,0,0,0,0,0,0,0,0,0,0,0,0,0,0,0,1,0,0,3,22,0,0,0,0,0,0,0,0,0,0,0,0,0,,,0,0,0,0,0,0,0,0,0,0,0,0,,,,0,0,0,0,0,0,0,,0,0,0,0,,0,0,,0,0,0,0,0,0,0,0,0,0,9.9,13.9
00-0029000,C.Beasley,Cole Beasley,WR,WR,"https://static.www.nfl.com/image/private/f_auto,q_auto/league/y5r0fhwctl6ljwvmktvu",2017,REG,DAL,15,0,0,0,0,0,0,0,0,0,0,0,0,,,0,,0,0,0,0,0,0,0,0,0,0,,0,0,0,0,0,36,63,314,4,0,0,392,125,20,-17.0826563416762,0,10,3,2,1,0.801020408163265,0.129896907216495,0.0994166878011666,0.264437042285559,0,2,0,0,0,0,0,0,0,0,0,0,0,0,0,0,0,0,0,0,0,0,0,0,0,0,0,0,0,2,19,0,0,0,0,0,0,,,0,0,0,0,0,0,0,0,0,0,0,0,,,,0,0,0,0,0,0,0,,0,0,0,0,,0,0,,0,0,0,0,0,0,0,0,0,0,55.4,91.4
00-0029004,L.Dunbar,Lance Dunbar,RB,RB,"https://static.www.nfl.com/image/private/f_auto,q_auto/league/mwxzuvjfvoecnoze3aty",2017,REG,LA,2,0,0,0,0,0,0,0,0,0,0,0,0,,,0,,0,0,0,0,11,51,1,0,0,4,2.49456162453862,0,2,1,0,0,1,3,1,0,0,0,6,1,0,-1.74561142030871,0,0,0,0,0,0.166666666666667,0.00588235294117647,0.00148001973359645,0.00985954322528222,0,0,0,0,0,0,0,0,0,0,0,0,0,0,0,0,0,0,0,0,0,0,0,0,0,0,0,0,0,0,0,0,0,0,0,0,0,,,0,0,0,0,0,0,0,0,0,0,0,0,,,,0,0,0,0,0,0,0,,0,0,0,0,,0,0,,0,0,0,0,0,0,0,0,0,0,11.2,12.2
00-0029008,C.Hughlett,Charley Hughlett,LS,SPEC,"https://static.www.nfl.com/image/upload/f_auto,q_auto/league/cowm2qllr7vpyktisnln",2017,REG,CLE,3,0,0,0,0,0,0,0,0,0,0,0,0,,,0,,0,0,0,0,0,0,0,0,0,0,,0,0,0,0,0,0,0,0,0,0,0,0,0,0,,0,0,0,0,0,,0,0,0,0,2,0,1,0,0,0,0,0,0,0,0,0,0,0,0,0,0,0,0,0,0,0,0,0,0,0,0,0,0,0,0,0,0,0,0,0,,,0,0,0,0,0,0,0,0,0,0,0,0,,,,0,0,0,0,0,0,0,,0,0,0,0,,0,0,,0,0,0,0,0,0,0,0,0,0,0,0
00-0029010,R.Leary,Ronald Leary,G,OL,"https://static.www.nfl.com/image/private/f_auto,q_auto/league/yro1uliw8vwvg23y0cpe",2017,REG,DEN,5,0,0,0,0,0,0,0,0,0,0,0,0,,,0,,0,0,0,0,0,0,0,0,0,0,,0,0,0,0,0,0,0,0,0,0,0,0,0,0,,0,0,0,0,0,,0,0,0,0,2,0,0,0,0,0,0,0,0,0,0,0,0,0,0,0,0,0,0,0,0,6,60,0,0,0,0,0,0,0,0,0,0,0,0,0,,,0,0,0,0,0,0,0,0,0,0,0,0,,,,0,0,0,0,0,0,0,,0,0,0,0,,0,0,,0,0,0,0,0,0,0,0,0,0,0,0
00-0029033,G.Whalen,Griff Whalen,WR,WR,"https://static.www.nfl.com/image/private/f_auto,q_auto/league/zx4nnnnmgl0kvguwpiuz",2017,REG,BAL,2,0,0,0,0,0,0,0,0,0,0,0,0,,,0,,0,0,0,0,0,0,0,0,0,0,,0,0,0,0,0,4,6,23,0,0,0,61,2,0,-0.894378620840143,0,0,0,0,0,0.377049180327869,0.0106951871657754,0.0158771473191046,0.0271567838720363,0,0,0,0,0,0,0,0,0,0,0,0,0,0,0,0,0,0,0,0,0,0,0,0,0,0,0,0,0,1,2,0,0,0,0,0,0,,,0,0,0,0,0,0,0,0,0,0,0,0,,,,0,0,0,0,0,0,0,,0,0,0,0,,0,0,,0,0,0,0,0,0,0,0,0,0,2.3,6.3
00-0029040,D.Harrison,Damon Harrison,DT,DL,"https://static.www.nfl.com/image/private/f_auto,q_auto/league/cv4p5wwu6wmg04rubeaq",2017,REG,NYG,16,0,0,0,0,0,0,0,0,0,0,0,0,,,0,,0,0,0,0,0,0,0,0,0,0,,0,0,0,0,0,0,0,0,0,0,0,0,0,0,,0,0,0,0,0,,0,0,0,0,25,26,25,5,20,0,1.5,13.5,3,1,9,3,0,0,0,0,0,0,0,0,0,0,0,0,0,0,0,0,0,0,0,0,0,0,0,0,,,0,0,0,0,0,0,0,0,0,0,0,0,,,,0,0,0,0,0,0,0,,0,0,0,0,,0,0,,0,0,0,0,0,0,0,0,0,0,0,0
00-0029053,R.Davis,Ryan Davis,DE,DL,"https://static.www.nfl.com/image/private/f_auto,q_auto/league/hgld9nj9dow507g9thzs",2017,REG,BUF,13,0,0,0,0,0,0,0,0,0,0,0,0,,,0,,0,0,0,0,0,0,0,0,0,0,,0,0,0,0,0,0,0,0,0,0,0,0,0,0,,0,0,0,0,0,,0,0,0,0,13,4,9,4,22,1,3,12,7,0,0,0,0,0,0,0,0,0,0,0,0,0,0,0,0,0,0,0,0,0,0,0,0,0,0,0,,,0,0,0,0,0,0,0,0,0,0,0,0,,,,0,0,0,0,0,0,0,,0,0,0,0,,0,0,,0,0,0,0,0,0,0,0,0,0,0,0
00-0029061,J.Stanford,Julian Stanford,LB,LB,"https://static.www.nfl.com/image/private/f_auto,q_auto/league/mezqwdtmou8ccdns9jc2",2017,REG,NYJ,11,0,0,0,0,0,0,0,0,0,0,0,0,,,0,,0,0,0,0,0,0,0,0,0,0,,0,0,0,0,0,0,0,0,0,0,0,0,0,0,,0,0,0,0,0,,0,0,0,0,14,1,5,1,5,0,0,0,0,0,0,0,0,0,0,0,0,0,0,0,0,1,10,0,0,0,0,0,0,0,0,0,0,0,0,0,,,0,0,0,0,0,0,0,0,0,0,0,0,,,,0,0,0,0,0,0,0,,0,0,0,0,,0,0,,0,0,0,0,0,0,0,0,0,0,0,0
00-0029065,J.Bademosi,Johnson Bademosi,DB,DB,"https://static.www.nfl.com/image/private/f_auto,q_auto/league/s1at5znt6ppdjmhlyewq",2017,REG,NE,12,0,0,0,0,0,0,0,0,0,0,0,0,,,0,,0,0,0,0,0,0,0,0,0,0,,0,0,0,0,0,0,0,0,0,0,0,0,0,0,,0,0,0,0,0,,0,0,0,0,20,4,5,0,0,0,0,0,0,0,0,1,0,0,0,0,0,0,0,0,0,2,40,0,0,0,0,0,0,0,0,0,0,0,0,0,,,0,0,0,0,0,0,0,0,0,0,0,0,,,,0,0,0,0,0,0,0,,0,0,0,0,,0,0,,0,0,0,0,0,0,0,0,0,0,0,0
00-0029068,D.Coleman,Derrick Coleman,FB,RB,"https://static.www.nfl.com/image/private/f_auto,q_auto/league/jmgzlxi6qlrvvyrzkuh2",2017,REG,ATL,13,0,0,0,0,0,0,0,0,0,0,0,0,,,0,,0,0,0,0,2,8,0,0,0,0,-1.77638586278772,0,0,0,0,0,2,7,20,0,0,0,28,17,1,-1.27569231565576,0,1,0,0,0,0.714285714285714,0.0135396518375242,0.00587002096436059,0.0244184924313387,0,14,0,2,0,0,0,0,0,0,0,0,0,0,0,0,0,0,0,0,0,0,2,19,0,0,0,0,0,0,0,0,0,0,0,0,0,,,0,0,0,0,0,0,0,0,0,0,0,0,,,,0,0,0,0,0,0,0,,0,0,0,0,,0,0,,0,0,0,0,0,0,0,0,0,0,2.8,4.8
00-0029087,L.Johnson,Leonard Johnson,DB,DB,"https://static.www.nfl.com/image/private/f_auto,q_auto/league/dllatrq2rpnfs2kvqkze",2017,REG,BUF,15,0,0,0,0,0,0,0,0,0,0,0,0,,,0,,0,0,0,0,0,0,0,0,0,0,,0,0,0,0,0,0,0,0,0,0,0,0,0,0,,0,0,0,0,0,,0,0,0,0,37,4,12,2,2,1,0,0,0,0,0,7,0,0,0,0,0,0,1,0,0,5,45,0,0,0,0,0,0,0,0,0,0,0,0,0,,,0,0,0,0,0,0,0,0,0,0,0,0,,,,0,0,0,0,0,0,0,,0,0,0,0,,0,0,,0,0,0,0,0,0,0,0,0,0,0,0
00-0029091,B.Sowell,Bradley Sowell,TE,TE,"https://static.www.nfl.com/image/private/f_auto,q_auto/league/ep1lqjgiwemsr9eenajg",2017,REG,CHI,4,0,0,0,0,0,0,0,0,0,0,0,0,,,0,,0,0,0,0,0,0,0,0,0,0,,0,0,0,0,0,0,0,0,0,0,0,0,0,0,,0,0,0,0,0,,0,0,0,0,0,0,0,0,0,0,0,0,0,0,0,0,0,0,0,0,0,0,0,0,0,5,45,0,0,0,0,0,0,0,0,0,0,0,0,0,,,0,0,0,0,0,0,0,0,0,0,0,0,,,,0,0,0,0,0,0,0,,0,0,0,0,,0,0,,0,0,0,0,0,0,0,0,0,0,0,0
00-0029111,D.Shelby,Derrick Shelby,DE,DL,"https://static.www.nfl.com/image/private/f_auto,q_auto/league/gmrp2r4xjjhsi62qof0y",2017,REG,ATL,14,0,0,0,0,0,0,0,0,0,0,0,0,,,0,,0,0,0,0,0,0,0,0,0,0,,0,0,0,0,0,0,0,0,0,0,0,0,0,0,,0,0,0,0,0,,0,0,0,0,14,2,14,3,12,0,1,9,1,0,0,0,0,0,0,0,0,0,0,0,0,0,0,0,0,0,0,0,0,0,0,0,0,0,0,0,,,0,0,0,0,0,0,0,0,0,0,0,0,,,,0,0,0,0,0,0,0,,0,0,0,0,,0,0,,0,0,0,0,0,0,0,0,0,0,0,0
00-0029112,J.Smith,Jacquies Smith,DE,DL,"https://static.www.nfl.com/image/private/f_auto,q_auto/league/hwwhrz084dfze7qbda62",2017,REG,DET,2,0,0,0,0,0,0,0,0,0,0,0,0,,,0,,0,0,0,0,0,0,0,0,0,0,,0,0,0,0,0,0,0,0,0,0,0,0,0,0,,0,0,0,0,0,,0,0,0,0,1,0,0,0,0,0,0,0,2,0,0,0,0,0,0,0,0,0,0,0,0,0,0,0,0,0,0,0,0,0,0,0,0,0,0,0,,,0,0,0,0,0,0,0,0,0,0,0,0,,,,0,0,0,0,0,0,0,,0,0,0,0,,0,0,,0,0,0,0,0,0,0,0,0,0,0,0
00-0029119,D.Carrier,Derek Carrier,TE,TE,"https://static.www.nfl.com/image/private/f_auto,q_auto/league/fohbnjxhixammxtonhnd",2017,REG,LA,9,0,0,0,0,0,0,0,0,0,0,0,0,,,0,,0,0,0,0,0,0,0,0,0,0,,0,0,0,0,0,8,11,71,0,0,0,31,50,4,-1.36667446157662,0,3,1,0,0,2.29032258064516,0.0215686274509804,0.00764676862358165,0.0377056792129777,0,2,0,0,0,0,0,0,0,0,0,0,0,0,0,0,0,0,0,0,0,0,1,10,0,0,0,0,0,0,0,3,41,0,0,0,0,,,0,0,0,0,0,0,0,0,0,0,0,0,,,,0,0,0,0,0,0,0,,0,0,0,0,,0,0,,0,0,0,0,0,0,0,0,0,0,7.1,15.1
00-0029123,M.King,Marquette King,P,SPEC,"https://static.www.nfl.com/image/private/f_auto,q_auto/league/jmklxv5zzm4vquaemfc1",2017,REG,LV,16,0,0,0,0,0,0,0,0,0,0,0,0,,,0,,0,0,0,0,2,-14,0,0,0,0,-7.46817370166536,0,0,0,0,0,0,0,0,0,0,0,0,0,0,,0,0,0,0,0,,0,0,0,0,2,0,0,0,0,0,0,0,0,0,0,0,0,0,0,0,0,0,0,0,0,1,15,0,0,0,0,0,0,0,0,0,0,0,0,0,,,0,0,0,0,0,0,0,0,0,0,0,0,,,,0,0,0,0,0,0,0,,0,0,0,0,,69,0,65,3270,28,6,10,6,15,32,205,0,2945,-1.4,-1.4
00-0029134,B.Brinkley,Beau Brinkley,LS,SPEC,"https://static.www.nfl.com/image/private/f_auto,q_auto/league/wo31hxnedtsytt9ig0lo",2017,REG,TEN,1,0,0,0,0,0,0,0,0,0,0,0,0,,,0,,0,0,0,0,0,0,0,0,0,0,,0,0,0,0,0,0,0,0,0,0,0,0,0,0,,0,0,0,0,0,,0,0,0,0,1,0,0,0,0,0,0,0,0,0,0,0,0,0,0,0,0,0,0,0,0,0,0,0,0,0,0,0,0,0,0,0,0,0,0,0,,,0,0,0,0,0,0,0,0,0,0,0,0,,,,0,0,0,0,0,0,0,,0,0,0,0,,0,0,,0,0,0,0,0,0,0,0,0,0,0,0
00-0029137,A.Jeffery,Alshon Jeffery,WR,WR,"https://static.www.nfl.com/image/private/f_auto,q_auto/league/qrbsgwhzlsmwgkdfjryh",2017,REG,PHI,16,0,0,0,0,0,0,0,0,0,0,0,0,,,0,,0,0,0,0,0,0,0,0,0,0,,0,0,0,0,0,57,120,789,9,0,0,1654,203,44,32.0184583537721,3,42,17,8,1,0.477025392986699,0.215827338129496,0.313316916082591,0.543062848452059,0,1,0,0,0,0,0,0,0,0,0,0,1,0,0,0,0,0,0,0,0,0,5,55,0,0,0,0,0,0,0,0,0,0,0,0,0,,,0,0,0,0,0,0,0,0,0,0,0,0,,,,0,0,0,0,0,0,0,,0,0,0,0,,0,0,,0,0,0,0,0,0,0,0,0,0,138.9,195.9
00-0029141,A.Morris,Alfred Morris,RB,RB,"https://static.www.nfl.com/image/private/f_auto,q_auto/league/igrm4hy4pishp4rdamin",2017,REG,DAL,13,0,0,0,0,0,0,0,0,0,0,0,0,,,0,,0,0,0,0,115,547,1,0,0,25,1.09240020435594,0,13,10,4,1,7,9,45,0,0,0,1,44,1,0.770049752434716,0,2,0,0,0,45,0.0185567010309278,0.000253613999492772,0.0280125813460367,0,0,0,0,0,0,0,0,0,0,0,0,0,0,0,0,0,0,0,0,0,0,1,5,0,0,0,0,0,0,0,0,0,0,0,0,0,,,0,0,0,0,0,0,0,0,0,0,0,0,,,,0,0,0,0,0,0,0,,0,0,0,0,,0,0,,0,0,0,0,0,0,0,0,0,0,65.2,72.2
00-0029144,T.Compton,Tom Compton,G,OL,"https://static.www.nfl.com/image/private/f_auto,q_auto/league/pqw3ldugrml3w13fzyry",2017,REG,CHI,1,0,0,0,0,0,0,0,0,0,0,0,0,,,0,,0,0,0,0,0,0,0,0,0,0,,0,0,0,0,0,0,0,0,0,0,0,0,0,0,,0,0,0,0,0,,0,0,0,0,0,0,0,0,0,0,0,0,0,0,0,0,0,0,0,0,0,0,0,0,0,1,10,0,0,0,0,0,0,0,0,0,0,0,0,0,,,0,0,0,0,0,0,0,0,0,0,0,0,,,,0,0,0,0,0,0,0,,0,0,0,0,,0,0,,0,0,0,0,0,0,0,0,0,0,0,0
00-0029146,J.Sweezy,J.R. Sweezy,G,OL,"https://static.www.nfl.com/image/private/f_auto,q_auto/league/nxefkjg6kqjrpxxrafxg",2017,REG,TB,5,0,0,0,0,0,0,0,0,0,0,0,0,,,0,,0,0,0,0,0,0,0,0,0,0,,0,0,0,0,0,0,0,0,0,0,0,0,0,0,,0,0,0,0,0,,0,0,0,0,0,0,0,0,0,0,0,0,0,0,0,0,0,0,0,0,0,0,0,0,0,6,45,0,0,0,0,0,0,0,0,0,0,0,0,0,,,0,0,0,0,0,0,0,0,0,0,0,0,,,,0,0,0,0,0,0,0,,0,0,0,0,,0,0,,0,0,0,0,0,0,0,0,0,0,0,0
00-0029159,J.Kearse,Jermaine Kearse,WR,WR,"https://static.www.nfl.com/image/private/f_auto,q_auto/league/z6wxyn3r1bdgc0u0mzr6",2017,REG,NYJ,16,0,0,0,0,0,0,0,0,0,0,0,0,,,0,,0,0,0,0,0,0,0,0,0,0,,0,0,0,0,0,65,102,810,5,1,0,963,295,37,25.4405919937047,0,34,15,9,4,0.841121495327103,0.205645161290323,0.244354224816037,0.47951569930671,0,1,0,0,0,0,0,0,0,0,0,0,0,0,0,0,0,0,0,0,0,0,2,20,1,0,1,1,0,0,0,0,0,0,0,0,0,,,0,0,0,0,0,0,0,0,0,0,0,0,,,,0,0,0,0,0,0,0,,0,0,0,0,,0,0,,0,0,0,0,0,0,0,0,0,0,111,176
00-0029164,M.Remmers,Mike Remmers,G,OL,"https://static.www.nfl.com/image/private/f_auto,q_auto/league/qsp6ncqgwc9uyrgptyrc",2017,REG,MIN,6,0,0,0,0,0,0,0,0,0,0,0,0,,,0,,0,0,0,0,0,0,0,0,0,0,,0,0,0,0,0,0,0,0,0,0,0,0,0,0,,0,0,0,0,0,,0,0,0,0,1,0,0,0,0,0,0,0,0,0,0,0,0,0,0,0,0,0,0,0,0,5,50,0,0,0,0,0,0,0,0,0,0,0,0,0,,,0,0,0,0,0,0,0,0,0,0,0,0,,,,0,0,0,0,0,0,0,,0,0,0,0,,0,0,,0,0,0,0,0,0,0,0,0,0,0,0
00-0029187,D.Barclay,Don Barclay,G,OL,"https://static.www.nfl.com/image/private/f_auto,q_auto/league/eylm7rknmvkczuliib7f",2017,REG,DET,1,0,0,0,0,0,0,0,0,0,0,0,0,,,0,,0,0,0,0,0,0,0,0,0,0,,0,0,0,0,0,0,0,0,0,0,0,0,0,0,,0,0,0,0,0,,0,0,0,0,0,0,0,0,0,0,0,0,0,0,0,0,0,0,0,0,0,0,0,0,0,3,20,0,0,0,0,0,0,0,0,0,0,0,0,0,,,0,0,0,0,0,0,0,0,0,0,0,0,,,,0,0,0,0,0,0,0,,0,0,0,0,,0,0,,0,0,0,0,0,0,0,0,0,0,0,0
00-0029191,D.Shead,DeShawn Shead,DB,DB,"https://static.www.nfl.com/image/private/f_auto,q_auto/league/qygyi9cw901rfhzppnbt",2017,REG,SEA,1,0,0,0,0,0,0,0,0,0,0,0,0,,,0,,0,0,0,0,0,0,0,0,0,0,,0,0,0,0,0,0,0,0,0,0,0,0,0,0,,0,0,0,0,0,,0,0,0,0,2,0,0,0,0,0,0,0,0,0,0,0,0,0,0,0,0,0,0,0,0,0,0,0,0,0,0,0,0,0,0,0,0,0,0,0,,,0,0,0,0,0,0,0,0,0,0,0,0,,,,0,0,0,0,0,0,0,,0,0,0,0,,0,0,,0,0,0,0,0,0,0,0,0,0,0,0
00-0029193,B.Irvin,Bruce Irvin,LB,LB,"https://static.www.nfl.com/image/private/f_auto,q_auto/league/jxsrulnbvfvmls7u6w7s",2017,REG,LV,16,0,0,0,0,0,0,0,0,0,0,0,0,,,0,,0,0,0,0,0,0,0,0,0,0,,0,0,0,0,0,0,0,0,0,0,0,0,0,0,,0,0,0,0,0,,0,0,0,0,34,4,19,13,43,4,8,30.5,12,0,0,3,0,0,0,0,0,0,0,0,0,6,70,0,0,0,0,0,0,0,0,0,0,0,0,0,,,0,0,0,0,0,0,0,0,0,0,0,0,,,,0,0,0,0,0,0,0,,0,0,0,0,,0,0,,0,0,0,0,0,0,0,0,0,0,0,0
00-0029205,T.Cadet,Travaris Cadet,RB,RB,"https://static.www.nfl.com/image/private/f_auto,q_auto/league/gj0pjzj0zzefpabtuki1",2017,REG,BUF,7,0,0,0,0,0,0,0,0,0,0,0,0,,,0,,0,0,0,0,23,96,0,0,0,6,-0.438194997841492,0,3,3,0,0,16,19,119,0,0,0,69,86,3,0.0588554483398482,0,3,1,0,0,1.72463768115942,0.0383064516129032,0.0175082466379092,0.0697154500658913,0,1,0,0,0,0,0,0,0,0,0,0,0,0,0,0,0,0,0,0,0,0,0,0,0,0,0,0,0,0,0,0,0,0,0,0,0,,,0,0,0,0,0,0,0,0,0,0,0,0,,,,0,0,0,0,0,0,0,,0,0,0,0,,0,0,,0,0,0,0,0,0,0,0,0,0,21.5,37.5
00-0029208,T.Walker,Tyrunn Walker,DE,DL,"https://static.www.nfl.com/image/private/f_auto,q_auto/league/ltjpszrqpqqqu1mrgg3x",2017,REG,LA,14,0,0,0,0,0,0,0,0,0,0,0,0,,,0,,0,0,0,0,0,0,0,0,0,0,,0,0,0,0,0,0,0,0,0,0,0,0,0,0,,0,0,0,0,0,,0,0,0,0,12,3,7,3,10,1,1,7,1,0,0,4,0,0,0,0,0,0,1,3,0,3,25,0,0,0,0,0,0,0,0,0,0,0,0,0,,,0,0,0,0,0,0,0,0,0,0,0,0,,,,0,0,0,0,0,0,0,,0,0,0,0,,0,0,,0,0,0,0,0,0,0,0,0,0,0,0
00-0029212,T.Whitehead,Tahir Whitehead,OLB,LB,"https://static.www.nfl.com/image/private/f_auto,q_auto/league/clmf6l7emurgnwhkn6yy",2017,REG,DET,16,0,0,0,0,0,0,0,0,0,0,0,0,,,0,,0,0,0,0,0,0,0,0,0,0,,0,0,0,0,0,0,0,0,0,0,0,0,0,0,,0,0,0,0,0,,0,0,0,0,69,9,32,9,20,0,1,2,4,1,18,2,0,0,0,0,0,0,4,9,0,4,30,0,0,0,0,0,0,0,0,0,0,0,0,0,,,0,0,0,0,0,0,0,0,0,0,0,0,,,,0,0,0,0,0,0,0,,0,0,0,0,,0,0,,0,0,0,0,0,0,0,0,0,0,0,0
00-0029215,G.Iloka,George Iloka,S,DB,"https://static.www.nfl.com/image/private/f_auto,q_auto/league/omndombtinj1g3y7z4y6",2017,REG,CIN,16,0,0,0,0,0,0,0,0,0,0,0,0,,,0,,0,0,0,0,0,0,0,0,0,0,,0,0,0,0,0,0,0,0,0,0,0,0,0,0,,0,0,0,0,0,,0,0,0,0,53,1,26,4,15,0,0,0,0,1,14,5,0,0,0,0,0,0,0,0,0,1,15,0,0,0,0,0,0,0,0,0,0,0,0,0,,,0,0,0,0,0,0,0,0,0,0,0,0,,,,0,0,0,0,0,0,0,,0,0,0,0,,0,0,,0,0,0,0,0,0,0,0,0,0,0,0
00-0029239,B.Bolden,Brandon Bolden,RB,RB,"https://static.www.nfl.com/image/private/f_auto,q_auto/league/kqqwz35z9brhkzbs4bcn",2017,REG,NE,11,0,0,0,0,0,0,0,0,0,0,0,0,,,0,,0,0,0,0,13,67,0,0,0,3,-0.073770881339442,0,2,2,1,0,1,4,7,0,0,0,-5,13,1,-1.06766198389232,0,0,0,0,0,-1.4,0.00684931506849315,-0.000933532486930545,0.00962049986188834,0,6,1,1,0,0,0,0,0,0,0,0,0,0,0,0,0,0,0,0,0,0,4,25,0,0,0,0,0,0,0,0,0,0,0,0,0,,,0,0,0,0,0,0,0,0,0,0,0,0,,,,0,0,0,0,0,0,0,,0,0,0,0,,0,0,,0,0,0,0,0,0,0,0,0,0,7.4,8.4
00-0029248,L.Kuechly,Luke Kuechly,ILB,LB,"https://static.www.nfl.com/image/private/f_auto,q_auto/league/kx6uikwldq8afpu0bomm",2017,REG,CAR,15,0,0,0,0,0,0,0,0,0,0,0,0,,,0,,0,0,0,0,0,0,0,0,0,0,,0,0,0,0,0,0,0,0,0,0,0,0,0,0,,0,0,0,0,0,,0,0,0,0,71,3,51,7,17,1,1.5,6,5,3,23,6,0,0,0,0,1,0,2,34,1,2,15,0,0,0,0,0,0,0,0,0,0,0,0,0,,,0,0,0,0,0,0,0,0,0,0,0,0,,,,0,0,0,0,0,0,0,,0,0,0,0,,0,0,,0,0,0,0,0,0,0,0,0,0,0,0
00-0029249,M.Ingram,Melvin Ingram,LB,LB,"https://static.www.nfl.com/image/private/f_auto,q_auto/league/kbnd1mhegpg4n5kj7rac",2017,REG,LAC,16,0,0,0,0,0,0,0,0,0,0,0,0,,,0,,0,0,0,0,0,0,0,0,0,0,,0,0,0,0,0,0,0,0,0,0,0,0,0,0,,0,0,0,0,0,,0,0,0,0,33,10,13,15,84,1,10.5,87.5,25,0,0,1,0,0,0,0,0,0,2,39,1,7,60,0,0,0,0,0,0,0,0,0,0,0,0,0,,,0,0,0,0,0,0,0,0,0,0,0,0,,,,0,0,0,0,0,0,0,,0,0,0,0,,0,0,,0,0,0,0,0,0,0,0,0,0,0,0
00-0029252,C.Upshaw,Courtney Upshaw,DE,DL,"https://static.www.nfl.com/image/private/f_auto,q_auto/league/bkkxvqrsgpuunchyqbk5",2017,REG,ATL,6,0,0,0,0,0,0,0,0,0,0,0,0,,,0,,0,0,0,0,0,0,0,0,0,0,,0,0,0,0,0,0,0,0,0,0,0,0,0,0,,0,0,0,0,0,,0,0,0,0,5,0,4,2,12,1,1,10,3,0,0,0,0,0,0,0,0,0,0,0,0,1,5,0,0,0,0,0,0,0,0,0,0,0,0,0,,,0,0,0,0,0,0,0,0,0,0,0,0,,,,0,0,0,0,0,0,0,,0,0,0,0,,0,0,,0,0,0,0,0,0,0,0,0,0,0,0
00-0029253,M.Schwartz,Mitchell Schwartz,OT,OL,"https://static.www.nfl.com/image/private/f_auto,q_auto/league/bhsu7laboh3ltz3lgo5w",2017,REG,KC,3,0,0,0,0,0,0,0,0,0,0,0,0,,,0,,0,0,0,0,0,0,0,0,0,0,,0,0,0,0,0,0,0,0,0,0,0,0,0,0,,0,0,0,0,0,,0,0,0,0,0,0,0,0,0,0,0,0,0,0,0,0,0,0,0,0,0,0,0,0,0,4,25,0,0,0,0,0,0,0,0,0,0,0,0,0,,,0,0,0,0,0,0,0,0,0,0,0,0,,,,0,0,0,0,0,0,0,,0,0,0,0,,0,0,,0,0,0,0,0,0,0,0,0,0,0,0
00-0029254,A.Silatolu,Amini Silatolu,OT,OL,"https://static.www.nfl.com/image/private/f_auto,q_auto/league/vuh21ji6pbfkhmkgrrrz",2017,REG,CAR,1,0,0,0,0,0,0,0,0,0,0,0,0,,,0,,0,0,0,0,0,0,0,0,0,0,,0,0,0,0,0,0,0,0,0,0,0,0,0,0,,0,0,0,0,0,,0,0,0,0,0,0,0,0,0,0,0,0,0,0,0,0,0,0,0,0,0,0,0,0,0,1,10,0,0,0,0,0,0,0,0,0,0,0,0,0,,,0,0,0,0,0,0,0,0,0,0,0,0,,,,0,0,0,0,0,0,0,,0,0,0,0,,0,0,,0,0,0,0,0,0,0,0,0,0,0,0
00-0029255,B.Wagner,Bobby Wagner,MLB,LB,"https://static.www.nfl.com/image/upload/f_auto,q_auto/league/msulezmb9dk3klpgymoj",2017,REG,SEA,16,0,0,0,0,0,0,0,0,0,0,0,0,,,0,,0,0,0,0,0,0,0,0,0,0,,0,0,0,0,0,0,0,0,0,0,0,0,0,0,,0,0,0,0,0,,0,0,0,0,88,9,36,13,40,0,1.5,13,13,2,7,6,0,1,1,0,0,0,1,21,1,2,30,1,0,0,1,0,0,0,0,0,0,0,0,0,,,0,0,0,0,0,0,0,0,0,0,0,0,,,,0,0,0,0,0,0,0,,0,0,0,0,,0,0,,0,0,0,0,0,0,0,0,0,0,0,0
00-0029257,J.Worthy,Jerel Worthy,DT,DL,"https://static.www.nfl.com/image/private/f_auto,q_auto/league/liufqo5er7knvqsmikg3",2017,REG,BUF,4,0,0,0,0,0,0,0,0,0,0,0,0,,,0,,0,0,0,0,0,0,0,0,0,0,,0,0,0,0,0,0,0,0,0,0,0,0,0,0,,0,0,0,0,0,,0,0,0,0,1,0,4,1,1,0,0,0,1,0,0,0,0,0,0,0,0,0,0,0,0,2,20,0,0,0,0,0,0,0,0,0,0,0,0,0,,,0,0,0,0,0,0,0,0,0,0,0,0,,,,0,0,0,0,0,0,0,,0,0,0,0,,0,0,,0,0,0,0,0,0,0,0,0,0,0,0
00-0029259,K.Osemele,Kelechi Osemele,G,OL,"https://static.www.nfl.com/image/private/f_auto,q_auto/league/tdneqaycrs6zbd7vbqyt",2017,REG,LV,4,0,0,0,0,0,0,0,0,0,0,0,0,,,0,,0,0,0,0,0,0,0,0,0,0,,0,0,0,0,0,0,0,0,0,0,0,0,0,0,,0,0,0,0,0,,0,0,0,0,0,0,0,0,0,0,0,0,0,0,0,0,0,0,0,0,0,0,0,0,0,4,35,0,0,0,0,0,0,0,0,0,0,0,0,0,,,0,0,0,0,0,0,0,0,0,0,0,0,,,,0,0,0,0,0,0,0,,0,0,0,0,,0,0,,0,0,0,0,0,0,0,0,0,0,0,0
00-0029261,C.Hayward,Casey Hayward,CB,DB,"https://static.www.nfl.com/image/private/f_auto,q_auto/league/o5cft0nj87mwqsnp3wug",2017,REG,LAC,16,0,0,0,0,0,0,0,0,0,0,0,0,,,0,,0,0,0,0,0,0,0,0,0,0,,0,0,0,0,0,0,0,0,0,0,0,0,0,0,,0,0,0,0,0,,0,0,0,0,32,1,7,2,4,1,0,0,0,4,7,22,0,0,0,0,0,0,2,11,0,1,5,0,0,0,0,0,0,0,0,0,0,0,0,0,,,0,0,0,0,0,0,0,0,0,0,0,0,,,,0,0,0,0,0,0,0,,0,0,0,0,,0,0,,0,0,0,0,0,0,0,0,0,0,0,0
00-0029263,R.Wilson,Russell Wilson,QB,QB,"https://static.www.nfl.com/image/upload/f_auto,q_auto/league/vkstxj0evgkjiycu4glc",2017,REG,SEA,16,339,553,3983,34,11,43,-322,7,3,5411,1599,183,27.1061228885044,4.61885867398659,2,0.736093143596378,150,77,58,12,95,586,3,6,0,36,28.5696867908231,0,30,16,4,0,0,0,0,0,0,0,0,0,0,,0,0,0,0,0,,0,0,0,0,2,0,0,0,0,1,0,0,0,0,0,0,0,0,0,0,6,-11,0,0,0,7,69,8,6,2,14,3,0,0,0,0,0,0,0,0,,,0,0,0,0,0,0,0,0,0,0,0,0,,,,0,0,0,0,0,0,0,,0,0,0,0,,0,0,,0,0,0,0,0,0,0,0,0,0,347.92,347.92
00-0029266,J.Hughes,John Hughes,DT,DL,"https://static.www.nfl.com/image/private/f_auto,q_auto/league/q5frdajyzvjj7icsbzbf",2017,REG,NO,5,0,0,0,0,0,0,0,0,0,0,0,0,,,0,,0,0,0,0,0,0,0,0,0,0,,0,0,0,0,0,0,0,0,0,0,0,0,0,0,,0,0,0,0,0,,0,0,0,0,4,0,6,0,0,0,0,0,1,0,0,0,0,0,0,0,0,0,0,0,0,2,11,0,0,0,0,0,0,0,0,0,0,0,0,0,,,0,0,0,0,0,0,0,0,0,0,0,0,,,,0,0,0,0,0,0,0,,0,0,0,0,,0,0,,0,0,0,0,0,0,0,0,0,0,0,0
00-0029269,T.Benjamin,Travis Benjamin,WR,WR,"https://static.www.nfl.com/image/private/f_auto,q_auto/league/io9silocxbywvisvcvpx",2017,REG,LAC,16,0,0,0,0,0,0,0,0,0,0,0,0,,,0,,0,0,0,0,13,96,0,0,0,5,5.28383734321687,0,3,3,1,0,34,65,567,4,0,0,1012,210,20,12.64121052259,0,18,12,10,4,0.560276679841897,0.113438045375218,0.211715481171548,0.318357904882911,1,1,0,0,0,0,0,0,0,0,0,0,0,0,2,0,0,2,0,0,0,0,0,0,0,2,0,2,0,27,257,0,0,0,0,0,0,,,0,0,0,0,0,0,0,0,0,0,0,0,,,,0,0,0,0,0,0,0,,0,0,0,0,,0,0,,0,0,0,0,0,0,0,0,0,0,96.3,130.3
00-0029272,N.Bradham,Nigel Bradham,OLB,LB,"https://static.www.nfl.com/image/private/f_auto,q_auto/league/mnzabhoegs5clbttrxjv",2017,REG,PHI,15,0,0,0,0,0,0,0,0,0,0,0,0,,,0,,0,0,0,0,0,0,0,0,0,0,,0,0,0,0,0,0,0,0,0,0,0,0,0,0,,0,0,0,0,0,,0,0,0,0,56,5,27,5,15,1,1,3,3,0,0,8,0,0,0,0,0,0,1,37,1,4,40,0,0,0,0,0,0,0,0,0,0,0,0,0,,,0,0,0,0,0,0,0,0,0,0,0,0,,,,0,0,0,0,0,0,0,,0,0,0,0,,0,0,,0,0,0,0,0,0,0,0,0,0,0,0
00-0029273,R.Turbin,Robert Turbin,RB,RB,"https://static.www.nfl.com/image/private/f_auto,q_auto/league/vkqpomzfvo7kei1729jm",2017,REG,IND,6,0,0,0,0,0,0,0,0,0,0,0,0,,,0,,0,0,0,0,23,53,1,0,0,9,-0.947421456983077,0,0,0,0,0,9,11,56,0,0,0,-11,69,3,-1.11780323165545,0,2,1,0,0,-5.09090909090909,0.0233050847457627,-0.00299075584556824,0.0328640980267463,0,1,0,0,0,0,0,0,0,0,0,0,0,0,0,0,0,0,0,0,0,0,0,0,0,0,0,0,0,0,0,0,0,0,0,0,0,,,0,0,0,0,0,0,0,0,0,0,0,0,,,,0,0,0,0,0,0,0,,0,0,0,0,,0,0,,0,0,0,0,0,0,0,0,0,0,16.9,25.9
00-0029284,M.Daniels,Mike Daniels,DE,DL,"https://static.www.nfl.com/image/private/f_auto,q_auto/league/qyvpu9j05il8dncustlp",2017,REG,GB,12,0,0,0,0,0,0,0,0,0,0,0,0,,,0,,0,0,0,0,0,0,0,0,0,0,,0,0,0,0,0,0,0,0,0,0,0,0,0,0,,0,0,0,0,0,,0,0,0,0,28,6,15,7,38,1,5,42,12,0,0,0,0,0,0,0,0,0,0,0,0,5,42,0,0,0,0,0,0,0,0,0,0,0,0,0,,,0,0,0,0,0,0,0,0,0,0,0,0,,,,0,0,0,0,0,0,0,,0,0,0,0,,0,0,,0,0,0,0,0,0,0,0,0,0,0,0
00-0029285,J.Norman,Josh Norman,CB,DB,"https://static.www.nfl.com/image/private/f_auto,q_auto/league/i2bihsraophhbhvhhypb",2017,REG,WAS,14,0,0,0,0,0,0,0,0,0,0,0,0,,,0,,0,0,0,0,0,0,0,0,0,0,,0,0,0,0,0,0,0,0,0,0,0,0,0,0,,0,0,0,0,0,,0,0,0,0,41,5,17,0,0,2,0,0,0,0,0,9,0,0,0,0,0,0,1,0,0,4,54,0,0,0,0,0,0,0,0,0,0,0,0,0,,,0,0,0,0,0,0,0,0,0,0,0,0,,,,0,0,0,0,0,0,0,,0,0,0,0,,0,0,,0,0,0,0,0,0,0,0,0,0,0,0
00-0029289,K.Toomer,Korey Toomer,LB,LB,"https://static.www.nfl.com/image/private/f_auto,q_auto/league/uyecbwmmxvrmsalo1s8t",2017,REG,LAC,13,0,0,0,0,0,0,0,0,0,0,0,0,,,0,,0,0,0,0,0,0,0,0,0,0,,0,0,0,0,0,0,0,0,0,0,0,0,0,0,,0,0,0,0,0,,0,0,0,0,21,9,18,1,9,2,1,9,2,1,59,3,1,0,0,0,0,0,0,0,0,2,25,0,0,0,0,0,0,0,0,0,0,0,0,0,,,0,0,0,0,0,0,0,0,0,0,0,0,,,,0,0,0,0,0,0,0,,0,0,0,0,,0,0,,0,0,0,0,0,0,0,0,0,0,0,0
00-0029293,M.Jones,Marvin Jones,WR,WR,"https://static.www.nfl.com/image/private/f_auto,q_auto/league/ciy9sxefmcnwjw7ln3h2",2017,REG,DET,16,0,0,0,0,0,0,0,0,0,0,0,0,,,0,,0,0,0,0,0,0,0,0,0,0,,0,0,0,0,0,61,107,1101,9,0,0,1624,195,44,57.9170876648586,0,40,28,20,6,0.677955665024631,0.189380530973451,0.3560622670467,0.533314383392867,0,0,0,0,0,0,0,0,0,0,0,0,0,0,0,0,0,0,0,0,0,0,3,30,0,0,0,0,0,0,0,0,0,0,0,0,0,,,0,0,0,0,0,0,0,0,0,0,0,0,,,,0,0,0,0,0,0,0,,0,0,0,0,,0,0,,0,0,0,0,0,0,0,0,0,0,164.1,225.1
00-0029294,A.Jackson,Asa Jackson,DB,DB,"https://static.www.nfl.com/image/private/f_auto,q_auto/league/xsllahfd4ilqlozs2ngd",2017,REG,SF,2,0,0,0,0,0,0,0,0,0,0,0,0,,,0,,0,0,0,0,0,0,0,0,0,0,,0,0,0,0,0,0,0,0,0,0,0,0,0,0,,0,0,0,0,0,,0,0,0,0,1,0,0,0,0,0,0,0,0,0,0,0,0,0,0,0,0,0,0,0,0,2,15,0,0,0,0,0,0,0,0,0,0,0,0,0,,,0,0,0,0,0,0,0,0,0,0,0,0,,,,0,0,0,0,0,0,0,,0,0,0,0,,0,0,,0,0,0,0,0,0,0,0,0,0,0,0
00-0029295,J.Lane,Jeremy Lane,CB,DB,"https://static.www.nfl.com/image/private/f_auto,q_auto/league/v3thy6xlhkbptbxxf7fl",2017,REG,SEA,10,0,0,0,0,0,0,0,0,0,0,0,0,,,0,,0,0,0,0,0,0,0,0,0,0,,0,0,0,0,0,0,0,0,0,0,0,0,0,0,,0,0,0,0,0,,0,0,0,0,21,0,10,0,0,0,0,0,0,0,0,0,0,0,0,0,0,0,0,0,0,8,89,0,0,0,0,0,0,0,0,0,0,0,0,0,,,0,0,0,0,0,0,0,0,0,0,0,0,,,,0,0,0,0,0,0,0,,0,0,0,0,,0,0,,0,0,0,0,0,0,0,0,0,0,0,0
00-0029304,B.Nortman,Brad Nortman,P,SPEC,"https://static.www.nfl.com/image/private/f_auto,q_auto/league/aps6fvcgwuqcpsnlkcy5",2017,REG,JAX,16,1,1,29,0,0,0,0,0,0,8,21,1,3.54639229252655,35.5869889259338,0,3.625,1,1,1,0,0,0,0,0,0,0,,0,0,0,0,0,0,0,0,0,0,0,0,0,0,,0,0,0,0,0,,0,0,0,0,0,0,0,0,0,0,0,0,0,0,0,0,0,0,0,0,0,0,0,0,0,0,0,0,0,0,0,0,0,0,0,0,0,0,0,0,,,0,0,0,0,0,0,0,0,0,0,0,0,,,,0,0,0,0,0,0,0,,0,0,0,0,,87,1,65,3835,29,15,8,9,25,30,228,0,3427,1.16,1.16
00-0029316,K.Beachum,Kelvin Beachum,OT,OL,"https://static.www.nfl.com/image/upload/f_auto,q_auto/league/dgul4jljoasida1h8tag",2017,REG,NYJ,3,0,0,0,0,0,0,0,0,0,0,0,0,,,0,,0,0,0,0,0,0,0,0,0,0,,0,0,0,0,0,0,0,0,0,0,0,0,0,0,,0,0,0,0,0,,0,0,0,0,1,0,0,0,0,0,0,0,0,0,0,0,0,0,0,0,0,0,0,0,0,3,20,0,0,0,0,0,0,0,0,0,0,0,0,0,,,0,0,0,0,0,0,0,0,0,0,0,0,,,,0,0,0,0,0,0,0,,0,0,0,0,,0,0,,0,0,0,0,0,0,0,0,0,0,0,0
00-0029319,J.Bellamy,Josh Bellamy,WR,WR,"https://static.www.nfl.com/image/private/f_auto,q_auto/league/kgyz7lr35xl5j7oxjwlw",2017,REG,CHI,11,0,0,0,0,0,0,0,0,0,0,0,0,,,0,,0,0,0,0,1,6,0,0,0,0,0.281774026574567,0,0,0,0,0,24,46,376,1,0,0,574,116,17,9.66750995947772,0,17,10,4,1,0.655052264808362,0.0982905982905983,0.16461141382277,0.262663887111837,0,2,0,0,0,0,0,0,0,0,0,0,0,0,0,0,0,0,0,0,0,0,3,21,0,0,0,0,0,0,0,0,0,0,0,0,0,,,0,0,0,0,0,0,0,0,0,0,0,0,,,,0,0,0,0,0,0,0,,0,0,0,0,,0,0,,0,0,0,0,0,0,0,0,0,0,44.2,68.2
00-0029329,N.Thorpe,Neiko Thorpe,CB,DB,"https://static.www.nfl.com/image/private/f_auto,q_auto/league/g1ppy2fjyazove8yag6s",2017,REG,SEA,11,0,0,0,0,0,0,0,0,0,0,0,0,,,0,,0,0,0,0,0,0,0,0,0,0,,0,0,0,0,0,0,0,0,0,0,0,0,0,0,,0,0,0,0,0,,0,0,0,0,10,0,2,0,0,0,0,0,0,0,0,2,0,0,0,0,0,0,1,0,0,0,0,0,0,0,0,0,0,0,0,0,0,0,0,0,,,0,0,0,0,0,0,0,0,0,0,0,0,,,,0,0,0,0,0,0,0,,0,0,0,0,,0,0,,0,0,0,0,0,0,0,0,0,0,0,0
00-0029336,B.Golden,Brittan Golden,WR,WR,"https://static.www.nfl.com/image/private/f_auto,q_auto/league/ccqjg5sjhxmgmsvraig5",2017,REG,ARI,9,0,0,0,0,0,0,0,0,0,0,0,0,,,0,,0,0,0,0,0,0,0,0,0,0,,0,0,0,0,0,5,9,70,0,0,0,63,49,3,-0.845507926625718,0,2,2,2,0,1.11111111111111,0.0152027027027027,0.010848975374548,0.0303983368162376,0,6,0,1,0,0,0,0,0,0,0,0,0,0,0,0,0,0,0,0,0,0,0,0,0,0,0,0,0,7,63,4,81,0,0,0,0,,,0,0,0,0,0,0,0,0,0,0,0,0,,,,0,0,0,0,0,0,0,,0,0,0,0,,0,0,,0,0,0,0,0,0,0,0,0,0,7,12
00-0029384,B.Rainey,Bobby Rainey,RB,RB,"https://static.www.nfl.com/image/private/f_auto,q_auto/league/vf2lmyxgjhrah1hfed1x",2017,REG,BAL,4,0,0,0,0,0,0,0,0,0,0,0,0,,,0,,0,0,0,0,1,2,0,0,0,0,-0.534841666929424,0,0,0,0,0,5,7,18,0,0,0,-10,34,1,-2.8561488315926,0,1,0,0,0,-1.8,0.0124777183600713,-0.00260281103591879,0.0168946098149638,1,0,0,0,0,0,0,0,0,0,0,0,0,0,0,0,0,0,0,0,0,0,0,0,0,0,0,0,0,2,22,11,338,0,0,0,0,,,0,0,0,0,0,0,0,0,0,0,0,0,,,,0,0,0,0,0,0,0,,0,0,0,0,,0,0,,0,0,0,0,0,0,0,0,0,0,8,13
00-0029388,D.Thompson,Deonte Thompson,WR,WR,"https://static.www.nfl.com/image/private/f_auto,q_auto/league/bvfgozqccoo627wuitkb",2017,REG,BUF,16,0,0,0,0,0,0,0,0,0,0,0,0,,,0,,0,0,0,0,2,-5,0,0,0,0,-1.93904819898307,0,0,0,0,0,38,69,555,2,0,0,1006,101,25,8.90263946795426,0,24,10,8,2,0.55168986083499,0.147435897435897,0.288500143389733,0.423103946526659,0,0,0,0,0,0,0,0,0,0,0,0,0,0,0,0,0,0,0,0,0,0,4,29,1,0,0,1,0,0,0,11,229,0,0,0,0,,,0,0,0,0,0,0,0,0,0,0,0,0,,,,0,0,0,0,0,0,0,,0,0,0,0,,0,0,,0,0,0,0,0,0,0,0,0,0,67,105
00-0029391,S.McGrath,Sean McGrath,TE,TE,"https://static.www.nfl.com/image/private/f_auto,q_auto/league/cuxa874rsldhqt5rver9",2017,REG,LAC,5,0,0,0,0,0,0,0,0,0,0,0,0,,,0,,0,0,0,0,0,0,0,0,0,0,,0,0,0,0,0,4,4,46,0,0,0,30,16,3,3.56480844353791,0,3,1,1,0,1.53333333333333,0.00698080279232112,0.00627615062761506,0.0148645096278122,0,2,0,0,0,0,0,0,0,0,0,0,0,0,0,0,0,0,0,0,0,0,1,15,0,0,0,0,0,0,0,0,0,0,0,0,0,,,0,0,0,0,0,0,0,0,0,0,0,0,,,,0,0,0,0,0,0,0,,0,0,0,0,,0,0,,0,0,0,0,0,0,0,0,0,0,4.6,8.6
00-0029394,B.Bersin,Brenton Bersin,WR,WR,"https://static.www.nfl.com/image/private/f_auto,q_auto/league/gjkirn3lffpdr7gn8ars",2017,REG,CAR,6,0,0,0,0,0,0,0,0,0,0,0,0,,,0,,0,0,0,0,0,0,0,0,0,0,,0,0,0,0,0,8,14,128,0,0,0,205,16,6,-1.83739110353054,0,6,5,2,0,0.624390243902439,0.0284552845528455,0.0482580037664783,0.0764635294658031,0,1,0,0,0,0,0,0,0,0,0,0,0,0,0,0,0,0,0,0,0,0,1,5,0,0,0,0,0,0,0,0,0,0,0,0,0,,,0,0,0,0,0,0,0,0,0,0,0,0,,,,0,0,0,0,0,0,0,,0,0,0,0,,0,0,,0,0,0,0,0,0,0,0,0,0,12.8,20.8
00-0029408,N.Perry,Nick Perry,OLB,LB,"https://static.www.nfl.com/image/private/f_auto,q_auto/league/uk5giafharseqom5vzra",2017,REG,GB,11,0,0,0,0,0,0,0,0,0,0,0,0,,,0,,0,0,0,0,0,0,0,0,0,0,,0,0,0,0,0,0,0,0,0,0,0,0,0,0,,0,0,0,0,0,,0,0,0,0,23,0,15,6,29,1,7,43,14,0,0,0,0,1,0,0,0,0,1,1,0,2,10,1,0,0,1,1,0,0,0,0,0,0,0,0,,,0,0,0,0,0,0,0,0,0,0,0,0,,,,0,0,0,0,0,0,0,,0,0,0,0,,0,0,,0,0,0,0,0,0,0,0,0,0,0,0
00-0029409,M.Kendricks,Mychal Kendricks,LB,LB,"https://static.www.nfl.com/image/private/f_auto,q_auto/league/jma2mm5zl75np3csogu5",2017,REG,PHI,15,0,0,0,0,0,0,0,0,0,0,0,0,,,0,,0,0,0,0,0,0,0,0,0,0,,0,0,0,0,0,0,0,0,0,0,0,0,0,0,,0,0,0,0,0,,0,0,0,0,48,7,22,4,9,0,2,5,5,0,0,6,0,0,0,0,0,0,0,0,0,0,0,0,0,0,0,0,0,0,0,0,0,0,0,0,,,0,0,0,0,0,0,0,0,0,0,0,0,,,,0,0,0,0,0,0,0,,0,0,0,0,,0,0,,0,0,0,0,0,0,0,0,0,0,0,0
00-0029410,T.Wilson,Tavon Wilson,FS,DB,"https://static.www.nfl.com/image/private/f_auto,q_auto/league/ztnf4vdx2qw6nowvmxy4",2017,REG,DET,10,0,0,0,0,0,0,0,0,0,0,0,0,,,0,,0,0,0,0,0,0,0,0,0,0,,0,0,0,0,0,0,0,0,0,0,0,0,0,0,,0,0,0,0,0,,0,0,0,0,38,4,13,5,33,1,2,19,2,1,23,2,0,0,0,0,0,0,0,0,0,1,15,0,0,0,0,0,0,0,0,0,0,0,0,0,,,0,0,0,0,0,0,0,0,0,0,0,0,,,,0,0,0,0,0,0,0,,0,0,0,0,,0,0,,0,0,0,0,0,0,0,0,0,0,0,0
00-0029412,V.Curry,Vinny Curry,DE,DL,"https://static.www.nfl.com/image/private/f_auto,q_auto/league/fcmh8m4lmzuvrnnbthjh",2017,REG,PHI,16,0,0,0,0,0,0,0,0,0,0,0,0,,,0,,0,0,0,0,0,0,0,0,0,0,,0,0,0,0,0,0,0,0,0,0,0,0,0,0,,0,0,0,0,0,,0,0,0,0,24,1,17,10,47,1,3,25,19,0,0,0,0,0,0,0,0,0,0,0,0,3,15,0,0,0,0,0,0,0,0,0,0,0,0,0,,,0,0,0,0,0,0,0,0,0,0,0,0,,,,0,0,0,0,0,0,0,,0,0,0,0,,0,0,,0,0,0,0,0,0,0,0,0,0,0,0
00-0029413,B.Jones,Ben Jones,C,OL,"https://static.www.nfl.com/image/private/f_auto,q_auto/league/wcnzcpaw850lpjoyghmf",2017,REG,TEN,5,0,0,0,0,0,0,0,0,0,0,0,0,,,0,,0,0,0,0,0,0,0,0,0,0,,0,0,0,0,0,0,0,0,0,0,0,0,0,0,,0,0,0,0,0,,0,0,0,0,0,0,0,0,0,0,0,0,0,0,0,0,0,0,0,0,0,0,0,0,0,5,55,0,0,0,0,0,0,0,0,0,0,0,0,0,,,0,0,0,0,0,0,0,0,0,0,0,0,,,,0,0,0,0,0,0,0,,0,0,0,0,,0,0,,0,0,0,0,0,0,0,0,0,0,0,0
00-0029414,O.Charles,Orson Charles,TE,TE,"https://static.www.nfl.com/image/private/f_auto,q_auto/league/shbtvc2u3xznv47nzvm2",2017,REG,KC,3,0,0,0,0,0,0,0,0,0,0,0,0,,,0,,0,0,0,0,0,0,0,0,0,0,,0,0,0,0,0,2,2,53,0,0,0,44,9,1,2.83715980499983,0,2,2,1,0,1.20454545454545,0.00378787878787879,0.0104811815150071,0.0130186452423232,0,1,0,0,0,0,0,0,0,0,0,0,0,0,0,0,0,1,0,0,0,0,0,0,0,0,0,0,0,0,0,0,0,0,0,0,0,,,0,0,0,0,0,0,0,0,0,0,0,0,,,,0,0,0,0,0,0,0,,0,0,0,0,,0,0,,0,0,0,0,0,0,0,0,0,0,5.3,7.3
00-0029418,N.Goode,Najee Goode,LB,LB,"https://static.www.nfl.com/image/private/f_auto,q_auto/league/ckpr6au1fwxxfcsbrrej",2017,REG,PHI,12,0,0,0,0,0,0,0,0,0,0,0,0,,,0,,0,0,0,0,0,0,0,0,0,0,,0,0,0,0,0,0,0,0,0,0,0,0,0,0,,0,0,0,0,0,,0,0,0,0,18,0,4,3,8,0,0,0,0,0,0,0,0,0,0,0,0,0,0,0,0,4,28,0,0,0,0,0,0,0,0,0,0,0,0,0,,,0,0,0,0,0,0,0,0,0,0,0,0,,,,0,0,0,0,0,0,0,,0,0,0,0,,0,0,,0,0,0,0,0,0,0,0,0,0,0,0
00-0029421,R.Bullock,Randy Bullock,K,SPEC,"https://static.www.nfl.com/image/private/f_auto,q_auto/league/pim6xbwsdnk5xwhlwde8",2017,REG,CIN,15,0,0,0,0,0,0,0,0,0,0,0,0,,,0,,0,0,0,0,0,0,0,0,0,0,,0,0,0,0,0,0,0,0,0,0,0,0,0,0,,0,0,0,0,0,,0,0,0,0,0,0,0,0,0,0,0,0,0,0,0,0,0,0,0,0,0,0,0,0,0,0,0,0,0,0,0,0,0,0,0,0,18,20,1,1,51,0.9,0,6,7,4,1,0,0,0,0,1,0,0,39;29;30;46;41;30;29;29;31;49;21;35;41;29;27;35;51;32,48,34,624,48,34,31,33,2,0,0.939393939393939,0,0,0,0,,0,0,,0,0,0,0,0,0,0,0,0,0,0,0
00-0029422,K.Tandy,Keith Tandy,DB,DB,"https://static.www.nfl.com/image/private/f_auto,q_auto/league/pbv9t31rlpijuppxc3ey",2017,REG,TB,11,0,0,0,0,0,0,0,0,0,0,0,0,,,0,,0,0,0,0,0,0,0,0,0,0,,0,0,0,0,0,0,0,0,0,0,0,0,0,0,,0,0,0,0,0,,0,0,0,0,18,1,7,0,0,0,0,0,0,0,0,0,0,0,0,0,0,0,0,0,0,1,8,0,0,0,0,0,0,0,0,0,0,0,0,0,,,0,0,0,0,0,0,0,0,0,0,0,0,,,,0,0,0,0,0,0,0,,0,0,0,0,,0,0,,0,0,0,0,0,0,0,0,0,0,0,0
00-0029479,E.Lamur,Emmanuel Lamur,OLB,LB,"https://static.www.nfl.com/image/private/f_auto,q_auto/league/oh9fy7oc1ihnx0lkqckj",2017,REG,MIN,7,0,0,0,0,0,0,0,0,0,0,0,0,,,0,,0,0,0,0,0,0,0,0,0,0,,0,0,0,0,0,0,0,0,0,0,0,0,0,0,,0,0,0,0,0,,0,0,0,0,9,0,8,0,0,0,0,0,0,0,0,1,0,0,0,0,0,0,1,0,0,1,5,0,0,0,0,0,0,0,0,0,0,0,0,0,,,0,0,0,0,0,0,0,0,0,0,0,0,,,,0,0,0,0,0,0,0,,0,0,0,0,,0,0,,0,0,0,0,0,0,0,0,0,0,0,0
00-0029492,J.Olawale,Jamize Olawale,RB,RB,"https://static.www.nfl.com/image/private/f_auto,q_auto/league/dp7xdilrkk9f2i5ovne9",2017,REG,LV,7,0,0,0,0,0,0,0,0,0,0,0,0,,,0,,0,0,0,0,9,43,1,1,0,5,3.07236009908957,0,2,0,0,0,6,7,33,0,0,0,11,24,1,0.665538721135818,0,0,0,0,0,3,0.0126811594202899,0.00236305048335124,0.0206758744687806,0,1,0,2,0,0,0,0,0,0,0,0,0,0,0,0,0,1,0,0,0,0,1,8,1,0,0,1,0,0,0,1,9,0,0,0,0,,,0,0,0,0,0,0,0,0,0,0,0,0,,,,0,0,0,0,0,0,0,,0,0,0,0,,0,0,,0,0,0,0,0,0,0,0,0,0,13.6,19.6
00-0029493,R.Quigley,Ryan Quigley,P,SPEC,"https://static.www.nfl.com/image/private/f_auto,q_auto/league/x4iusmtkekesjjq4rcvn",2017,REG,MIN,16,0,1,0,0,0,0,0,0,0,-1,0,0,-2.66400268184952,-47.2286969423294,0,0,0,0,0,0,0,0,0,0,0,0,,0,0,0,0,0,0,0,0,0,0,0,0,0,0,,0,0,0,0,0,,0,0,0,0,0,0,0,0,0,0,0,0,0,0,0,0,0,0,0,0,0,0,0,0,0,0,0,0,0,0,0,0,0,0,0,0,0,0,0,0,,,0,0,0,0,0,0,0,0,0,0,0,0,,,,0,0,0,0,0,0,0,,0,0,0,0,,71,0,56,2994,29,7,7,0,33,24,213,1,2781,0,0
00-0029520,E.Pleasant,Eddie Pleasant,DB,DB,"https://static.www.nfl.com/image/private/f_auto,q_auto/league/dyrf0awyga5nmbowrtas",2017,REG,HOU,14,0,0,0,0,0,0,0,0,0,0,0,0,,,0,,0,0,0,0,0,0,0,0,0,0,,0,0,0,0,0,0,0,0,0,0,0,0,0,0,,0,0,0,0,0,,0,0,0,0,23,2,7,1,6,1,2,21,2,1,0,3,0,0,0,0,0,0,0,0,0,6,44,0,0,0,0,0,0,0,0,0,0,0,0,0,,,0,0,0,0,0,0,0,0,0,0,0,0,,,,0,0,0,0,0,0,0,,0,0,0,0,,0,0,,0,0,0,0,0,0,0,0,0,0,0,0
00-0029524,J.Allen,Jeff Allen,G,OL,"https://static.www.nfl.com/image/private/f_auto,q_auto/league/zphkzp3rtdbngscugleg",2017,REG,HOU,3,0,0,0,0,0,0,0,0,0,0,0,0,,,0,,0,0,0,0,0,0,0,0,0,0,,0,0,0,0,0,0,0,0,0,0,0,0,0,0,,0,0,0,0,0,,0,0,0,0,0,0,0,0,0,0,0,0,0,0,0,0,0,0,0,0,0,0,0,0,0,8,55,0,0,0,0,0,0,0,0,0,0,0,0,0,,,0,0,0,0,0,0,0,0,0,0,0,0,,,,0,0,0,0,0,0,0,,0,0,0,0,,0,0,,0,0,0,0,0,0,0,0,0,0,0,0
00-0029528,B.Massie,Bobby Massie,OT,OL,"https://static.www.nfl.com/image/private/f_auto,q_auto/league/hfjtsmseahvvdllps7eg",2017,REG,CHI,6,0,0,0,0,0,0,0,0,0,0,0,0,,,0,,0,0,0,0,0,0,0,0,0,0,,0,0,0,0,0,0,0,0,0,0,0,0,0,0,,0,0,0,0,0,,0,0,0,0,0,0,0,0,0,0,0,0,0,0,0,0,0,0,0,0,2,0,0,0,0,4,30,0,0,0,0,0,0,0,0,0,0,0,0,0,,,0,0,0,0,0,0,0,0,0,0,0,0,,,,0,0,0,0,0,0,0,,0,0,0,0,,0,0,,0,0,0,0,0,0,0,0,0,0,0,0
00-0029529,C.Sensabaugh,Coty Sensabaugh,CB,DB,"https://static.www.nfl.com/image/private/f_auto,q_auto/league/jiuv92mavotqatsa9cq6",2017,REG,PIT,7,0,0,0,0,0,0,0,0,0,0,0,0,,,0,,0,0,0,0,0,0,0,0,0,0,,0,0,0,0,0,0,0,0,0,0,0,0,0,0,,0,0,0,0,0,,0,0,0,0,18,1,3,0,0,0,0,0,0,1,32,3,0,0,0,0,0,0,0,0,0,0,0,0,0,0,0,0,0,0,0,0,0,0,0,0,,,0,0,0,0,0,0,0,0,0,0,0,0,,,,0,0,0,0,0,0,0,,0,0,0,0,,0,0,,0,0,0,0,0,0,0,0,0,0,0,0
00-0029530,J.Bethel,Justin Bethel,CB,DB,"https://static.www.nfl.com/image/private/f_auto,q_auto/league/ctqpivwrs2u9gwrohbce",2017,REG,ARI,16,0,0,0,0,0,0,0,0,0,0,0,0,,,0,,0,0,0,0,0,0,0,0,0,0,,0,0,0,0,0,0,0,0,0,0,0,0,0,0,,0,0,0,0,0,,0,0,0,0,28,1,12,1,1,0,0,0,0,1,82,4,1,0,0,0,0,0,0,0,0,5,30,0,0,0,0,0,0,0,0,0,0,0,0,0,,,0,0,0,0,0,0,0,0,0,0,0,0,,,,0,0,0,0,0,0,0,,0,0,0,0,,0,0,,0,0,0,0,0,0,0,0,0,0,0,0
00-0029542,S.Gilmore,Stephon Gilmore,CB,DB,"https://static.www.nfl.com/image/upload/f_auto,q_auto/league/rzqv9harev8c0excxzfz",2017,REG,NE,13,0,0,0,0,0,0,0,0,0,0,0,0,,,0,,0,0,0,0,0,0,0,0,0,0,,0,0,0,0,0,0,0,0,0,0,0,0,0,0,,0,0,0,0,0,,0,0,0,0,44,3,3,1,1,0,0,0,0,2,59,9,0,0,0,0,0,0,0,0,0,7,87,0,0,0,0,0,0,0,0,0,0,0,0,0,,,0,0,0,0,0,0,0,0,0,0,0,0,,,,0,0,0,0,0,0,0,,0,0,0,0,,0,0,,0,0,0,0,0,0,0,0,0,0,0,0
00-0029543,D.Stephenson,Donald Stephenson,OT,OL,"https://static.www.nfl.com/image/private/f_auto,q_auto/league/etehulpzr8ehikyf5snc",2017,REG,DEN,1,0,0,0,0,0,0,0,0,0,0,0,0,,,0,,0,0,0,0,0,0,0,0,0,0,,0,0,0,0,0,0,0,0,0,0,0,0,0,0,,0,0,0,0,0,,0,0,0,0,0,0,0,0,0,0,0,0,0,0,0,0,0,0,0,0,0,0,0,0,0,1,10,0,0,0,0,0,0,0,0,0,0,0,0,0,,,0,0,0,0,0,0,0,0,0,0,0,0,,,,0,0,0,0,0,0,0,,0,0,0,0,,0,0,,0,0,0,0,0,0,0,0,0,0,0,0
00-0029545,K.Robinson,Keenan Robinson,OLB,LB,"https://static.www.nfl.com/image/private/f_auto,q_auto/league/ixvte44k9nlmw3clp1bx",2017,REG,NYG,6,0,0,0,0,0,0,0,0,0,0,0,0,,,0,,0,0,0,0,0,0,0,0,0,0,,0,0,0,0,0,0,0,0,0,0,0,0,0,0,,0,0,0,0,0,,0,0,0,0,19,1,12,0,0,0,0,0,0,0,0,2,0,0,0,0,0,0,0,0,0,1,5,0,0,0,0,0,0,0,0,0,0,0,0,0,,,0,0,0,0,0,0,0,0,0,0,0,0,,,,0,0,0,0,0,0,0,,0,0,0,0,,0,0,,0,0,0,0,0,0,0,0,0,0,0,0
00-0029546,S.Kelemete,Senio Kelemete,G,OL,"https://static.www.nfl.com/image/private/f_auto,q_auto/league/t9irjxooncg3zlidmyuk",2017,REG,NO,3,0,0,0,0,0,0,0,0,0,0,0,0,,,0,,0,0,0,0,0,0,0,0,0,0,,0,0,0,0,0,0,0,0,0,0,0,0,0,0,,0,0,0,0,0,,0,0,0,0,0,0,0,0,0,0,0,0,0,0,0,0,0,0,0,0,0,0,0,0,0,5,40,0,0,0,0,0,0,0,0,0,0,0,0,0,,,0,0,0,0,0,0,0,0,0,0,0,0,,,,0,0,0,0,0,0,0,,0,0,0,0,,0,0,,0,0,0,0,0,0,0,0,0,0,0,0
00-0029560,D.Kirkpatrick,Dre Kirkpatrick,CB,DB,"https://static.www.nfl.com/image/private/f_auto,q_auto/league/z0hhlgxx1icjln3l3hgl",2017,REG,CIN,14,0,0,0,0,0,0,0,0,0,0,0,0,,,0,,0,0,0,0,0,0,0,0,0,0,,0,0,0,0,0,0,0,0,0,0,0,0,0,0,,0,0,0,0,0,,0,0,0,0,47,0,8,4,7,1,1,2,1,1,101,14,0,1,0,0,1,0,0,0,0,7,155,0,1,0,1,0,0,0,0,0,0,0,0,0,,,0,0,0,0,0,0,0,0,0,0,0,0,,,,0,0,0,0,0,0,0,,0,0,0,0,,0,0,,0,0,0,0,0,0,0,0,0,0,0,0
00-0029562,L.David,Lavonte David,OLB,LB,"https://static.www.nfl.com/image/upload/f_auto,q_auto/league/gicyoxodiwdzvybrzddk",2017,REG,TB,13,0,0,0,0,0,0,0,0,0,0,0,0,,,0,,0,0,0,0,0,0,0,0,0,0,,0,0,0,0,0,0,0,0,0,0,0,0,0,0,,0,0,0,0,0,,0,0,0,0,67,9,25,8,25,5,0,0,3,0,0,1,0,0,0,0,0,0,5,21,1,0,0,0,0,0,0,0,0,0,0,0,0,0,0,0,,,0,0,0,0,0,0,0,0,0,0,0,0,,,,0,0,0,0,0,0,0,,0,0,0,0,,0,0,,0,0,0,0,0,0,0,0,0,0,0,0
00-0029566,Z.Brown,Zach Brown,OLB,LB,"https://static.www.nfl.com/image/private/f_auto,q_auto/league/vdohqafl6tmt9bejsjjv",2017,REG,WAS,13,0,0,0,0,0,0,0,0,0,0,0,0,,,0,,0,0,0,0,0,0,0,0,0,0,,0,0,0,0,0,0,0,0,0,0,0,0,0,0,,0,0,0,0,0,,0,0,0,0,77,7,43,11,27,0,2.5,11,5,0,0,2,0,0,0,0,0,0,0,0,0,2,15,0,0,0,0,0,0,0,0,0,0,0,0,0,,,0,0,0,0,0,0,0,0,0,0,0,0,,,,0,0,0,0,0,0,0,,0,0,0,0,,0,0,,0,0,0,0,0,0,0,0,0,0,0,0
00-0029567,N.Foles,Nick Foles,QB,QB,"https://static.www.nfl.com/image/private/f_auto,q_auto/league/dxuz2ir773wylutxo7zs",2017,REG,PHI,7,57,101,537,5,2,5,-44,3,1,825,241,29,-16.7651802076606,-3.21005625384195,0,0.650909090909091,25,8,3,0,11,3,0,3,1,1,-12.6675705049708,0,0,0,0,0,0,0,0,0,0,0,0,0,0,,0,0,0,0,0,,0,0,0,0,0,0,0,0,0,0,0,0,0,0,0,0,0,0,0,0,3,-8,0,0,0,1,5,2,4,0,6,2,0,0,0,0,0,0,0,0,,,0,0,0,0,0,0,0,0,0,0,0,0,,,,0,0,0,0,0,0,0,,0,0,0,0,,0,0,,0,0,0,0,0,0,0,0,0,0,33.78,33.78
00-0029568,M.Jackson,Malik Jackson,DT,DL,"https://static.www.nfl.com/image/private/f_auto,q_auto/league/gakfws2ki3j7zuvdllnh",2017,REG,JAX,16,0,0,0,0,0,0,0,0,0,0,0,0,,,0,,0,0,0,0,0,0,0,0,0,0,,0,0,0,0,0,0,0,0,0,0,0,0,0,0,,0,0,0,0,0,,0,0,0,0,30,1,9,9,49,4,8,64,11,0,0,3,0,0,0,0,0,0,0,0,0,5,45,0,0,0,0,0,0,0,0,0,0,0,0,0,,,0,0,0,0,0,0,0,0,0,0,0,0,,,,0,0,0,0,0,0,0,,0,0,0,0,,0,0,,0,0,0,0,0,0,0,0,0,0,0,0
00-0029570,N.Ebner,Nate Ebner,DB,DB,"https://static.www.nfl.com/image/private/f_auto,q_auto/league/ygwdsa4xsqilgkgs5uk9",2017,REG,NE,6,0,0,0,0,0,0,0,0,0,0,0,0,,,0,,0,0,0,0,1,14,0,1,0,1,3.56437820545398,0,1,1,0,0,0,0,0,0,0,0,0,0,0,,0,0,0,0,0,,0,0,0,0,4,1,3,0,0,0,0,0,0,0,0,0,0,0,0,0,0,0,0,0,0,1,7,1,0,1,1,0,0,0,0,0,0,0,0,0,,,0,0,0,0,0,0,0,0,0,0,0,0,,,,0,0,0,0,0,0,0,,0,0,0,0,,0,0,,0,0,0,0,0,0,0,0,0,0,1.4,1.4
00-0029572,J.Wright,Jarius Wright,WR,WR,"https://static.www.nfl.com/image/private/f_auto,q_auto/league/f4xgfra44cd6qjy6havp",2017,REG,MIN,12,0,0,0,0,0,0,0,0,0,0,0,0,,,0,,0,0,0,0,0,0,0,0,0,0,,0,0,0,0,0,18,25,198,2,0,0,190,86,13,11.4253654495358,0,9,3,3,0,1.04210526315789,0.0479846449136276,0.0474288567149276,0.105177167070891,0,0,0,0,0,0,0,0,0,0,0,0,0,0,0,0,0,0,0,0,0,0,1,10,0,0,0,0,0,0,0,0,0,0,0,0,0,,,0,0,0,0,0,0,0,0,0,0,0,0,,,,0,0,0,0,0,0,0,,0,0,0,0,,0,0,,0,0,0,0,0,0,0,0,0,0,31.8,49.8
00-0029575,R.Blanton,Robert Blanton,DB,DB,"https://static.www.nfl.com/image/private/f_auto,q_auto/league/ngqzkn88b0quv5m9mnna",2017,REG,BUF,2,0,0,0,0,0,0,0,0,0,0,0,0,,,0,,0,0,0,0,0,0,0,0,0,0,,0,0,0,0,0,0,0,0,0,0,0,0,0,0,,0,0,0,0,0,,0,0,0,0,1,1,1,0,0,0,0,0,0,0,0,0,0,0,0,0,0,0,0,0,0,0,0,0,0,0,0,0,0,0,0,0,0,0,0,0,,,0,0,0,0,0,0,0,0,0,0,0,0,,,,0,0,0,0,0,0,0,,0,0,0,0,,0,0,,0,0,0,0,0,0,0,0,0,0,0,0
00-0029576,B.Walsh,Blair Walsh,K,SPEC,"https://static.www.nfl.com/image/private/f_auto,q_auto/league/aprsggdgwu3y8wmw2zaa",2017,REG,SEA,16,0,0,0,0,0,0,0,0,0,0,0,0,,,0,,0,0,0,0,0,0,0,0,0,0,,0,0,0,0,0,0,0,0,0,0,0,0,0,0,,0,0,0,0,0,,0,0,0,0,0,0,0,0,0,0,0,0,0,0,0,0,0,0,0,0,0,0,0,0,0,0,0,0,0,0,0,0,0,0,0,0,21,29,8,0,49,0.724137931034483,0,6,7,8,0,0,0,0,3,4,1,0,33;21;41;25;27;44;48;49;35;39;21;21;33;43;30;37;46;34;46;28;49,37;44;39;49;52;48;38;48,,750,355,0,37,38,1,0,0.973684210526316,0,1,1,0,48,0,0,,0,0,0,0,0,0,0,0,0,0,0,0
00-0029577,D.Trevathan,Danny Trevathan,ILB,LB,"https://static.www.nfl.com/image/private/f_auto,q_auto/league/jukojjsqqppqju4worol",2017,REG,CHI,12,0,0,0,0,0,0,0,0,0,0,0,0,,,0,,0,0,0,0,0,0,0,0,0,0,,0,0,0,0,0,0,0,0,0,0,0,0,0,0,,0,0,0,0,0,,0,0,0,0,56,4,29,4,21,1,2,14,5,1,8,5,0,0,0,0,0,0,1,0,0,4,19,0,0,0,0,0,0,0,0,0,0,0,0,0,,,0,0,0,0,0,0,0,0,0,0,0,0,,,,0,0,0,0,0,0,0,,0,0,0,0,,0,0,,0,0,0,0,0,0,0,0,0,0,0,0
00-0029580,R.Matthews,Rishard Matthews,WR,WR,"https://static.www.nfl.com/image/private/f_auto,q_auto/league/fr7nzgwarzuorvi8cvlc",2017,REG,TEN,14,0,0,0,0,0,0,0,0,0,0,0,0,,,0,,0,0,0,0,1,-3,0,0,0,0,-0.990694541949779,0,0,0,0,0,53,87,795,4,0,0,1023,277,36,16.8284906444606,0,30,20,13,2,0.777126099706745,0.179752066115703,0.233828571428571,0.433308099173554,0,2,0,0,0,0,0,0,0,0,0,0,0,0,0,0,0,0,0,0,0,0,0,0,0,0,0,0,0,0,0,0,0,0,0,0,0,,,0,0,0,0,0,0,0,0,0,0,0,0,,,,0,0,0,0,0,0,0,,0,0,0,0,,0,0,,0,0,0,0,0,0,0,0,0,0,103.2,156.2
00-0029585,C.Jones,Chandler Jones,DE,DL,"https://static.www.nfl.com/image/private/f_auto,q_auto/league/o12yqn0vbknt7gmu5owf",2017,REG,ARI,16,0,0,0,0,0,0,0,0,0,0,0,0,,,0,,0,0,0,0,0,0,0,0,0,0,,0,0,0,0,0,0,0,0,0,0,0,0,0,0,,0,0,0,0,0,,0,0,0,0,50,1,7,27,130,2,17,113,33,0,0,3,0,0,0,0,0,0,0,0,0,2,20,0,0,0,0,0,0,0,0,0,0,0,0,0,,,0,0,0,0,0,0,0,0,0,0,0,0,,,,0,0,0,0,0,0,0,,0,0,0,0,,0,0,,0,0,0,0,0,0,0,0,0,0,0,0
00-0029586,D.Wolfe,Derek Wolfe,DE,DL,"https://static.www.nfl.com/image/private/f_auto,q_auto/league/vw63rdpjpc1rh3az3zme",2017,REG,DEN,11,0,0,0,0,0,0,0,0,0,0,0,0,,,0,,0,0,0,0,0,0,0,0,0,0,,0,0,0,0,0,0,0,0,0,0,0,0,0,0,,0,0,0,0,0,,0,0,0,0,16,2,13,6,30,0,2,13,6,0,0,0,0,0,0,0,0,0,0,0,0,3,16,0,0,0,0,0,0,0,0,0,0,0,0,0,,,0,0,0,0,0,0,0,0,0,0,0,0,,,,0,0,0,0,0,0,0,,0,0,0,0,,0,0,,0,0,0,0,0,0,0,0,0,0,0,0
00-0029587,R.Ellison,Rhett Ellison,TE,TE,"https://static.www.nfl.com/image/private/f_auto,q_auto/league/pqvmhpdoritjtp8ng7ep",2017,REG,NYG,14,0,0,0,0,0,0,0,0,0,0,0,0,,,0,,0,0,0,0,0,0,0,0,0,0,,0,0,0,0,0,24,32,235,2,0,0,163,131,13,12.425078690605,0,9,3,1,0,1.44171779141104,0.0530679933665008,0.0371213846504213,0.105586959305046,0,3,1,1,0,0,0,0,0,0,0,0,0,0,0,0,0,0,0,0,0,0,0,0,0,0,0,0,0,0,0,0,0,0,0,0,0,,,0,0,0,0,0,0,0,0,0,0,0,0,,,,0,0,0,0,0,0,0,,0,0,0,0,,0,0,,0,0,0,0,0,0,0,0,0,0,35.5,59.5
00-0029592,K.Zeitler,Kevin Zeitler,G,OL,"https://static.www.nfl.com/image/upload/f_auto,q_auto/league/nfb14plexvixmjo0p5ye",2017,REG,CLE,4,0,0,0,0,0,0,0,0,0,0,0,0,,,0,,0,0,0,0,0,0,0,0,0,0,,0,0,0,0,0,1,1,-4,0,0,0,-4,0,0,-0.596557571669109,0,0,0,0,0,0,0.00176678445229682,-0.000771010023130301,0.00211046966225402,0,1,0,0,0,0,0,0,0,0,0,0,0,0,0,0,0,0,0,0,0,0,3,25,0,0,0,0,0,0,0,0,0,0,0,0,0,,,0,0,0,0,0,0,0,0,0,0,0,0,,,,0,0,0,0,0,0,0,,0,0,0,0,,0,0,,0,0,0,0,0,0,0,0,0,0,-0.4,0.6
00-0029594,S.Spence,Sean Spence,LB,LB,"https://static.www.nfl.com/image/private/f_auto,q_auto/league/qjoxecogay0lpsz5wfev",2017,REG,PIT,4,0,0,0,0,0,0,0,0,0,0,0,0,,,0,,0,0,0,0,0,0,0,0,0,0,,0,0,0,0,0,0,0,0,0,0,0,0,0,0,,0,0,0,0,0,,0,0,0,0,10,1,8,1,4,0,1,4,2,0,0,0,0,0,0,0,0,0,0,0,0,0,0,0,0,0,0,0,0,0,0,0,0,0,0,0,,,0,0,0,0,0,0,0,0,0,0,0,0,,,,0,0,0,0,0,0,0,,0,0,0,0,,0,0,,0,0,0,0,0,0,0,0,0,0,0,0
00-0029597,J.Tucker,Justin Tucker,K,SPEC,"https://static.www.nfl.com/image/upload/f_auto,q_auto/league/thawkkxcbyuddwuidgb0",2017,REG,BAL,16,0,0,0,0,0,0,0,0,0,0,0,0,,,0,,0,0,0,0,0,0,0,0,0,0,,0,0,0,0,0,0,0,0,0,0,0,0,0,0,,0,0,0,0,0,,0,0,0,0,3,0,0,0,0,0,0,0,0,0,0,0,0,0,0,0,0,0,0,0,0,1,5,0,0,0,0,0,0,0,0,0,34,37,2,1,57,0.918918918918919,0,7,11,11,5,0,0,0,0,0,1,1,25;25;28;42;22;21;44;27;31;50;48;57;47;55;48;30;49;32;39;23;53;31;49;38;46;51;47;31;43;30;39;36;46;34,58;62,46,1317,120,46,39,39,0,0,1,0,0,0,0,,0,0,,0,0,0,0,0,0,0,0,0,0,0,0
00-0029600,A.Branch,Andre Branch,DE,DL,"https://static.www.nfl.com/image/private/f_auto,q_auto/league/i21ppzdcbxr7iu1n2scy",2017,REG,MIA,12,0,0,0,0,0,0,0,0,0,0,0,0,,,0,,0,0,0,0,0,0,0,0,0,0,,0,0,0,0,0,0,0,0,0,0,0,0,0,0,,0,0,0,0,0,,0,0,0,0,12,0,11,5,24,0,4.5,18.5,8,0,0,1,0,0,0,0,0,0,0,0,0,2,10,0,0,0,0,0,0,0,0,0,0,0,0,0,,,0,0,0,0,0,0,0,0,0,0,0,0,,,,0,0,0,0,0,0,0,,0,0,0,0,,0,0,,0,0,0,0,0,0,0,0,0,0,0,0
00-0029604,K.Cousins,Kirk Cousins,QB,QB,"https://static.www.nfl.com/image/upload/f_auto,q_auto/league/hmdqr7gju0dciapvdjcv",2017,REG,WAS,16,347,540,4093,27,13,41,-342,6,4,4153,2140,191,16.4492996373709,0.838805525825265,0,0.985552612569227,168,77,59,9,49,179,4,7,1,17,1.74162639011668,0,6,3,0,0,0,0,0,0,0,0,0,0,0,,0,0,0,0,0,,0,0,0,0,1,0,0,0,0,0,0,0,0,0,0,0,0,0,0,0,4,-52,0,0,0,6,40,6,7,1,13,5,0,0,0,0,0,0,0,0,,,0,0,0,0,0,0,0,0,0,0,0,0,,,,0,0,0,0,0,0,0,,0,0,0,0,,0,0,,0,0,0,0,0,0,0,0,0,0,277.62,277.62
00-0029606,H.Smith,Harrison Smith,FS,DB,"https://static.www.nfl.com/image/upload/f_auto,q_auto/league/kadw1bk0cxsarjrwbdrq",2017,REG,MIN,16,0,0,0,0,0,0,0,0,0,0,0,0,,,0,,0,0,0,0,0,0,0,0,0,0,,0,0,0,0,0,0,0,0,0,0,0,0,0,0,,0,0,0,0,0,,0,0,0,0,58,3,17,7,24,0,1.5,10,3,5,42,12,0,0,0,0,0,0,0,0,0,1,5,0,0,0,0,0,0,0,0,0,0,0,0,0,,,0,0,0,0,0,0,0,0,0,0,0,0,,,,0,0,0,0,0,0,0,,0,0,0,0,,0,0,,0,0,0,0,0,0,0,0,0,0,0,0
00-0029607,D.Davis,Demario Davis,OLB,LB,"https://static.www.nfl.com/image/upload/f_auto,q_auto/league/fx9oohbyik0ibdlvyr8z",2017,REG,NYJ,16,0,0,0,0,0,0,0,0,0,0,0,0,,,0,,0,0,0,0,0,0,0,0,0,0,,0,0,0,0,0,0,0,0,0,0,0,0,0,0,,0,0,0,0,0,,0,0,0,0,93,4,38,12,28,0,5,21.5,15,0,0,3,0,0,0,0,0,0,1,12,0,1,15,0,0,0,0,0,0,0,0,0,0,0,0,0,,,0,0,0,0,0,0,0,0,0,0,0,0,,,,0,0,0,0,0,0,0,,0,0,0,0,,0,0,,0,0,0,0,0,0,0,0,0,0,0,0
00-0029608,T.Hilton,T.Y. Hilton,WR,WR,"https://static.www.nfl.com/image/private/f_auto,q_auto/league/b8kor0sgeynyd8u8cush",2017,REG,IND,16,0,0,0,0,0,0,0,0,0,0,0,0,,,0,,0,0,0,0,0,0,0,0,0,0,,0,0,0,0,0,57,109,966,4,2,1,1390,304,38,13.0086266852221,0,35,22,14,6,0.694964028776978,0.230932203389831,0.377922784121805,0.61094425397001,0,1,0,0,0,0,0,0,0,0,0,0,0,0,0,0,0,0,0,0,0,0,4,35,2,0,1,2,1,0,0,0,0,0,0,0,0,,,0,0,0,0,0,0,0,0,0,0,0,0,,,,0,0,0,0,0,0,0,,0,0,0,0,,0,0,,0,0,0,0,0,0,0,0,0,0,118.6,175.6
00-0029613,D.Martin,Doug Martin,RB,RB,"https://static.www.nfl.com/image/private/f_auto,q_auto/league/lhazttk4tjpi7ggf7du4",2017,REG,TB,11,0,0,0,0,0,0,0,0,0,0,0,0,,,0,,0,0,0,0,138,406,3,1,1,21,-29.1833821125497,1,9,5,1,0,9,18,84,0,0,0,51,60,6,-1.58774496620754,0,5,1,0,0,1.64705882352941,0.0302013422818792,0.00826312378483474,0.0510862000722031,0,0,0,0,0,0,0,0,0,0,0,0,0,0,0,0,0,0,0,0,0,0,0,0,1,0,0,1,1,0,0,0,0,0,0,0,0,,,0,0,0,0,0,0,0,0,0,0,0,0,,,,0,0,0,0,0,0,0,,0,0,0,0,,0,0,,0,0,0,0,0,0,0,0,0,0,67,76
00-0029615,L.Miller,Lamar Miller,RB,RB,"https://static.www.nfl.com/image/private/f_auto,q_auto/league/vqxh6ynpmczzfyl9kcgq",2017,REG,HOU,16,0,0,0,0,0,0,0,0,0,0,0,0,,,0,,0,0,0,0,238,888,3,1,0,43,-28.405613267115,0,22,17,1,0,36,45,327,3,0,0,61,295,17,13.1018030129416,0,14,4,3,0,5.36065573770492,0.0872093023255814,0.0117217524980784,0.139019180237027,0,0,0,0,0,0,0,0,0,0,0,0,0,0,0,0,0,1,0,0,0,0,0,0,1,0,0,1,0,0,0,0,0,0,0,0,0,,,0,0,0,0,0,0,0,0,0,0,0,0,,,,0,0,0,0,0,0,0,,0,0,0,0,,0,0,,0,0,0,0,0,0,0,0,0,0,157.5,193.5
00-0029620,B.Marshall,Brandon Marshall,ILB,LB,"https://static.www.nfl.com/image/private/f_auto,q_auto/league/rjpdo7ei0wylvfzbacuv",2017,REG,DEN,16,0,0,0,0,0,0,0,0,0,0,0,0,,,0,,0,0,0,0,0,0,0,0,0,0,,0,0,0,0,0,0,0,0,0,0,0,0,0,0,,0,0,0,0,0,,0,0,0,0,69,6,31,6,13,1,3,10,3,0,0,4,0,0,0,0,0,0,1,19,1,1,5,0,0,0,0,0,0,0,0,0,0,0,0,0,,,0,0,0,0,0,0,0,0,0,0,0,0,,,,0,0,0,0,0,0,0,,0,0,0,0,,0,0,,0,0,0,0,0,0,0,0,0,0,0,0
00-0029621,G.Zuerlein,Greg Zuerlein,K,SPEC,"https://static.www.nfl.com/image/private/f_auto,q_auto/league/gzuks9rryzy90fecvi9l",2017,REG,LA,14,0,0,0,0,0,0,0,0,0,0,0,0,,,0,,0,0,0,0,0,0,0,0,0,0,,0,0,0,0,0,0,0,0,0,0,0,0,0,0,,0,0,0,0,0,,0,0,0,0,0,0,0,0,0,0,0,0,0,0,0,0,0,0,0,0,0,0,0,0,0,0,0,0,0,0,0,0,0,0,0,0,38,40,2,0,56,0.95,1,8,11,12,6,0,0,0,1,0,0,1,50;35;44;32;40;48;19;49;44;44;30;28;43;33;35;56;29;23;33;53;34;27;46;47;27;33;50;33;50;46;49;26;56;20;24;41;36;31,36;63,,1444,99,0,44,46,2,0,0.956521739130435,0,0,0,0,,0,0,,0,0,0,0,0,0,0,0,0,0,0,0
00-0029627,J.Crawford,Jack Crawford,DT,DL,"https://static.www.nfl.com/image/private/f_auto,q_auto/league/y5hjl6vr71qzqjxgimdo",2017,REG,ATL,4,0,0,0,0,0,0,0,0,0,0,0,0,,,0,,0,0,0,0,0,0,0,0,0,0,,0,0,0,0,0,0,0,0,0,0,0,0,0,0,,0,0,0,0,0,,0,0,0,0,2,1,2,0,0,0,0,0,3,0,0,0,0,0,0,0,0,0,0,0,0,0,0,0,0,0,0,0,0,0,0,0,0,0,0,0,,,0,0,0,0,0,0,0,0,0,0,0,0,,,,0,0,0,0,0,0,0,,0,0,0,0,,0,0,,0,0,0,0,0,0,0,0,0,0,0,0
00-0029629,N.Stupar,Nate Stupar,MLB,LB,"https://static.www.nfl.com/image/private/f_auto,q_auto/league/qpptamzmljqkzqvndhyr",2017,REG,NO,1,0,0,0,0,0,0,0,0,0,0,0,0,,,0,,0,0,0,0,0,0,0,0,0,0,,0,0,0,0,0,0,0,0,0,0,0,0,0,0,,0,0,0,0,0,,0,0,0,0,1,0,0,0,0,0,0,0,0,0,0,0,0,0,0,0,0,0,0,0,0,0,0,0,0,0,0,0,0,0,0,0,0,0,0,0,,,0,0,0,0,0,0,0,0,0,0,0,0,,,,0,0,0,0,0,0,0,,0,0,0,0,,0,0,,0,0,0,0,0,0,0,0,0,0,0,0
00-0029630,M.Brockers,Michael Brockers,DT,DL,"https://static.www.nfl.com/image/private/f_auto,q_auto/league/qkh4jhodaog0uckpbzja",2017,REG,LA,15,0,0,0,0,0,0,0,0,0,0,0,0,,,0,,0,0,0,0,0,0,0,0,0,0,,0,0,0,0,0,0,0,0,0,0,0,0,0,0,,0,0,0,0,0,,0,0,0,0,29,10,16,7,16,0,4.5,18,8,0,0,4,0,0,0,0,0,0,0,0,0,1,15,0,0,0,0,0,0,0,0,0,0,0,0,0,,,0,0,0,0,0,0,0,0,0,0,0,0,,,,0,0,0,0,0,0,0,,0,0,0,0,,0,0,,0,0,0,0,0,0,0,0,0,0,0,0
00-0029632,M.Sanu,Mohamed Sanu,WR,WR,"https://static.www.nfl.com/image/private/f_auto,q_auto/league/a6loroqhta6g65aqnsrk",2017,REG,ATL,15,1,1,51,1,0,0,0,0,0,51,0,1,4.45806786720641,75.7777184247971,0,1,1,1,1,1,4,10,0,0,0,3,0.671347006136784,0,0,0,0,0,67,96,703,5,0,0,746,245,41,17.7692793069216,0,31,15,10,0,0.942359249329759,0.18568665377176,0.156394129979036,0.388005871642965,0,1,0,0,0,0,0,0,0,0,0,0,0,0,0,0,0,0,0,0,0,0,2,20,0,0,0,0,0,0,0,0,0,0,0,0,0,,,0,0,0,0,0,0,0,0,0,0,0,0,,,,0,0,0,0,0,0,0,,0,0,0,0,,0,0,,0,0,0,0,0,0,0,0,0,0,107.34,174.34
00-0029634,J.Hanna,James Hanna,TE,TE,"https://static.www.nfl.com/image/private/f_auto,q_auto/league/rtnxe02klclu847zqbdq",2017,REG,DAL,10,0,0,0,0,0,0,0,0,0,0,0,0,,,0,,0,0,0,0,0,0,0,0,0,0,,0,0,0,0,0,4,9,88,1,0,0,88,29,4,4.89566110807937,0,4,3,2,0,1,0.0185567010309278,0.0223180319553639,0.0434576739151465,0,3,0,0,0,0,0,0,0,0,0,0,0,0,0,0,0,0,0,0,0,0,2,15,0,0,0,0,0,0,0,0,0,0,0,0,0,,,0,0,0,0,0,0,0,0,0,0,0,0,,,,0,0,0,0,0,0,0,,0,0,0,0,,0,0,,0,0,0,0,0,0,0,0,0,0,14.8,18.8
00-0029638,M.Floyd,Michael Floyd,WR,WR,"https://static.www.nfl.com/image/private/f_auto,q_auto/league/lisxjuyoo7hiux1ac4jb",2017,REG,MIN,10,0,0,0,0,0,0,0,0,0,0,0,0,,,0,,0,0,0,0,0,0,0,0,0,0,,0,0,0,0,0,10,17,78,0,0,0,125,34,3,-7.56104504928226,0,2,1,0,0,0.624,0.0326295585412668,0.0312031952071892,0.0707865744569327,0,0,0,0,0,0,0,0,0,0,0,0,0,0,0,0,0,0,0,0,0,0,1,10,0,0,0,0,0,0,0,0,0,0,0,0,0,,,0,0,0,0,0,0,0,0,0,0,0,0,,,,0,0,0,0,0,0,0,,0,0,0,0,,0,0,,0,0,0,0,0,0,0,0,0,0,7.8,17.8
00-0029640,B.Quick,Brian Quick,WR,WR,"https://static.www.nfl.com/image/private/f_auto,q_auto/league/tayczwuhluj2hyrva3cp",2017,REG,WAS,6,0,0,0,0,0,0,0,0,0,0,0,0,,,0,,0,0,0,0,0,0,0,0,0,0,,0,0,0,0,0,6,8,76,0,0,0,55,27,5,4.95370181812905,0,3,1,1,0,1.38181818181818,0.0149812734082397,0.0132434384782085,0.0317423170471055,0,1,0,2,0,0,0,0,0,0,0,0,0,0,0,0,0,0,0,0,0,0,0,0,0,0,0,0,0,0,0,0,0,0,0,0,0,,,0,0,0,0,0,0,0,0,0,0,0,0,,,,0,0,0,0,0,0,0,,0,0,0,0,,0,0,,0,0,0,0,0,0,0,0,0,0,7.6,13.6
00-0029641,T.Crawford,Tyrone Crawford,DT,DL,"https://static.www.nfl.com/image/private/f_auto,q_auto/league/j5iskgdhhvnubj3ah2me",2017,REG,DAL,15,0,0,0,0,0,0,0,0,0,0,0,0,,,0,,0,0,0,0,0,0,0,0,0,0,,0,0,0,0,0,0,0,0,0,0,0,0,0,0,,0,0,0,0,0,,0,0,0,0,16,2,9,4,23,1,4,27,12,0,0,2,0,0,0,0,0,0,1,0,0,1,6,0,0,0,0,0,0,0,0,0,0,0,0,0,,,0,0,0,0,0,0,0,0,0,0,0,0,,,,0,0,0,0,0,0,0,,0,0,0,0,,0,0,,0,0,0,0,0,0,0,0,0,0,0,0
00-0029643,W.Mercilus,Whitney Mercilus,DE,DL,"https://static.www.nfl.com/image/private/f_auto,q_auto/league/ppap8wfihhya2o1ekket",2017,REG,HOU,3,0,0,0,0,0,0,0,0,0,0,0,0,,,0,,0,0,0,0,0,0,0,0,0,0,,0,0,0,0,0,0,0,0,0,0,0,0,0,0,,0,0,0,0,0,,0,0,0,0,6,3,1,1,1,1,1,6,1,0,0,0,0,0,0,0,0,0,0,0,0,0,0,0,0,0,0,0,0,0,0,0,0,0,0,0,,,0,0,0,0,0,0,0,0,0,0,0,0,,,,0,0,0,0,0,0,0,,0,0,0,0,,0,0,,0,0,0,0,0,0,0,0,0,0,0,0
00-0029647,K.Wilber,Kyle Wilber,LB,LB,"https://static.www.nfl.com/image/private/f_auto,q_auto/league/jihvpjzchro8ggkx2gus",2017,REG,DAL,9,0,0,0,0,0,0,0,0,0,0,0,0,,,0,,0,0,0,0,0,0,0,0,0,0,,0,0,0,0,0,0,0,0,0,0,0,0,0,0,,0,0,0,0,0,,0,0,0,0,8,0,2,0,0,1,0,0,0,0,0,0,0,0,0,0,0,0,0,0,0,3,25,0,0,0,0,0,0,0,0,0,0,0,0,0,,,0,0,0,0,0,0,0,0,0,0,0,0,,,,0,0,0,0,0,0,0,,0,0,0,0,,0,0,,0,0,0,0,0,0,0,0,0,0,0,0
00-0029653,F.Cox,Fletcher Cox,DT,DL,"https://static.www.nfl.com/image/private/f_auto,q_auto/league/guiegvu50wdv6lzspebo",2017,REG,PHI,13,0,0,0,0,0,0,0,0,0,0,0,0,,,0,,0,0,0,0,0,0,0,0,0,0,,0,0,0,0,0,0,0,0,0,0,0,0,0,0,,0,0,0,0,0,,0,0,0,0,13,2,11,5,23,1,5.5,40.5,17,0,0,2,0,0,0,0,0,0,2,20,1,5,30,0,0,0,0,0,0,0,0,0,0,0,0,0,,,0,0,0,0,0,0,0,0,0,0,0,0,,,,0,0,0,0,0,0,0,,0,0,0,0,,0,0,,0,0,0,0,0,0,0,0,0,0,0,0
00-0029657,A.Hicks,Akiem Hicks,DE,DL,"https://static.www.nfl.com/image/private/f_auto,q_auto/league/u6vzbrj6xejni2lks17m",2017,REG,CHI,16,0,0,0,0,0,0,0,0,0,0,0,0,,,0,,0,0,0,0,0,0,0,0,0,0,,0,0,0,0,0,0,0,0,0,0,0,0,0,0,,0,0,0,0,0,,0,0,0,0,39,0,15,15,67,0,8.5,57,20,0,0,0,0,0,0,0,0,0,2,0,0,4,45,0,0,0,0,0,0,0,0,0,0,0,0,0,,,0,0,0,0,0,0,0,0,0,0,0,0,,,,0,0,0,0,0,0,0,,0,0,0,0,,0,0,,0,0,0,0,0,0,0,0,0,0,0,0
00-0029664,J.Gordon,Josh Gordon,WR,WR,"https://static.www.nfl.com/image/private/f_auto,q_auto/league/wwqz2ujrj7wp86tyaxof",2017,REG,CLE,5,0,0,0,0,0,0,0,0,0,0,0,0,,,0,,0,0,0,0,0,0,0,0,0,0,,0,0,0,0,0,18,42,335,1,0,0,699,123,12,3.63184870761708,0,13,8,5,1,0.479256080114449,0.0742049469964664,0.13473400154202,0.205621221574114,0,0,0,0,0,0,0,0,0,0,0,0,0,0,0,0,0,0,0,0,0,0,1,5,0,0,0,0,0,0,0,0,0,0,0,0,0,,,0,0,0,0,0,0,0,0,0,0,0,0,,,,0,0,0,0,0,0,0,,0,0,0,0,,0,0,,0,0,0,0,0,0,0,0,0,0,39.5,57.5
00-0029666,J.LeRibeus,Josh LeRibeus,G,OL,"https://static.www.nfl.com/image/private/f_auto,q_auto/league/idrqqkgc8rsu9shrgyss",2017,REG,NO,1,0,0,0,0,0,0,0,0,0,0,0,0,,,0,,0,0,0,0,0,0,0,0,0,0,,0,0,0,0,0,0,0,0,0,0,0,0,0,0,,0,0,0,0,0,,0,0,0,0,0,0,0,0,0,0,0,0,0,0,0,0,0,0,0,0,0,0,0,0,0,1,0,0,0,0,0,0,0,0,0,0,0,0,0,0,,,0,0,0,0,0,0,0,0,0,0,0,0,,,,0,0,0,0,0,0,0,,0,0,0,0,,0,0,,0,0,0,0,0,0,0,0,0,0,0,0
00-0029669,D.Hightower,Dont'a Hightower,OLB,LB,"https://static.www.nfl.com/image/private/f_auto,q_auto/league/ye8raazdvcmtv19wpmvo",2017,REG,NE,5,0,0,0,0,0,0,0,0,0,0,0,0,,,0,,0,0,0,0,0,0,0,0,0,0,,0,0,0,0,0,0,0,0,0,0,0,0,0,0,,0,0,0,0,0,,0,0,0,0,12,0,2,2,19,0,2,19,3,0,0,0,0,0,0,0,0,0,0,0,0,0,0,0,0,0,0,0,0,0,0,0,0,0,0,0,,,0,0,0,0,0,0,0,0,0,0,0,0,,,,0,0,0,0,0,0,0,,0,0,0,0,,0,0,,0,0,0,0,0,0,0,0,0,0,0,0
00-0029670,M.Barron,Mark Barron,ILB,LB,"https://static.www.nfl.com/image/private/f_auto,q_auto/league/k2cyah7375qcgf3djal2",2017,REG,LA,13,0,0,0,0,0,0,0,0,0,0,0,0,,,0,,0,0,0,0,0,0,0,0,0,0,,0,0,0,0,0,0,0,0,0,0,0,0,0,0,,0,0,0,0,0,,0,0,0,0,64,9,13,6,9,0,1,2,2,3,29,4,0,0,0,0,0,0,0,0,0,2,10,0,0,0,0,0,0,0,0,0,0,0,0,0,,,0,0,0,0,0,0,0,0,0,0,0,0,,,,0,0,0,0,0,0,0,,0,0,0,0,,0,0,,0,0,0,0,0,0,0,0,0,0,0,0
00-0029672,R.Reiff,Riley Reiff,OT,OL,"https://static.www.nfl.com/image/private/f_auto,q_auto/league/o7mwtkt8hoi05yvuijzc",2017,REG,MIN,4,0,0,0,0,0,0,0,0,0,0,0,0,,,0,,0,0,0,0,0,0,0,0,0,0,,0,0,0,0,0,0,0,0,0,0,0,0,0,0,,0,0,0,0,0,,0,0,0,0,0,0,0,0,0,0,0,0,0,0,0,0,0,0,0,0,0,0,0,0,0,4,35,0,0,0,0,0,0,0,0,0,0,0,0,0,,,0,0,0,0,0,0,0,0,0,0,0,0,,,,0,0,0,0,0,0,0,,0,0,0,0,,0,0,,0,0,0,0,0,0,0,0,0,0,0,0
00-0029676,M.Claiborne,Morris Claiborne,CB,DB,"https://static.www.nfl.com/image/private/f_auto,q_auto/league/pu8wjusv3snwgouolnn7",2017,REG,NYJ,15,0,0,0,0,0,0,0,0,0,0,0,0,,,0,,0,0,0,0,0,0,0,0,0,0,,0,0,0,0,0,0,0,0,0,0,0,0,0,0,,0,0,0,0,0,,0,0,0,0,33,1,9,1,1,0,0,0,0,1,28,8,0,0,0,0,0,0,0,0,0,7,66,0,0,0,0,0,0,0,0,0,0,0,0,0,,,0,0,0,0,0,0,0,0,0,0,0,0,,,,0,0,0,0,0,0,0,,0,0,0,0,,0,0,,0,0,0,0,0,0,0,0,0,0,0,0
00-0029678,D.DeCastro,David DeCastro,G,OL,"https://static.www.nfl.com/image/private/f_auto,q_auto/league/dgh6opx3fqczs5rry2ng",2017,REG,PIT,7,0,0,0,0,0,0,0,0,0,0,0,0,,,0,,0,0,0,0,0,0,0,0,0,0,,0,0,0,0,0,0,0,0,0,0,0,0,0,0,,0,0,0,0,0,,0,0,0,0,2,0,0,0,0,0,0,0,0,0,0,0,0,0,0,0,0,0,0,0,0,6,45,0,0,0,0,0,0,0,0,0,0,0,0,0,,,0,0,0,0,0,0,0,0,0,0,0,0,,,,0,0,0,0,0,0,0,,0,0,0,0,,0,0,,0,0,0,0,0,0,0,0,0,0,0,0
00-0029679,B.Brooks,Brandon Brooks,G,OL,"https://static.www.nfl.com/image/private/f_auto,q_auto/league/wlko6hftwezwwfscjj8c",2017,REG,PHI,3,0,0,0,0,0,0,0,0,0,0,0,0,,,0,,0,0,0,0,0,0,0,0,0,0,,0,0,0,0,0,0,0,0,0,0,0,0,0,0,,0,0,0,0,0,,0,0,0,0,0,0,1,0,0,0,0,0,0,0,0,0,0,0,0,0,0,0,0,0,0,2,20,0,0,0,0,0,0,0,0,0,0,0,0,0,,,0,0,0,0,0,0,0,0,0,0,0,0,,,,0,0,0,0,0,0,0,,0,0,0,0,,0,0,,0,0,0,0,0,0,0,0,0,0,0,0
00-0029681,J.Jenkins,Janoris Jenkins,CB,DB,"https://static.www.nfl.com/image/private/f_auto,q_auto/league/qfjugbhul7ergngoqlyg",2017,REG,NYG,9,0,0,0,0,0,0,0,0,0,0,0,0,,,0,,0,0,0,0,0,0,0,0,0,0,,0,0,0,0,0,0,0,0,0,0,0,0,0,0,,0,0,0,0,0,,0,0,0,0,24,3,4,0,0,1,0,0,0,3,113,9,2,0,0,0,0,0,0,0,0,4,81,0,0,0,0,0,0,0,0,0,0,0,0,0,,,0,0,0,0,0,0,0,0,0,0,0,0,,,,0,0,0,0,0,0,0,,0,0,0,0,,0,0,,0,0,0,0,0,0,0,0,0,0,0,0
00-0029682,B.Osweiler,Brock Osweiler,QB,QB,"https://static.www.nfl.com/image/private/f_auto,q_auto/league/pwkmtgeitdi79qtumb2x",2017,REG,DEN,6,96,172,1088,5,5,10,-64,2,1,1326,507,53,-20.5429439581501,-6.19228064834354,2,0.82051282051282,47,23,14,1,14,64,1,0,0,3,4.59125457546907,0,3,3,0,0,0,0,0,0,0,0,0,0,0,,0,0,0,0,0,,0,0,0,0,0,0,0,0,0,0,0,0,0,0,0,0,0,0,0,0,0,0,0,0,0,1,5,2,0,0,2,1,0,0,0,0,0,0,0,0,,,0,0,0,0,0,0,0,0,0,0,0,0,,,,0,0,0,0,0,0,0,,0,0,0,0,,0,0,,0,0,0,0,0,0,0,0,0,0,67.92,67.92
00-0029685,G.Van Roten,Greg Van Roten,G,OL,"https://static.www.nfl.com/image/upload/f_auto,q_auto/league/iey1sirxc8ggdt5yeunm",2017,REG,CAR,1,0,0,0,0,0,0,0,0,0,0,0,0,,,0,,0,0,0,0,0,0,0,0,0,0,,0,0,0,0,0,0,0,0,0,0,0,0,0,0,,0,0,0,0,0,,0,0,0,0,0,0,0,0,0,0,0,0,0,0,0,0,0,0,0,0,0,0,0,0,0,1,5,0,0,0,0,0,0,0,0,0,0,0,0,0,,,0,0,0,0,0,0,0,0,0,0,0,0,,,,0,0,0,0,0,0,0,,0,0,0,0,,0,0,,0,0,0,0,0,0,0,0,0,0,0,0
00-0029687,M.Kalil,Matt Kalil,OT,OL,"https://static.www.nfl.com/image/private/f_auto,q_auto/league/bwzvjccohuf6reov6ynb",2017,REG,CAR,7,0,0,0,0,0,0,0,0,0,0,0,0,,,0,,0,0,0,0,0,0,0,0,0,0,,0,0,0,0,0,0,0,0,0,0,0,0,0,0,,0,0,0,0,0,,0,0,0,0,0,0,1,0,0,0,0,0,0,0,0,0,0,0,0,0,1,0,0,0,0,7,75,0,0,0,0,0,0,0,0,0,0,0,0,0,,,0,0,0,0,0,0,0,0,0,0,0,0,,,,0,0,0,0,0,0,0,,0,0,0,0,,0,0,,0,0,0,0,0,0,0,0,0,0,0,0
00-0029688,D.Poe,Dontari Poe,DT,DL,"https://static.www.nfl.com/image/private/f_auto,q_auto/league/gjbkt6fwdu9qhurrekkx",2017,REG,ATL,15,0,0,0,0,0,0,0,0,0,0,0,0,,,0,,0,0,0,0,0,0,0,0,0,0,,0,0,0,0,0,0,0,0,0,0,0,0,0,0,,0,0,0,0,0,,0,0,0,0,20,3,16,4,18,0,2.5,17.5,10,0,0,2,0,0,0,0,0,0,0,0,0,2,10,0,0,0,0,0,0,0,0,0,0,0,0,0,,,0,0,0,0,0,0,0,0,0,0,0,0,,,,0,0,0,0,0,0,0,,0,0,0,0,,0,0,,0,0,0,0,0,0,0,0,0,0,0,0
00-0029689,D.Allen,Dwayne Allen,TE,TE,"https://static.www.nfl.com/image/private/f_auto,q_auto/league/wduwt0ibzoutozuywe4b",2017,REG,NE,12,0,0,0,0,0,0,0,0,0,0,0,0,,,0,,0,0,0,0,0,0,0,0,0,0,,0,0,0,0,0,10,22,86,1,0,0,157,64,5,-1.0693524251692,0,4,2,1,0,0.547770700636943,0.0376712328767123,0.0293129200896191,0.0770258933778019,0,0,0,0,0,0,0,0,0,0,0,0,0,0,0,0,0,1,0,0,0,0,3,15,0,0,0,0,0,0,0,0,0,0,0,0,0,,,0,0,0,0,0,0,0,0,0,0,0,0,,,,0,0,0,0,0,0,0,,0,0,0,0,,0,0,,0,0,0,0,0,0,0,0,0,0,14.6,24.6
00-0029690,T.Johnson,Trumaine Johnson,CB,DB,"https://static.www.nfl.com/image/private/f_auto,q_auto/league/bmiv0rw74m5vsmbeqh4h",2017,REG,LA,15,0,0,0,0,0,0,0,0,0,0,0,0,,,0,,0,0,0,0,0,0,0,0,0,0,,0,0,0,0,0,0,0,0,0,0,0,0,0,0,,0,0,0,0,0,,0,0,0,0,54,3,8,0,0,1,0,0,0,2,39,14,1,0,0,0,0,0,1,0,0,4,83,0,0,0,0,0,1,6,0,0,0,0,0,0,,,0,0,0,0,0,0,0,0,0,0,0,0,,,,0,0,0,0,0,0,0,,0,0,0,0,,0,0,,0,0,0,0,0,0,0,0,0,0,0,0
00-0029691,J.Robinson,Josh Robinson,DB,DB,"https://static.www.nfl.com/image/private/f_auto,q_auto/league/jdzlrmsowu9pizucn7tb",2017,REG,TB,4,0,0,0,0,0,0,0,0,0,0,0,0,,,0,,0,0,0,0,0,0,0,0,0,0,,0,0,0,0,0,0,0,0,0,0,0,0,0,0,,0,0,0,0,0,,0,0,0,0,3,1,1,0,0,1,0,0,0,0,0,0,0,0,0,0,0,0,0,0,0,1,10,0,0,0,0,0,0,0,0,0,0,0,0,0,,,0,0,0,0,0,0,0,0,0,0,0,0,,,,0,0,0,0,0,0,0,,0,0,0,0,,0,0,,0,0,0,0,0,0,0,0,0,0,0,0
00-0029692,B.Anger,Bryan Anger,P,SPEC,"https://static.www.nfl.com/image/upload/f_auto,q_auto/league/e1fozrp2fhprrkheqt0x",2017,REG,TB,16,0,0,0,0,0,0,0,0,0,0,0,0,,,0,,0,0,0,0,0,0,0,0,0,0,,0,0,0,0,0,0,0,0,0,0,0,0,0,0,,0,0,0,0,0,,0,0,0,0,1,0,0,0,0,0,0,0,0,0,0,0,0,0,0,0,0,0,0,0,0,0,0,0,0,0,0,0,0,0,0,0,0,0,0,0,,,0,0,0,0,0,0,0,0,0,0,0,0,,,,0,0,0,0,0,0,0,,0,0,0,0,,65,1,62,2857,24,5,7,5,21,27,153,0,2604,0,0
00-0029693,O.Vernon,Olivier Vernon,DE,DL,"https://static.www.nfl.com/image/private/f_auto,q_auto/league/duns00snyaxpnzssaciy",2017,REG,NYG,12,0,0,0,0,0,0,0,0,0,0,0,0,,,0,,0,0,0,0,0,0,0,0,0,0,,0,0,0,0,0,0,0,0,0,0,0,0,0,0,,0,0,0,0,0,,0,0,0,0,15,8,14,5,19,2,6.5,35.5,12,1,0,1,0,0,0,0,0,0,0,0,0,3,35,0,0,0,0,0,0,0,0,0,0,0,0,0,,,0,0,0,0,0,0,0,0,0,0,0,0,,,,0,0,0,0,0,0,0,,0,0,0,0,,0,0,,0,0,0,0,0,0,0,0,0,0,0,0
00-0029697,C.Fleener,Coby Fleener,TE,TE,"https://static.www.nfl.com/image/private/f_auto,q_auto/league/csj8khi0e2rpkvqqjmc1",2017,REG,NO,11,0,0,0,0,0,0,0,0,0,0,0,0,,,0,,0,0,0,0,0,0,0,0,0,0,,0,0,0,0,0,22,30,295,2,0,0,229,111,13,18.2360675357922,0,11,8,7,0,1.2882096069869,0.056710775047259,0.0670178519168862,0.131978658912709,0,0,0,0,0,0,0,0,0,0,0,0,0,0,0,0,0,0,0,0,0,0,1,10,0,0,0,0,0,0,0,0,0,0,0,0,0,,,0,0,0,0,0,0,0,0,0,0,0,0,,,,0,0,0,0,0,0,0,,0,0,0,0,,0,0,,0,0,0,0,0,0,0,0,0,0,41.5,63.5
00-0029699,T.Bergstrom,Tony Bergstrom,G,OL,"https://static.www.nfl.com/image/private/f_auto,q_auto/league/bn4p0jfggxtcblfua8t2",2017,REG,WAS,2,0,0,0,0,0,0,0,0,0,0,0,0,,,0,,0,0,0,0,0,0,0,0,0,0,,0,0,0,0,0,0,0,0,0,0,0,0,0,0,,0,0,0,0,0,,0,0,0,0,0,0,0,0,0,0,0,0,0,0,0,0,0,0,0,0,0,0,0,0,0,2,10,0,0,0,0,0,0,0,0,0,0,0,0,0,,,0,0,0,0,0,0,0,0,0,0,0,0,,,,0,0,0,0,0,0,0,,0,0,0,0,,0,0,,0,0,0,0,0,0,0,0,0,0,0,0
00-0029708,K.Wright,Kendall Wright,WR,WR,"https://static.www.nfl.com/image/private/f_auto,q_auto/league/edsrjypqphqpfqezc5k9",2017,REG,CHI,15,0,0,0,0,0,0,0,0,0,0,0,0,,,0,,0,0,0,0,0,0,0,0,0,0,,0,0,0,0,0,59,91,614,1,0,0,707,182,33,15.9830144297446,0,33,10,1,0,0.868458274398869,0.194444444444444,0.202753082879266,0.433593824682153,0,1,0,0,0,0,0,0,0,0,0,0,0,0,0,0,0,0,0,0,0,0,1,5,0,0,0,0,0,0,0,0,0,0,0,0,0,,,0,0,0,0,0,0,0,0,0,0,0,0,,,,0,0,0,0,0,0,0,,0,0,0,0,,0,0,,0,0,0,0,0,0,0,0,0,0,67.4,126.4
00-0029709,T.Nsekhe,Ty Nsekhe,OT,OL,"https://static.www.nfl.com/image/upload/f_auto,q_auto/league/n2fv9z9aobdi4rfqqmrz",2017,REG,WAS,2,0,0,0,0,0,0,0,0,0,0,0,0,,,0,,0,0,0,0,0,0,0,0,0,0,,0,0,0,0,0,0,0,0,0,0,0,0,0,0,,0,0,0,0,0,,0,0,0,0,1,0,0,0,0,0,0,0,0,0,0,0,0,0,0,0,0,0,0,0,0,2,10,0,0,0,0,0,0,0,0,0,0,0,0,0,,,0,0,0,0,0,0,0,0,0,0,0,0,,,,0,0,0,0,0,0,0,,0,0,0,0,,0,0,,0,0,0,0,0,0,0,0,0,0,0,0
00-0029714,A.DePaola,Andrew DePaola,LS,SPEC,"https://static.www.nfl.com/image/upload/f_auto,q_auto/league/jcrvuhkivwjhbqmzp5tm",2017,REG,CHI,2,0,0,0,0,0,0,0,0,0,0,0,0,,,0,,0,0,0,0,0,0,0,0,0,0,,0,0,0,0,0,0,0,0,0,0,0,0,0,0,,0,0,0,0,0,,0,0,0,0,1,0,0,0,0,0,0,0,0,0,0,0,0,0,0,0,0,0,0,0,0,1,5,0,0,0,0,0,0,0,0,0,0,0,0,0,,,0,0,0,0,0,0,0,0,0,0,0,0,,,,0,0,0,0,0,0,0,,0,0,0,0,,0,0,,0,0,0,0,0,0,0,0,0,0,0,0
00-0029731,F.Whittaker,Fozzy Whittaker,RB,RB,"https://static.www.nfl.com/image/private/f_auto,q_auto/league/lyk6elzqjynnxbxe6qlr",2017,REG,CAR,10,0,0,0,0,0,0,0,0,0,0,0,0,,,0,,0,0,0,0,7,18,0,0,0,2,-2.03767826815601,0,0,0,0,0,5,6,47,1,0,0,-5,59,1,1.52054414426675,0,1,1,1,0,-9.4,0.0121951219512195,-0.00117702448210923,0.0174687657893528,0,2,0,0,0,0,0,0,0,0,0,0,0,0,0,0,0,0,0,0,0,0,0,0,0,0,0,0,0,0,0,6,110,0,0,0,0,,,0,0,0,0,0,0,0,0,0,0,0,0,,,,0,0,0,0,0,0,0,,0,0,0,0,,0,0,,0,0,0,0,0,0,0,0,0,0,12.5,17.5
00-0029738,D.Fells,Darren Fells,TE,TE,"https://static.www.nfl.com/image/private/f_auto,q_auto/league/eh0rbweg4wbzgzpvprnv",2017,REG,DET,14,0,0,0,0,0,0,0,0,0,0,0,0,,,0,,0,0,0,0,0,0,0,0,0,0,,0,0,0,0,0,17,26,177,3,0,0,116,122,12,10.0634411298793,0,10,3,3,0,1.52586206896552,0.0460176991150443,0.0254330190747643,0.0868296620249014,0,1,0,0,0,0,0,0,0,0,0,0,0,0,0,0,0,0,0,0,0,0,2,15,0,0,0,0,0,0,0,1,10,0,0,0,0,,,0,0,0,0,0,0,0,0,0,0,0,0,,,,0,0,0,0,0,0,0,,0,0,0,0,,0,0,,0,0,0,0,0,0,0,0,0,0,35.7,52.7
00-0029740,I.Momah,Ifeanyi Momah,TE,TE,"https://static.www.nfl.com/image/private/f_auto,q_auto/league/fy1rhydnhklwwof45gm9",2017,REG,ARI,6,0,0,0,0,0,0,0,0,0,0,0,0,,,0,,0,0,0,0,0,0,0,0,0,0,,0,0,0,0,0,1,2,46,0,0,0,32,23,1,2.45723528135568,0,1,1,1,1,1.4375,0.00337837837837838,0.00551059066643706,0.00892498103407351,0,3,0,0,0,0,0,0,0,0,0,0,0,0,0,0,0,0,0,0,0,0,3,29,0,0,0,0,0,0,0,0,0,0,0,0,0,,,0,0,0,0,0,0,0,0,0,0,0,0,,,,0,0,0,0,0,0,0,,0,0,0,0,,0,0,,0,0,0,0,0,0,0,0,0,0,4.6,5.6
00-0029747,C.Banjo,Chris Banjo,DB,DB,"https://static.www.nfl.com/image/private/f_auto,q_auto/league/ibqowvcvkzurwo95ukg9",2017,REG,NO,9,0,0,0,0,0,0,0,0,0,0,0,0,,,0,,0,0,0,0,0,0,0,0,0,0,,0,0,0,0,0,0,0,0,0,0,0,0,0,0,,0,0,0,0,0,,0,0,0,0,10,0,2,0,0,1,0,0,0,1,0,1,0,0,0,0,0,0,1,0,0,0,0,0,0,0,0,0,0,0,0,0,0,0,0,0,,,0,0,0,0,0,0,0,0,0,0,0,0,,,,0,0,0,0,0,0,0,,0,0,0,0,,0,0,,0,0,0,0,0,0,0,0,0,0,0,0
00-0029762,J.Wetzel,John Wetzel,G,OL,"https://static.www.nfl.com/image/private/f_auto,q_auto/league/iroenzqrxpeo99le0gxn",2017,REG,ARI,1,0,0,0,0,0,0,0,0,0,0,0,0,,,0,,0,0,0,0,0,0,0,0,0,0,,0,0,0,0,0,0,0,0,0,0,0,0,0,0,,0,0,0,0,0,,0,0,0,0,0,0,0,0,0,0,0,0,0,0,0,0,0,0,0,0,0,0,0,0,0,1,5,0,0,0,0,0,0,0,0,0,0,0,0,0,,,0,0,0,0,0,0,0,0,0,0,0,0,,,,0,0,0,0,0,0,0,,0,0,0,0,,0,0,,0,0,0,0,0,0,0,0,0,0,0,0
00-0029764,Co.Davis,Cody Davis,DB,DB,"https://static.www.nfl.com/image/private/f_auto,q_auto/league/pdijtrs1tnltal8g6cmx",2017,REG,LA,6,0,0,0,0,0,0,0,0,0,0,0,0,,,0,,0,0,0,0,0,0,0,0,0,0,,0,0,0,0,0,0,0,0,0,0,0,0,0,0,,0,0,0,0,0,,0,0,0,0,12,3,7,0,0,0,0,0,1,1,0,4,0,0,0,0,0,0,0,0,0,1,5,0,0,0,0,0,0,0,0,0,0,0,0,0,,,0,0,0,0,0,0,0,0,0,0,0,0,,,,0,0,0,0,0,0,0,,0,0,0,0,,0,0,,0,0,0,0,0,0,0,0,0,0,0,0
00-0029786,R.Schraeder,Ryan Schraeder,OT,OL,"https://static.www.nfl.com/image/private/f_auto,q_auto/league/sul00ktsefdvjiwaxqel",2017,REG,ATL,4,0,0,0,0,0,0,0,0,0,0,0,0,,,0,,0,0,0,0,0,0,0,0,0,0,,0,0,0,0,0,0,0,0,0,0,0,0,0,0,,0,0,0,0,0,,0,0,0,0,1,0,0,0,0,0,0,0,0,0,0,0,0,0,0,0,1,0,0,0,0,3,20,0,0,0,0,0,0,0,0,0,0,0,0,0,,,0,0,0,0,0,0,0,0,0,0,0,0,,,,0,0,0,0,0,0,0,,0,0,0,0,,0,0,,0,0,0,0,0,0,0,0,0,0,0,0
00-0029792,P.Worrilow,Paul Worrilow,LB,LB,"https://static.www.nfl.com/image/private/f_auto,q_auto/league/ifobdyeywpxyp7ydr52y",2017,REG,DET,11,0,0,0,0,0,0,0,0,0,0,0,0,,,0,,0,0,0,0,0,0,0,0,0,0,,0,0,0,0,0,0,0,0,0,0,0,0,0,0,,0,0,0,0,0,,0,0,0,0,18,2,10,1,1,0,0,0,1,0,0,1,0,0,0,0,0,0,1,0,0,1,15,0,0,0,0,0,0,0,0,0,0,0,0,0,,,0,0,0,0,0,0,0,0,0,0,0,0,,,,0,0,0,0,0,0,0,,0,0,0,0,,0,0,,0,0,0,0,0,0,0,0,0,0,0,0
00-0029793,B.Williams,Brandon Williams,TE,TE,"https://static.www.nfl.com/image/private/f_auto,q_auto/league/ozqjjoxr1sukcx2207hd",2017,REG,IND,10,0,0,0,0,0,0,0,0,0,0,0,0,,,0,,0,0,0,0,0,0,0,0,0,0,,0,0,0,0,0,13,17,121,0,0,0,87,78,4,3.38999549119035,0,3,2,2,0,1.39080459770115,0.0360169491525424,0.0236541598694943,0.0705833356374596,0,0,0,0,0,0,0,0,0,0,0,0,0,0,0,0,0,0,0,0,0,0,2,13,0,0,0,0,0,0,0,0,0,0,0,0,0,,,0,0,0,0,0,0,0,0,0,0,0,0,,,,0,0,0,0,0,0,0,,0,0,0,0,,0,0,,0,0,0,0,0,0,0,0,0,0,12.1,25.1
00-0029794,D.Bates,Daren Bates,LB,LB,"https://static.www.nfl.com/image/private/f_auto,q_auto/league/mj5z3knorwvmtfiyya1z",2017,REG,TEN,9,0,0,0,0,0,0,0,0,0,0,0,0,,,0,,0,0,0,0,0,0,0,0,0,0,,0,0,0,0,0,0,0,0,0,0,0,0,0,0,,0,0,0,0,0,,0,0,0,0,5,2,1,0,0,0,0,0,0,0,0,0,0,0,0,0,0,0,0,0,0,3,22,0,0,0,0,0,0,0,0,0,0,0,0,0,,,0,0,0,0,0,0,0,0,0,0,0,0,,,,0,0,0,0,0,0,0,,0,0,0,0,,0,0,,0,0,0,0,0,0,0,0,0,0,0,0
00-0029795,B.Cunningham,Benny Cunningham,RB,RB,"https://static.www.nfl.com/image/private/f_auto,q_auto/league/yo9hvf3gnoxj7prmruo8",2017,REG,CHI,14,0,0,0,0,0,0,0,0,0,0,0,0,,,0,,0,0,0,0,9,29,0,0,0,1,-1.80317514564376,0,1,1,0,0,20,26,240,2,1,1,-14,243,9,6.1313526801567,0,8,5,4,1,-17.1428571428571,0.0555555555555556,-0.00401491253226269,0.0805228945607495,0,10,0,3,0,0,0,0,0,0,0,0,0,0,0,0,0,0,0,0,0,0,1,5,1,0,1,1,1,0,0,7,147,0,0,0,0,,,0,0,0,0,0,0,0,0,0,0,0,0,,,,0,0,0,0,0,0,0,,0,0,0,0,,0,0,,0,0,0,0,0,0,0,0,0,0,36.9,56.9
00-0029799,L.McCray,Lerentee McCray,DE,DL,"https://static.www.nfl.com/image/private/f_auto,q_auto/league/xszgkajjvzqoczqlpkhb",2017,REG,JAX,10,0,0,0,0,0,0,0,0,0,0,0,0,,,0,,0,0,0,0,0,0,0,0,0,0,,0,0,0,0,0,0,0,0,0,0,0,0,0,0,,0,0,0,0,0,,0,0,0,0,7,0,5,1,6,0,1.5,7,3,0,0,1,0,0,0,0,0,0,0,0,0,2,17,0,0,0,0,0,0,0,0,0,0,0,0,0,,,0,0,0,0,0,0,0,0,0,0,0,0,,,,0,0,0,0,0,0,0,,0,0,0,0,,0,0,,0,0,0,0,0,0,0,0,0,0,0,0
00-0029821,E.Cleary,Emmett Cleary,G,OL,"https://static.www.nfl.com/image/private/f_auto,q_auto/league/c717x2hgy5mjfftbxbsd",2017,REG,DET,1,0,0,0,0,0,0,0,0,0,0,0,0,,,0,,0,0,0,0,0,0,0,0,0,0,,0,0,0,0,0,0,0,0,0,0,0,0,0,0,,0,0,0,0,0,,0,0,0,0,0,0,0,0,0,0,0,0,0,0,0,0,0,0,0,0,0,0,0,0,0,1,6,0,0,0,0,0,0,0,0,0,0,0,0,0,,,0,0,0,0,0,0,0,0,0,0,0,0,,,,0,0,0,0,0,0,0,,0,0,0,0,,0,0,,0,0,0,0,0,0,0,0,0,0,0,0
00-0029822,B.McManus,Brandon McManus,K,SPEC,"https://static.www.nfl.com/image/upload/f_auto,q_auto/league/qvwi9b1vfkn0wlmdl7ej",2017,REG,DEN,16,0,0,0,0,0,0,0,0,0,0,0,0,,,0,,0,0,0,0,0,0,0,0,0,0,,0,0,0,0,0,0,0,0,0,0,0,0,0,0,,0,0,0,0,0,,0,0,0,0,0,0,1,0,0,0,0,0,0,0,0,0,0,0,0,0,0,0,0,0,0,1,5,0,0,0,0,0,0,0,0,0,24,32,6,2,53,0.75,0,6,11,4,3,0,0,2,1,2,1,0,20;38;35;28;28;36;46;28;27;34;52;53;24;39;33;36;45;31;31;53;40;40;31;36,50;49;29;35;29;40,53;61,864,232,114,27,27,0,0,1,0,0,0,0,,1,0,26,26,1,0,1,0,0,0,0,0,26,0,0
00-0029848,N.Williams,Nick Williams,WR,WR,"https://static.www.nfl.com/image/private/f_auto,q_auto/league/xzbqirh5sxfjtmmnrupw",2017,REG,ATL,1,0,0,0,0,0,0,0,0,0,0,0,0,,,0,,0,0,0,0,0,0,0,0,0,0,,0,0,0,0,0,3,4,30,0,0,0,46,5,3,0.269651658600196,0,1,0,0,0,0.652173913043478,0.00773694390715667,0.00964360587002096,0.0183559399697497,0,0,0,0,0,0,0,0,0,0,0,0,0,0,0,0,0,0,0,0,0,0,0,0,0,0,0,0,0,0,0,0,0,0,0,0,0,,,0,0,0,0,0,0,0,0,0,0,0,0,,,,0,0,0,0,0,0,0,,0,0,0,0,,0,0,,0,0,0,0,0,0,0,0,0,0,3,6
00-0029854,C.Anderson,C.J. Anderson,RB,RB,"https://static.www.nfl.com/image/private/f_auto,q_auto/league/jqqdxuowpdgl06zy0g0a",2017,REG,DEN,16,0,0,0,0,0,0,0,0,0,0,0,0,,,0,,0,0,0,0,245,1007,3,1,1,47,-24.0179941053345,0,21,14,7,1,28,40,224,1,0,0,54,215,7,0.11225650021203,1,9,3,1,0,4.14814814814815,0.0725952813067151,0.0113708149084018,0.116852492395954,0,0,0,0,0,0,0,0,0,0,0,0,0,0,0,0,0,0,0,0,0,0,1,0,1,0,0,1,1,0,0,0,0,0,0,0,0,,,0,0,0,0,0,0,0,0,0,0,0,0,,,,0,0,0,0,0,0,0,,0,0,0,0,,0,0,,0,0,0,0,0,0,0,0,0,0,147.1,175.1
00-0029869,W.Compton,Will Compton,ILB,LB,"https://static.www.nfl.com/image/private/f_auto,q_auto/league/jpqbnihjvf84ah121njg",2017,REG,WAS,5,0,0,0,0,0,0,0,0,0,0,0,0,,,0,,0,0,0,0,0,0,0,0,0,0,,0,0,0,0,0,0,0,0,0,0,0,0,0,0,,0,0,0,0,0,,0,0,0,0,12,1,6,0,0,0,0,0,0,1,2,3,0,0,0,0,0,0,0,0,0,0,0,0,0,0,0,0,0,0,0,0,0,0,0,0,,,0,0,0,0,0,0,0,0,0,0,0,0,,,,0,0,0,0,0,0,0,,0,0,0,0,,0,0,,0,0,0,0,0,0,0,0,0,0,0,0
00-0029878,M.Gray,MarQueis Gray,TE,TE,"https://static.www.nfl.com/image/private/f_auto,q_auto/league/pbuxaz8hy9fxow3zq5sr",2017,REG,MIA,7,0,1,0,0,0,0,0,0,0,5,0,0,-0.369192156940699,-74.3032813072205,0,0,0,0,0,0,5,14,0,0,0,3,1.76415509791696,0,0,0,0,0,1,3,10,0,0,0,15,9,1,-0.399992514634505,0,1,0,0,0,0.666666666666667,0.00510204081632653,0.00307125307125307,0.00980293837436694,0,1,0,0,0,0,0,0,0,0,0,0,0,0,0,0,0,0,0,0,0,0,0,0,0,0,0,0,0,0,0,0,0,0,0,0,0,,,0,0,0,0,0,0,0,0,0,0,0,0,,,,0,0,0,0,0,0,0,,0,0,0,0,,0,0,,0,0,0,0,0,0,0,0,0,0,2.4,3.4
00-0029886,L.Waddle,LaAdrian Waddle,OT,OL,"https://static.www.nfl.com/image/private/f_auto,q_auto/league/o9zjbiwf6bnmiraoykpo",2017,REG,NE,1,0,0,0,0,0,0,0,0,0,0,0,0,,,0,,0,0,0,0,0,0,0,0,0,0,,0,0,0,0,0,0,0,0,0,0,0,0,0,0,,0,0,0,0,0,,0,0,0,0,0,0,0,0,0,0,0,0,0,0,0,0,0,0,0,0,0,0,0,0,0,1,5,0,0,0,0,0,0,0,0,0,0,0,0,0,,,0,0,0,0,0,0,0,0,0,0,0,0,,,,0,0,0,0,0,0,0,,0,0,0,0,,0,0,,0,0,0,0,0,0,0,0,0,0,0,0
00-0029888,D.Morris,Darryl Morris,DB,DB,"https://static.www.nfl.com/image/private/f_auto,q_auto/league/k9udcieqfklfad5qiao0",2017,REG,NYG,5,0,0,0,0,0,0,0,0,0,0,0,0,,,0,,0,0,0,0,0,0,0,0,0,0,,0,0,0,0,0,0,0,0,0,0,0,0,0,0,,0,0,0,0,0,,0,0,0,0,6,0,5,0,0,0,0,0,0,0,0,1,0,0,0,0,0,0,0,0,0,0,0,0,0,0,0,0,0,0,0,0,0,0,0,0,,,0,0,0,0,0,0,0,0,0,0,0,0,,,,0,0,0,0,0,0,0,,0,0,0,0,,0,0,,0,0,0,0,0,0,0,0,0,0,0,0
00-0029889,P.Omameh,Patrick Omameh,G,OL,"https://static.www.nfl.com/image/private/f_auto,q_auto/league/dssrqiumrhidhmr185hh",2017,REG,JAX,4,0,0,0,0,0,0,0,0,0,0,0,0,,,0,,0,0,0,0,0,0,0,0,0,0,,0,0,0,0,0,0,0,0,0,0,0,0,0,0,,0,0,0,0,0,,0,0,0,0,1,0,0,0,0,0,0,0,0,0,0,0,0,0,0,0,1,0,0,0,0,2,15,0,0,0,0,0,0,0,0,0,0,0,0,0,,,0,0,0,0,0,0,0,0,0,0,0,0,,,,0,0,0,0,0,0,0,,0,0,0,0,,0,0,,0,0,0,0,0,0,0,0,0,0,0,0
00-0029892,K.Juszczyk,Kyle Juszczyk,FB,RB,"https://static.www.nfl.com/image/upload/f_auto,q_auto/league/qflumv1aag7yw9mgwpga",2017,REG,SF,14,0,0,0,0,0,0,0,0,0,0,0,0,,,0,,0,0,0,0,7,31,0,0,0,4,-1.92488244001288,0,1,1,0,0,33,42,315,1,2,2,158,207,13,1.08625012844264,0,9,6,4,1,1.99367088607595,0.0701168614357262,0.0328073089700997,0.128140408432659,0,2,0,0,0,0,0,0,0,0,0,0,0,0,0,0,0,0,0,0,0,0,3,25,2,0,0,2,2,0,0,0,0,0,0,0,0,,,0,0,0,0,0,0,0,0,0,0,0,0,,,,0,0,0,0,0,0,0,,0,0,0,0,,0,0,,0,0,0,0,0,0,0,0,0,0,36.6,69.6
00-0029893,R.Wagner,Rick Wagner,OT,OL,"https://static.www.nfl.com/image/private/f_auto,q_auto/league/mhjnvyu2nutm7nblawj6",2017,REG,DET,4,0,0,0,0,0,0,0,0,0,0,0,0,,,0,,0,0,0,0,0,0,0,0,0,0,,0,0,0,0,0,0,0,0,0,0,0,0,0,0,,0,0,0,0,0,,0,0,0,0,0,0,0,0,0,0,0,0,0,0,0,0,0,0,0,0,1,0,0,0,0,3,25,0,0,0,0,0,0,0,0,0,0,0,0,0,,,0,0,0,0,0,0,0,0,0,0,0,0,,,,0,0,0,0,0,0,0,,0,0,0,0,,0,0,,0,0,0,0,0,0,0,0,0,0,0,0
00-0029895,R.Jensen,Ryan Jensen,C,OL,"https://static.www.nfl.com/image/private/f_auto,q_auto/league/iuidwiw5n0orpdcohl0t",2017,REG,BAL,2,0,0,0,0,0,0,0,0,0,0,0,0,,,0,,0,0,0,0,0,0,0,0,0,0,,0,0,0,0,0,0,0,0,0,0,0,0,0,0,,0,0,0,0,0,,0,0,0,0,0,0,0,0,0,0,0,0,0,0,0,0,0,0,0,0,0,-14,0,0,0,2,20,0,1,0,1,0,0,0,0,0,0,0,0,0,,,0,0,0,0,0,0,0,0,0,0,0,0,,,,0,0,0,0,0,0,0,,0,0,0,0,,0,0,,0,0,0,0,0,0,0,0,0,0,0,0
00-0029901,R.Melvin,Rashaan Melvin,CB,DB,"https://static.www.nfl.com/image/private/f_auto,q_auto/league/jvadvemv3tgx6drm3z47",2017,REG,IND,10,0,0,0,0,0,0,0,0,0,0,0,0,,,0,,0,0,0,0,0,0,0,0,0,0,,0,0,0,0,0,0,0,0,0,0,0,0,0,0,,0,0,0,0,0,,0,0,0,0,30,0,6,1,2,0,0,0,0,3,28,13,0,0,0,0,0,0,0,0,0,4,37,0,0,0,0,0,0,0,0,0,0,0,0,0,,,0,0,0,0,0,0,0,0,0,0,0,0,,,,0,0,0,0,0,0,0,,0,0,0,0,,0,0,,0,0,0,0,0,0,0,0,0,0,0,0
00-0029931,Z.Line,Zach Line,FB,RB,"https://static.www.nfl.com/image/private/f_auto,q_auto/league/dddfiilg9qy54xtorb6r",2017,REG,NO,10,0,0,0,0,0,0,0,0,0,0,0,0,,,0,,0,0,0,0,7,28,0,0,0,5,1.4399227797403,0,0,0,0,0,2,5,8,1,0,0,23,2,1,-0.704975099128205,0,0,0,0,0,0.347826086956522,0.00945179584120983,0.00673105062920691,0.0188894292022596,0,2,0,0,0,0,1,0,0,0,0,0,0,0,0,0,0,0,0,0,0,0,3,21,0,0,0,0,0,0,0,0,0,0,0,0,0,,,0,0,0,0,0,0,0,0,0,0,0,0,,,,0,0,0,0,0,0,0,,0,0,0,0,,0,0,,0,0,0,0,0,0,0,0,0,0,9.6,11.6
00-0029942,M.Burley,Marcus Burley,DB,DB,"https://static.www.nfl.com/image/private/f_auto,q_auto/league/tu68lsbpcyhdbysyzzdc",2017,REG,HOU,1,0,0,0,0,0,0,0,0,0,0,0,0,,,0,,0,0,0,0,0,0,0,0,0,0,,0,0,0,0,0,0,0,0,0,0,0,0,0,0,,0,0,0,0,0,,0,0,0,0,1,0,0,0,0,0,0,0,0,0,0,0,0,0,0,0,0,0,0,0,0,1,10,0,0,0,0,0,0,0,0,0,0,0,0,0,,,0,0,0,0,0,0,0,0,0,0,0,0,,,,0,0,0,0,0,0,0,,0,0,0,0,,0,0,,0,0,0,0,0,0,0,0,0,0,0,0
00-0029946,A.Jones,Abry Jones,DT,DL,"https://static.www.nfl.com/image/private/f_auto,q_auto/league/n8dmvm89khpespjflh7j",2017,REG,JAX,14,0,0,0,0,0,0,0,0,0,0,0,0,,,0,,0,0,0,0,0,0,0,0,0,0,,0,0,0,0,0,0,0,0,0,0,0,0,0,0,,0,0,0,0,0,,0,0,0,0,23,0,7,1,1,1,1,7,3,0,0,6,0,0,0,0,0,0,1,0,0,1,5,0,0,0,0,0,0,0,0,0,0,0,0,0,,,0,0,0,0,0,0,0,0,0,0,0,0,,,,0,0,0,0,0,0,0,,0,0,0,0,,0,0,,0,0,0,0,0,0,0,0,0,0,0,0
00-0029955,L.Reynolds,LaRoy Reynolds,LB,LB,"https://static.www.nfl.com/image/private/f_auto,q_auto/league/wympjaiqxuiz0pjgxmvn",2017,REG,ATL,7,0,0,0,0,0,0,0,0,0,0,0,0,,,0,,0,0,0,0,0,0,0,0,0,0,,0,0,0,0,0,0,0,0,0,0,0,0,0,0,,0,0,0,0,0,,0,0,0,0,5,0,2,0,0,0,0,0,0,0,0,0,0,0,0,0,0,0,0,0,0,4,35,0,0,0,0,0,0,0,0,0,0,0,0,0,,,0,0,0,0,0,0,0,0,0,0,0,0,,,,0,0,0,0,0,0,0,,0,0,0,0,,0,0,,0,0,0,0,0,0,0,0,0,0,0,0
00-0029958,S.Terrell,Steven Terrell,DB,DB,"https://static.www.nfl.com/image/private/f_auto,q_auto/league/fufrgsbj9ru05u08p9mo",2017,REG,KC,3,0,0,0,0,0,0,0,0,0,0,0,0,,,0,,0,0,0,0,0,0,0,0,0,0,,0,0,0,0,0,0,0,0,0,0,0,0,0,0,,0,0,0,0,0,,0,0,0,0,3,0,1,0,0,0,0,0,1,1,8,3,0,0,0,0,0,0,0,0,0,0,0,0,0,0,0,0,0,0,0,0,0,0,0,0,,,0,0,0,0,0,0,0,0,0,0,0,0,,,,0,0,0,0,0,0,0,,0,0,0,0,,0,0,,0,0,0,0,0,0,0,0,0,0,0,0
00-0029963,C.Hubbard,Chris Hubbard,OT,OL,"https://static.www.nfl.com/image/upload/f_auto,q_auto/league/tsgs1iyyfjxlfsletyss",2017,REG,PIT,4,0,0,0,0,0,0,0,0,0,0,0,0,,,0,,0,0,0,0,0,0,0,0,0,0,,0,0,0,0,0,0,0,0,0,0,0,0,0,0,,0,0,0,0,0,,0,0,0,0,1,0,0,0,0,0,0,0,0,0,0,0,0,0,0,0,0,-20,0,0,0,4,25,0,3,0,3,0,0,0,0,0,0,0,0,0,,,0,0,0,0,0,0,0,0,0,0,0,0,,,,0,0,0,0,0,0,0,,0,0,0,0,,0,0,,0,0,0,0,0,0,0,0,0,0,0,0
00-0029972,A.Francis,A.J. Francis,DT,DL,"https://static.www.nfl.com/image/private/f_auto,q_auto/league/wvgsc8pg6oyf7pg2wfwx",2017,REG,WAS,6,0,0,0,0,0,0,0,0,0,0,0,0,,,0,,0,0,0,0,0,0,0,0,0,0,,0,0,0,0,0,0,0,0,0,0,0,0,0,0,,0,0,0,0,0,,0,0,0,0,2,3,13,0,0,0,0,0,1,0,0,0,0,0,0,0,0,0,0,0,0,2,25,0,0,0,0,0,0,0,0,0,0,0,0,0,,,0,0,0,0,0,0,0,0,0,0,0,0,,,,0,0,0,0,0,0,0,,0,0,0,0,,0,0,,0,0,0,0,0,0,0,0,0,0,0,0
00-0029984,R.Allen,Ryan Allen,P,SPEC,"https://static.www.nfl.com/image/private/f_auto,q_auto/league/zjzneh4hbafefnduix4t",2017,REG,NE,16,0,0,0,0,0,0,0,0,0,0,0,0,,,0,,0,0,0,0,0,0,0,0,0,0,,0,0,0,0,0,0,0,0,0,0,0,0,0,0,,0,0,0,0,0,,0,0,0,0,0,0,0,0,0,0,0,0,0,0,0,0,0,0,0,0,0,0,0,0,0,2,10,0,0,0,0,0,0,0,0,0,0,0,0,0,,,0,0,0,0,0,0,0,0,0,0,0,0,,,,0,0,0,0,0,0,0,,0,0,0,0,,58,0,60,2515,24,5,13,3,14,23,105,0,2350,0,0
00-0029992,J.Kline,Josh Kline,G,OL,"https://static.www.nfl.com/image/private/f_auto,q_auto/league/nnxiyeumwwgmvhiy3uly",2017,REG,TEN,2,0,0,0,0,0,0,0,0,0,0,0,0,,,0,,0,0,0,0,0,0,0,0,0,0,,0,0,0,0,0,0,0,0,0,0,0,0,0,0,,0,0,0,0,0,,0,0,0,0,0,0,0,0,0,0,0,0,0,0,0,0,0,0,0,0,0,0,0,0,0,2,15,0,0,0,0,0,0,0,0,0,0,0,0,0,,,0,0,0,0,0,0,0,0,0,0,0,0,,,,0,0,0,0,0,0,0,,0,0,0,0,,0,0,,0,0,0,0,0,0,0,0,0,0,0,0
00-0030001,J.Vellano,Joe Vellano,DT,DL,"https://static.www.nfl.com/image/private/f_auto,q_auto/league/yp1kh92sj2e8kguu68u2",2017,REG,ATL,4,0,0,0,0,0,0,0,0,0,0,0,0,,,0,,0,0,0,0,0,0,0,0,0,0,,0,0,0,0,0,0,0,0,0,0,0,0,0,0,,0,0,0,0,0,,0,0,0,0,1,0,3,0,0,0,0,0,0,0,0,0,0,0,0,0,0,0,0,0,0,0,0,0,0,0,0,0,0,0,0,0,0,0,0,0,,,0,0,0,0,0,0,0,0,0,0,0,0,,,,0,0,0,0,0,0,0,,0,0,0,0,,0,0,,0,0,0,0,0,0,0,0,0,0,0,0
00-0030011,J.Devey,Jordan Devey,G,OL,"https://static.www.nfl.com/image/private/f_auto,q_auto/league/bjgkez60gevugtmvez5w",2017,REG,KC,2,0,0,0,0,0,0,0,0,0,0,0,0,,,0,,0,0,0,0,0,0,0,0,0,0,,0,0,0,0,0,0,0,0,0,0,0,0,0,0,,0,0,0,0,0,,0,0,0,0,0,0,0,0,0,0,0,0,0,0,0,0,0,0,0,0,0,-12,0,0,0,1,4,0,1,0,1,0,0,0,0,0,0,0,0,0,,,0,0,0,0,0,0,0,0,0,0,0,0,,,,0,0,0,0,0,0,0,,0,0,0,0,,0,0,,0,0,0,0,0,0,0,0,0,0,0,0
00-0030020,B.Trawick,Brynden Trawick,DB,DB,"https://static.www.nfl.com/image/private/f_auto,q_auto/league/nkngfmpgltgeze1gokdk",2017,REG,TEN,10,0,0,0,0,0,0,0,0,0,0,0,0,,,0,,0,0,0,0,0,0,0,0,0,0,,0,0,0,0,0,0,0,0,0,0,0,0,0,0,,0,0,0,0,0,,0,0,0,0,9,0,3,0,0,0,0,0,0,0,0,0,0,0,0,0,0,0,0,0,0,3,12,0,0,0,0,0,0,0,0,0,0,0,0,0,,,0,0,0,0,0,0,0,0,0,0,0,0,,,,0,0,0,0,0,0,0,,0,0,0,0,,0,0,,0,0,0,0,0,0,0,0,0,0,0,0
00-0030033,T.Garvin,Terence Garvin,LB,LB,"https://static.www.nfl.com/image/private/f_auto,q_auto/league/h7o9liasezhaefpz9iz8",2017,REG,SEA,11,0,0,0,0,0,0,0,0,0,0,0,0,,,0,,0,0,0,0,0,0,0,0,0,0,,0,0,0,0,0,0,0,0,0,0,0,0,0,0,,0,0,0,0,0,,0,0,0,0,16,0,9,1,6,1,1,6,3,0,0,1,0,0,0,0,0,0,0,0,0,1,10,0,0,0,0,0,0,0,0,0,0,0,0,0,,,0,0,0,0,0,0,0,0,0,0,0,0,,,,0,0,0,0,0,0,0,,0,0,0,0,,0,0,,0,0,0,0,0,0,0,0,0,0,0,0
00-0030035,A.Thielen,Adam Thielen,WR,WR,"https://static.www.nfl.com/image/upload/f_auto,q_auto/league/pv6gajxtt6zhum2unnsl",2017,REG,MIN,16,0,0,0,0,0,0,0,0,0,0,0,0,,,0,,0,0,0,0,1,11,0,0,0,1,1.23587177786976,0,1,0,0,0,91,142,1276,4,3,2,1496,447,59,41.0524769084853,0,51,28,20,5,0.852941176470588,0.272552783109405,0.373439840239641,0.670237062831856,0,1,0,0,0,0,0,0,0,0,0,0,0,0,0,0,0,0,0,0,0,0,4,40,3,0,1,3,2,0,0,0,0,0,0,0,0,,,0,0,0,0,0,0,0,0,0,0,0,0,,,,0,0,0,0,0,0,0,,0,0,0,0,,0,0,,0,0,0,0,0,0,0,0,0,0,148.7,239.7
00-0030041,N.Robey,Nickell Robey-Coleman,DB,DB,"https://static.www.nfl.com/image/private/f_auto,q_auto/league/zw694ltpgyqw5kuuileb",2017,REG,LA,15,0,0,0,0,0,0,0,0,0,0,0,0,,,0,,0,0,0,0,0,0,0,0,0,0,,0,0,0,0,0,0,0,0,0,0,0,0,0,0,,0,0,0,0,0,,0,0,0,0,36,3,10,3,9,1,0,0,0,2,56,9,0,0,0,0,0,0,1,0,0,3,45,0,0,0,0,0,0,0,0,0,0,0,0,0,,,0,0,0,0,0,0,0,0,0,0,0,0,,,,0,0,0,0,0,0,0,,0,0,0,0,,0,0,,0,0,0,0,0,0,0,0,0,0,0,0
00-0030046,J.Mills,Jordan Mills,OT,OL,"https://static.www.nfl.com/image/private/f_auto,q_auto/league/zxrk6tcnr3jnjluohskt",2017,REG,BUF,8,0,0,0,0,0,0,0,0,0,0,0,0,,,0,,0,0,0,0,0,0,0,0,0,0,,0,0,0,0,0,0,0,0,0,0,0,0,0,0,,0,0,0,0,0,,0,0,0,0,2,0,0,0,0,0,0,0,0,0,0,0,0,0,0,0,1,0,0,0,0,6,50,0,0,0,0,0,0,0,0,0,0,0,0,0,,,0,0,0,0,0,0,0,0,0,0,0,0,,,,0,0,0,0,0,0,0,,0,0,0,0,,0,0,,0,0,0,0,0,0,0,0,0,0,0,0
00-0030048,C.Washington,Cornelius Washington,DE,DL,"https://static.www.nfl.com/image/private/f_auto,q_auto/league/tcd4na41tzlnk3uff4xw",2017,REG,DET,14,0,0,0,0,0,0,0,0,0,0,0,0,,,0,,0,0,0,0,0,0,0,0,0,0,,0,0,0,0,0,0,0,0,0,0,0,0,0,0,,0,0,0,0,0,,0,0,0,0,14,1,9,3,12,0,2.5,12.5,11,0,0,3,0,0,0,0,0,0,0,0,0,0,0,0,0,0,0,0,0,0,0,0,0,0,0,0,,,0,0,0,0,0,0,0,0,0,0,0,0,,,,0,0,0,0,0,0,0,,0,0,0,0,,0,0,,0,0,0,0,0,0,0,0,0,0,0,0
00-0030050,R.Armstrong,Ray-Ray Armstrong,LB,LB,"https://static.www.nfl.com/image/private/f_auto,q_auto/league/drqyhwqbkrxrckhxkug2",2017,REG,NYG,12,0,0,0,0,0,0,0,0,0,0,0,0,,,0,,0,0,0,0,0,0,0,0,0,0,,0,0,0,0,0,0,0,0,0,0,0,0,0,0,,0,0,0,0,0,,0,0,0,0,41,3,20,2,6,2,1,5,1,2,29,2,0,0,0,0,0,0,0,0,0,4,34,0,0,0,0,0,0,0,0,0,0,0,0,0,,,0,0,0,0,0,0,0,0,0,0,0,0,,,,0,0,0,0,0,0,0,,0,0,0,0,,0,0,,0,0,0,0,0,0,0,0,0,0,0,0
00-0030059,E.Ansah,Ezekiel Ansah,DE,DL,"https://static.www.nfl.com/image/private/f_auto,q_auto/league/udlzuenyhdrxydwbpg1o",2017,REG,DET,13,0,0,0,0,0,0,0,0,0,0,0,0,,,0,,0,0,0,0,0,0,0,0,0,0,,0,0,0,0,0,0,0,0,0,0,0,0,0,0,,0,0,0,0,0,,0,0,0,0,35,3,5,15,89,1,12,75,17,0,0,0,0,0,0,0,0,0,1,0,0,0,0,0,0,0,0,0,0,0,0,0,0,0,0,0,,,0,0,0,0,0,0,0,0,0,0,0,0,,,,0,0,0,0,0,0,0,,0,0,0,0,,0,0,,0,0,0,0,0,0,0,0,0,0,0,0
00-0030060,K.Vaccaro,Kenny Vaccaro,S,DB,"https://static.www.nfl.com/image/private/f_auto,q_auto/league/psvrggbec0bvhfwfznrq",2017,REG,NO,12,0,0,0,0,0,0,0,0,0,0,0,0,,,0,,0,0,0,0,0,0,0,0,0,0,,0,0,0,0,0,0,0,0,0,0,0,0,0,0,,0,0,0,0,0,,0,0,0,0,45,3,12,7,18,0,1.5,7.5,2,3,41,7,0,1,0,0,0,0,1,0,1,8,71,1,0,0,1,0,0,0,0,0,0,0,0,0,,,0,0,0,0,0,0,0,0,0,0,0,0,,,,0,0,0,0,0,0,0,,0,0,0,0,,0,0,,0,0,0,0,0,0,0,0,0,0,0,0
00-0030061,Z.Ertz,Zach Ertz,TE,TE,"https://static.www.nfl.com/image/upload/f_auto,q_auto/league/xktmmeumuoglbuam75iz",2017,REG,PHI,14,0,0,0,0,0,0,0,0,0,0,0,0,,,0,,0,0,0,0,0,0,0,0,0,0,,0,0,0,0,0,74,110,824,8,1,1,862,243,46,26.6229296028992,0,38,12,7,2,0.955916473317865,0.197841726618705,0.163288501610153,0.411064541055165,0,2,0,0,0,0,0,0,0,0,0,0,0,0,0,0,0,0,0,0,0,0,4,29,1,0,0,1,1,0,0,0,0,0,0,0,0,,,0,0,0,0,0,0,0,0,0,0,0,0,,,,0,0,0,0,0,0,0,,0,0,0,0,,0,0,,0,0,0,0,0,0,0,0,0,0,128.4,202.4
00-0030062,D.Slay,Darius Slay,CB,DB,"https://static.www.nfl.com/image/upload/f_auto,q_auto/league/r7dwifb7wrqvqj714dgh",2017,REG,DET,16,0,0,0,0,0,0,0,0,0,0,0,0,,,0,,0,0,0,0,0,0,0,0,0,0,,0,0,0,0,0,0,0,0,0,0,0,0,0,0,,0,0,0,0,0,,0,0,0,0,53,1,6,1,1,0,0,0,0,8,73,26,0,0,0,0,0,0,1,0,0,7,58,0,0,0,0,0,0,0,0,0,0,0,0,0,,,0,0,0,0,0,0,0,0,0,0,0,0,,,,0,0,0,0,0,0,0,,0,0,0,0,,0,0,,0,0,0,0,0,0,0,0,0,0,0,0
00-0030063,J.Hankins,Johnathan Hankins,DT,DL,"https://static.www.nfl.com/image/upload/f_auto,q_auto/league/iqrq5urtdwurus6hievb",2017,REG,IND,14,0,0,0,0,0,0,0,0,0,0,0,0,,,0,,0,0,0,0,0,0,0,0,0,0,,0,0,0,0,0,0,0,0,0,0,0,0,0,0,,0,0,0,0,0,,0,0,0,0,22,2,20,4,7,0,2,3,5,0,0,3,0,0,0,0,0,0,0,0,0,2,30,0,0,0,0,0,0,0,0,0,0,0,0,0,,,0,0,0,0,0,0,0,0,0,0,0,0,,,,0,0,0,0,0,0,0,,0,0,0,0,,0,0,,0,0,0,0,0,0,0,0,0,0,0,0
00-0030064,J.Bostic,Jon Bostic,ILB,LB,"https://static.www.nfl.com/image/private/f_auto,q_auto/league/t2pjyumewomvynbvdvzy",2017,REG,IND,14,0,0,0,0,0,0,0,0,0,0,0,0,,,0,,0,0,0,0,0,0,0,0,0,0,,0,0,0,0,0,0,0,0,0,0,0,0,0,0,,0,0,0,0,0,,0,0,0,0,54,3,40,5,16,0,1,3,2,0,0,3,0,0,0,0,0,0,1,0,0,1,15,0,0,0,0,0,0,0,0,0,0,0,0,0,,,0,0,0,0,0,0,0,0,0,0,0,0,,,,0,0,0,0,0,0,0,,0,0,0,0,,0,0,,0,0,0,0,0,0,0,0,0,0,0,0
00-0030065,L.Warford,Larry Warford,G,OL,"https://static.www.nfl.com/image/private/f_auto,q_auto/league/avf3mjzbvgrimtawl781",2017,REG,NO,2,0,0,0,0,0,0,0,0,0,0,0,0,,,0,,0,0,0,0,0,0,0,0,0,0,,0,0,0,0,0,0,0,0,0,0,0,0,0,0,,0,0,0,0,0,,0,0,0,0,0,0,0,0,0,0,0,0,0,0,0,0,0,0,0,0,0,0,0,0,0,2,10,0,0,0,0,0,0,0,0,0,0,0,0,0,,,0,0,0,0,0,0,0,0,0,0,0,0,,,,0,0,0,0,0,0,0,,0,0,0,0,,0,0,,0,0,0,0,0,0,0,0,0,0,0,0
00-0030066,B.Winters,Brian Winters,G,OL,"https://static.www.nfl.com/image/private/f_auto,q_auto/league/usbhho5ygjixpjdocdtn",2017,REG,NYJ,6,0,0,0,0,0,0,0,0,0,0,0,0,,,0,,0,0,0,0,0,0,0,0,0,0,,0,0,0,0,0,0,0,0,0,0,0,0,0,0,,0,0,0,0,0,,0,0,0,0,0,0,0,0,0,0,0,0,0,0,0,0,0,0,0,0,0,0,0,0,0,8,65,0,0,0,0,0,0,0,0,0,0,0,0,0,,,0,0,0,0,0,0,0,0,0,0,0,0,,,,0,0,0,0,0,0,0,,0,0,0,0,,0,0,,0,0,0,0,0,0,0,0,0,0,0,0
00-0030067,T.Armstead,Terron Armstead,OT,OL,"https://static.www.nfl.com/image/private/f_auto,q_auto/league/zjqocz6fl2qrhxqkgdbp",2017,REG,NO,3,0,0,0,0,0,0,0,0,0,0,0,0,,,0,,0,0,0,0,0,0,0,0,0,0,,0,0,0,0,0,0,0,0,0,0,0,0,0,0,,0,0,0,0,0,,0,0,0,0,1,0,0,0,0,0,0,0,0,0,0,0,0,0,0,0,1,0,0,0,0,2,19,0,0,0,0,0,0,0,0,0,0,0,0,0,,,0,0,0,0,0,0,0,0,0,0,0,0,,,,0,0,0,0,0,0,0,,0,0,0,0,,0,0,,0,0,0,0,0,0,0,0,0,0,0,0
00-0030068,M.Goodwin,Marquise Goodwin,WR,WR,"https://static.www.nfl.com/image/upload/f_auto,q_auto/league/cof5bbih1o9dtnonwmjp",2017,REG,SF,16,0,0,0,0,0,0,0,0,0,0,0,0,,,0,,0,0,0,0,4,44,0,0,0,3,2.58319648634642,0,3,1,0,0,56,105,962,2,0,0,1544,198,46,30.6169132552635,0,41,20,13,5,0.623056994818653,0.175292153589316,0.320598006644518,0.487356835035136,0,2,0,0,0,0,1,0,0,0,0,0,0,0,0,0,0,0,0,0,0,0,4,34,0,0,0,0,0,0,0,0,0,0,0,0,0,,,0,0,0,0,0,0,0,0,0,0,0,0,,,,0,0,0,0,0,0,0,,0,0,0,0,,0,0,,0,0,0,0,0,0,0,0,0,0,112.6,168.6
00-0030069,D.Moore,Damontre Moore,DE,DL,"https://static.www.nfl.com/image/private/f_auto,q_auto/league/u2uxdnegox5cqoaffiti",2017,REG,DAL,3,0,0,0,0,0,0,0,0,0,0,0,0,,,0,,0,0,0,0,0,0,0,0,0,0,,0,0,0,0,0,0,0,0,0,0,0,0,0,0,,0,0,0,0,0,,0,0,0,0,3,0,2,0,0,0,0,0,1,0,0,0,0,0,0,0,0,0,0,0,0,0,0,0,0,0,0,0,0,0,0,0,0,0,0,0,,,0,0,0,0,0,0,0,0,0,0,0,0,,,,0,0,0,0,0,0,0,,0,0,0,0,,0,0,,0,0,0,0,0,0,0,0,0,0,0,0
00-0030070,J.Jenkins,John Jenkins,DT,DL,"https://static.www.nfl.com/image/upload/f_auto,q_auto/league/cgamzernsuzy7zamg3rx",2017,REG,CHI,5,0,0,0,0,0,0,0,0,0,0,0,0,,,0,,0,0,0,0,0,0,0,0,0,0,,0,0,0,0,0,0,0,0,0,0,0,0,0,0,,0,0,0,0,0,,0,0,0,0,5,0,3,0,0,0,0,0,0,0,0,0,0,0,0,0,0,0,0,0,0,0,0,0,0,0,0,0,0,0,0,0,0,0,0,0,,,0,0,0,0,0,0,0,0,0,0,0,0,,,,0,0,0,0,0,0,0,,0,0,0,0,,0,0,,0,0,0,0,0,0,0,0,0,0,0,0
00-0030074,D.Bakhtiari,David Bakhtiari,OT,OL,"https://static.www.nfl.com/image/private/f_auto,q_auto/league/mhx8ji1f0wzvvwrmcryl",2017,REG,GB,2,0,0,0,0,0,0,0,0,0,0,0,0,,,0,,0,0,0,0,0,0,0,0,0,0,,0,0,0,0,0,0,0,0,0,0,0,0,0,0,,0,0,0,0,0,,0,0,0,0,0,0,0,0,0,0,0,0,0,0,0,0,0,0,0,0,0,0,0,0,0,2,20,0,0,0,0,0,0,0,0,0,0,0,0,0,,,0,0,0,0,0,0,0,0,0,0,0,0,,,,0,0,0,0,0,0,0,,0,0,0,0,,0,0,,0,0,0,0,0,0,0,0,0,0,0,0
00-0030076,J.Tretter,JC Tretter,C,OL,"https://static.www.nfl.com/image/private/f_auto,q_auto/league/usajarypcyafoxvvkbqo",2017,REG,CLE,6,0,0,0,0,0,0,0,0,0,0,0,0,,,0,,0,0,0,0,0,0,0,0,0,0,,0,0,0,0,0,0,0,0,0,0,0,0,0,0,,0,0,0,0,0,,0,0,0,0,2,0,0,0,0,0,0,0,0,0,0,0,0,0,0,0,1,-14,0,0,0,2,20,0,1,0,1,0,0,0,0,0,0,0,0,0,,,0,0,0,0,0,0,0,0,0,0,0,0,,,,0,0,0,0,0,0,0,,0,0,0,0,,0,0,,0,0,0,0,0,0,0,0,0,0,0,0
00-0030079,D.Taylor,Devin Taylor,DE,DL,"https://static.www.nfl.com/image/private/f_auto,q_auto/league/es556akt5ipzgbarl1yf",2017,REG,NYG,1,0,0,0,0,0,0,0,0,0,0,0,0,,,0,,0,0,0,0,0,0,0,0,0,0,,0,0,0,0,0,0,0,0,0,0,0,0,0,0,,0,0,0,0,0,,0,0,0,0,0,0,1,0,0,0,0,0,0,0,0,0,0,0,0,0,0,0,0,0,0,0,0,0,0,0,0,0,0,0,0,0,0,0,0,0,,,0,0,0,0,0,0,0,0,0,0,0,0,,,,0,0,0,0,0,0,0,,0,0,0,0,,0,0,,0,0,0,0,0,0,0,0,0,0,0,0
00-0030083,O.Aboushi,Oday Aboushi,G,OL,"https://static.www.nfl.com/image/private/f_auto,q_auto/league/qayiwzp2hlziik6pueim",2017,REG,SEA,3,0,0,0,0,0,0,0,0,0,0,0,0,,,0,,0,0,0,0,0,0,0,0,0,0,,0,0,0,0,0,0,0,0,0,0,0,0,0,0,,0,0,0,0,0,,0,0,0,0,0,0,0,0,0,0,0,0,0,0,0,0,0,0,0,0,0,0,0,0,0,4,40,0,0,0,0,0,0,0,0,0,0,0,0,0,,,0,0,0,0,0,0,0,0,0,0,0,0,,,,0,0,0,0,0,0,0,,0,0,0,0,,0,0,,0,0,0,0,0,0,0,0,0,0,0,0
00-0030085,K.Stills,Kenny Stills,WR,WR,"https://static.www.nfl.com/image/private/f_auto,q_auto/league/wswn6tehkzj8mdfbablx",2017,REG,MIA,16,0,0,0,0,0,0,0,0,0,0,0,0,,,0,,0,0,0,0,0,0,0,0,0,0,,0,0,0,0,0,58,105,847,6,4,2,1555,159,36,14.644295740571,0,35,21,14,2,0.544694533762058,0.178571428571429,0.318386568386568,0.490727740727741,0,3,0,0,0,0,0,0,0,0,0,0,0,0,0,0,0,0,0,0,0,0,7,65,4,0,1,4,2,0,0,0,0,0,0,0,0,,,0,0,0,0,0,0,0,0,0,0,0,0,,,,0,0,0,0,0,0,0,,0,0,0,0,,0,0,,0,0,0,0,0,0,0,0,0,0,116.7,174.7
00-0030088,Q.Dial,Quinton Dial,DT,DL,"https://static.www.nfl.com/image/private/f_auto,q_auto/league/l8zhfcemishdlbivuknd",2017,REG,GB,9,0,0,0,0,0,0,0,0,0,0,0,0,,,0,,0,0,0,0,0,0,0,0,0,0,,0,0,0,0,0,0,0,0,0,0,0,0,0,0,,0,0,0,0,0,,0,0,0,0,10,2,7,0,0,0,0,0,1,0,0,1,0,0,0,0,0,0,0,0,0,0,0,0,0,0,0,0,0,0,0,0,0,0,0,0,,,0,0,0,0,0,0,0,0,0,0,0,0,,,,0,0,0,0,0,0,0,,0,0,0,0,,0,0,,0,0,0,0,0,0,0,0,0,0,0,0
00-0030089,L.Willson,Luke Willson,TE,TE,"https://static.www.nfl.com/image/private/f_auto,q_auto/league/a6zcpjyfusebcm8i3w2w",2017,REG,SEA,14,0,0,0,0,0,0,0,0,0,0,0,0,,,0,,0,0,0,0,0,0,0,0,0,0,,0,0,0,0,0,15,22,153,4,0,0,155,90,8,-4.3654288704271,0,7,4,2,0,0.987096774193548,0.0418250950570342,0.0284978856407428,0.0826861625340713,0,3,0,0,0,0,0,0,0,0,0,0,0,0,0,0,0,1,0,0,0,0,5,50,0,0,0,0,0,0,0,3,42,0,0,0,0,,,0,0,0,0,0,0,0,0,0,0,0,0,,,,0,0,0,0,0,0,0,,0,0,0,0,,0,0,,0,0,0,0,0,0,0,0,0,0,39.3,54.3
00-0030090,M.Hyde,Micah Hyde,S,DB,"https://static.www.nfl.com/image/private/f_auto,q_auto/league/xxdwo2ndjc4qm9q5lpgx",2017,REG,BUF,15,0,0,0,0,0,0,0,0,0,0,0,0,,,0,,0,0,0,0,0,0,0,0,0,0,,0,0,0,0,0,0,0,0,0,0,0,0,0,0,,0,0,0,0,0,,0,0,0,0,58,7,17,2,9,0,0,0,0,5,64,13,0,0,0,0,0,0,0,0,0,2,59,0,0,0,0,0,2,18,0,0,0,0,0,0,,,0,0,0,0,0,0,0,0,0,0,0,0,,,,0,0,0,0,0,0,0,,0,0,0,0,,0,0,,0,0,0,0,0,0,0,0,0,0,0,0
00-0030091,T.King,Tavarres King,WR,WR,"https://static.www.nfl.com/image/private/f_auto,q_auto/league/yfkwzczsoeihruafz1kg",2017,REG,NYG,8,0,0,0,0,0,0,0,0,0,0,0,0,,,0,,0,0,0,0,2,3,0,0,0,1,-0.398764297831804,0,1,0,0,0,18,37,240,3,0,0,462,78,11,4.37655797895137,0,9,4,2,1,0.51948051948052,0.0613598673300166,0.10521521293555,0.16569045004991,0,0,0,0,0,0,0,0,0,0,0,0,0,0,0,0,0,0,0,0,0,0,1,10,0,0,0,0,0,0,0,0,0,0,0,0,0,,,0,0,0,0,0,0,0,0,0,0,0,0,,,,0,0,0,0,0,0,0,,0,0,0,0,,0,0,,0,0,0,0,0,0,0,0,0,0,42.3,60.3
00-0030092,S.Martin,Sam Martin,P,SPEC,"https://static.www.nfl.com/image/upload/f_auto,q_auto/league/hkewwfpluyhrcdgquthf",2017,REG,DET,10,0,0,0,0,0,0,0,0,0,0,0,0,,,0,,0,0,0,0,0,0,0,0,0,0,,0,0,0,0,0,0,0,0,0,0,0,0,0,0,,0,0,0,0,0,,0,0,0,0,0,0,0,0,0,0,0,0,0,0,0,0,0,0,0,0,0,0,0,0,0,1,5,0,0,0,0,0,0,0,0,0,0,0,0,0,,,0,0,0,0,0,0,0,0,0,0,0,0,,,,0,0,0,0,0,0,0,,0,0,0,0,,41,0,64,1779,13,5,4,6,12,14,116,0,1543,0,0
00-0030098,D.Hopkins,Dustin Hopkins,K,SPEC,"https://static.www.nfl.com/image/upload/f_auto,q_auto/league/b8xhu9uud3finj0x9hpf",2017,REG,WAS,8,0,0,0,0,0,0,0,0,0,0,0,0,,,0,,0,0,0,0,0,0,0,0,0,0,,0,0,0,0,0,0,0,0,0,0,0,0,0,0,,0,0,0,0,0,,0,0,0,0,0,0,0,0,0,0,0,0,0,0,0,0,0,0,0,0,0,0,0,0,0,0,0,0,0,0,0,0,0,0,0,0,14,17,3,0,49,0.823529411764706,1,7,2,4,0,0,0,0,0,1,2,0,33;41;22;23;28;19;40;48;21;24;32;26;29;49,51;52;47,,435,150,0,18,19,1,0,0.947368421052632,0,0,0,0,,0,0,,0,0,0,0,0,0,0,0,0,0,0,0
00-0030104,N.Palmer,Nate Palmer,LB,LB,"https://static.www.nfl.com/image/private/f_auto,q_auto/league/a0dtadqytswayym4ydbq",2017,REG,TEN,6,0,0,0,0,0,0,0,0,0,0,0,0,,,0,,0,0,0,0,0,0,0,0,0,0,,0,0,0,0,0,0,0,0,0,0,0,0,0,0,,0,0,0,0,0,,0,0,0,0,6,0,5,0,0,0,0,0,0,0,0,0,0,0,0,0,0,0,0,0,0,0,0,0,0,0,0,0,0,0,0,0,0,0,0,0,,,0,0,0,0,0,0,0,0,0,0,0,0,,,,0,0,0,0,0,0,0,,0,0,0,0,,0,0,,0,0,0,0,0,0,0,0,0,0,0,0
00-0030107,T.Riddick,Theo Riddick,RB,RB,"https://static.www.nfl.com/image/private/f_auto,q_auto/league/ecbes59ifblsloiqtxq5",2017,REG,DET,16,0,0,0,0,0,0,0,0,0,0,0,0,,,0,,0,0,0,0,84,286,3,1,1,11,-17.6283032624051,0,9,5,1,0,53,71,444,2,0,0,69,435,20,-3.01290163796128,0,17,8,5,1,6.43478260869565,0.125663716814159,0.015128261346196,0.199085358163576,0,2,0,0,0,0,0,0,0,0,0,0,0,0,0,0,0,0,0,0,0,0,0,0,1,0,0,1,1,0,0,0,0,0,0,0,0,,,0,0,0,0,0,0,0,0,0,0,0,0,,,,0,0,0,0,0,0,0,,0,0,0,0,,0,0,,0,0,0,0,0,0,0,0,0,0,101,154
00-0030108,R.Griffin,Ryan Griffin,TE,TE,"https://static.www.nfl.com/image/private/f_auto,q_auto/league/izjfxtmk2dhzhrlwpt9g",2017,REG,HOU,6,0,0,0,0,0,0,0,0,0,0,0,0,,,0,,0,0,0,0,0,0,0,0,0,0,,0,0,0,0,0,13,26,158,1,0,0,255,77,8,5.49526853672105,1,8,3,2,0,0.619607843137255,0.0503875968992248,0.0490007686395081,0.109881933396493,0,0,0,0,0,0,0,0,0,0,0,0,0,0,0,0,0,0,0,0,0,0,3,20,0,0,0,0,0,0,0,0,0,0,0,0,0,,,0,0,0,0,0,0,0,0,0,0,0,0,,,,0,0,0,0,0,0,0,,0,0,0,0,,0,0,,0,0,0,0,0,0,0,0,0,0,23.8,36.8
00-0030112,T.Bohanon,Tommy Bohanon,FB,RB,"https://static.www.nfl.com/image/private/f_auto,q_auto/league/lmoesdqqzu6v8rmnyqlk",2017,REG,JAX,12,0,0,0,0,0,0,0,0,0,0,0,0,,,0,,0,0,0,0,5,5,2,0,0,2,-3.34091272921069,0,0,0,0,0,6,11,43,1,0,0,22,28,3,0.152487433690112,0,2,0,0,0,1.95454545454545,0.0212765957446809,0.00536716272261527,0.035671907522852,0,2,0,0,0,0,0,0,0,0,0,0,0,0,0,0,0,0,0,0,0,0,1,9,0,0,0,0,0,0,0,1,14,0,0,0,0,,,0,0,0,0,0,0,0,0,0,0,0,0,,,,0,0,0,0,0,0,0,,0,0,0,0,,0,0,,0,0,0,0,0,0,0,0,0,0,22.8,28.8
00-0030114,J.Poyer,Jordan Poyer,FS,DB,"https://static.www.nfl.com/image/upload/f_auto,q_auto/league/jv5ibhkljw1u9knlwqzy",2017,REG,BUF,15,0,0,0,0,0,0,0,0,0,0,0,0,,,0,,0,0,0,0,0,0,0,0,0,0,,0,0,0,0,0,0,0,0,0,0,0,0,0,0,,0,0,0,0,0,,0,0,0,0,55,8,32,4,24,0,2,18,2,5,33,13,1,0,0,0,0,0,1,32,0,0,0,0,0,0,0,0,0,0,0,0,0,0,0,0,,,0,0,0,0,0,0,0,0,0,0,0,0,,,,0,0,0,0,0,0,0,,0,0,0,0,,0,0,,0,0,0,0,0,0,0,0,0,0,0,0
00-0030117,K.Williams,Kerwynn Williams,RB,RB,"https://static.www.nfl.com/image/private/f_auto,q_auto/league/g8b72moacoymckyvl0ig",2017,REG,ARI,16,0,0,0,0,0,0,0,0,0,0,0,0,,,0,,0,0,0,0,120,426,1,0,0,20,-18.1543717346313,0,7,5,2,0,10,15,93,0,0,0,119,46,6,-3.50875181876472,0,5,1,1,0,0.781512605042017,0.0253378378378378,0.0204925090408128,0.0523515130853257,0,2,0,0,0,0,0,0,0,0,0,0,0,0,0,0,0,0,0,0,0,0,0,0,0,0,0,0,0,21,137,16,326,0,0,0,0,,,0,0,0,0,0,0,0,0,0,0,0,0,,,,0,0,0,0,0,0,0,,0,0,0,0,,0,0,,0,0,0,0,0,0,0,0,0,0,57.9,67.9
00-0030121,D.King,David King,DE,DL,"https://static.www.nfl.com/image/private/f_auto,q_auto/league/vqueu0efa4hhvmgrnzf1",2017,REG,TEN,3,0,0,0,0,0,0,0,0,0,0,0,0,,,0,,0,0,0,0,0,0,0,0,0,0,,0,0,0,0,0,0,0,0,0,0,0,0,0,0,,0,0,0,0,0,,0,0,0,0,2,0,1,1,1,0,1,1,1,0,0,0,0,0,0,0,0,0,0,0,0,0,0,0,0,0,0,0,0,0,0,0,0,0,0,0,,,0,0,0,0,0,0,0,0,0,0,0,0,,,,0,0,0,0,0,0,0,,0,0,0,0,,0,0,,0,0,0,0,0,0,0,0,0,0,0,0
00-0030126,T.Johnson,T.J. Johnson,G,OL,"https://static.www.nfl.com/image/private/f_auto,q_auto/league/yunb9anc0qzgr8sghl87",2017,REG,CIN,1,0,0,0,0,0,0,0,0,0,0,0,0,,,0,,0,0,0,0,0,0,0,0,0,0,,0,0,0,0,0,0,0,0,0,0,0,0,0,0,,0,0,0,0,0,,0,0,0,0,0,0,0,0,0,0,0,0,0,0,0,0,0,0,0,0,0,0,0,0,0,1,10,0,0,0,0,0,0,0,0,0,0,0,0,0,,,0,0,0,0,0,0,0,0,0,0,0,0,,,,0,0,0,0,0,0,0,,0,0,0,0,,0,0,,0,0,0,0,0,0,0,0,0,0,0,0
00-0030127,M.Cooper,Marcus Cooper,DB,DB,"https://static.www.nfl.com/image/private/f_auto,q_auto/league/od4q4wn2w2tisel3j1uk",2017,REG,CHI,10,0,0,0,0,0,0,0,0,0,0,0,0,,,0,,0,0,0,0,0,0,0,0,0,0,,0,0,0,0,0,0,0,0,0,0,0,0,0,0,,0,0,0,0,0,,0,0,0,0,16,1,1,0,0,0,0,0,0,0,0,3,0,1,0,73,0,0,0,0,0,5,17,1,0,1,1,0,0,0,0,0,0,0,0,0,,,0,0,0,0,0,0,0,0,0,0,0,0,,,,0,0,0,0,0,0,0,,0,0,0,0,,0,0,,0,0,0,0,0,0,0,0,0,0,0,0
00-0030140,T.Way,Tress Way,P,SPEC,"https://static.www.nfl.com/image/upload/f_auto,q_auto/league/c9oijuzo666bwebj9yuj",2017,REG,WAS,16,0,0,0,0,0,0,0,0,0,0,0,0,,,0,,0,0,0,0,0,0,0,0,0,0,,0,0,0,0,0,0,0,0,0,0,0,0,0,0,,0,0,0,0,0,,0,0,0,0,0,0,0,0,0,0,0,0,0,0,0,0,0,0,0,0,0,0,0,0,0,2,7,0,0,0,0,0,0,0,0,0,0,0,0,0,,,0,0,0,0,0,0,0,0,0,0,0,0,,,,0,0,0,0,0,0,0,,0,0,0,0,,83,0,64,3794,33,5,7,6,26,39,435,1,3239,0,0
00-0030142,B.Wing,Brad Wing,P,SPEC,"https://static.www.nfl.com/image/private/f_auto,q_auto/league/breqxoaezzig1jriolcm",2017,REG,NYG,16,0,0,0,0,0,0,0,0,0,0,0,0,,,0,,0,0,0,0,0,0,0,0,0,0,,0,0,0,0,0,0,0,0,0,0,0,0,0,0,,0,0,0,0,0,,0,0,0,0,2,0,0,0,0,0,0,0,0,0,0,0,0,0,0,0,0,0,0,0,0,0,0,0,0,0,0,0,0,0,0,0,0,0,0,0,,,0,0,0,0,0,0,0,0,0,0,0,0,,,,0,0,0,0,0,0,0,,0,0,0,0,,95,2,69,4189,19,7,16,9,20,43,448,1,3561,0,0
00-0030147,R.Shepard,Russell Shepard,WR,WR,"https://static.www.nfl.com/image/private/f_auto,q_auto/league/gk2saq7m1jxl90g9slks",2017,REG,CAR,15,0,0,0,0,0,0,0,0,0,0,0,0,,,0,,0,0,0,0,2,19,0,0,0,1,1.16335874208016,0,1,0,0,0,17,32,202,1,1,0,266,106,10,3.85825829213481,0,10,3,1,1,0.759398496240602,0.0650406504065041,0.0626177024482109,0.141393367323504,0,5,1,1,0,0,1,0,0,0,0,0,0,0,0,0,0,0,0,0,0,0,3,20,1,0,0,1,0,0,0,3,65,0,0,0,0,,,0,0,0,0,0,0,0,0,0,0,0,0,,,,0,0,0,0,0,0,0,,0,0,0,0,,0,0,,0,0,0,0,0,0,0,0,0,0,28.1,45.1
00-0030148,D.Square,Damion Square,DT,DL,"https://static.www.nfl.com/image/private/f_auto,q_auto/league/ay7xu6je0iiizc0hifex",2017,REG,LAC,10,0,0,0,0,0,0,0,0,0,0,0,0,,,0,,0,0,0,0,0,0,0,0,0,0,,0,0,0,0,0,0,0,0,0,0,0,0,0,0,,0,0,0,0,0,,0,0,0,0,10,3,6,1,8,0,0,0,1,0,0,3,0,0,0,0,0,0,1,0,0,0,0,0,0,0,0,0,0,0,0,0,0,0,0,0,,,0,0,0,0,0,0,0,0,0,0,0,0,,,,0,0,0,0,0,0,0,,0,0,0,0,,0,0,,0,0,0,0,0,0,0,0,0,0,0,0
00-0030149,M.Tobin,Matt Tobin,OT,OL,"https://static.www.nfl.com/image/private/f_auto,q_auto/league/d9ncy72aff6bnpnaem5g",2017,REG,SEA,2,0,0,0,0,0,0,0,0,0,0,0,0,,,0,,0,0,0,0,0,0,0,0,0,0,,0,0,0,0,0,0,0,0,0,0,0,0,0,0,,0,0,0,0,0,,0,0,0,0,0,0,0,0,0,0,0,0,0,0,0,0,0,0,0,0,0,0,0,0,0,2,13,0,0,0,0,0,0,0,0,0,0,0,0,0,,,0,0,0,0,0,0,0,0,0,0,0,0,,,,0,0,0,0,0,0,0,,0,0,0,0,,0,0,,0,0,0,0,0,0,0,0,0,0,0,0
00-0030151,T.Bray,Tyler Bray,QB,QB,"https://static.www.nfl.com/image/private/f_auto,q_auto/league/hlzuryxbamsj6di3q6ps",2017,REG,KC,1,0,1,0,0,0,0,0,0,0,5,0,0,-1.15612140484154,-67.6981508731842,0,0,0,0,0,0,1,0,0,1,1,0,-9.13074888614938,0,0,0,0,0,0,0,0,0,0,0,0,0,0,,0,0,0,0,0,,0,0,0,0,0,0,0,0,0,0,0,0,0,0,0,0,0,0,0,0,0,-4,0,0,0,0,0,0,1,0,1,1,0,0,0,0,0,0,0,0,,,0,0,0,0,0,0,0,0,0,0,0,0,,,,0,0,0,0,0,0,0,,0,0,0,0,,0,0,,0,0,0,0,0,0,0,0,0,0,-2,-2
00-0030155,D.Harris,Demetrius Harris,TE,TE,"https://static.www.nfl.com/image/private/f_auto,q_auto/league/nlajcnjlosuajmqswxvl",2017,REG,KC,13,0,0,0,0,0,0,0,0,0,0,0,0,,,0,,0,0,0,0,0,0,0,0,0,0,,0,0,0,0,0,18,35,224,1,0,0,261,129,11,5.32942359644,0,8,3,3,1,0.85823754789272,0.0662878787878788,0.062172463077656,0.142952542336177,0,1,0,1,0,0,0,0,0,0,0,0,0,0,0,0,0,0,0,0,0,0,3,20,0,0,0,0,0,0,0,0,0,0,0,0,0,,,0,0,0,0,0,0,0,0,0,0,0,0,,,,0,0,0,0,0,0,0,,0,0,0,0,,0,0,,0,0,0,0,0,0,0,0,0,0,28.4,46.4
00-0030160,J.Martin,Josh Martin,LB,LB,"https://static.www.nfl.com/image/private/f_auto,q_auto/league/r7huobfi8b4kskk05gbv",2017,REG,NYJ,13,0,0,0,0,0,0,0,0,0,0,0,0,,,0,,0,0,0,0,0,0,0,0,0,0,,0,0,0,0,0,0,0,0,0,0,0,0,0,0,,0,0,0,0,0,,0,0,0,0,28,0,15,10,41,0,1.5,8,8,0,0,1,0,0,0,0,0,0,0,0,0,0,0,0,0,0,0,0,0,0,0,0,0,0,0,0,,,0,0,0,0,0,0,0,0,0,0,0,0,,,,0,0,0,0,0,0,0,,0,0,0,0,,0,0,,0,0,0,0,0,0,0,0,0,0,0,0
00-0030161,B.McDougald,Bradley McDougald,S,DB,"https://static.www.nfl.com/image/private/f_auto,q_auto/league/y0wvutgow5rcldezmrsz",2017,REG,SEA,14,0,0,0,0,0,0,0,0,0,0,0,0,,,0,,0,0,0,0,0,0,0,0,0,0,,0,0,0,0,0,0,0,0,0,0,0,0,0,0,,0,0,0,0,0,,0,0,0,0,49,2,24,3,8,0,0,0,0,0,0,4,0,0,0,0,0,0,0,0,0,1,15,0,0,0,0,0,0,0,0,0,0,0,0,0,,,0,0,0,0,0,0,0,0,0,0,0,0,,,,0,0,0,0,0,0,0,,0,0,0,0,,0,0,,0,0,0,0,0,0,0,0,0,0,0,0
00-0030170,R.Miles,Rontez Miles,DB,DB,"https://static.www.nfl.com/image/private/f_auto,q_auto/league/ufb0jodghl5ntdimenbc",2017,REG,NYJ,11,0,0,0,0,0,0,0,0,0,0,0,0,,,0,,0,0,0,0,0,0,0,0,0,0,,0,0,0,0,0,0,0,0,0,0,0,0,0,0,,0,0,0,0,0,,0,0,0,0,21,0,3,0,0,0,0,0,1,0,0,0,0,0,0,0,0,0,0,0,0,2,23,0,0,0,0,0,0,0,0,0,0,0,0,0,,,0,0,0,0,0,0,0,0,0,0,0,0,,,,0,0,0,0,0,0,0,,0,0,0,0,,0,0,,0,0,0,0,0,0,0,0,0,0,0,0
00-0030181,J.Doyle,Jack Doyle,TE,TE,"https://static.www.nfl.com/image/private/f_auto,q_auto/league/h6abyvmg2g93llboizi6",2017,REG,IND,15,0,0,0,0,0,0,0,0,0,0,0,0,,,0,,0,0,0,0,0,0,0,0,0,0,,0,0,0,0,0,80,108,690,4,2,2,533,337,34,2.50218456863668,0,25,7,4,0,1.29455909943715,0.228813559322034,0.144915715062534,0.444661339526825,0,2,0,0,0,0,0,0,0,0,0,0,0,0,0,0,0,0,0,0,0,0,1,10,2,0,0,2,2,0,0,0,0,0,0,0,0,,,0,0,0,0,0,0,0,0,0,0,0,0,,,,0,0,0,0,0,0,0,,0,0,0,0,,0,0,,0,0,0,0,0,0,0,0,0,0,89,169
00-0030196,J.Heath,Jeff Heath,S,DB,"https://static.www.nfl.com/image/private/f_auto,q_auto/league/knimytdhoo3rqiacbgtm",2017,REG,DAL,14,0,0,0,0,0,0,0,0,0,0,0,0,,,0,,0,0,0,0,0,0,0,0,0,0,,0,0,0,0,0,0,0,0,0,0,0,0,0,0,,0,0,0,0,0,,0,0,0,0,57,5,8,2,5,2,0,0,0,3,20,5,0,0,0,0,0,0,0,0,0,2,25,0,0,0,0,0,0,0,0,0,0,0,0,0,,,0,0,0,0,0,0,0,0,0,0,0,0,,,,0,0,0,2,3,1,0,0.666666666666667,0,0,0,0,,0,0,,0,0,0,0,0,0,0,0,0,0,0,0
00-0030197,D.Lacey,Deon Lacey,LB,LB,"https://static.www.nfl.com/image/private/f_auto,q_auto/league/iahxdsgmcg9b15fxznsh",2017,REG,BUF,7,0,0,0,0,0,0,0,0,0,0,0,0,,,0,,0,0,0,0,0,0,0,0,0,0,,0,0,0,0,0,0,0,0,0,0,0,0,0,0,,0,0,0,0,0,,0,0,0,0,7,0,2,0,0,0,0,0,0,0,0,0,0,0,0,0,0,0,0,0,0,2,23,0,0,0,0,0,0,0,0,0,0,0,0,0,,,0,0,0,0,0,0,0,0,0,0,0,0,,,,0,0,0,0,0,0,0,,0,0,0,0,,0,0,,0,0,0,0,0,0,0,0,0,0,0,0
00-0030216,J.Hill,Josh Hill,TE,TE,"https://static.www.nfl.com/image/private/f_auto,q_auto/league/knah0tszz2eg7plftej6",2017,REG,NO,12,0,0,0,0,0,0,0,0,0,0,0,0,,,0,,0,0,0,0,1,-8,0,0,0,0,-1.55164322722703,0,0,0,0,0,16,22,125,1,2,2,86,88,4,-13.8172774620471,0,5,2,1,0,1.45348837209302,0.0415879017013233,0.0251682762657302,0.079999645937996,0,0,0,0,0,0,0,0,0,0,0,0,0,0,0,0,0,0,0,0,0,0,3,26,2,0,0,2,2,0,0,0,0,0,0,0,0,,,0,0,0,0,0,0,0,0,0,0,0,0,,,,0,0,0,0,0,0,0,,0,0,0,0,,0,0,,0,0,0,0,0,0,0,0,0,0,13.7,29.7
00-0030228,A.Bouye,A.J. Bouye,CB,DB,"https://static.www.nfl.com/image/private/f_auto,q_auto/league/cpgi2hbhnmvs1oczkzas",2017,REG,JAX,15,0,0,0,0,0,0,0,0,0,0,0,0,,,0,,0,0,0,0,0,0,0,0,0,0,,0,0,0,0,0,0,0,0,0,0,0,0,0,0,,0,0,0,0,0,,0,0,0,0,53,0,3,0,0,0,0,0,0,6,70,18,0,0,0,0,0,0,0,0,0,5,57,0,0,0,0,0,0,0,0,0,0,0,0,0,,,0,0,0,0,0,0,0,0,0,0,0,0,,,,0,0,0,0,0,0,0,,0,0,0,0,,0,0,,0,0,0,0,0,0,0,0,0,0,0,0
00-0030251,W.Horton,Wes Horton,DE,DL,"https://static.www.nfl.com/image/private/f_auto,q_auto/league/btyxwowk3klyrjqvw90o",2017,REG,CAR,12,0,0,0,0,0,0,0,0,0,0,0,0,,,0,,0,0,0,0,0,0,0,0,0,0,,0,0,0,0,0,0,0,0,0,0,0,0,0,0,,0,0,0,0,0,,0,0,0,0,10,1,6,2,12,3,5.5,35.5,8,0,0,0,0,0,0,0,0,0,0,0,0,1,5,0,0,0,0,0,0,0,0,0,0,0,0,0,,,0,0,0,0,0,0,0,0,0,0,0,0,,,,0,0,0,0,0,0,0,,0,0,0,0,,0,0,,0,0,0,0,0,0,0,0,0,0,0,0
00-0030278,M.Te'o,Manti Te'o,MLB,LB,"https://static.www.nfl.com/image/private/f_auto,q_auto/league/eo58b16g9hnqwnwoquza",2017,REG,NO,14,0,0,0,0,0,0,0,0,0,0,0,0,,,0,,0,0,0,0,0,0,0,0,0,0,,0,0,0,0,0,0,0,0,0,0,0,0,0,0,,0,0,0,0,0,,0,0,0,0,40,2,20,7,17,0,0,0,0,0,0,3,0,0,0,0,0,0,1,0,0,1,5,0,0,0,0,0,0,0,0,0,0,0,0,0,,,0,0,0,0,0,0,0,0,0,0,0,0,,,,0,0,0,0,0,0,0,,0,0,0,0,,0,0,,0,0,0,0,0,0,0,0,0,0,0,0
00-0030279,K.Allen,Keenan Allen,WR,WR,"https://static.www.nfl.com/image/upload/f_auto,q_auto/league/ri267r6lzfwarh89hsn6",2017,REG,LAC,16,0,0,0,0,0,0,0,0,0,0,0,0,,,0,,0,0,0,0,2,9,0,0,0,0,0.187914902810007,0,0,0,0,0,102,159,1393,6,1,0,1434,501,74,61.4177150944593,0,66,34,18,4,0.971408647140865,0.277486910994764,0.3,0.626230366492147,0,1,0,0,0,0,0,0,0,0,1,32,1,0,0,0,0,1,27,0,0,1,5,47,1,0,0,1,0,0,0,0,0,0,0,0,0,,,0,0,0,0,0,0,0,0,0,0,0,0,,,,0,0,0,0,0,0,0,,0,0,0,0,,0,0,,0,0,0,0,0,0,0,0,0,0,176.2,278.2
00-0030287,A.Ellington,Andre Ellington,RB,RB,"https://static.www.nfl.com/image/private/f_auto,q_auto/league/seb6k3tjdcgi8tqmzt2z",2017,REG,HOU,11,0,0,0,0,0,0,0,0,0,0,0,0,,,0,,0,0,0,0,20,55,1,0,0,3,-4.83361609159501,0,1,1,0,0,39,59,369,0,0,0,260,233,16,-9.3539569794872,0,17,7,5,0,1.41923076923077,0.0996621621621622,0.0447735491648011,0.180834727658604,0,1,0,0,0,0,0,0,0,0,0,0,0,0,0,0,0,0,0,0,0,0,0,0,0,0,0,0,0,0,0,0,0,0,0,0,0,,,0,0,0,0,0,0,0,0,0,0,0,0,,,,0,0,0,0,0,0,0,,0,0,0,0,,0,0,,0,0,0,0,0,0,0,0,0,0,48.4,87.4
00-0030288,R.Burkhead,Rex Burkhead,RB,RB,"https://static.www.nfl.com/image/private/f_auto,q_auto/league/ysgdnkasvp07qmrkasve",2017,REG,NE,10,0,0,0,0,0,0,0,0,0,0,0,0,,,0,,0,0,0,0,64,264,5,1,0,14,2.02909129328327,0,5,4,2,0,30,36,254,3,0,0,113,184,13,13.0203209248371,0,12,3,1,0,2.24778761061947,0.0616438356164384,0.0210978342046303,0.107234237367899,0,3,1,0,0,0,0,0,0,0,0,0,0,0,0,0,0,0,0,0,0,0,0,0,1,0,0,1,0,0,0,1,17,0,0,0,0,,,0,0,0,0,0,0,0,0,0,0,0,0,,,,0,0,0,0,0,0,0,,0,0,0,0,,0,0,,0,0,0,0,0,0,0,0,0,0,99.8,129.8
00-0030290,C.Hamilton,Cobi Hamilton,WR,WR,"https://static.www.nfl.com/image/private/f_auto,q_auto/league/fslk4pbx1mtdjdl5zk9g",2017,REG,HOU,2,0,0,0,0,0,0,0,0,0,0,0,0,,,0,,0,0,0,0,0,0,0,0,0,0,,0,0,0,0,0,1,6,8,0,0,0,68,4,1,-2.50981252946076,0,0,0,0,0,0.117647058823529,0.0116279069767442,0.0130668716372022,0.0265886706111578,0,0,0,0,0,0,0,0,0,0,0,0,0,0,0,0,0,0,0,0,0,0,0,0,0,0,0,0,0,0,0,0,0,0,0,0,0,,,0,0,0,0,0,0,0,0,0,0,0,0,,,,0,0,0,0,0,0,0,,0,0,0,0,,0,0,,0,0,0,0,0,0,0,0,0,0,0.8,1.8
00-0030294,T.Jefferson,Tony Jefferson,S,DB,"https://static.www.nfl.com/image/upload/f_auto,q_auto/league/cbeyyjp0frs1gi1g8e3i",2017,REG,BAL,16,0,0,0,0,0,0,0,0,0,0,0,0,,,0,,0,0,0,0,0,0,0,0,0,0,,0,0,0,0,0,0,0,0,0,0,0,0,0,0,,0,0,0,0,0,,0,0,0,0,54,2,23,7,19,1,2.5,13.5,5,1,13,2,0,0,0,0,0,0,0,0,0,1,15,0,0,0,0,0,0,0,0,0,0,0,0,0,,,0,0,0,0,0,0,0,0,0,0,0,0,,,,0,0,0,0,0,0,0,,0,0,0,0,,0,0,,0,0,0,0,0,0,0,0,0,0,0,0
00-0030300,Ja.Brown,Jaron Brown,WR,WR,"https://static.www.nfl.com/image/private/f_auto,q_auto/league/y41u4egwigms9rg2p3ln",2017,REG,ARI,16,0,0,0,0,0,0,0,0,0,0,0,0,,,0,,0,0,0,0,0,0,0,0,0,0,,0,0,0,0,0,31,69,477,4,0,0,1044,91,23,7.28885566914371,0,18,15,12,1,0.456896551724138,0.116554054054054,0.179783020492509,0.300679195425837,0,5,1,1,0,0,0,0,0,0,0,0,0,0,0,0,0,1,0,0,0,0,2,20,0,0,0,0,0,0,0,0,0,0,0,0,0,,,0,0,0,0,0,0,0,0,0,0,0,0,,,,0,0,0,0,0,0,0,,0,0,0,0,,0,0,,0,0,0,0,0,0,0,0,0,0,71.7,102.7
00-0030312,J.Addae,Jahleel Addae,S,DB,"https://static.www.nfl.com/image/private/f_auto,q_auto/league/orbwmzogmxytlb5rk4i4",2017,REG,LAC,16,0,0,0,0,0,0,0,0,0,0,0,0,,,0,,0,0,0,0,0,0,0,0,0,0,,0,0,0,0,0,0,0,0,0,0,0,0,0,0,,0,0,0,0,0,,0,0,0,0,54,12,30,8,11,0,0.5,4,1,0,0,7,0,0,0,0,0,0,0,0,0,4,47,0,0,0,0,0,0,0,0,0,0,0,0,0,,,0,0,0,0,0,0,0,0,0,0,0,0,,,,0,0,0,0,0,0,0,,0,0,0,0,,0,0,,0,0,0,0,0,0,0,0,0,0,0,0
00-0030380,B.Mayowa,Benson Mayowa,OLB,LB,"https://static.www.nfl.com/image/private/f_auto,q_auto/league/ryu7zvzq6173znqos0iq",2017,REG,DAL,12,0,0,0,0,0,0,0,0,0,0,0,0,,,0,,0,0,0,0,0,0,0,0,0,0,,0,0,0,0,0,0,0,0,0,0,0,0,0,0,,0,0,0,0,0,,0,0,0,0,12,1,8,3,13,0,1,7,5,0,0,0,0,0,0,0,0,0,0,0,0,3,26,0,0,0,0,0,0,0,0,0,0,0,0,0,,,0,0,0,0,0,0,0,0,0,0,0,0,,,,0,0,0,0,0,0,0,,0,0,0,0,,0,0,,0,0,0,0,0,0,0,0,0,0,0,0
00-0030382,K.Minter,Kevin Minter,ILB,LB,"https://static.www.nfl.com/image/private/f_auto,q_auto/league/qsgubsbwrrmfoqtdyz5d",2017,REG,CIN,8,0,0,0,0,0,0,0,0,0,0,0,0,,,0,,0,0,0,0,0,0,0,0,0,0,,0,0,0,0,0,0,0,0,0,0,0,0,0,0,,0,0,0,0,0,,0,0,0,0,14,2,16,0,0,0,0,0,0,0,0,0,0,0,0,0,0,0,0,0,0,1,1,0,0,0,0,0,0,0,0,0,0,0,0,0,,,0,0,0,0,0,0,0,0,0,0,0,0,,,,0,0,0,0,0,0,0,,0,0,0,0,,0,0,,0,0,0,0,0,0,0,0,0,0,0,0
00-0030383,D.Harmon,Duron Harmon,S,DB,"https://static.www.nfl.com/image/upload/f_auto,q_auto/league/spklqujyj6a7dmacc74l",2017,REG,NE,12,0,0,0,0,0,0,0,0,0,0,0,0,,,0,,0,0,0,0,0,0,0,0,0,0,,0,0,0,0,0,0,0,0,0,0,0,0,0,0,,0,0,0,0,0,,0,0,0,0,16,0,7,0,0,0,0,0,0,4,12,7,0,0,0,0,0,0,0,0,0,0,0,0,0,0,0,0,0,0,0,0,0,0,0,0,,,0,0,0,0,0,0,0,0,0,0,0,0,,,,0,0,0,0,0,0,0,,0,0,0,0,,0,0,,0,0,0,0,0,0,0,0,0,0,0,0
00-0030384,J.Jenkins,Jelani Jenkins,LB,LB,"https://static.www.nfl.com/image/private/f_auto,q_auto/league/otuvultij7opkedmow6u",2017,REG,HOU,5,0,0,0,0,0,0,0,0,0,0,0,0,,,0,,0,0,0,0,0,0,0,0,0,0,,0,0,0,0,0,0,0,0,0,0,0,0,0,0,,0,0,0,0,0,,0,0,0,0,9,0,2,1,1,0,0,0,0,0,0,0,0,0,0,0,0,0,0,0,0,0,0,0,0,0,0,0,0,0,0,0,0,0,0,0,,,0,0,0,0,0,0,0,0,0,0,0,0,,,,0,0,0,0,0,0,0,,0,0,0,0,,0,0,,0,0,0,0,0,0,0,0,0,0,0,0
00-0030385,G.Hodges,Gerald Hodges,LB,LB,"https://static.www.nfl.com/image/private/f_auto,q_auto/league/y8nfjzorlktrhgzaobap",2017,REG,NO,3,0,0,0,0,0,0,0,0,0,0,0,0,,,0,,0,0,0,0,0,0,0,0,0,0,,0,0,0,0,0,0,0,0,0,0,0,0,0,0,,0,0,0,0,0,,0,0,0,0,3,0,0,0,0,0,0,0,0,0,0,0,0,0,0,0,0,0,0,0,0,0,0,0,0,0,0,0,0,0,0,0,0,0,0,0,,,0,0,0,0,0,0,0,0,0,0,0,0,,,,0,0,0,0,0,0,0,,0,0,0,0,,0,0,,0,0,0,0,0,0,0,0,0,0,0,0
00-0030386,W.Gholston,William Gholston,DT,DL,"https://static.www.nfl.com/image/upload/f_auto,q_auto/league/yn9hugzuf7g8ve2xjtwi",2017,REG,TB,13,0,0,0,0,0,0,0,0,0,0,0,0,,,0,,0,0,0,0,0,0,0,0,0,0,,0,0,0,0,0,0,0,0,0,0,0,0,0,0,,0,0,0,0,0,,0,0,0,0,17,4,15,3,6,0,0,0,1,0,0,0,0,0,0,0,0,0,0,0,0,5,34,0,0,0,0,0,0,0,0,0,0,0,0,0,,,0,0,0,0,0,0,0,0,0,0,0,0,,,,0,0,0,0,0,0,0,,0,0,0,0,,0,0,,0,0,0,0,0,0,0,0,0,0,0,0
00-0030387,S.Means,Steven Means,LB,LB,"https://static.www.nfl.com/image/private/f_auto,q_auto/league/m15je6mlizxkjep7rvt1",2017,REG,PHI,1,0,0,0,0,0,0,0,0,0,0,0,0,,,0,,0,0,0,0,0,0,0,0,0,0,,0,0,0,0,0,0,0,0,0,0,0,0,0,0,,0,0,0,0,0,,0,0,0,0,3,0,0,2,8,0,1,7,2,0,0,0,0,0,0,0,0,0,0,0,0,0,0,0,0,0,0,0,0,0,0,0,0,0,0,0,,,0,0,0,0,0,0,0,0,0,0,0,0,,,,0,0,0,0,0,0,0,,0,0,0,0,,0,0,,0,0,0,0,0,0,0,0,0,0,0,0
00-0030390,C.Sturgis,Caleb Sturgis,K,SPEC,"https://static.www.nfl.com/image/private/f_auto,q_auto/league/anm7eiqngj9sh0ustpoe",2017,REG,PHI,1,0,0,0,0,0,0,0,0,0,0,0,0,,,0,,0,0,0,0,0,0,0,0,0,0,,0,0,0,0,0,0,0,0,0,0,0,0,0,0,,0,0,0,0,0,,0,0,0,0,0,0,0,0,0,0,0,0,0,0,0,0,0,0,0,0,0,0,0,0,0,0,0,0,0,0,0,0,0,0,0,0,3,3,0,0,50,1,0,0,1,1,1,0,0,0,0,0,0,0,50;42;37,,,129,0,0,1,2,1,0,0.5,0,0,0,0,,0,0,,0,0,0,0,0,0,0,0,0,0,0,0
00-0030392,M.Mauti,Michael Mauti,LB,LB,"https://static.www.nfl.com/image/private/f_auto,q_auto/league/qbmzn7okusalzkyo5zgk",2017,REG,NO,6,0,0,0,0,0,0,0,0,0,0,0,0,,,0,,0,0,0,0,0,0,0,0,0,0,,0,0,0,0,0,0,0,0,0,0,0,0,0,0,,0,0,0,0,0,,0,0,0,0,8,0,3,1,1,1,0,0,0,0,0,0,0,0,0,0,0,0,0,0,0,0,0,0,0,0,0,0,0,0,0,0,0,0,0,0,,,0,0,0,0,0,0,0,0,0,0,0,0,,,,0,0,0,0,0,0,0,,0,0,0,0,,0,0,,0,0,0,0,0,0,0,0,0,0,0,0
00-0030396,F.Bishop,Freddie Bishop,OLB,LB,"https://static.www.nfl.com/image/private/f_auto,q_auto/league/hiths7xi3om1znydyidl",2017,REG,NYJ,3,0,0,0,0,0,0,0,0,0,0,0,0,,,0,,0,0,0,0,0,0,0,0,0,0,,0,0,0,0,0,0,0,0,0,0,0,0,0,0,,0,0,0,0,0,,0,0,0,0,4,1,5,0,0,0,0,0,1,0,0,0,0,0,0,0,0,0,1,0,0,0,0,0,0,0,0,0,0,0,0,0,0,0,0,0,,,0,0,0,0,0,0,0,0,0,0,0,0,,,,0,0,0,0,0,0,0,,0,0,0,0,,0,0,,0,0,0,0,0,0,0,0,0,0,0,0
00-0030401,K.Alonso,Kiko Alonso,OLB,LB,"https://static.www.nfl.com/image/private/f_auto,q_auto/league/bratbocddqitvbqhilj5",2017,REG,MIA,16,0,0,0,0,0,0,0,0,0,0,0,0,,,0,,0,0,0,0,0,0,0,0,0,0,,0,0,0,0,0,0,0,0,0,0,0,0,0,0,,0,0,0,0,0,,0,0,0,0,74,5,36,6,12,2,1,0,5,0,0,1,0,0,0,0,0,0,0,0,0,2,10,0,0,0,0,0,0,0,0,0,0,0,0,0,,,0,0,0,0,0,0,0,0,0,0,0,0,,,,0,0,0,0,0,0,0,,0,0,0,0,,0,0,,0,0,0,0,0,0,0,0,0,0,0,0
00-0030402,A.Spence,Akeem Spence,DT,DL,"https://static.www.nfl.com/image/private/f_auto,q_auto/league/psegy2ft4lr56hkwtzhk",2017,REG,DET,16,0,0,0,0,0,0,0,0,0,0,0,0,,,0,,0,0,0,0,0,0,0,0,0,0,,0,0,0,0,0,0,0,0,0,0,0,0,0,0,,0,0,0,0,0,,0,0,0,0,19,0,20,4,18,1,3,23,9,0,0,0,0,0,0,0,0,0,0,0,0,4,20,0,0,0,0,0,0,0,0,0,0,0,0,0,,,0,0,0,0,0,0,0,0,0,0,0,0,,,,0,0,0,0,0,0,0,,0,0,0,0,,0,0,,0,0,0,0,0,0,0,0,0,0,0,0
00-0030404,C.Thompson,Chris Thompson,RB,RB,"https://static.www.nfl.com/image/private/f_auto,q_auto/league/ypyldro2efcy5jcrytft",2017,REG,WAS,10,0,0,0,0,0,0,0,0,0,0,0,0,,,0,,0,0,0,0,64,294,2,1,0,11,-7.63179008537554,0,8,6,1,1,39,54,510,4,0,0,133,485,22,24.6010819420101,0,20,11,9,2,3.83458646616541,0.101123595505618,0.0320250421382133,0.174102922755176,0,1,0,0,0,0,0,0,0,0,0,0,0,0,0,0,0,1,-2,0,0,0,0,0,3,0,0,3,2,0,0,8,165,0,0,0,0,,,0,0,0,0,0,0,0,0,0,0,0,0,,,,0,0,0,0,0,0,0,,0,0,0,0,,0,0,,0,0,0,0,0,0,0,0,0,0,116.4,155.4
00-0030405,J.Locke,Jeff Locke,P,SPEC,"https://static.www.nfl.com/image/private/f_auto,q_auto/league/ehxspsqfck3sz2ju7t6x",2017,REG,DET,5,0,0,0,0,0,0,0,0,0,0,0,0,,,0,,0,0,0,0,0,0,0,0,0,0,,0,0,0,0,0,0,0,0,0,0,0,0,0,0,,0,0,0,0,0,,0,0,0,0,0,0,0,0,0,0,0,0,0,0,0,0,0,0,0,0,0,0,0,0,0,1,5,0,0,0,0,0,0,0,0,0,0,0,0,0,,,0,0,0,0,0,0,0,0,0,0,0,0,,,,0,0,0,0,0,0,0,,0,0,0,0,,27,0,54,1222,11,3,2,0,11,11,82,0,1140,0,0
00-0030411,L.Ryan,Logan Ryan,CB,DB,"https://static.www.nfl.com/image/private/f_auto,q_auto/league/cx2auxfuxnuduesro2ww",2017,REG,TEN,14,0,0,0,0,0,0,0,0,0,0,0,0,,,0,,0,0,0,0,0,0,0,0,0,0,,0,0,0,0,0,0,0,0,0,0,0,0,0,0,,0,0,0,0,0,,0,0,0,0,47,3,12,2,4,1,0,0,0,0,0,11,0,0,0,0,0,0,0,0,0,6,45,0,0,0,0,0,0,0,0,0,0,0,0,0,,,0,0,0,0,0,0,0,0,0,0,0,0,,,,0,0,0,0,0,0,0,,0,0,0,0,,0,0,,0,0,0,0,0,0,0,0,0,0,0,0
00-0030412,S.Thomas,Shamarko Thomas,DB,DB,"https://static.www.nfl.com/image/private/f_auto,q_auto/league/ov7tqeidxwkjijamg44p",2017,REG,BUF,8,0,0,0,0,0,0,0,0,0,0,0,0,,,0,,0,0,0,0,0,0,0,0,0,0,,0,0,0,0,0,0,0,0,0,0,0,0,0,0,,0,0,0,0,0,,0,0,0,0,7,1,1,0,0,0,0,0,0,0,0,0,0,0,0,0,0,0,0,0,0,0,0,0,0,0,0,0,0,0,0,0,0,0,0,0,,,0,0,0,0,0,0,0,0,0,0,0,0,,,,0,0,0,0,0,0,0,,0,0,0,0,,0,0,,0,0,0,0,0,0,0,0,0,0,0,0
00-0030420,D.Amerson,David Amerson,DB,DB,"https://static.www.nfl.com/image/private/f_auto,q_auto/league/c8cszehpmckghfcsg44l",2017,REG,LV,6,0,0,0,0,0,0,0,0,0,0,0,0,,,0,,0,0,0,0,0,0,0,0,0,0,,0,0,0,0,0,0,0,0,0,0,0,0,0,0,,0,0,0,0,0,,0,0,0,0,13,1,4,0,0,0,0,0,0,0,0,4,0,0,0,0,0,0,1,0,0,0,0,0,0,0,0,0,0,0,0,0,0,0,0,0,,,0,0,0,0,0,0,0,0,0,0,0,0,,,,0,0,0,0,0,0,0,,0,0,0,0,,0,0,,0,0,0,0,0,0,0,0,0,0,0,0
00-0030421,J.Collins,Jamie Collins,OLB,LB,"https://static.www.nfl.com/image/private/f_auto,q_auto/league/opx1haouuhocoewz7p5h",2017,REG,CLE,6,0,0,0,0,0,0,0,0,0,0,0,0,,,0,,0,0,0,0,0,0,0,0,0,0,,0,0,0,0,0,0,0,0,0,0,0,0,0,0,,0,0,0,0,0,,0,0,0,0,19,2,10,5,15,1,1,7,2,1,0,3,0,0,0,0,0,0,0,0,0,1,15,0,0,0,0,0,0,0,0,0,0,0,0,0,,,0,0,0,0,0,0,0,0,0,0,0,0,,,,0,0,0,0,0,0,0,,0,0,0,0,,0,0,,0,0,0,0,0,0,0,0,0,0,0,0
00-0030422,D.Sims,Dion Sims,TE,TE,"https://static.www.nfl.com/image/private/f_auto,q_auto/league/gvok1agdl3xtz9nceqfr",2017,REG,CHI,12,0,0,0,0,0,0,0,0,0,0,0,0,,,0,,0,0,0,0,0,0,0,0,0,0,,0,0,0,0,0,15,29,180,1,0,0,257,67,9,-4.31232065867516,0,7,5,3,0,0.700389105058366,0.061965811965812,0.0737023229136794,0.144540343988294,0,1,0,0,0,0,1,0,0,0,0,0,0,0,0,0,0,0,0,0,0,0,0,0,0,0,0,0,0,0,0,0,0,0,0,0,0,,,0,0,0,0,0,0,0,0,0,0,0,0,,,,0,0,0,0,0,0,0,,0,0,0,0,,0,0,,0,0,0,0,0,0,0,0,0,0,24,39
00-0030427,K.Ishmael,Kemal Ishmael,S,DB,"https://static.www.nfl.com/image/private/f_auto,q_auto/league/ifdrckmsuvqmajq2slwc",2017,REG,ATL,15,0,0,0,0,0,0,0,0,0,0,0,0,,,0,,0,0,0,0,0,0,0,0,0,0,,0,0,0,0,0,0,0,0,0,0,0,0,0,0,,0,0,0,0,0,,0,0,0,0,12,3,14,1,12,0,1,12,1,0,0,1,0,0,0,0,0,0,1,0,0,3,28,0,0,0,0,0,0,0,0,0,0,0,0,0,,,0,0,0,0,0,0,0,0,0,0,0,0,,,,0,0,0,0,0,0,0,,0,0,0,0,,0,0,,0,0,0,0,0,0,0,0,0,0,0,0
00-0030431,R.Woods,Robert Woods,WR,WR,"https://static.www.nfl.com/image/upload/f_auto,q_auto/league/ydjg5fylwkf5aaxiul6v",2017,REG,LA,12,0,0,0,0,0,0,0,0,0,0,0,0,,,0,,0,0,0,0,2,12,0,0,0,0,0.319563522003591,0,0,0,0,0,56,85,781,5,1,1,866,304,36,42.7834039217065,0,33,14,12,2,0.901847575057737,0.166666666666667,0.213616181549087,0.399531327084361,0,0,0,0,0,0,0,0,0,0,0,0,0,0,0,0,0,0,0,0,0,0,3,30,1,0,0,1,1,0,0,0,0,0,0,0,0,,,0,0,0,0,0,0,0,0,0,0,0,0,,,,0,0,0,0,0,0,0,,0,0,0,0,,0,0,,0,0,0,0,0,0,0,0,0,0,107.3,163.3
00-0030433,M.Gillislee,Mike Gillislee,RB,RB,"https://static.www.nfl.com/image/private/f_auto,q_auto/league/bz85uuhwz2daip0avjrg",2017,REG,NE,9,0,0,0,0,0,0,0,0,0,0,0,0,,,0,,0,0,0,0,104,383,5,1,1,25,-15.6893544190194,0,5,5,0,0,1,1,15,0,0,0,-5,20,1,0.870245076483116,0,1,0,0,0,-3,0.00171232876712329,-0.000933532486930545,0.00191502040983355,0,0,0,0,0,0,0,0,0,0,0,0,0,0,0,0,0,0,0,0,0,0,0,0,1,0,0,1,1,0,0,0,0,0,0,0,0,,,0,0,0,0,0,0,0,0,0,0,0,0,,,,0,0,0,0,0,0,0,,0,0,0,0,,0,0,,0,0,0,0,0,0,0,0,0,0,67.8,68.8
00-0030434,V.Williams,Vince Williams,ILB,LB,"https://static.www.nfl.com/image/private/f_auto,q_auto/league/xxfxattoqwreu5ppyicl",2017,REG,PIT,16,0,0,0,0,0,0,0,0,0,0,0,0,,,0,,0,0,0,0,0,0,0,0,0,0,,0,0,0,0,0,0,0,0,0,0,0,0,0,0,,0,0,0,0,0,,0,0,0,0,57,12,20,11,67,0,8,63,14,1,13,1,0,0,0,0,0,0,0,0,0,2,30,0,0,0,0,0,0,0,0,0,0,0,0,0,,,0,0,0,0,0,0,0,0,0,0,0,0,,,,0,0,0,0,0,0,0,,0,0,0,0,,0,0,,0,0,0,0,0,0,0,0,0,0,0,0
00-0030441,K.Long,Kyle Long,G,OL,"https://static.www.nfl.com/image/private/f_auto,q_auto/league/nzhbqhrtqaw6kg3ffzvr",2017,REG,CHI,3,0,0,0,0,0,0,0,0,0,0,0,0,,,0,,0,0,0,0,0,0,0,0,0,0,,0,0,0,0,0,0,0,0,0,0,0,0,0,0,,0,0,0,0,0,,0,0,0,0,2,0,0,0,0,0,0,0,0,0,0,0,0,0,0,0,0,0,0,0,0,3,25,0,0,0,0,0,0,0,0,0,0,0,0,0,,,0,0,0,0,0,0,0,0,0,0,0,0,,,,0,0,0,0,0,0,0,,0,0,0,0,,0,0,,0,0,0,0,0,0,0,0,0,0,0,0
00-0030442,J.Simon,John Simon,LB,LB,"https://static.www.nfl.com/image/private/f_auto,q_auto/league/cuhrkuo2cirudn1etvmz",2017,REG,IND,9,0,0,0,0,0,0,0,0,0,0,0,0,,,0,,0,0,0,0,0,0,0,0,0,0,,0,0,0,0,0,0,0,0,0,0,0,0,0,0,,0,0,0,0,0,,0,0,0,0,28,0,15,7,34,0,3,15,12,1,26,1,1,0,0,0,0,0,0,0,0,0,0,0,0,0,0,0,0,0,0,0,0,0,0,0,,,0,0,0,0,0,0,0,0,0,0,0,0,,,,0,0,0,0,0,0,0,,0,0,0,0,,0,0,,0,0,0,0,0,0,0,0,0,0,0,0
00-0030443,L.Toilolo,Levine Toilolo,TE,TE,"https://static.www.nfl.com/image/private/f_auto,q_auto/league/w6qnlfw0cuxest48srd0",2017,REG,ATL,10,0,0,0,0,0,0,0,0,0,0,0,0,,,0,,0,0,0,0,0,0,0,0,0,0,,0,0,0,0,0,12,14,122,1,0,0,85,63,5,9.71204011744703,0,4,2,1,0,1.43529411764706,0.0270793036750484,0.0178197064989518,0.0530927500618388,0,2,0,2,0,0,0,0,0,0,0,0,0,0,0,0,0,1,0,0,0,1,2,20,0,0,0,0,0,0,0,0,0,0,0,0,0,,,0,0,0,0,0,0,0,0,0,0,0,0,,,,0,0,0,0,0,0,0,,0,0,0,0,,0,0,,0,0,0,0,0,0,0,0,0,0,18.2,30.2
00-0030448,K.Short,Kawann Short,DT,DL,"https://static.www.nfl.com/image/private/f_auto,q_auto/league/dtvhfmoccouakxa9nukm",2017,REG,CAR,16,0,0,0,0,0,0,0,0,0,0,0,0,,,0,,0,0,0,0,0,0,0,0,0,0,,0,0,0,0,0,0,0,0,0,0,0,0,0,0,,0,0,0,0,0,,0,0,0,0,24,3,22,7,22,2,7.5,35.5,17,0,0,1,0,0,0,0,0,0,1,11,0,1,5,0,0,0,0,0,0,0,0,0,0,0,0,0,,,0,0,0,0,0,0,0,0,0,0,0,0,,,,0,0,0,0,0,0,0,,0,0,0,0,,0,0,,0,0,0,0,0,0,0,0,0,0,0,0
00-0030449,M.Hunt,Margus Hunt,DE,DL,"https://static.www.nfl.com/image/private/f_auto,q_auto/league/kcgvs6jecijrj3884z2v",2017,REG,IND,14,0,0,0,0,0,0,0,0,0,0,0,0,,,0,,0,0,0,0,0,0,0,0,0,0,,0,0,0,0,0,0,0,0,0,0,0,0,0,0,,0,0,0,0,0,,0,0,0,0,17,2,10,6,20,0,1,8,7,0,0,2,0,0,0,0,0,0,0,0,0,3,14,0,0,0,0,0,0,0,0,0,0,0,0,0,,,0,0,0,0,0,0,0,0,0,0,0,0,,,,0,0,0,0,0,0,0,,0,0,0,0,,0,0,,0,0,0,0,0,0,0,0,0,0,0,0
00-0030451,D.McCray,Demetrius McCray,DB,DB,"https://static.www.nfl.com/image/private/f_auto,q_auto/league/mhkvhh2kjj6ewsqdb8lk",2017,REG,LV,1,0,0,0,0,0,0,0,0,0,0,0,0,,,0,,0,0,0,0,0,0,0,0,0,0,,0,0,0,0,0,0,0,0,0,0,0,0,0,0,,0,0,0,0,0,,0,0,0,0,1,0,0,0,0,0,0,0,0,0,0,0,0,0,0,0,0,0,0,0,0,0,0,0,0,0,0,0,0,0,0,0,0,0,0,0,,,0,0,0,0,0,0,0,0,0,0,0,0,,,,0,0,0,0,0,0,0,,0,0,0,0,,0,0,,0,0,0,0,0,0,0,0,0,0,0,0
00-0030455,S.Lotulelei,Star Lotulelei,DT,DL,"https://static.www.nfl.com/image/private/f_auto,q_auto/league/aa76o5lnybfm9chig7g5",2017,REG,CAR,13,0,0,0,0,0,0,0,0,0,0,0,0,,,0,,0,0,0,0,0,0,0,0,0,0,,0,0,0,0,0,0,0,0,0,0,0,0,0,0,,0,0,0,0,0,,0,0,0,0,6,0,19,3,7,0,1.5,9.5,5,0,0,1,0,0,0,0,0,0,1,0,0,2,6,0,0,0,0,0,0,0,0,0,0,0,0,0,,,0,0,0,0,0,0,0,0,0,0,0,0,,,,0,0,0,0,0,0,0,,0,0,0,0,,0,0,,0,0,0,0,0,0,0,0,0,0,0,0
00-0030456,G.Bernard,Giovani Bernard,RB,RB,"https://static.www.nfl.com/image/private/f_auto,q_auto/league/guht9y14gftgsugb87xz",2017,REG,CIN,16,0,0,0,0,0,0,0,0,0,0,0,0,,,0,,0,0,0,0,105,458,2,0,0,20,-9.8108166687889,0,14,7,5,0,43,60,389,2,0,0,-52,439,16,0.519593688159871,0,16,6,3,1,-7.48076923076923,0.122950819672131,-0.0124730151115375,0.17569511893012,0,1,0,0,0,0,0,0,0,0,0,0,0,0,0,0,0,0,0,0,0,0,4,34,0,0,0,0,0,0,0,1,7,0,0,0,0,,,0,0,0,0,0,0,0,0,0,0,0,0,,,,0,0,0,0,0,0,0,,0,0,0,0,,0,0,,0,0,0,0,0,0,0,0,0,0,108.7,151.7
00-0030457,T.Carradine,Tank Carradine,DE,DL,"https://static.www.nfl.com/image/private/f_auto,q_auto/league/le8vvip0k3ujvktc4ale",2017,REG,SF,8,0,0,0,0,0,0,0,0,0,0,0,0,,,0,,0,0,0,0,0,0,0,0,0,0,,0,0,0,0,0,0,0,0,0,0,0,0,0,0,,0,0,0,0,0,,0,0,0,0,13,1,5,1,8,0,1.5,9.5,4,0,0,0,0,0,0,0,0,0,0,0,0,0,0,0,0,0,0,0,0,0,0,0,0,0,0,0,,,0,0,0,0,0,0,0,0,0,0,0,0,,,,0,0,0,0,0,0,0,,0,0,0,0,,0,0,,0,0,0,0,0,0,0,0,0,0,0,0
00-0030459,T.Mathieu,Tyrann Mathieu,FS,DB,"https://static.www.nfl.com/image/upload/f_auto,q_auto/league/k3fywj4kodnfuyscnujy",2017,REG,ARI,16,0,0,0,0,0,0,0,0,0,0,0,0,,,0,,0,0,0,0,0,0,0,0,0,0,,0,0,0,0,0,0,0,0,0,0,0,0,0,0,,0,0,0,0,0,,0,0,0,0,67,3,8,6,14,1,1,3,4,2,16,7,0,0,0,0,0,0,0,0,0,1,5,0,0,0,0,0,0,0,0,0,0,0,0,0,,,0,0,0,0,0,0,0,0,0,0,0,0,,,,0,0,0,0,0,0,0,,0,0,0,0,,0,0,,0,0,0,0,0,0,0,0,0,0,0,0
00-0030460,M.Wheaton,Markus Wheaton,WR,WR,"https://static.www.nfl.com/image/private/f_auto,q_auto/league/hd28smxn43jzwkdikpd0",2017,REG,CHI,7,0,0,0,0,0,0,0,0,0,0,0,0,,,0,,0,0,0,0,0,0,0,0,0,0,,0,0,0,0,0,3,17,51,0,0,0,244,3,2,-6.23493544792291,0,2,2,2,0,0.209016393442623,0.0363247863247863,0.0699741898480069,0.103469112380784,0,0,0,0,0,0,0,0,0,0,0,0,0,0,0,0,0,0,0,0,0,0,1,10,0,0,0,0,0,0,0,0,0,0,0,0,0,,,0,0,0,0,0,0,0,0,0,0,0,0,,,,0,0,0,0,0,0,0,,0,0,0,0,,0,0,,0,0,0,0,0,0,0,0,0,0,5.1,8.1
00-0030463,A.Klein,A.J. Klein,OLB,LB,"https://static.www.nfl.com/image/private/f_auto,q_auto/league/ohrm5k7zku2mc5alnmz4",2017,REG,NO,10,0,0,0,0,0,0,0,0,0,0,0,0,,,0,,0,0,0,0,0,0,0,0,0,0,,0,0,0,0,0,0,0,0,0,0,0,0,0,0,,0,0,0,0,0,,0,0,0,0,37,0,17,6,27,1,2,21,3,0,0,4,0,0,0,0,0,0,0,0,0,2,20,0,0,0,0,0,0,0,0,0,0,0,0,0,,,0,0,0,0,0,0,0,0,0,0,0,0,,,,0,0,0,0,0,0,0,,0,0,0,0,,0,0,,0,0,0,0,0,0,0,0,0,0,0,0
00-0030465,K.Barner,Kenjon Barner,RB,RB,"https://static.www.nfl.com/image/private/f_auto,q_auto/league/n8hvbyw7vdlj7svjwqg4",2017,REG,PHI,13,0,0,0,0,0,0,0,0,0,0,0,0,,,0,,0,0,0,0,16,57,1,0,0,3,-3.08672484447015,0,2,2,0,0,5,8,56,0,0,0,11,52,1,-3.1578231229214,0,2,1,1,0,5.09090909090909,0.0143884892086331,0.00208372797878386,0.0230413433980983,0,0,0,0,0,0,0,0,0,0,0,0,0,0,3,0,0,3,0,0,0,0,0,0,0,3,0,3,0,27,240,10,194,0,0,0,0,,,0,0,0,0,0,0,0,0,0,0,0,0,,,,0,0,0,0,0,0,0,,0,0,0,0,,0,0,,0,0,0,0,0,0,0,0,0,0,17.3,22.3
00-0030469,J.Banks,Johnthan Banks,DB,DB,"https://static.www.nfl.com/image/private/f_auto,q_auto/league/kpjnoizotzwitigvyjdg",2017,REG,HOU,3,0,0,0,0,0,0,0,0,0,0,0,0,,,0,,0,0,0,0,0,0,0,0,0,0,,0,0,0,0,0,0,0,0,0,0,0,0,0,0,,0,0,0,0,0,,0,0,0,0,7,1,2,0,0,0,0,0,0,0,0,0,0,0,0,0,0,0,0,0,0,1,5,0,0,0,0,0,0,0,0,0,0,0,0,0,,,0,0,0,0,0,0,0,0,0,0,0,0,,,,0,0,0,0,0,0,0,,0,0,0,0,,0,0,,0,0,0,0,0,0,0,0,0,0,0,0
00-0030470,V.McDonald,Vance McDonald,TE,TE,"https://static.www.nfl.com/image/private/f_auto,q_auto/league/apafzol1dcqu56cqotv9",2017,REG,PIT,10,0,0,0,0,0,0,0,0,0,0,0,0,,,0,,0,0,0,0,0,0,0,0,0,0,,0,0,0,0,0,14,24,188,1,0,0,199,88,10,3.33857421059226,0,7,5,3,0,0.944723618090452,0.041025641025641,0.0379553690635133,0.0881072198829208,0,1,0,0,0,0,1,0,0,0,0,0,0,0,0,0,0,0,0,0,0,0,1,10,0,0,0,0,0,0,0,0,0,0,0,0,0,,,0,0,0,0,0,0,0,0,0,0,0,0,,,,0,0,0,0,0,0,0,,0,0,0,0,,0,0,,0,0,0,0,0,0,0,0,0,0,24.8,38.8
00-0030471,S.Williams,Shawn Williams,S,DB,"https://static.www.nfl.com/image/private/f_auto,q_auto/league/itwadnav0rwaqupj5lws",2017,REG,CIN,11,0,0,0,0,0,0,0,0,0,0,0,0,,,0,,0,0,0,0,0,0,0,0,0,0,,0,0,0,0,0,0,0,0,0,0,0,0,0,0,,0,0,0,0,0,,0,0,0,0,33,1,15,2,3,0,0,0,1,1,7,3,0,0,0,0,0,0,2,0,0,2,30,0,0,0,0,0,0,0,0,0,0,0,0,0,,,0,0,0,0,0,0,0,0,0,0,0,0,,,,0,0,0,0,0,0,0,,0,0,0,0,,0,0,,0,0,0,0,0,0,0,0,0,0,0,0
00-0030472,J.Reed,Jordan Reed,TE,TE,"https://static.www.nfl.com/image/private/f_auto,q_auto/league/jur0qgejd3lzv8flmxcq",2017,REG,WAS,6,0,0,0,0,0,0,0,0,0,0,0,0,,,0,,0,0,0,0,0,0,0,0,0,0,,0,0,0,0,0,27,35,211,2,1,0,225,72,10,8.10218573041493,0,7,2,1,0,0.937777777777778,0.0655430711610487,0.0541777028653985,0.136238998747352,0,0,0,0,0,0,0,0,0,0,0,0,0,0,0,0,0,2,-2,0,0,0,1,10,1,0,0,1,0,0,0,0,0,0,0,0,0,,,0,0,0,0,0,0,0,0,0,0,0,0,,,,0,0,0,0,0,0,0,,0,0,0,0,,0,0,,0,0,0,0,0,0,0,0,0,0,33.1,60.1
00-0030484,J.Taylor,Jamar Taylor,CB,DB,"https://static.www.nfl.com/image/private/f_auto,q_auto/league/thegvhm2aodsgwg9vjih",2017,REG,CLE,15,0,0,0,0,0,0,0,0,0,0,0,0,,,0,,0,0,0,0,0,0,0,0,0,0,,0,0,0,0,0,0,0,0,0,0,0,0,0,0,,0,0,0,0,0,,0,0,0,0,46,2,14,3,7,1,0.5,3.5,1,0,0,10,0,0,0,0,0,0,0,0,0,3,86,0,0,0,0,0,0,0,0,0,0,0,0,0,,,0,0,0,0,0,0,0,0,0,0,0,0,,,,0,0,0,0,0,0,0,,0,0,0,0,,0,0,,0,0,0,0,0,0,0,0,0,0,0,0
00-0030485,E.Lacy,Eddie Lacy,RB,RB,"https://static.www.nfl.com/image/private/f_auto,q_auto/league/ckn4luxcj2oc2c24fh7i",2017,REG,SEA,9,0,0,0,0,0,0,0,0,0,0,0,0,,,0,,0,0,0,0,69,179,0,0,0,7,-19.9525243520911,0,4,2,0,0,6,6,47,0,0,0,-4,51,2,2.64828216651222,0,1,0,0,0,-11.75,0.0114068441064639,-0.000735429306857878,0.0165954656448953,0,0,0,0,0,0,0,0,0,0,0,0,0,0,0,0,0,0,0,0,0,0,0,0,0,0,0,0,0,0,0,0,0,0,0,0,0,,,0,0,0,0,0,0,0,0,0,0,0,0,,,,0,0,0,0,0,0,0,,0,0,0,0,,0,0,,0,0,0,0,0,0,0,0,0,0,22.6,28.6
00-0030488,L.Edwards,Lavar Edwards,LB,LB,"https://static.www.nfl.com/image/private/f_auto,q_auto/league/z7ajcqsjwvlte7shy0rp",2017,REG,CLE,2,0,0,0,0,0,0,0,0,0,0,0,0,,,0,,0,0,0,0,0,0,0,0,0,0,,0,0,0,0,0,0,0,0,0,0,0,0,0,0,,0,0,0,0,0,,0,0,0,0,0,0,2,0,0,0,0,0,0,0,0,0,0,0,0,0,0,0,0,0,0,0,0,0,0,0,0,0,0,0,0,0,0,0,0,0,,,0,0,0,0,0,0,0,0,0,0,0,0,,,,0,0,0,0,0,0,0,,0,0,0,0,,0,0,,0,0,0,0,0,0,0,0,0,0,0,0
00-0030496,L.Bell,Le'Veon Bell,RB,RB,"https://static.www.nfl.com/image/private/f_auto,q_auto/league/sm3ij3pcby5ciqwaaqa1",2017,REG,PIT,15,0,0,0,0,0,0,0,0,0,0,0,0,,,0,,0,0,0,0,321,1291,9,2,2,74,-18.1021241184528,0,33,21,3,0,86,107,663,2,1,0,35,688,32,11.6135950075153,0,24,8,5,1,18.9428571428571,0.182905982905983,0.00667556742323098,0.279031871555236,0,0,0,0,0,0,0,0,0,0,0,0,0,0,0,0,0,0,0,0,0,0,2,30,3,0,1,3,2,0,0,0,0,0,0,0,0,,,0,0,0,0,0,0,0,0,0,0,0,0,,,,0,0,0,0,0,0,0,,0,0,0,0,,0,0,,0,0,0,0,0,0,0,0,0,0,257.4,343.4
00-0030503,A.Okafor,Alex Okafor,DE,DL,"https://static.www.nfl.com/image/private/f_auto,q_auto/league/haacftqavtvq7dnvph1g",2017,REG,NO,10,0,0,0,0,0,0,0,0,0,0,0,0,,,0,,0,0,0,0,0,0,0,0,0,0,,0,0,0,0,0,0,0,0,0,0,0,0,0,0,,0,0,0,0,0,,0,0,0,0,26,1,16,4,17,2,4.5,26,9,0,0,4,0,0,0,0,0,0,0,0,0,1,5,0,0,0,0,0,0,0,0,0,0,0,0,0,,,0,0,0,0,0,0,0,0,0,0,0,0,,,,0,0,0,0,0,0,0,,0,0,0,0,,0,0,,0,0,0,0,0,0,0,0,0,0,0,0
00-0030504,E.Watford,Earl Watford,G,OL,"https://static.www.nfl.com/image/private/f_auto,q_auto/league/omvn7ragvrqppdz4x6dc",2017,REG,ARI,4,0,0,0,0,0,0,0,0,0,0,0,0,,,0,,0,0,0,0,0,0,0,0,0,0,,0,0,0,0,0,0,0,0,0,0,0,0,0,0,,0,0,0,0,0,,0,0,0,0,1,0,0,0,0,0,0,0,0,0,0,0,0,0,0,0,2,0,0,0,0,3,23,0,0,0,0,0,0,0,0,0,0,0,0,0,,,0,0,0,0,0,0,0,0,0,0,0,0,,,,0,0,0,0,0,0,0,,0,0,0,0,,0,0,,0,0,0,0,0,0,0,0,0,0,0,0
00-0030505,D.Fluker,D.J. Fluker,G,OL,"https://static.www.nfl.com/image/private/f_auto,q_auto/league/ylkoo7aiengoxr2ziofm",2017,REG,NYG,4,0,0,0,0,0,0,0,0,0,0,0,0,,,0,,0,0,0,0,0,0,0,0,0,0,,0,0,0,0,0,0,0,0,0,0,0,0,0,0,,0,0,0,0,0,,0,0,0,0,1,0,0,0,0,0,0,0,0,0,0,0,0,0,0,0,0,0,0,0,0,3,15,0,0,0,0,0,0,0,0,0,0,0,0,0,,,0,0,0,0,0,0,0,0,0,0,0,0,,,,0,0,0,0,0,0,0,,0,0,0,0,,0,0,,0,0,0,0,0,0,0,0,0,0,0,0
00-0030506,T.Kelce,Travis Kelce,TE,TE,"https://static.www.nfl.com/image/upload/f_auto,q_auto/league/ebc5j60djpinc9elvlc5",2017,REG,KC,15,0,1,0,0,1,0,0,0,0,46,0,0,-2.99739205325022,-29.4056862592697,0,0,0,0,0,0,2,7,0,0,0,2,0.756889131036587,0,0,0,0,0,83,122,1038,8,0,0,1186,406,55,52.5736526140928,0,44,27,19,1,0.875210792580101,0.231060606060606,0.282515483563602,0.54435174758543,0,0,0,0,0,0,0,0,0,0,0,0,1,0,0,0,0,0,0,0,0,0,5,50,0,0,0,0,0,0,0,0,0,0,0,0,0,,,0,0,0,0,0,0,0,0,0,0,0,0,,,,0,0,0,0,0,0,0,,0,0,0,0,,0,0,,0,0,0,0,0,0,0,0,0,0,150.5,233.5
00-0030507,B.Logan,Bennie Logan,DT,DL,"https://static.www.nfl.com/image/private/f_auto,q_auto/league/ywpa2hilqxek8iwj33gx",2017,REG,KC,14,0,0,0,0,0,0,0,0,0,0,0,0,,,0,,0,0,0,0,0,0,0,0,0,0,,0,0,0,0,0,0,0,0,0,0,0,0,0,0,,0,0,0,0,0,,0,0,0,0,34,1,17,8,32,0,1.5,9.5,3,0,0,1,0,0,0,0,0,0,0,0,0,3,22,0,0,0,0,0,0,0,0,0,0,0,0,0,,,0,0,0,0,0,0,0,0,0,0,0,0,,,,0,0,0,0,0,0,0,,0,0,0,0,,0,0,,0,0,0,0,0,0,0,0,0,0,0,0
00-0030511,B.Williams,Brandon Williams,DE,DL,"https://static.www.nfl.com/image/private/f_auto,q_auto/league/fsifllhqsfavihjfs6eu",2017,REG,BAL,11,0,0,0,0,0,0,0,0,0,0,0,0,,,0,,0,0,0,0,0,0,0,0,0,0,,0,0,0,0,0,0,0,0,0,0,0,0,0,0,,0,0,0,0,0,,0,0,0,0,18,0,12,5,13,0,0,0,2,0,0,2,0,0,0,0,0,0,1,1,1,0,0,0,0,0,0,0,0,0,0,0,0,0,0,0,,,0,0,0,0,0,0,0,0,0,0,0,0,,,,0,0,0,0,0,0,0,,0,0,0,0,,0,0,,0,0,0,0,0,0,0,0,0,0,0,0
00-0030513,L.Murray,Latavius Murray,RB,RB,"https://static.www.nfl.com/image/private/f_auto,q_auto/league/zepm7ghltyeqydn0qxcg",2017,REG,MIN,16,0,0,0,0,0,0,0,0,0,0,0,0,,,0,,0,0,0,0,216,842,8,1,0,42,-19.4948812618017,0,20,15,7,1,15,17,103,0,0,0,-20,125,3,2.13434055354446,0,3,1,1,0,-5.15,0.0326295585412668,-0.00499251123315028,0.045449579948695,0,0,0,0,0,0,0,0,0,0,0,0,0,0,0,0,0,0,0,0,0,0,1,10,1,0,0,1,0,0,0,0,0,0,0,0,0,,,0,0,0,0,0,0,0,0,0,0,0,0,,,,0,0,0,0,0,0,0,,0,0,0,0,,0,0,,0,0,0,0,0,0,0,0,0,0,142.5,157.5
00-0030515,S.McGee,Stacy McGee,DT,DL,"https://static.www.nfl.com/image/private/f_auto,q_auto/league/qzedu4gy9vwclljtph4j",2017,REG,WAS,14,0,0,0,0,0,0,0,0,0,0,0,0,,,0,,0,0,0,0,0,0,0,0,0,0,,0,0,0,0,0,0,0,0,0,0,0,0,0,0,,0,0,0,0,0,,0,0,0,0,21,3,20,0,0,0,0,0,4,0,0,1,0,0,0,0,0,0,0,0,0,1,5,0,0,0,0,0,0,0,0,0,0,0,0,0,,,0,0,0,0,0,0,0,0,0,0,0,0,,,,0,0,0,0,0,0,0,,0,0,0,0,,0,0,,0,0,0,0,0,0,0,0,0,0,0,0
00-0030516,B.Butler,Brice Butler,WR,WR,"https://static.www.nfl.com/image/private/f_auto,q_auto/league/xnr2lcdlhui4vyu6z4ir",2017,REG,DAL,13,0,0,0,0,0,0,0,0,0,0,0,0,,,0,,0,0,0,0,0,0,0,0,0,0,,0,0,0,0,0,15,23,317,3,0,0,425,35,10,17.456742389637,0,11,8,7,2,0.745882352941177,0.0474226804123711,0.107785949784428,0.146584185467656,0,1,0,0,0,0,0,0,0,0,0,0,0,0,0,0,0,0,0,0,0,0,1,10,0,0,0,0,0,0,0,0,0,0,0,0,0,,,0,0,0,0,0,0,0,0,0,0,0,0,,,,0,0,0,0,0,0,0,,0,0,0,0,,0,0,,0,0,0,0,0,0,0,0,0,0,49.7,64.7
00-0030517,D.Bass,David Bass,OLB,LB,"https://static.www.nfl.com/image/private/f_auto,q_auto/league/fxtkul2kqfiwnqjrfklp",2017,REG,NYJ,12,0,0,0,0,0,0,0,0,0,0,0,0,,,0,,0,0,0,0,0,0,0,0,0,0,,0,0,0,0,0,0,0,0,0,0,0,0,0,0,,0,0,0,0,0,,0,0,0,0,15,1,10,4,16,0,3.5,16.5,6,0,0,0,0,0,0,0,0,0,0,0,0,2,20,0,0,0,0,0,0,0,1,10,0,0,0,0,,,0,0,0,0,0,0,0,0,0,0,0,0,,,,0,0,0,0,0,0,0,,0,0,0,0,,0,0,,0,0,0,0,0,0,0,0,0,0,0,0
00-0030520,M.Glennon,Mike Glennon,QB,QB,"https://static.www.nfl.com/image/private/f_auto,q_auto/league/mubobrjbeudtezxv0t0p",2017,REG,CHI,4,93,140,833,4,5,8,-78,2,2,860,332,42,-26.4477586612782,1.74922891657987,0,0.968604651162791,35,11,4,0,4,4,0,2,1,0,-6.96554605219356,0,0,0,0,0,0,0,0,0,0,0,0,0,0,,0,0,0,0,0,,0,0,0,0,0,0,0,0,0,0,0,0,0,0,0,0,0,0,0,0,3,-1,0,0,0,0,0,2,3,0,5,3,0,0,0,0,0,0,0,0,,,0,0,0,0,0,0,0,0,0,0,0,0,,,,0,0,0,0,0,0,0,,0,0,0,0,,0,0,,0,0,0,0,0,0,0,0,0,0,33.72,33.72
00-0030521,J.Hunter,Justin Hunter,WR,WR,"https://static.www.nfl.com/image/private/f_auto,q_auto/league/jwfx9spolez2cofb3kvq",2017,REG,PIT,5,0,0,0,0,0,0,0,0,0,0,0,0,,,0,,0,0,0,0,0,0,0,0,0,0,,0,0,0,0,0,4,10,23,1,0,0,124,14,2,0.254489167968539,0,0,0,0,0,0.185483870967742,0.0170940170940171,0.0236505817280183,0.0421964328506385,0,0,0,0,0,0,0,0,0,0,0,0,0,0,0,0,0,0,0,0,0,0,0,0,0,0,0,0,0,0,0,0,0,0,0,0,0,,,0,0,0,0,0,0,0,0,0,0,0,0,,,,0,0,0,0,0,0,0,,0,0,0,0,,0,0,,0,0,0,0,0,0,0,0,0,0,8.3,12.3
00-0030523,K.Webster,Kayvon Webster,S,DB,"https://static.www.nfl.com/image/private/f_auto,q_auto/league/sphrp7cxjmbviaxogcua",2017,REG,LA,11,0,0,0,0,0,0,0,0,0,0,0,0,,,0,,0,0,0,0,0,0,0,0,0,0,,0,0,0,0,0,0,0,0,0,0,0,0,0,0,,0,0,0,0,0,,0,0,0,0,32,2,4,0,0,0,0,0,0,1,0,7,0,0,0,0,0,0,0,0,0,5,25,0,0,0,0,0,0,0,0,0,0,0,0,0,,,0,0,0,0,0,0,0,0,0,0,0,0,,,,0,0,0,0,0,0,0,,0,0,0,0,,0,0,,0,0,0,0,0,0,0,0,0,0,0,0
00-0030524,L.Jones,Landry Jones,QB,QB,"https://static.www.nfl.com/image/private/f_auto,q_auto/league/rxewfnskdqvfmsui48ta",2017,REG,PIT,3,23,28,239,1,1,3,-15,1,1,218,79,9,-3.83287185727386,15.2825964348657,0,1.09633027522936,10,4,3,1,8,-10,0,0,0,0,-7.57722694295808,0,0,0,0,0,0,0,0,0,0,0,0,0,0,,0,0,0,0,0,,0,0,0,0,0,0,0,0,0,0,0,0,0,0,0,0,0,0,0,0,3,0,0,0,0,1,5,1,0,0,1,1,0,0,0,0,0,0,0,0,,,0,0,0,0,0,0,0,0,0,0,0,0,,,,0,0,0,0,0,0,0,,0,0,0,0,,0,0,,0,0,0,0,0,0,0,0,0,0,8.56,8.56
00-0030525,T.Austin,Tavon Austin,WR,WR,"https://static.www.nfl.com/image/private/f_auto,q_auto/league/ulagxqgjnrft4wub0gus",2017,REG,LA,14,0,0,0,0,0,0,0,0,0,0,0,0,,,0,,0,0,0,0,59,270,1,0,0,9,3.49784089717895,0,8,7,2,0,13,22,47,0,0,0,46,73,2,-8.39526670975921,0,1,0,0,0,1.02173913043478,0.0431372549019608,0.0113468179575728,0.0726486549232421,0,1,0,0,0,0,0,0,0,0,0,0,0,0,4,0,0,2,0,0,0,0,0,0,1,4,0,5,4,12,53,1,13,0,0,0,0,,,0,0,0,0,0,0,0,0,0,0,0,0,,,,0,0,0,0,0,0,0,,0,0,0,0,,0,0,,0,0,0,0,0,0,0,0,0,0,37.7,50.7
00-0030526,E.Manuel,EJ Manuel,QB,QB,"https://static.www.nfl.com/image/private/f_auto,q_auto/league/day0kzescuwievdhlacd",2017,REG,LV,2,24,43,265,1,1,4,-29,0,0,411,83,13,-3.14503609199599,-2.75842923493612,0,0.644768856447689,9,6,4,1,2,15,0,0,0,1,2.29964326729532,0,1,0,0,0,0,0,0,0,0,0,0,0,0,,0,0,0,0,0,,0,0,0,0,0,0,0,0,0,0,0,0,0,0,0,0,0,0,0,0,0,0,0,0,0,1,5,0,0,0,0,0,0,0,0,0,0,0,0,0,,,0,0,0,0,0,0,0,0,0,0,0,0,,,,0,0,0,0,0,0,0,,0,0,0,0,,0,0,,0,0,0,0,0,0,0,0,0,0,14.1,14.1
00-0030527,A.Ogletree,Alec Ogletree,ILB,LB,"https://static.www.nfl.com/image/private/f_auto,q_auto/league/n2iknv0oqq5nqbbzjjrn",2017,REG,LA,15,0,0,0,0,0,0,0,0,0,0,0,0,,,0,,0,0,0,0,0,0,0,0,0,0,,0,0,0,0,0,0,0,0,0,0,0,0,0,0,,0,0,0,0,0,,0,0,0,0,58,5,32,3,25,1,2,18,5,1,41,10,1,0,0,0,0,0,1,0,0,5,32,0,0,0,0,0,0,0,0,0,0,0,0,0,,,0,0,0,0,0,0,0,0,0,0,0,0,,,,0,0,0,0,0,0,0,,0,0,0,0,,0,0,,0,0,0,0,0,0,0,0,0,0,0,0
00-0030528,R.Alford,Robert Alford,CB,DB,"https://static.www.nfl.com/image/private/f_auto,q_auto/league/wbev0tvoeyqqhatigwgp",2017,REG,ATL,16,0,0,0,0,0,0,0,0,0,0,0,0,,,0,,0,0,0,0,0,0,0,0,0,0,,0,0,0,0,0,0,0,0,0,0,0,0,0,0,,0,0,0,0,0,,0,0,0,0,60,0,8,0,0,0,0,0,0,1,0,20,0,0,0,0,0,0,0,0,0,7,75,0,0,0,0,0,0,0,0,0,0,0,0,0,,,0,0,0,0,0,0,0,0,0,0,0,0,,,,0,0,0,0,0,0,0,,0,0,0,0,,0,0,,0,0,0,0,0,0,0,0,0,0,0,0
00-0030530,T.McDonald,T.J. McDonald,S,DB,"https://static.www.nfl.com/image/private/f_auto,q_auto/league/jnxntrxxoeo7zcqaa0pv",2017,REG,MIA,8,0,0,0,0,0,0,0,0,0,0,0,0,,,0,,0,0,0,0,0,0,0,0,0,0,,0,0,0,0,0,0,0,0,0,0,0,0,0,0,,0,0,0,0,0,,0,0,0,0,30,1,14,2,6,0,0,0,0,1,7,3,0,0,0,0,0,0,0,0,0,1,5,0,0,0,0,0,0,0,0,0,0,0,0,0,,,0,0,0,0,0,0,0,0,0,0,0,0,,,,0,0,0,0,0,0,0,,0,0,0,0,,0,0,,0,0,0,0,0,0,0,0,0,0,0,0
00-0030538,J.Cyprien,Johnathan Cyprien,DB,DB,"https://static.www.nfl.com/image/private/f_auto,q_auto/league/ub4ywrahig8b9idnfpjd",2017,REG,TEN,10,0,0,0,0,0,0,0,0,0,0,0,0,,,0,,0,0,0,0,0,0,0,0,0,0,,0,0,0,0,0,0,0,0,0,0,0,0,0,0,,0,0,0,0,0,,0,0,0,0,37,1,19,2,9,0,1,8,1,0,0,1,0,0,0,0,0,0,0,0,0,1,5,0,0,0,0,0,0,0,0,0,0,0,0,0,,,0,0,0,0,0,0,0,0,0,0,0,0,,,,0,0,0,0,0,0,0,,0,0,0,0,,0,0,,0,0,0,0,0,0,0,0,0,0,0,0
00-0030541,B.Wreh-Wilson,Blidi Wreh-Wilson,DB,DB,"https://static.www.nfl.com/image/private/f_auto,q_auto/league/gahqeye8dxfvxv2djlvl",2017,REG,ATL,2,0,0,0,0,0,0,0,0,0,0,0,0,,,0,,0,0,0,0,0,0,0,0,0,0,,0,0,0,0,0,0,0,0,0,0,0,0,0,0,,0,0,0,0,0,,0,0,0,0,3,0,1,0,0,0,0,0,0,0,0,1,0,0,0,0,0,0,0,0,0,0,0,0,0,0,0,0,0,0,0,0,0,0,0,0,,,0,0,0,0,0,0,0,0,0,0,0,0,,,,0,0,0,0,0,0,0,,0,0,0,0,,0,0,,0,0,0,0,0,0,0,0,0,0,0,0
00-0030542,T.Williams,Terrance Williams,WR,WR,"https://static.www.nfl.com/image/private/f_auto,q_auto/league/emdrh1uwgitgnw1wytiv",2017,REG,DAL,16,0,0,0,0,0,0,0,0,0,0,0,0,,,0,,0,0,0,0,2,15,0,0,0,1,1.29960392648354,0,0,0,0,0,53,78,568,0,0,0,665,230,31,1.86930840245406,0,24,9,6,1,0.854135338345865,0.160824742268041,0.168653309662693,0.359294430165947,0,0,0,0,0,0,0,0,0,0,0,0,0,0,0,0,0,0,0,0,0,0,2,20,0,0,0,0,0,0,0,0,0,0,0,0,0,,,0,0,0,0,0,0,0,0,0,0,0,0,,,,0,0,0,0,0,0,0,,0,0,0,0,,0,0,,0,0,0,0,0,0,0,0,0,0,58.3,111.3
00-0030543,J.Wilcox,J.J. Wilcox,DB,DB,"https://static.www.nfl.com/image/private/f_auto,q_auto/league/vemneeznnda539ryxlrv",2017,REG,PIT,6,0,0,0,0,0,0,0,0,0,0,0,0,,,0,,0,0,0,0,0,0,0,0,0,0,,0,0,0,0,0,0,0,0,0,0,0,0,0,0,,0,0,0,0,0,,0,0,0,0,8,1,3,0,0,0,0,0,0,1,0,1,0,0,0,0,0,0,0,0,0,4,40,0,0,0,0,0,0,0,0,0,0,0,0,0,,,0,0,0,0,0,0,0,0,0,0,0,0,,,,0,0,0,0,0,0,0,,0,0,0,0,,0,0,,0,0,0,0,0,0,0,0,0,0,0,0
00-0030545,L.Joeckel,Luke Joeckel,G,OL,"https://static.www.nfl.com/image/private/f_auto,q_auto/league/q6vqpinacmsdq9wzcdaa",2017,REG,SEA,4,0,0,0,0,0,0,0,0,0,0,0,0,,,0,,0,0,0,0,0,0,0,0,0,0,,0,0,0,0,0,0,0,0,0,0,0,0,0,0,,0,0,0,0,0,,0,0,0,0,1,0,0,0,0,0,0,0,0,0,0,0,0,0,0,0,0,0,0,0,0,3,15,0,0,0,0,0,0,0,0,0,0,0,0,0,,,0,0,0,0,0,0,0,0,0,0,0,0,,,,0,0,0,0,0,0,0,,0,0,0,0,,0,0,,0,0,0,0,0,0,0,0,0,0,0,0
00-0030546,T.Frederick,Travis Frederick,C,OL,"https://static.www.nfl.com/image/private/f_auto,q_auto/league/bwwel6rabn63u0fficoa",2017,REG,DAL,4,0,0,0,0,0,0,0,0,0,0,0,0,,,0,,0,0,0,0,0,0,0,0,0,0,,0,0,0,0,0,0,0,0,0,0,0,0,0,0,,0,0,0,0,0,,0,0,0,0,1,0,0,0,0,1,0,0,0,0,0,0,0,0,0,0,0,0,1,7,0,3,29,0,2,0,2,1,0,0,0,0,0,0,0,0,,,0,0,0,0,0,0,0,0,0,0,0,0,,,,0,0,0,0,0,0,0,,0,0,0,0,,0,0,,0,0,0,0,0,0,0,0,0,0,0,0
00-0030548,E.Reid,Eric Reid,S,DB,"https://static.www.nfl.com/image/private/f_auto,q_auto/league/wqpzlooco1h72tutdsyp",2017,REG,SF,13,0,0,0,0,0,0,0,0,0,0,0,0,,,0,,0,0,0,0,0,0,0,0,0,0,,0,0,0,0,0,0,0,0,0,0,0,0,0,0,,0,0,0,0,0,,0,0,0,0,49,4,14,3,8,0,0,0,3,2,0,4,0,0,0,0,0,0,1,0,0,4,40,0,0,0,0,0,0,0,0,0,0,0,0,0,,,0,0,0,0,0,0,0,0,0,0,0,0,,,,0,0,0,0,0,0,0,,0,0,0,0,,0,0,,0,0,0,0,0,0,0,0,0,0,0,0
00-0030549,T.Eifert,Tyler Eifert,TE,TE,"https://static.www.nfl.com/image/private/f_auto,q_auto/league/nibaefmxxjry7zca415v",2017,REG,CIN,2,0,0,0,0,0,0,0,0,0,0,0,0,,,0,,0,0,0,0,0,0,0,0,0,0,,0,0,0,0,0,4,5,46,0,0,0,47,11,2,1.96517072845018,0,2,1,1,0,0.978723404255319,0.0102459016393443,0.0112736867354282,0.0232604331738161,0,0,0,0,0,0,0,0,0,0,0,0,0,0,0,0,0,0,0,0,0,0,1,0,0,0,0,0,0,0,0,0,0,0,0,0,0,,,0,0,0,0,0,0,0,0,0,0,0,0,,,,0,0,0,0,0,0,0,,0,0,0,0,,0,0,,0,0,0,0,0,0,0,0,0,0,4.6,8.6
00-0030551,C.Schmidt,Colton Schmidt,P,SPEC,"https://static.www.nfl.com/image/private/f_auto,q_auto/league/ljknmshvxkk85fkaq8ar",2017,REG,BUF,16,0,0,0,0,0,0,0,0,0,0,0,0,,,0,,0,0,0,0,0,0,0,0,0,0,,0,0,0,0,0,0,0,0,0,0,0,0,0,0,,0,0,0,0,0,,0,0,0,0,0,0,0,0,0,0,0,0,0,0,0,0,0,0,0,0,0,0,0,0,0,0,0,0,0,0,0,0,0,0,0,0,0,0,0,0,,,0,0,0,0,0,0,0,0,0,0,0,0,,,,0,0,0,0,0,0,0,,0,0,0,0,,79,0,60,3529,28,10,9,6,16,38,210,0,3199,0,0
00-0030555,D.Jordan,Dion Jordan,DE,DL,"https://static.www.nfl.com/image/private/f_auto,q_auto/league/ykjmfb7efwgshddpfyh1",2017,REG,SEA,5,0,0,0,0,0,0,0,0,0,0,0,0,,,0,,0,0,0,0,0,0,0,0,0,0,,0,0,0,0,0,0,0,0,0,0,0,0,0,0,,0,0,0,0,0,,0,0,0,0,10,0,8,4,19,1,4,20,5,0,0,0,0,0,0,0,0,0,0,0,0,0,0,0,0,0,0,0,0,0,0,0,0,0,0,0,,,0,0,0,0,0,0,0,0,0,0,0,0,,,,0,0,0,0,0,0,0,,0,0,0,0,,0,0,,0,0,0,0,0,0,0,0,0,0,0,0
00-0030558,B.Mingo,Barkevious Mingo,OLB,LB,"https://static.www.nfl.com/image/private/f_auto,q_auto/league/pirk5vkp0ugwl84rzxq0",2017,REG,IND,14,0,0,0,0,0,0,0,0,0,0,0,0,,,0,,0,0,0,0,0,0,0,0,0,0,,0,0,0,0,0,0,0,0,0,0,0,0,0,0,,0,0,0,0,0,,0,0,0,0,34,1,12,4,37,3,2,27,7,0,0,2,0,0,0,0,0,0,3,0,0,2,10,0,0,0,0,0,0,0,0,0,0,0,0,0,,,0,0,0,0,0,0,0,0,0,0,0,0,,,,0,0,0,0,0,0,0,,0,0,0,0,,0,0,,0,0,0,0,0,0,0,0,0,0,0,0
00-0030561,L.Johnson,Lane Johnson,OT,OL,"https://static.www.nfl.com/image/upload/f_auto,q_auto/league/ukibsn5yxozyzompfbxm",2017,REG,PHI,8,0,0,0,0,0,0,0,0,0,0,0,0,,,0,,0,0,0,0,0,0,0,0,0,0,,0,0,0,0,0,0,0,0,0,0,0,0,0,0,,0,0,0,0,0,,0,0,0,0,0,0,0,0,0,0,0,0,0,0,0,0,0,0,0,0,1,0,0,0,0,10,68,0,0,0,0,0,0,0,0,0,0,0,0,0,,,0,0,0,0,0,0,0,0,0,0,0,0,,,,0,0,0,0,0,0,0,,0,0,0,0,,0,0,,0,0,0,0,0,0,0,0,0,0,0,0
00-0030562,D.Trufant,Desmond Trufant,CB,DB,"https://static.www.nfl.com/image/private/f_auto,q_auto/league/zduxwgxqrjxriigt0it6",2017,REG,ATL,15,0,0,0,0,0,0,0,0,0,0,0,0,,,0,,0,0,0,0,0,0,0,0,0,0,,0,0,0,0,0,0,0,0,0,0,0,0,0,0,,0,0,0,0,0,,0,0,0,0,35,1,5,3,10,0,1,7,1,2,43,12,0,1,0,0,1,0,2,15,1,3,28,1,0,0,1,0,0,0,0,0,0,0,0,0,,,0,0,0,0,0,0,0,0,0,0,0,0,,,,0,0,0,0,0,0,0,,0,0,0,0,,0,0,,0,0,0,0,0,0,0,0,0,0,0,0
00-0030564,D.Hopkins,DeAndre Hopkins,WR,WR,"https://static.www.nfl.com/image/upload/f_auto,q_auto/league/snvo6holyfdjmrlqxqxu",2017,REG,HOU,15,0,0,0,0,0,0,0,0,0,0,0,0,,,0,,0,0,0,0,0,0,0,0,0,0,,0,0,0,0,0,96,174,1378,13,1,1,2233,359,69,36.8218772517917,0,52,29,24,2,0.617107030900134,0.337209302325581,0.429093005380477,0.806179057254706,0,2,0,1,0,0,0,0,0,0,0,0,0,0,0,0,0,0,0,0,0,0,5,45,1,0,0,1,1,0,0,0,0,0,0,0,0,,,0,0,0,0,0,0,0,0,0,0,0,0,,,,0,0,0,0,0,0,0,,0,0,0,0,,0,0,,0,0,0,0,0,0,0,0,0,0,213.8,309.8
00-0030565,G.Smith,Geno Smith,QB,QB,"https://static.www.nfl.com/image/upload/f_auto,q_auto/league/tqy0933vz5yogwlefb1s",2017,REG,NYG,2,21,36,212,1,0,3,-12,2,2,203,108,8,-10.2787721802844,-5.81022160393851,0,1.04433497536946,6,4,3,1,4,12,0,0,0,2,-1.42430534627056,0,1,0,0,0,0,0,0,0,0,0,0,0,0,,0,0,0,0,0,,0,0,0,0,2,0,0,0,0,0,0,0,0,0,0,0,0,0,0,0,0,0,0,0,0,1,5,2,0,0,2,2,0,0,0,0,0,0,0,0,,,0,0,0,0,0,0,0,0,0,0,0,0,,,,0,0,0,0,0,0,0,,0,0,0,0,,0,0,,0,0,0,0,0,0,0,0,0,0,9.68,9.68
00-0030566,D.Swearinger,D.J. Swearinger,FS,DB,"https://static.www.nfl.com/image/private/f_auto,q_auto/league/ccwj8s59egpgmchmm3lq",2017,REG,WAS,16,0,0,0,0,0,0,0,0,0,0,0,0,,,0,,0,0,0,0,0,0,0,0,0,0,,0,0,0,0,0,0,0,0,0,0,0,0,0,0,,0,0,0,0,0,,0,0,0,0,54,7,18,2,6,1,0.5,2.5,1,4,32,10,0,1,0,0,0,0,0,0,0,3,23,1,0,1,1,0,0,0,0,0,0,0,0,0,,,0,0,0,0,0,0,0,0,0,0,0,0,,,,0,0,0,0,0,0,0,,0,0,0,0,,0,0,,0,0,0,0,0,0,0,0,0,0,0,0
00-0030572,D.Hayden,D.J. Hayden,DB,DB,"https://static.www.nfl.com/image/private/f_auto,q_auto/league/cp05t18n1z5whrkc7igu",2017,REG,DET,15,0,0,0,0,0,0,0,0,0,0,0,0,,,0,,0,0,0,0,0,0,0,0,0,0,,0,0,0,0,0,0,0,0,0,0,0,0,0,0,,0,0,0,0,0,,0,0,0,0,35,1,8,0,0,0,0.5,4.5,1,0,0,9,0,0,0,0,0,0,2,27,1,5,70,0,0,0,0,0,0,0,0,0,0,0,0,0,,,0,0,0,0,0,0,0,0,0,0,0,0,,,,0,0,0,0,0,0,0,,0,0,0,0,,0,0,,0,0,0,0,0,0,0,0,0,0,0,0
00-0030573,S.Richardson,Sheldon Richardson,DT,DL,"https://static.www.nfl.com/image/private/f_auto,q_auto/league/yfbo8yxqsqwpmwrusnjj",2017,REG,SEA,15,0,0,0,0,0,0,0,0,0,0,0,0,,,0,,0,0,0,0,0,0,0,0,0,0,,0,0,0,0,0,0,0,0,0,0,0,0,0,0,,0,0,0,0,0,,0,0,0,0,24,3,17,3,11,1,1,5,7,1,5,1,0,0,0,0,0,0,2,20,0,4,30,0,0,0,0,0,0,0,0,0,0,0,0,0,,,0,0,0,0,0,0,0,0,0,0,0,0,,,,0,0,0,0,0,0,0,,0,0,0,0,,0,0,,0,0,0,0,0,0,0,0,0,0,0,0
00-0030575,X.Rhodes,Xavier Rhodes,CB,DB,"https://static.www.nfl.com/image/private/f_auto,q_auto/league/vj7ythe0bue256xfeyhl",2017,REG,MIN,16,0,0,0,0,0,0,0,0,0,0,0,0,,,0,,0,0,0,0,0,0,0,0,0,0,,0,0,0,0,0,0,0,0,0,0,0,0,0,0,,0,0,0,0,0,,0,0,0,0,42,2,12,1,1,0,0,0,0,2,23,10,0,0,0,0,0,0,0,0,0,7,88,0,0,0,0,0,0,0,0,0,0,0,0,0,,,0,0,0,0,0,0,0,0,0,0,0,0,,,,0,0,0,0,0,0,0,,0,0,0,0,,0,0,,0,0,0,0,0,0,0,0,0,0,0,0
00-0030576,D.Jones,Datone Jones,DE,DL,"https://static.www.nfl.com/image/private/f_auto,q_auto/league/biw6kpngdgon9k0zok16",2017,REG,DAL,7,0,0,0,0,0,0,0,0,0,0,0,0,,,0,,0,0,0,0,0,0,0,0,0,0,,0,0,0,0,0,0,0,0,0,0,0,0,0,0,,0,0,0,0,0,,0,0,0,0,6,3,6,2,14,0,1,9,1,0,0,1,0,0,0,0,0,0,0,0,0,3,15,0,0,0,0,0,0,0,0,0,0,0,0,0,,,0,0,0,0,0,0,0,0,0,0,0,0,,,,0,0,0,0,0,0,0,,0,0,0,0,,0,0,,0,0,0,0,0,0,0,0,0,0,0,0
00-0030577,S.Williams,Sylvester Williams,DT,DL,"https://static.www.nfl.com/image/private/f_auto,q_auto/league/jodnmf8avbtftfu8kkeb",2017,REG,TEN,10,0,0,0,0,0,0,0,0,0,0,0,0,,,0,,0,0,0,0,0,0,0,0,0,0,,0,0,0,0,0,0,0,0,0,0,0,0,0,0,,0,0,0,0,0,,0,0,0,0,12,0,8,4,22,0,0,0,0,0,0,0,0,0,0,0,0,0,0,0,0,0,0,0,0,0,0,0,0,0,0,0,0,0,0,0,,,0,0,0,0,0,0,0,0,0,0,0,0,,,,0,0,0,0,0,0,0,,0,0,0,0,,0,0,,0,0,0,0,0,0,0,0,0,0,0,0
00-0030578,C.Patterson,Cordarrelle Patterson,RB,RB,"https://static.www.nfl.com/image/upload/f_auto,q_auto/league/jktdrwmujfuqp94csnav",2017,REG,LV,16,0,0,0,0,0,0,0,0,0,0,0,0,,,0,,0,0,0,0,13,121,2,0,0,3,4.99768275924726,0,2,2,2,2,31,42,309,0,0,0,251,184,13,3.4244697195536,0,8,4,3,2,1.23107569721116,0.0760869565217391,0.0539205155746509,0.151874795684864,0,3,0,1,0,0,0,0,0,0,0,0,0,0,0,0,0,1,0,0,0,0,1,10,3,0,2,3,0,0,0,19,538,0,0,0,0,,,0,0,0,0,0,0,0,0,0,0,0,0,,,,0,0,0,0,0,0,0,,0,0,0,0,,0,0,,0,0,0,0,0,0,0,0,0,0,55,86
00-0030579,M.Watson,Menelik Watson,OT,OL,"https://static.www.nfl.com/image/private/f_auto,q_auto/league/leva3dgtbaxtumyiij6c",2017,REG,DEN,3,0,0,0,0,0,0,0,0,0,0,0,0,,,0,,0,0,0,0,0,0,0,0,0,0,,0,0,0,0,0,0,0,0,0,0,0,0,0,0,,0,0,0,0,0,,0,0,0,0,2,0,0,0,0,0,0,0,0,0,0,0,0,0,0,0,0,0,0,0,0,2,15,0,0,0,0,0,0,0,0,0,0,0,0,0,,,0,0,0,0,0,0,0,0,0,0,0,0,,,,0,0,0,0,0,0,0,,0,0,0,0,,0,0,,0,0,0,0,0,0,0,0,0,0,0,0
00-0030584,E.Fisher,Eric Fisher,OT,OL,"https://static.www.nfl.com/image/private/f_auto,q_auto/league/ztwpjz1jdxa9w67ll6h4",2017,REG,KC,5,0,0,0,0,0,0,0,0,0,0,0,0,,,0,,0,0,0,0,0,0,0,0,0,0,,0,0,0,0,0,0,0,0,0,0,0,0,0,0,,0,0,0,0,0,,0,0,0,0,0,0,0,0,0,0,0,0,0,0,0,0,0,0,0,0,0,0,0,0,0,5,39,0,0,0,0,0,0,0,0,0,0,0,0,0,,,0,0,0,0,0,0,0,0,0,0,0,0,,,,0,0,0,0,0,0,0,,0,0,0,0,,0,0,,0,0,0,0,0,0,0,0,0,0,0,0
00-0030585,J.Pugh,Justin Pugh,G,OL,"https://static.www.nfl.com/image/upload/f_auto,q_auto/league/vjpj5hrfb568u8ni8bvs",2017,REG,NYG,2,0,0,0,0,0,0,0,0,0,0,0,0,,,0,,0,0,0,0,0,0,0,0,0,0,,0,0,0,0,0,0,0,0,0,0,0,0,0,0,,0,0,0,0,0,,0,0,0,0,1,0,0,0,0,0,0,0,0,0,0,0,0,0,0,0,0,0,0,0,0,1,5,0,0,0,0,0,0,0,0,0,0,0,0,0,,,0,0,0,0,0,0,0,0,0,0,0,0,,,,0,0,0,0,0,0,0,,0,0,0,0,,0,0,,0,0,0,0,0,0,0,0,0,0,0,0
00-0030590,J.Cooper,Jonathan Cooper,G,OL,"https://static.www.nfl.com/image/private/f_auto,q_auto/league/m5o65nntbm3rvbscoywh",2017,REG,DAL,5,0,0,0,0,0,0,0,0,0,0,0,0,,,0,,0,0,0,0,0,0,0,0,0,0,,0,0,0,0,0,0,0,0,0,0,0,0,0,0,,0,0,0,0,0,,0,0,0,0,0,0,0,0,0,0,0,0,0,0,0,0,0,0,0,0,1,0,0,0,0,4,35,0,0,0,0,0,0,0,0,0,0,0,0,0,,,0,0,0,0,0,0,0,0,0,0,0,0,,,,0,0,0,0,0,0,0,,0,0,0,0,,0,0,,0,0,0,0,0,0,0,0,0,0,0,0
00-0030593,C.Warmack,Chance Warmack,G,OL,"https://static.www.nfl.com/image/private/f_auto,q_auto/league/auzdblkkmc1uajacfamb",2017,REG,PHI,2,0,0,0,0,0,0,0,0,0,0,0,0,,,0,,0,0,0,0,0,0,0,0,0,0,,0,0,0,0,0,0,0,0,0,0,0,0,0,0,,0,0,0,0,0,,0,0,0,0,0,0,0,0,0,0,0,0,0,0,0,0,0,0,0,0,0,0,0,0,0,2,20,0,0,0,0,0,0,0,0,0,0,0,0,0,,,0,0,0,0,0,0,0,0,0,0,0,0,,,,0,0,0,0,0,0,0,,0,0,0,0,,0,0,,0,0,0,0,0,0,0,0,0,0,0,0
00-0030615,J.Winchester,James Winchester,LS,SPEC,"https://static.www.nfl.com/image/upload/f_auto,q_auto/league/qw1jmfvcpwxx12cewfqg",2017,REG,KC,2,0,0,0,0,0,0,0,0,0,0,0,0,,,0,,0,0,0,0,0,0,0,0,0,0,,0,0,0,0,0,0,0,0,0,0,0,0,0,0,,0,0,0,0,0,,0,0,0,0,1,0,0,0,0,1,0,0,0,0,0,0,0,0,0,0,0,0,0,0,0,1,5,0,0,0,0,0,0,0,0,0,0,0,0,0,,,0,0,0,0,0,0,0,0,0,0,0,0,,,,0,0,0,0,0,0,0,,0,0,0,0,,0,0,,0,0,0,0,0,0,0,0,0,0,0,0
00-0030626,P.Murray,Patrick Murray,K,SPEC,"https://static.www.nfl.com/image/private/f_auto,q_auto/league/yvk8crh4m0xkx9fwsiot",2017,REG,TB,12,0,0,0,0,0,0,0,0,0,0,0,0,,,0,,0,0,0,0,0,0,0,0,0,0,,0,0,0,0,0,0,0,0,0,0,0,0,0,0,,0,0,0,0,0,,0,0,0,0,2,0,0,0,0,0,0,0,0,0,0,0,0,0,0,0,0,0,0,0,0,0,0,0,0,0,0,0,0,0,0,0,19,23,4,0,50,0.826086956521739,0,5,8,4,2,0,0,0,0,1,3,0,50;25;41;50;29;49;37;30;30;35;36;27;36;30;31;41;21;26;42,54;42;54;51,,666,201,0,21,22,1,0,0.954545454545455,0,0,0,0,,0,0,,0,0,0,0,0,0,0,0,0,0,0,0
00-0030629,J.Vujnovich,Jeremy Vujnovich,G,OL,"https://static.www.nfl.com/image/private/f_auto,q_auto/league/ffnq5jiiypupb1fqivvy",2017,REG,IND,3,0,0,0,0,0,0,0,0,0,0,0,0,,,0,,0,0,0,0,0,0,0,0,0,0,,0,0,0,0,0,0,0,0,0,0,0,0,0,0,,0,0,0,0,0,,0,0,0,0,0,0,0,0,0,0,0,0,0,0,0,0,0,0,0,0,1,0,0,0,0,2,10,0,0,0,0,0,0,0,0,0,0,0,0,0,,,0,0,0,0,0,0,0,0,0,0,0,0,,,,0,0,0,0,0,0,0,,0,0,0,0,,0,0,,0,0,0,0,0,0,0,0,0,0,0,0
00-0030648,A.Villanueva,Alejandro Villanueva,OT,OL,"https://static.www.nfl.com/image/private/f_auto,q_auto/league/u0iqbfj30q64ngrmwdvr",2017,REG,PIT,5,0,0,0,0,0,0,0,0,0,0,0,0,,,0,,0,0,0,0,0,0,0,0,0,0,,0,0,0,0,0,0,0,0,0,0,0,0,0,0,,0,0,0,0,0,,0,0,0,0,1,0,0,0,0,0,0,0,0,0,0,0,0,0,0,0,0,0,0,0,0,5,40,0,0,0,0,0,0,0,0,0,0,0,0,0,,,0,0,0,0,0,0,0,0,0,0,0,0,,,,0,0,0,0,0,0,0,,0,0,0,0,,0,0,,0,0,0,0,0,0,0,0,0,0,0,0
00-0030650,D.McDonald,Dewey McDonald,LB,LB,"https://static.www.nfl.com/image/private/f_auto,q_auto/league/fqi1y0yraftyqmhmu1s9",2017,REG,SEA,1,0,0,0,0,0,0,0,0,0,0,0,0,,,0,,0,0,0,0,0,0,0,0,0,0,,0,0,0,0,0,0,0,0,0,0,0,0,0,0,,0,0,0,0,0,,0,0,0,0,1,0,0,0,0,0,0,0,0,0,0,0,0,0,0,0,0,0,0,0,0,0,0,0,0,0,0,0,0,0,0,0,0,0,0,0,,,0,0,0,0,0,0,0,0,0,0,0,0,,,,0,0,0,0,0,0,0,,0,0,0,0,,0,0,,0,0,0,0,0,0,0,0,0,0,0,0
00-0030656,I.Crowell,Isaiah Crowell,RB,RB,"https://static.www.nfl.com/image/private/f_auto,q_auto/league/oruiw5myfimtssv6j2ar",2017,REG,CLE,16,0,0,0,0,0,0,0,0,0,0,0,0,,,0,,0,0,0,0,206,853,2,1,1,38,-28.952888022657,1,22,16,5,1,28,42,182,0,0,0,-9,210,9,-10.2732199262634,0,7,2,2,0,-20.2222222222222,0.0742049469964664,-0.00173477255204318,0.110093079708269,0,4,0,0,0,0,0,0,0,0,0,0,0,0,0,0,0,1,0,0,0,0,3,30,1,0,0,1,1,0,0,0,0,0,0,0,0,,,0,0,0,0,0,0,0,0,0,0,0,0,,,,0,0,0,0,0,0,0,,0,0,0,0,,0,0,,0,0,0,0,0,0,0,0,0,0,115.5,143.5
00-0030663,W.Snead,Willie Snead,WR,WR,"https://static.www.nfl.com/image/private/f_auto,q_auto/league/fr5xckiwhguuaishnbju",2017,REG,NO,8,0,0,0,0,0,0,0,0,0,0,0,0,,,0,,0,0,0,0,0,0,0,0,0,0,,0,0,0,0,0,8,16,92,0,0,0,102,32,4,-1.75136274386706,0,4,2,2,0,0.901960784313725,0.0302457466918715,0.0298507462686567,0.0662641424258669,0,2,0,1,0,0,0,0,0,0,0,0,0,0,1,0,0,0,0,0,0,0,0,0,0,1,0,1,1,1,0,1,18,0,0,0,0,,,0,0,0,0,0,0,0,0,0,0,0,0,,,,0,0,0,0,0,0,0,,0,0,0,0,,0,0,,0,0,0,0,0,0,0,0,0,0,9.2,17.2
00-0030665,D.Sorensen,Daniel Sorensen,DB,DB,"https://static.www.nfl.com/image/private/f_auto,q_auto/league/sqynbf32igys6zu09szc",2017,REG,KC,15,0,0,0,0,0,0,0,0,0,0,0,0,,,0,,0,0,0,0,0,0,0,0,0,0,,0,0,0,0,0,0,0,0,0,0,0,0,0,0,,0,0,0,0,0,,0,0,0,0,61,6,22,4,18,0,1.5,14,7,1,3,6,0,1,0,0,0,0,0,0,0,5,62,0,1,0,1,0,1,0,0,0,0,0,0,0,,,0,0,0,0,0,0,0,0,0,0,0,0,,,,0,0,0,0,0,0,0,,0,0,0,0,,0,0,,0,0,0,0,0,0,0,0,0,0,0,0
00-0030668,C.West,Charcandrick West,RB,RB,"https://static.www.nfl.com/image/private/f_auto,q_auto/league/ccvw7oos9bzr4ojdiuac",2017,REG,KC,12,0,0,0,0,0,0,0,0,0,0,0,0,,,0,,0,0,0,0,18,72,2,0,0,4,-0.999756148434244,0,2,2,1,0,27,34,150,2,1,0,58,128,6,-2.22560153702293,0,4,1,1,0,2.58620689655172,0.0643939393939394,0.0138161029061458,0.106262181125211,0,0,0,0,0,0,0,0,0,0,0,0,0,0,0,0,0,1,0,0,0,0,2,20,1,0,0,1,0,0,0,2,37,0,0,0,0,,,0,0,0,0,0,0,0,0,0,0,0,0,,,,0,0,0,0,0,0,0,,0,0,0,0,,0,0,,0,0,0,0,0,0,0,0,0,0,46.2,73.2
00-0030669,A.Wilson,Albert Wilson,WR,WR,"https://static.www.nfl.com/image/private/f_auto,q_auto/league/slythouwdcrug0poiios",2017,REG,KC,13,0,0,0,0,0,0,0,0,0,0,0,0,,,0,,0,0,0,0,3,6,0,0,0,1,-1.61486191407312,0,0,0,0,0,42,62,554,3,0,0,377,318,32,24.2227347488105,0,29,8,4,1,1.46949602122016,0.117424242424242,0.0898046688899476,0.238999631859327,0,1,0,0,0,0,0,0,0,0,0,0,0,0,0,0,0,0,0,0,0,0,0,0,0,0,0,0,0,0,0,1,18,0,0,0,0,,,0,0,0,0,0,0,0,0,0,0,0,0,,,,0,0,0,0,0,0,0,,0,0,0,0,,0,0,,0,0,0,0,0,0,0,0,0,0,74,116
00-0030670,B.Fowler,Bennie Fowler,WR,WR,"https://static.www.nfl.com/image/private/f_auto,q_auto/league/d3jxciybumul74f3kdnb",2017,REG,DEN,16,0,0,0,0,0,0,0,0,0,0,0,0,,,0,,0,0,0,0,0,0,0,0,0,0,,0,0,0,0,0,29,56,350,3,0,0,574,107,18,-12.105702218677,0,15,8,5,0,0.609756097560976,0.101633393829401,0.120867551063382,0.237057376488469,0,7,0,0,0,0,0,0,0,0,0,0,0,0,1,0,0,1,0,0,0,0,1,10,0,1,0,1,0,1,6,0,0,0,0,0,0,,,0,0,0,0,0,0,0,0,0,0,0,0,,,,0,0,0,0,0,0,0,,0,0,0,0,,0,0,,0,0,0,0,0,0,0,0,0,0,53,82
00-0030687,D.Skinner,Deontae Skinner,LB,LB,"https://static.www.nfl.com/image/private/f_auto,q_auto/league/bmrazirbj4mjzdlbcywk",2017,REG,NYG,1,0,0,0,0,0,0,0,0,0,0,0,0,,,0,,0,0,0,0,0,0,0,0,0,0,,0,0,0,0,0,0,0,0,0,0,0,0,0,0,,0,0,0,0,0,,0,0,0,0,2,0,0,0,0,0,0,0,0,0,0,0,0,0,0,0,0,0,0,0,0,0,0,0,0,0,0,0,0,0,0,0,0,0,0,0,,,0,0,0,0,0,0,0,0,0,0,0,0,,,,0,0,0,0,0,0,0,,0,0,0,0,,0,0,,0,0,0,0,0,0,0,0,0,0,0,0
00-0030694,J.Hurst,James Hurst,G,OL,"https://static.www.nfl.com/image/private/f_auto,q_auto/league/mzpvnvadsssb2qnrhihk",2017,REG,BAL,4,0,0,0,0,0,0,0,0,0,0,0,0,,,0,,0,0,0,0,0,0,0,0,0,0,,0,0,0,0,0,0,0,0,0,0,0,0,0,0,,0,0,0,0,0,,0,0,0,0,0,0,0,0,0,0,0,0,0,0,0,0,0,0,0,0,0,0,0,0,0,4,30,0,0,0,0,0,0,0,0,0,0,0,0,0,,,0,0,0,0,0,0,0,0,0,0,0,0,,,,0,0,0,0,0,0,0,,0,0,0,0,,0,0,,0,0,0,0,0,0,0,0,0,0,0,0
00-0030697,J.Meder,Jamie Meder,DT,DL,"https://static.www.nfl.com/image/private/f_auto,q_auto/league/mcg6qbqxaiyim10mlgte",2017,REG,CLE,8,0,0,0,0,0,0,0,0,0,0,0,0,,,0,,0,0,0,0,0,0,0,0,0,0,,0,0,0,0,0,0,0,0,0,0,0,0,0,0,,0,0,0,0,0,,0,0,0,0,7,1,5,1,1,0,0,0,1,0,0,0,0,0,0,0,0,0,0,0,0,2,10,0,0,0,0,0,0,0,0,0,0,0,0,0,,,0,0,0,0,0,0,0,0,0,0,0,0,,,,0,0,0,0,0,0,0,,0,0,0,0,,0,0,,0,0,0,0,0,0,0,0,0,0,0,0
00-0030699,D.Olatoye,Deji Olatoye,CB,DB,"https://static.www.nfl.com/image/private/f_auto,q_auto/league/wkxtwf6zpmay9yayuvnu",2017,REG,TB,1,0,0,0,0,0,0,0,0,0,0,0,0,,,0,,0,0,0,0,0,0,0,0,0,0,,0,0,0,0,0,0,0,0,0,0,0,0,0,0,,0,0,0,0,0,,0,0,0,0,1,0,0,0,0,0,0,0,0,0,0,0,0,0,0,0,0,0,0,0,0,0,0,0,0,0,0,0,0,0,0,0,0,0,0,0,,,0,0,0,0,0,0,0,0,0,0,0,0,,,,0,0,0,0,0,0,0,,0,0,0,0,,0,0,,0,0,0,0,0,0,0,0,0,0,0,0
00-0030710,T.Burton,Trey Burton,TE,TE,"https://static.www.nfl.com/image/private/f_auto,q_auto/league/e6bbycxlctitztfk7jjl",2017,REG,PHI,14,0,0,0,0,0,0,0,0,0,0,0,0,,,0,,0,0,0,0,0,0,0,0,0,0,,0,0,0,0,0,23,31,248,5,0,0,308,35,14,19.9912701536815,1,13,3,2,0,0.805194805194805,0.0557553956834532,0.0583443834059481,0.124474161909344,0,2,1,3,0,0,0,0,0,0,0,0,0,0,0,0,0,0,0,1,0,0,1,5,0,0,0,0,0,0,0,0,0,0,0,0,0,,,0,0,0,0,0,0,0,0,0,0,0,0,,,,0,0,0,0,0,0,0,,0,0,0,0,,0,0,,0,0,0,0,0,0,0,0,0,0,56.8,79.8
00-0030711,D.Fluellen,David Fluellen,RB,RB,"https://static.www.nfl.com/image/private/f_auto,q_auto/league/hw3jqryjpuw3hhackwsm",2017,REG,TEN,8,0,0,0,0,0,0,0,0,0,0,0,0,,,0,,0,0,0,0,4,21,0,0,0,1,-0.796013991115615,0,1,0,0,0,0,1,0,0,0,0,3,0,0,-2.30337315617362,0,0,0,0,0,0,0.00206611570247934,0.000685714285714286,0.00357917355371901,0,1,0,5,0,0,0,0,0,0,0,0,0,0,0,0,0,0,0,0,0,0,1,10,0,0,0,0,0,0,0,0,0,0,0,0,0,,,0,0,0,0,0,0,0,0,0,0,0,0,,,,0,0,0,0,0,0,0,,0,0,0,0,,0,0,,0,0,0,0,0,0,0,0,0,0,2.1,2.1
00-0030725,C.Lucas,Cornelius Lucas,OT,OL,"https://static.www.nfl.com/image/upload/f_auto,q_auto/league/ii9b9lb3szz5vehvqh5a",2017,REG,LA,1,0,0,0,0,0,0,0,0,0,0,0,0,,,0,,0,0,0,0,0,0,0,0,0,0,,0,0,0,0,0,0,0,0,0,0,0,0,0,0,,0,0,0,0,0,,0,0,0,0,0,0,0,0,0,0,0,0,0,0,0,0,0,0,0,0,0,0,0,0,0,1,5,0,0,0,0,0,0,0,0,0,0,0,0,0,,,0,0,0,0,0,0,0,0,0,0,0,0,,,,0,0,0,0,0,0,0,,0,0,0,0,,0,0,,0,0,0,0,0,0,0,0,0,0,0,0
00-0030737,F.Martino,Freddie Martino,WR,WR,"https://static.www.nfl.com/image/private/f_auto,q_auto/league/ztiguqllxmcbjynsqwn9",2017,REG,TB,7,0,0,0,0,0,0,0,0,0,0,0,0,,,0,,0,0,0,0,0,0,0,0,0,0,,0,0,0,0,0,5,6,96,0,0,0,86,15,4,7.02057889868235,0,4,3,1,0,1.11627906976744,0.0100671140939597,0.0139338950097213,0.0248543976477445,0,3,2,2,0,0,0,0,0,0,0,0,0,0,0,0,0,0,0,0,0,0,0,0,0,0,0,0,0,0,0,0,0,0,0,0,0,,,0,0,0,0,0,0,0,0,0,0,0,0,,,,0,0,0,0,0,0,0,,0,0,0,0,,0,0,,0,0,0,0,0,0,0,0,0,0,9.6,14.6
00-0030741,R.Nix,Roosevelt Nix,FB,RB,"https://static.www.nfl.com/image/private/f_auto,q_auto/league/nbgza3wv2fhteuttybxv",2017,REG,PIT,13,0,0,0,0,0,0,0,0,0,0,0,0,,,0,,0,0,0,0,3,0,1,0,0,1,-4.37803271575831,0,0,0,0,0,2,3,6,1,0,0,3,3,1,-0.451286317780614,0,0,0,0,0,2,0.00512820512820513,0.000572191493419798,0.00809284173770155,0,6,1,4,0,0,0,0,0,0,0,0,0,0,0,0,0,0,0,0,0,0,5,26,0,0,0,0,0,0,0,0,0,0,0,0,0,,,0,0,0,0,0,0,0,0,0,0,0,0,,,,0,0,0,0,0,0,0,,0,0,0,0,,0,0,,0,0,0,0,0,0,0,0,0,0,12.6,14.6
00-0030743,B.Reedy,Bernard Reedy,WR,WR,"https://static.www.nfl.com/image/private/f_auto,q_auto/league/k7eh7jzkdhobq4ziac2r",2017,REG,NE,11,0,0,0,0,0,0,0,0,0,0,0,0,,,0,,0,0,0,0,3,17,0,0,0,1,0.143817100441083,0,1,0,0,0,2,2,21,0,0,0,13,8,1,1.04911878029816,0,1,0,0,0,1.61538461538462,0.00335570469798658,0.00210628645495787,0.00650795756545038,0,0,0,0,0,0,0,0,0,0,0,0,0,0,1,0,0,2,0,0,0,0,0,0,0,1,0,1,0,18,175,7,145,0,0,0,0,,,0,0,0,0,0,0,0,0,0,0,0,0,,,,0,0,0,0,0,0,0,,0,0,0,0,,0,0,,0,0,0,0,0,0,0,0,0,0,3.8,5.8
00-0030757,M.Pennel,Mike Pennel,DT,DL,"https://static.www.nfl.com/image/upload/f_auto,q_auto/league/ezpbko1gvvdrrtqhkhnu",2017,REG,NYJ,12,0,0,0,0,0,0,0,0,0,0,0,0,,,0,,0,0,0,0,0,0,0,0,0,0,,0,0,0,0,0,0,0,0,0,0,0,0,0,0,,0,0,0,0,0,,0,0,0,0,19,1,15,0,0,0,0,0,1,0,0,0,0,0,0,0,0,0,0,0,0,4,24,0,0,0,0,0,0,0,0,0,0,0,0,0,,,0,0,0,0,0,0,0,0,0,0,0,0,,,,0,0,0,0,0,0,0,,0,0,0,0,,0,0,,0,0,0,0,0,0,0,0,0,0,0,0
00-0030761,J.Thomas,Joe Thomas,OLB,LB,"https://static.www.nfl.com/image/private/f_auto,q_auto/league/ojdlnhgj7zlucpucacrq",2017,REG,GB,6,0,0,0,0,0,0,0,0,0,0,0,0,,,0,,0,0,0,0,0,0,0,0,0,0,,0,0,0,0,0,0,0,0,0,0,0,0,0,0,,0,0,0,0,0,,0,0,0,0,6,0,8,2,10,0,0.5,5.5,1,0,0,1,0,0,0,0,0,0,0,0,0,1,10,0,0,0,0,0,0,0,0,0,0,0,0,0,,,0,0,0,0,0,0,0,0,0,0,0,0,,,,0,0,0,0,0,0,0,,0,0,0,0,,0,0,,0,0,0,0,0,0,0,0,0,0,0,0
00-0030770,B.Coyle,Brock Coyle,LB,LB,"https://static.www.nfl.com/image/private/f_auto,q_auto/league/cg168ygo0u8s2ge9arlp",2017,REG,SF,14,0,0,0,0,0,0,0,0,0,0,0,0,,,0,,0,0,0,0,0,0,0,0,0,0,,0,0,0,0,0,0,0,0,0,0,0,0,0,0,,0,0,0,0,0,,0,0,0,0,37,1,26,3,8,1,0.5,0.5,3,0,0,1,0,0,0,0,0,0,0,0,0,0,0,0,0,0,0,0,0,0,0,0,0,0,0,0,,,0,0,0,0,0,0,0,0,0,0,0,0,,,,0,0,0,0,0,0,0,,0,0,0,0,,0,0,,0,0,0,0,0,0,0,0,0,0,0,0
00-0030776,K.Wynn,Kerry Wynn,DE,DL,"https://static.www.nfl.com/image/private/f_auto,q_auto/league/rbmjvwccrnbpc1pubpxv",2017,REG,NYG,10,0,0,0,0,0,0,0,0,0,0,0,0,,,0,,0,0,0,0,0,0,0,0,0,0,,0,0,0,0,0,0,0,0,0,0,0,0,0,0,,0,0,0,0,0,,0,0,0,0,9,5,5,1,2,0,1,0,0,0,0,0,0,0,0,0,0,0,0,0,0,0,0,0,0,0,0,0,0,0,0,0,0,0,0,0,,,0,0,0,0,0,0,0,0,0,0,0,0,,,,0,0,0,0,0,0,0,,0,0,0,0,,0,0,,0,0,0,0,0,0,0,0,0,0,0,0
00-0030780,R.Hewitt,Ryan Hewitt,TE,TE,"https://static.www.nfl.com/image/private/f_auto,q_auto/league/egbpiaml7idnpcxa1x8q",2017,REG,CIN,4,0,0,0,0,0,0,0,0,0,0,0,0,,,0,,0,0,0,0,0,0,0,0,0,0,,0,0,0,0,0,2,2,22,0,0,0,14,8,1,1.0374614149332,0,1,1,0,0,1.57142857142857,0.00409836065573771,0.00335811945310626,0.00849822460078094,0,1,0,1,0,0,0,0,0,0,0,0,0,0,0,0,0,0,0,0,0,0,1,8,0,0,0,0,0,0,0,0,0,0,0,0,0,,,0,0,0,0,0,0,0,0,0,0,0,0,,,,0,0,0,0,0,0,0,,0,0,0,0,,0,0,,0,0,0,0,0,0,0,0,0,0,2.2,4.2
00-0030781,T.Hopkins,Trey Hopkins,C,OL,"https://static.www.nfl.com/image/private/f_auto,q_auto/league/xbpthatg7ednche6tfm5",2017,REG,CIN,3,0,0,0,0,0,0,0,0,0,0,0,0,,,0,,0,0,0,0,0,0,0,0,0,0,,0,0,0,0,0,0,0,0,0,0,0,0,0,0,,0,0,0,0,0,,0,0,0,0,1,0,0,0,0,0,0,0,0,0,0,0,0,0,0,0,0,0,0,0,0,2,25,0,0,0,0,0,0,0,0,0,0,0,0,0,,,0,0,0,0,0,0,0,0,0,0,0,0,,,,0,0,0,0,0,0,0,,0,0,0,0,,0,0,,0,0,0,0,0,0,0,0,0,0,0,0
00-0030792,J.McCray,Justin McCray,G,OL,"https://static.www.nfl.com/image/private/f_auto,q_auto/league/tihyxej2wcfcbnjwqrks",2017,REG,GB,4,0,0,0,0,0,0,0,0,0,0,0,0,,,0,,0,0,0,0,0,0,0,0,0,0,,0,0,0,0,0,0,0,0,0,0,0,0,0,0,,0,0,0,0,0,,0,0,0,0,0,0,0,0,0,0,0,0,0,0,0,0,0,0,0,0,1,0,0,0,0,3,20,0,0,0,0,0,0,0,0,0,0,0,0,0,,,0,0,0,0,0,0,0,0,0,0,0,0,,,,0,0,0,0,0,0,0,,0,0,0,0,,0,0,,0,0,0,0,0,0,0,0,0,0,0,0
00-0030801,B.Coleman,Brandon Coleman,WR,WR,"https://static.www.nfl.com/image/private/f_auto,q_auto/league/mudu6l15nmg2cfvljd0d",2017,REG,NO,15,0,0,0,0,0,0,0,0,0,0,0,0,,,0,,0,0,0,0,0,0,0,0,0,0,,0,0,0,0,0,23,37,364,3,2,2,325,143,14,-1.71919479040662,0,13,8,8,2,1.12,0.0699432892249527,0.0951126719344454,0.171493804191541,0,1,0,0,0,0,0,0,0,0,0,0,0,0,0,0,0,0,0,0,0,0,2,20,2,0,0,2,2,0,0,0,0,0,0,0,0,,,0,0,0,0,0,0,0,0,0,0,0,0,,,,0,0,0,0,0,0,0,,0,0,0,0,,0,0,,0,0,0,0,0,0,0,0,0,0,50.4,73.4
00-0030821,A.Hurns,Allen Hurns,WR,WR,"https://static.www.nfl.com/image/private/f_auto,q_auto/league/ficrwzwu4bfswpzu61fv",2017,REG,JAX,10,0,0,0,0,0,0,0,0,0,0,0,0,,,0,,0,0,0,0,0,0,0,0,0,0,,0,0,0,0,0,39,56,484,2,0,0,542,175,28,20.9822945463835,0,21,11,4,1,0.892988929889299,0.108317214700193,0.132227372529885,0.25503498282121,0,2,0,0,0,0,0,0,0,0,0,0,0,0,0,0,0,0,0,0,0,0,1,10,0,0,0,0,0,0,0,0,0,0,0,0,0,,,0,0,0,0,0,0,0,0,0,0,0,0,,,,0,0,0,0,0,0,0,,0,0,0,0,,0,0,,0,0,0,0,0,0,0,0,0,0,60.4,99.4
00-0030827,T.Shatley,Tyler Shatley,C,OL,"https://static.www.nfl.com/image/private/f_auto,q_auto/league/qsy9wwamkc9cotbj8ihk",2017,REG,JAX,1,0,0,0,0,0,0,0,0,0,0,0,0,,,0,,0,0,0,0,0,0,0,0,0,0,,0,0,0,0,0,0,0,0,0,0,0,0,0,0,,0,0,0,0,0,,0,0,0,0,1,0,0,0,0,0,0,0,0,0,0,0,0,0,0,0,0,0,0,0,0,0,0,0,0,0,0,0,0,0,0,0,0,0,0,0,,,0,0,0,0,0,0,0,0,0,0,0,0,,,,0,0,0,0,0,0,0,,0,0,0,0,,0,0,,0,0,0,0,0,0,0,0,0,0,0,0
00-0030829,J.Wells,Josh Wells,OT,OL,"https://static.www.nfl.com/image/private/f_auto,q_auto/league/ievet7iuqffgzon6p4sm",2017,REG,JAX,1,0,0,0,0,0,0,0,0,0,0,0,0,,,0,,0,0,0,0,0,0,0,0,0,0,,0,0,0,0,0,0,0,0,0,0,0,0,0,0,,0,0,0,0,0,,0,0,0,0,0,0,0,0,0,0,0,0,0,0,0,0,0,0,0,0,0,0,0,0,0,1,5,0,0,0,0,0,0,0,0,0,0,0,0,0,,,0,0,0,0,0,0,0,0,0,0,0,0,,,,0,0,0,0,0,0,0,,0,0,0,0,,0,0,,0,0,0,0,0,0,0,0,0,0,0,0
00-0030850,C.Parkey,Cody Parkey,K,SPEC,"https://static.www.nfl.com/image/private/f_auto,q_auto/league/m6btiz85brkj9bwim4yv",2017,REG,MIA,16,0,0,0,0,0,0,0,0,0,0,0,0,,,0,,0,0,0,0,0,0,0,0,0,0,,0,0,0,0,0,0,0,0,0,0,0,0,0,0,,0,0,0,0,0,,0,0,0,0,1,0,0,0,0,0,0,0,0,0,0,0,0,0,0,0,0,0,0,0,0,0,0,0,0,0,0,0,0,0,0,0,21,23,2,0,54,0.91304347826087,0,6,8,6,1,0,0,0,0,1,1,0,30;28;35;54;41;49;38;39;49;26;31;28;37;30;44;28;41;26;44;28;36,50;48,,762,98,0,26,29,3,0,0.896551724137931,0,0,0,0,,0,0,,0,0,0,0,0,0,0,0,0,0,0,0
00-0030860,O.Darkwa,Orleans Darkwa,RB,RB,"https://static.www.nfl.com/image/private/f_auto,q_auto/league/tumagun0uid3uujm4kkg",2017,REG,NYG,15,0,0,0,0,0,0,0,0,0,0,0,0,,,0,,0,0,0,0,171,751,5,1,0,33,-8.43995348378736,1,16,13,6,2,19,28,116,0,0,0,6,118,7,-0.881056275160518,0,3,0,0,0,19.3333333333333,0.0464344941956882,0.00136643133682532,0.0706082432293101,0,0,1,0,0,0,0,0,0,0,0,0,0,0,0,0,0,0,0,0,0,0,0,0,1,0,0,1,0,0,0,0,0,0,0,0,0,,,0,0,0,0,0,0,0,0,0,0,0,0,,,,0,0,0,0,0,0,0,,0,0,0,0,,0,0,,0,0,0,0,0,0,0,0,0,0,118.7,137.7
00-0030864,A.Johnson,Anthony Johnson,DE,DL,"https://static.www.nfl.com/image/private/f_auto,q_auto/league/myap5vpobpblqk6gbie0",2017,REG,IND,2,0,0,0,0,0,0,0,0,0,0,0,0,,,0,,0,0,0,0,0,0,0,0,0,0,,0,0,0,0,0,0,0,0,0,0,0,0,0,0,,0,0,0,0,0,,0,0,0,0,0,0,2,0,0,0,0,0,0,0,0,0,0,0,0,0,0,0,0,0,0,0,0,0,0,0,0,0,0,0,0,0,0,0,0,0,,,0,0,0,0,0,0,0,0,0,0,0,0,,,,0,0,0,0,0,0,0,,0,0,0,0,,0,0,,0,0,0,0,0,0,0,0,0,0,0,0
00-0030869,T.Larsen,Tyler Larsen,C,OL,"https://static.www.nfl.com/image/private/f_auto,q_auto/league/xjh0aim1nsreygu0jynm",2017,REG,CAR,1,0,0,0,0,0,0,0,0,0,0,0,0,,,0,,0,0,0,0,0,0,0,0,0,0,,0,0,0,0,0,0,0,0,0,0,0,0,0,0,,0,0,0,0,0,,0,0,0,0,1,0,0,0,0,0,0,0,0,0,0,0,0,0,0,0,0,0,0,0,0,0,0,0,0,0,0,0,0,0,0,0,0,0,0,0,,,0,0,0,0,0,0,0,0,0,0,0,0,,,,0,0,0,0,0,0,0,,0,0,0,0,,0,0,,0,0,0,0,0,0,0,0,0,0,0,0
00-0030871,G.Smith,Garrison Smith,DT,DL,"https://static.www.nfl.com/image/private/f_auto,q_auto/league/z8mpodt04wktea2itnhs",2017,REG,SEA,6,0,0,0,0,0,0,0,0,0,0,0,0,,,0,,0,0,0,0,0,0,0,0,0,0,,0,0,0,0,0,0,0,0,0,0,0,0,0,0,,0,0,0,0,0,,0,0,0,0,6,0,3,1,4,0,0,0,3,0,0,0,0,0,0,0,0,0,0,0,0,1,5,0,0,0,0,0,0,0,0,0,0,0,0,0,,,0,0,0,0,0,0,0,0,0,0,0,0,,,,0,0,0,0,0,0,0,,0,0,0,0,,0,0,,0,0,0,0,0,0,0,0,0,0,0,0
00-0030874,D.Williams,Damien Williams,RB,RB,"https://static.www.nfl.com/image/private/f_auto,q_auto/league/ga4vusnfwfvhp2ksqw7x",2017,REG,MIA,10,0,0,0,0,0,0,0,0,0,0,0,0,,,0,,0,0,0,0,46,181,0,0,0,7,-14.8237955071963,0,3,1,1,1,20,28,155,1,0,0,22,153,10,1.4647431268003,0,7,1,1,0,7.04545454545455,0.0476190476190476,0.00450450450450451,0.0745817245817246,0,1,0,0,0,0,0,0,0,0,0,0,0,0,0,0,0,0,0,0,0,0,1,15,0,0,0,0,0,0,0,0,0,0,0,0,0,,,0,0,0,0,0,0,0,0,0,0,0,0,,,,0,0,0,0,0,0,0,,0,0,0,0,,0,0,,0,0,0,0,0,0,0,0,0,0,39.6,59.6
00-0030881,H.Jones,Howard Jones,LB,LB,"https://static.www.nfl.com/image/private/f_auto,q_auto/league/qxtkcrkdljih36bcovea",2017,REG,CHI,2,0,0,0,0,0,0,0,0,0,0,0,0,,,0,,0,0,0,0,0,0,0,0,0,0,,0,0,0,0,0,0,0,0,0,0,0,0,0,0,,0,0,0,0,0,,0,0,0,0,2,0,1,1,9,0,1,9,1,0,0,0,0,0,0,0,0,0,0,0,0,0,0,0,0,0,0,0,0,0,0,0,0,0,0,0,,,0,0,0,0,0,0,0,0,0,0,0,0,,,,0,0,0,0,0,0,0,,0,0,0,0,,0,0,,0,0,0,0,0,0,0,0,0,0,0,0
00-0030883,J.Mauro,Josh Mauro,DE,DL,"https://static.www.nfl.com/image/private/f_auto,q_auto/league/dsnqho672kqis1vajzhq",2017,REG,ARI,9,0,0,0,0,0,0,0,0,0,0,0,0,,,0,,0,0,0,0,0,0,0,0,0,0,,0,0,0,0,0,0,0,0,0,0,0,0,0,0,,0,0,0,0,0,,0,0,0,0,15,0,7,1,8,0,1,8,4,0,0,1,0,0,0,0,0,0,0,0,0,2,10,0,0,0,0,0,0,0,0,0,0,0,0,0,,,0,0,0,0,0,0,0,0,0,0,0,0,,,,0,0,0,0,0,0,0,,0,0,0,0,,0,0,,0,0,0,0,0,0,0,0,0,0,0,0
00-0030896,C.Catanzaro,Chandler Catanzaro,K,SPEC,"https://static.www.nfl.com/image/private/f_auto,q_auto/league/tyz9chuwv2blrpqocdzo",2017,REG,NYJ,16,0,0,0,0,0,0,0,0,0,0,0,0,,,0,,0,0,0,0,0,0,0,0,0,0,,0,0,0,0,0,0,0,0,0,0,0,0,0,0,,0,0,0,0,0,,0,0,0,0,0,0,0,0,0,0,0,0,0,0,0,0,0,0,0,0,0,0,0,0,0,0,0,0,0,0,0,0,0,0,0,0,25,30,4,1,57,0.833333333333333,1,6,4,12,2,0,0,0,0,4,0,0,48;52;46;40;40;22;45;26;41;57;28;43;46;45;32;47;31;19;27;47;38;29;26;48;35,45;46;48;40,45,958,179,45,29,29,0,0,1,1,1,0,0,41,0,0,,0,0,0,0,0,0,0,0,0,0,0,0
00-0030921,T.Palepoi,Tenny Palepoi,DE,DL,"https://static.www.nfl.com/image/private/f_auto,q_auto/league/mlscalyud3ynxfg0iri5",2017,REG,LAC,13,0,0,0,0,0,0,0,0,0,0,0,0,,,0,,0,0,0,0,0,0,0,0,0,0,,0,0,0,0,0,0,0,0,0,0,0,0,0,0,,0,0,0,0,0,,0,0,0,0,17,3,4,6,19,0,1,7,1,0,0,0,0,0,0,0,0,0,0,0,0,3,18,0,0,0,0,0,0,0,1,0,0,0,0,0,,,0,0,0,0,0,0,0,0,0,0,0,0,,,,0,0,0,0,0,0,0,,0,0,0,0,,0,0,,0,0,0,0,0,0,0,0,0,0,0,0
00-0030923,J.Sirles,Jeremiah Sirles,OT,OL,"https://static.www.nfl.com/image/private/f_auto,q_auto/league/tacxaor3ymz90cdppqov",2017,REG,MIN,2,0,0,0,0,0,0,0,0,0,0,0,0,,,0,,0,0,0,0,0,0,0,0,0,0,,0,0,0,0,0,0,0,0,0,0,0,0,0,0,,0,0,0,0,0,,0,0,0,0,0,0,0,0,0,0,0,0,0,0,0,0,0,0,0,0,0,0,0,0,0,3,20,0,0,0,0,0,0,0,0,0,0,0,0,0,,,0,0,0,0,0,0,0,0,0,0,0,0,,,,0,0,0,0,0,0,0,,0,0,0,0,,0,0,,0,0,0,0,0,0,0,0,0,0,0,0
00-0030937,Z.Kerin,Zac Kerin,G,OL,"https://static.www.nfl.com/image/private/f_auto,q_auto/league/xbb2jpmxpjbxof1246o6",2017,REG,DET,1,0,0,0,0,0,0,0,0,0,0,0,0,,,0,,0,0,0,0,0,0,0,0,0,0,,0,0,0,0,0,0,0,0,0,0,0,0,0,0,,0,0,0,0,0,,0,0,0,0,0,0,0,0,0,0,0,0,0,0,0,0,0,0,0,0,0,0,0,0,0,1,10,0,0,0,0,0,0,0,0,0,0,0,0,0,,,0,0,0,0,0,0,0,0,0,0,0,0,,,,0,0,0,0,0,0,0,,0,0,0,0,,0,0,,0,0,0,0,0,0,0,0,0,0,0,0
00-0030957,C.Kreiter,Casey Kreiter,LS,SPEC,"https://static.www.nfl.com/image/upload/f_auto,q_auto/league/wgpfei7r2zzbjqojtiu5",2017,REG,DEN,2,0,0,0,0,0,0,0,0,0,0,0,0,,,0,,0,0,0,0,0,0,0,0,0,0,,0,0,0,0,0,0,0,0,0,0,0,0,0,0,,0,0,0,0,0,,0,0,0,0,1,0,1,0,0,0,0,0,0,0,0,0,0,0,0,0,0,0,0,0,0,0,0,0,0,0,0,0,0,0,0,0,0,0,0,0,,,0,0,0,0,0,0,0,0,0,0,0,0,,,,0,0,0,0,0,0,0,,0,0,0,0,,0,0,,0,0,0,0,0,0,0,0,0,0,0,0
00-0030968,K.Smith,Keith Smith,FB,RB,"https://static.www.nfl.com/image/private/f_auto,q_auto/league/jolwasweebgk37nkl7ia",2017,REG,DAL,10,0,0,0,0,0,0,0,0,0,0,0,0,,,0,,0,0,0,0,0,0,0,0,0,0,,0,0,0,0,0,5,5,26,0,0,0,4,22,2,0.861677263443526,0,1,0,0,0,6.5,0.0103092783505155,0.00101445599797109,0.016174036724353,0,7,0,2,0,0,2,0,0,0,0,0,0,0,0,0,0,0,0,0,0,0,2,20,0,0,0,0,0,0,0,0,0,0,0,0,0,,,0,0,0,0,0,0,0,0,0,0,0,0,,,,0,0,0,0,0,0,0,,0,0,0,0,,0,0,,0,0,0,0,0,0,0,0,0,0,2.6,7.6
00-0030986,E.Westbrooks,Ethan Westbrooks,DT,DL,"https://static.www.nfl.com/image/private/f_auto,q_auto/league/pqwouewum8g8cf4gaxmq",2017,REG,LA,13,0,0,0,0,0,0,0,0,0,0,0,0,,,0,,0,0,0,0,0,0,0,0,0,0,,0,0,0,0,0,0,0,0,0,0,0,0,0,0,,0,0,0,0,0,,0,0,0,0,13,1,9,7,26,0,4,20,5,0,0,1,0,0,0,0,0,0,0,0,0,1,5,0,0,0,0,0,0,0,0,0,0,0,0,0,,,0,0,0,0,0,0,0,0,0,0,0,0,,,,0,0,0,0,0,0,0,,0,0,0,0,,0,0,,0,0,0,0,0,0,0,0,0,0,0,0
00-0030993,A.Lynch,Aaron Lynch,OLB,LB,"https://static.www.nfl.com/image/private/f_auto,q_auto/league/kxpupdtkndifeclbgycx",2017,REG,SF,5,0,0,0,0,0,0,0,0,0,0,0,0,,,0,,0,0,0,0,0,0,0,0,0,0,,0,0,0,0,0,0,0,0,0,0,0,0,0,0,,0,0,0,0,0,,0,0,0,0,5,0,4,2,2,0,1,1,5,0,0,0,0,0,0,0,0,0,1,0,0,4,27,0,0,0,0,0,0,0,0,0,0,0,0,0,,,0,0,0,0,0,0,0,0,0,0,0,0,,,,0,0,0,0,0,0,0,,0,0,0,0,,0,0,,0,0,0,0,0,0,0,0,0,0,0,0
00-0030997,Z.Fulton,Zach Fulton,G,OL,"https://static.www.nfl.com/image/private/f_auto,q_auto/league/wbfgvshms0oz0ckxdyds",2017,REG,KC,5,0,0,0,0,0,0,0,0,0,0,0,0,,,0,,0,0,0,0,0,0,0,0,0,0,,0,0,0,0,0,0,0,0,0,0,0,0,0,0,,0,0,0,0,0,,0,0,0,0,0,0,0,0,0,0,0,0,0,0,0,0,0,0,0,0,0,-9,0,0,0,2,20,0,3,1,3,0,0,0,0,0,0,0,0,0,,,0,0,0,0,0,0,0,0,0,0,0,0,,,,0,0,0,0,0,0,0,,0,0,0,0,,0,0,,0,0,0,0,0,0,0,0,0,0,0,0
00-0031000,T.Reilly,Trevor Reilly,MLB,LB,"https://static.www.nfl.com/image/private/f_auto,q_auto/league/mk1wgll2cmigyz0rmmno",2017,REG,NE,6,0,0,0,0,0,0,0,0,0,0,0,0,,,0,,0,0,0,0,0,0,0,0,0,0,,0,0,0,0,0,0,0,0,0,0,0,0,0,0,,0,0,0,0,0,,0,0,0,0,6,1,3,1,2,0,0,0,0,0,0,0,0,0,0,0,0,0,0,0,0,0,0,0,0,0,0,0,0,0,0,0,0,0,0,0,,,0,0,0,0,0,0,0,0,0,0,0,0,,,,0,0,0,0,0,0,0,,0,0,0,0,,0,0,,0,0,0,0,0,0,0,0,0,0,0,0
00-0031001,J.Janis,Jeff Janis,WR,WR,"https://static.www.nfl.com/image/private/f_auto,q_auto/league/fldhv9nvnmafss3r9tn2",2017,REG,GB,8,0,0,0,0,0,0,0,0,0,0,0,0,,,0,,0,0,0,0,0,0,0,0,0,0,,0,0,0,0,0,2,5,12,0,0,0,107,0,1,-1.89843492165433,0,1,0,0,0,0.11214953271028,0.00902527075812274,0.026219063954913,0.0318912509056232,0,4,0,0,0,0,0,0,0,0,0,0,0,0,0,0,0,0,0,0,0,0,1,5,0,0,0,0,0,0,0,3,43,0,0,0,0,,,0,0,0,0,0,0,0,0,0,0,0,0,,,,0,0,0,0,0,0,0,,0,0,0,0,,0,0,,0,0,0,0,0,0,0,0,0,0,1.2,3.2
00-0031006,R.Thomas,Robert Thomas,NT,DL,"https://static.www.nfl.com/image/private/f_auto,q_auto/league/zigywocricnva0zeb7hj",2017,REG,NYG,7,0,0,0,0,0,0,0,0,0,0,0,0,,,0,,0,0,0,0,0,0,0,0,0,0,,0,0,0,0,0,0,0,0,0,0,0,0,0,0,,0,0,0,0,0,,0,0,0,0,2,3,11,1,4,0,0,0,0,0,0,0,0,0,0,0,0,0,0,0,0,0,0,0,0,0,0,0,0,0,0,0,0,0,0,0,,,0,0,0,0,0,0,0,0,0,0,0,0,,,,0,0,0,0,0,0,0,,0,0,0,0,,0,0,,0,0,0,0,0,0,0,0,0,0,0,0
00-0031015,P.Gaines,Phillip Gaines,CB,DB,"https://static.www.nfl.com/image/private/f_auto,q_auto/league/a3d2sscg5mmezgvo94bj",2017,REG,KC,9,0,0,0,0,0,0,0,0,0,0,0,0,,,0,,0,0,0,0,0,0,0,0,0,0,,0,0,0,0,0,0,0,0,0,0,0,0,0,0,,0,0,0,0,0,,0,0,0,0,21,2,7,3,3,0,0,0,0,0,0,3,0,0,0,0,0,0,0,0,0,4,52,0,0,0,0,0,0,0,0,0,0,0,0,0,,,0,0,0,0,0,0,0,0,0,0,0,0,,,,0,0,0,0,0,0,0,,0,0,0,0,,0,0,,0,0,0,0,0,0,0,0,0,0,0,0
00-0031016,R.Cockrell,Ross Cockrell,CB,DB,"https://static.www.nfl.com/image/private/f_auto,q_auto/league/fgu5rsfoycajtctmgx2p",2017,REG,NYG,13,0,0,0,0,0,0,0,0,0,0,0,0,,,0,,0,0,0,0,0,0,0,0,0,0,,0,0,0,0,0,0,0,0,0,0,0,0,0,0,,0,0,0,0,0,,0,0,0,0,24,13,13,1,1,0,0,0,0,3,1,11,0,0,0,0,0,0,0,0,0,5,94,0,0,0,0,0,0,0,0,0,0,0,0,0,,,0,0,0,0,0,0,0,0,0,0,0,0,,,,0,0,0,0,0,0,0,,0,0,0,0,,0,0,,0,0,0,0,0,0,0,0,0,0,0,0
00-0031017,D.Dozier,Dakota Dozier,G,OL,"https://static.www.nfl.com/image/private/f_auto,q_auto/league/ebf1sgmsu92fqybvo63i",2017,REG,NYJ,1,0,0,0,0,0,0,0,0,0,0,0,0,,,0,,0,0,0,0,0,0,0,0,0,0,,0,0,0,0,0,0,0,0,0,0,0,0,0,0,,0,0,0,0,0,,0,0,0,0,0,0,0,0,0,0,0,0,0,0,0,0,0,0,0,0,0,0,0,0,0,1,5,0,0,0,0,0,0,0,0,0,0,0,0,0,,,0,0,0,0,0,0,0,0,0,0,0,0,,,,0,0,0,0,0,0,0,,0,0,0,0,,0,0,,0,0,0,0,0,0,0,0,0,0,0,0
00-0031018,J.George,Jeremiah George,LB,LB,"https://static.www.nfl.com/image/private/f_auto,q_auto/league/wuljro0ezgy9ygerk37u",2017,REG,IND,12,0,0,0,0,0,0,0,0,0,0,0,0,,,0,,0,0,0,0,0,0,0,0,0,0,,0,0,0,0,0,0,0,0,0,0,0,0,0,0,,0,0,0,0,0,,0,0,0,0,19,0,4,1,6,0,0.5,4,2,0,0,0,0,0,0,0,0,0,1,0,0,2,25,0,0,0,0,0,0,0,0,0,0,0,0,0,,,0,0,0,0,0,0,0,0,0,0,0,0,,,,0,0,0,0,0,0,0,,0,0,0,0,,0,0,,0,0,0,0,0,0,0,0,0,0,0,0
00-0031019,C.Linsley,Corey Linsley,C,OL,"https://static.www.nfl.com/image/private/f_auto,q_auto/league/k6m9bqygr0mwiou3fpgg",2017,REG,GB,5,0,0,0,0,0,0,0,0,0,0,0,0,,,0,,0,0,0,0,0,0,0,0,0,0,,0,0,0,0,0,0,0,0,0,0,0,0,0,0,,0,0,0,0,0,,0,0,0,0,2,0,0,0,0,0,0,0,0,0,0,0,0,0,0,0,0,-6,0,0,0,2,20,0,1,0,1,0,0,0,0,0,0,0,0,0,,,0,0,0,0,0,0,0,0,0,0,0,0,,,,0,0,0,0,0,0,0,,0,0,0,0,,0,0,,0,0,0,0,0,0,0,0,0,0,0,0
00-0031020,K.Reaser,Keith Reaser,CB,DB,"https://static.www.nfl.com/image/private/f_auto,q_auto/league/vdnoxjqredltxa6iihd1",2017,REG,KC,1,0,0,0,0,0,0,0,0,0,0,0,0,,,0,,0,0,0,0,0,0,0,0,0,0,,0,0,0,0,0,0,0,0,0,0,0,0,0,0,,0,0,0,0,0,,0,0,0,0,4,0,0,0,0,0,1,0,0,0,0,2,0,0,0,0,0,0,0,0,0,0,0,0,0,0,0,0,0,0,0,0,0,0,0,0,,,0,0,0,0,0,0,0,0,0,0,0,0,,,,0,0,0,0,0,0,0,,0,0,0,0,,0,0,,0,0,0,0,0,0,0,0,0,0,0,0
00-0031021,J.Abbrederis,Jared Abbrederis,WR,WR,"https://static.www.nfl.com/image/private/f_auto,q_auto/league/p5gqmcyci9youm2r6oeb",2017,REG,DET,4,0,0,0,0,0,0,0,0,0,0,0,0,,,0,,0,0,0,0,0,0,0,0,0,0,,0,0,0,0,0,3,7,44,0,0,0,47,28,2,1.05396233035049,0,2,1,1,0,0.936170212765957,0.0123893805309735,0.0103047577285683,0.025797401206458,0,2,0,1,0,0,1,0,0,0,0,0,0,0,0,0,0,0,0,0,0,0,0,0,0,0,0,0,0,0,0,0,0,0,0,0,0,,,0,0,0,0,0,0,0,0,0,0,0,0,,,,0,0,0,0,0,0,0,,0,0,0,0,,0,0,,0,0,0,0,0,0,0,0,0,0,4.4,7.4
00-0031022,L.Duvernay-Tardif,Laurent Duvernay-Tardif,G,OL,"https://static.www.nfl.com/image/private/f_auto,q_auto/league/efgdfvizp6xgkfia5ciw",2017,REG,KC,4,0,0,0,0,0,0,0,0,0,0,0,0,,,0,,0,0,0,0,0,0,0,0,0,0,,0,0,0,0,0,0,0,0,0,0,0,0,0,0,,0,0,0,0,0,,0,0,0,0,0,0,0,0,0,0,0,0,0,0,0,0,0,0,0,0,0,0,0,0,0,5,35,0,0,0,0,0,0,0,0,0,0,0,0,0,,,0,0,0,0,0,0,0,0,0,0,0,0,,,,0,0,0,0,0,0,0,,0,0,0,0,,0,0,,0,0,0,0,0,0,0,0,0,0,0,0
00-0031025,M.Campanaro,Michael Campanaro,WR,WR,"https://static.www.nfl.com/image/private/f_auto,q_auto/league/zpr9fkukakcfyfefypf7",2017,REG,BAL,13,0,0,0,0,0,0,0,0,0,0,0,0,,,0,,0,0,0,0,5,42,0,0,0,2,1.74675092825782,0,1,1,0,0,19,27,173,1,0,0,151,81,11,6.67550196621046,0,9,2,0,0,1.14569536423841,0.0481283422459893,0.0393024466423738,0.0997042260186456,1,1,0,0,0,0,0,0,0,0,0,0,0,0,4,0,0,2,0,0,0,0,0,0,1,3,0,4,0,27,291,6,159,0,0,0,0,,,0,0,0,0,0,0,0,0,0,0,0,0,,,,0,0,0,0,0,0,0,,0,0,0,0,,0,0,,0,0,0,0,0,0,0,0,0,0,33.5,52.5
00-0031031,B.Qvale,Brent Qvale,G,OL,"https://static.www.nfl.com/image/private/f_auto,q_auto/league/semnuw5rf28v3paauh43",2017,REG,NYJ,6,0,0,0,0,0,0,0,0,0,0,0,0,,,0,,0,0,0,0,0,0,0,0,0,0,,0,0,0,0,0,0,0,-2,0,0,0,0,-2,0,,0,0,0,0,0,0,0,0,0,0,0,0,0,0,0,0,0,0,0,0,0,0,0,0,0,0,0,0,0,0,0,6,39,0,0,0,0,0,0,0,0,0,0,0,0,0,,,0,0,0,0,0,0,0,0,0,0,0,0,,,,0,0,0,0,0,0,0,,0,0,0,0,,0,0,,0,0,0,0,0,0,0,0,0,0,-0.2,-0.2
00-0031035,X.Grimble,Xavier Grimble,TE,TE,"https://static.www.nfl.com/image/private/f_auto,q_auto/league/xkcmvxlyiei2kaj5x9yp",2017,REG,PIT,8,0,0,0,0,0,0,0,0,0,0,0,0,,,0,,0,0,0,0,0,0,0,0,0,0,,0,0,0,0,0,5,9,32,1,0,0,69,16,2,-2.79512354690814,0,1,0,0,0,0.463768115942029,0.0153846153846154,0.0131604043486554,0.0322892061209818,0,0,0,1,0,0,0,0,0,0,0,0,0,0,0,0,0,0,0,0,0,0,0,0,0,0,0,0,0,0,0,1,0,0,0,0,0,,,0,0,0,0,0,0,0,0,0,0,0,0,,,,0,0,0,0,0,0,0,,0,0,0,0,,0,0,,0,0,0,0,0,0,0,0,0,0,9.2,14.2
00-0031040,K.Mack,Khalil Mack,OLB,LB,"https://static.www.nfl.com/image/upload/f_auto,q_auto/league/jzqh3otccfpx2aue7xys",2017,REG,LV,16,0,0,0,0,0,0,0,0,0,0,0,0,,,0,,0,0,0,0,0,0,0,0,0,0,,0,0,0,0,0,0,0,0,0,0,0,0,0,0,,0,0,0,0,0,,0,0,0,0,51,10,17,14,71,1,10.5,75.5,22,0,0,3,0,0,0,0,0,0,1,0,0,7,54,0,0,0,0,0,0,0,0,0,0,0,0,0,,,0,0,0,0,0,0,0,0,0,0,0,0,,,,0,0,0,0,0,0,0,,0,0,0,0,,0,0,,0,0,0,0,0,0,0,0,0,0,0,0
00-0031041,K.Fuller,Kyle Fuller,CB,DB,"https://static.www.nfl.com/image/private/f_auto,q_auto/league/hn06mz3xaqvoc1bkcrjh",2017,REG,CHI,16,0,0,0,0,0,0,0,0,0,0,0,0,,,0,,0,0,0,0,0,0,0,0,0,0,,0,0,0,0,0,0,0,0,0,0,0,0,0,0,,0,0,0,0,0,,0,0,0,0,59,2,8,1,6,0,0,0,0,2,0,22,0,0,0,0,0,0,0,0,0,3,21,0,0,0,0,0,0,0,0,0,0,0,0,0,,,0,0,0,0,0,0,0,0,0,0,0,0,,,,0,0,0,0,0,0,0,,0,0,0,0,,0,0,,0,0,0,0,0,0,0,0,0,0,0,0
00-0031044,T.Niklas,Troy Niklas,TE,TE,"https://static.www.nfl.com/image/private/f_auto,q_auto/league/cfkufqkxuqf9htsyqfxj",2017,REG,ARI,11,0,0,0,0,0,0,0,0,0,0,0,0,,,0,,0,0,0,0,0,0,0,0,0,0,,0,0,0,0,0,11,23,132,1,0,0,181,56,6,1.86400844673494,0,7,4,1,0,0.729281767955801,0.0388513513513514,0.0311692784570346,0.0800955219469513,0,0,0,0,0,0,0,0,0,0,0,0,0,0,0,0,0,0,0,0,0,0,3,25,0,0,0,0,0,0,0,1,1,0,0,0,0,,,0,0,0,0,0,0,0,0,0,0,0,0,,,,0,0,0,0,0,0,0,,0,0,0,0,,0,0,,0,0,0,0,0,0,0,0,0,0,19.2,30.2
00-0031045,C.Hyde,Carlos Hyde,RB,RB,"https://static.www.nfl.com/image/private/f_auto,q_auto/league/qpmv42ldpkpdf1gpgeua",2017,REG,SF,16,0,0,0,0,0,0,0,0,0,0,0,0,,,0,,0,0,0,0,240,938,8,2,1,44,-28.7772670370739,0,27,20,6,1,59,88,350,0,0,0,163,322,17,-17.4272495959541,0,8,2,0,0,2.14723926380368,0.146911519198664,0.0338455149501661,0.244059139263113,0,3,0,0,0,0,0,0,0,0,0,0,0,0,0,0,0,1,0,0,0,0,0,0,2,0,0,2,1,0,0,0,0,0,0,0,0,,,0,0,0,0,0,0,0,0,0,0,0,0,,,,0,0,0,0,0,0,0,,0,0,0,0,,0,0,,0,0,0,0,0,0,0,0,0,0,174.8,233.8
00-0031046,J.Mewhort,Jack Mewhort,G,OL,"https://static.www.nfl.com/image/private/f_auto,q_auto/league/vwdzpztvnbjtk1u1vosa",2017,REG,IND,2,0,0,0,0,0,0,0,0,0,0,0,0,,,0,,0,0,0,0,0,0,0,0,0,0,,0,0,0,0,0,0,0,0,0,0,0,0,0,0,,0,0,0,0,0,,0,0,0,0,0,0,0,0,0,0,0,0,0,0,0,0,0,0,0,0,0,0,0,0,0,2,15,0,0,0,0,0,0,0,0,0,0,0,0,0,,,0,0,0,0,0,0,0,0,0,0,0,0,,,,0,0,0,0,0,0,0,,0,0,0,0,,0,0,,0,0,0,0,0,0,0,0,0,0,0,0
00-0031050,K.Martin,Kareem Martin,OLB,LB,"https://static.www.nfl.com/image/private/f_auto,q_auto/league/wuqvh3a9yqqgimxwrmzn",2017,REG,ARI,11,0,0,0,0,0,0,0,0,0,0,0,0,,,0,,0,0,0,0,0,0,0,0,0,0,,0,0,0,0,0,0,0,0,0,0,0,0,0,0,,0,0,0,0,0,,0,0,0,0,18,0,6,2,17,1,1,6,3,1,7,3,0,0,0,0,0,0,0,0,0,3,30,0,0,0,0,0,0,0,0,0,0,0,0,0,,,0,0,0,0,0,0,0,0,0,0,0,0,,,,0,0,0,0,0,0,0,,0,0,0,0,,0,0,,0,0,0,0,0,0,0,0,0,0,0,0
00-0031051,J.Brown,John Brown,WR,WR,"https://static.www.nfl.com/image/private/f_auto,q_auto/league/xwyc2a0qfdxbbct6lso6",2017,REG,ARI,10,0,0,0,0,0,0,0,0,0,0,0,0,,,0,,0,0,0,0,1,10,0,0,0,1,0.73947356780991,0,1,0,0,0,21,55,299,3,0,0,848,59,15,-3.61033100801497,0,14,6,2,1,0.352594339622642,0.0929054054054054,0.146030652660582,0.241579564970516,0,0,0,0,0,0,0,0,0,0,0,0,0,0,0,0,0,0,0,0,0,0,1,10,0,0,0,0,0,0,0,0,0,0,0,0,0,,,0,0,0,0,0,0,0,0,0,0,0,0,,,,0,0,0,0,0,0,0,,0,0,0,0,,0,0,,0,0,0,0,0,0,0,0,0,0,48.9,69.9
00-0031052,B.Breeland,Bashaud Breeland,CB,DB,"https://static.www.nfl.com/image/private/f_auto,q_auto/league/wc7lhp4kgbjfcojfe2pi",2017,REG,WAS,15,0,0,0,0,0,0,0,0,0,0,0,0,,,0,,0,0,0,0,0,0,0,0,0,0,,0,0,0,0,0,0,0,0,0,0,0,0,0,0,,0,0,0,0,0,,0,0,0,0,36,1,13,0,0,0,0,0,0,1,96,19,1,0,0,0,0,0,0,0,0,8,71,0,0,0,0,0,0,0,10,208,0,0,0,0,,,0,0,0,0,0,0,0,0,0,0,0,0,,,,0,0,0,0,0,0,0,,0,0,0,0,,0,0,,0,0,0,0,0,0,0,0,0,0,0,0
00-0031054,D.Jones,DaQuan Jones,DT,DL,"https://static.www.nfl.com/image/upload/f_auto,q_auto/league/w7qkicdj6v0figbmfp0u",2017,REG,TEN,11,0,0,0,0,0,0,0,0,0,0,0,0,,,0,,0,0,0,0,0,0,0,0,0,0,,0,0,0,0,0,0,0,0,0,0,0,0,0,0,,0,0,0,0,0,,0,0,0,0,19,0,12,4,19,0,3.5,20,6,0,0,0,0,0,0,0,0,0,0,0,0,0,0,0,0,0,0,0,0,0,0,0,0,0,0,0,,,0,0,0,0,0,0,0,0,0,0,0,0,,,,0,0,0,0,0,0,0,,0,0,0,0,,0,0,,0,0,0,0,0,0,0,0,0,0,0,0
00-0031055,A.Williams,Andre Williams,RB,RB,"https://static.www.nfl.com/image/private/f_auto,q_auto/league/bkjjrp3sdtq2ubuzywyd",2017,REG,LAC,2,0,0,0,0,0,0,0,0,0,0,0,0,,,0,,0,0,0,0,9,25,0,0,0,0,-2.6572128906846,0,0,0,0,0,0,0,0,0,0,0,0,0,0,,0,0,0,0,0,,0,0,0,0,0,0,1,0,0,0,0,0,0,0,0,0,0,0,0,0,0,0,0,0,0,0,0,0,0,0,0,0,0,0,0,0,0,0,0,0,,,0,0,0,0,0,0,0,0,0,0,0,0,,,,0,0,0,0,0,0,0,,0,0,0,0,,0,0,,0,0,0,0,0,0,0,0,0,0,2.5,2.5
00-0031060,D.Thomas,De'Anthony Thomas,WR,WR,"https://static.www.nfl.com/image/private/f_auto,q_auto/league/ubevvtu8f1snobsxnnwl",2017,REG,KC,14,0,0,0,0,0,0,0,0,0,0,0,0,,,0,,0,0,0,0,1,4,0,0,0,0,-0.305184491560794,0,0,0,0,0,14,16,143,2,0,0,121,73,4,0.515703491729681,0,5,2,2,1,1.18181818181818,0.0303030303030303,0.0288232491662697,0.0656308198709342,0,1,0,1,0,0,0,0,0,0,0,0,0,0,1,0,0,0,0,1,0,0,1,15,0,1,0,1,0,8,20,13,305,0,0,0,0,,,0,0,0,0,0,0,0,0,0,0,0,0,,,,0,0,0,0,0,0,0,,0,0,0,0,,0,0,,0,0,0,0,0,0,0,0,0,0,26.7,40.7
00-0031061,D.Johnson,Dontae Johnson,DB,DB,"https://static.www.nfl.com/image/private/f_auto,q_auto/league/iflzhwus0lq9oaovlmgk",2017,REG,SF,16,0,0,0,0,0,0,0,0,0,0,0,0,,,0,,0,0,0,0,0,0,0,0,0,0,,0,0,0,0,0,0,0,0,0,0,0,0,0,0,,0,0,0,0,0,,0,0,0,0,59,10,8,1,1,0,0,0,0,1,50,7,1,0,0,0,0,0,0,0,0,9,112,0,0,0,0,0,0,0,0,0,0,0,0,0,,,0,0,0,0,0,0,0,0,0,0,0,0,,,,0,0,0,0,0,0,0,,0,0,0,0,,0,0,,0,0,0,0,0,0,0,0,0,0,0,0
00-0031062,J.White,James White,RB,RB,"https://static.www.nfl.com/image/private/f_auto,q_auto/league/z1nnkmnstccnqya5d5ee",2017,REG,NE,14,0,0,0,0,0,0,0,0,0,0,0,0,,,0,,0,0,0,0,43,171,0,0,0,6,-7.03987151561258,0,1,0,0,0,56,72,429,3,0,0,129,340,25,10.0831820821799,0,17,9,6,0,3.32558139534884,0.123287671232877,0.0240851381628081,0.201791103563281,0,1,0,0,0,0,0,0,0,0,0,0,0,0,0,0,0,0,0,0,0,0,1,4,0,0,0,0,0,0,0,0,0,0,0,0,0,,,0,0,0,0,0,0,0,0,0,0,0,0,,,,0,0,0,0,0,0,0,,0,0,0,0,,0,0,,0,0,0,0,0,0,0,0,0,0,78,134
00-0031064,T.Savage,Tom Savage,QB,QB,"https://static.www.nfl.com/image/private/f_auto,q_auto/league/ovqvn8ei0thwn7si83n8",2017,REG,HOU,8,125,223,1412,5,6,21,-159,8,7,1966,552,68,-48.3751283730409,-4.18001118031415,0,0.718209562563581,60,26,18,1,4,2,0,0,0,0,-0.937495338032022,0,0,0,0,0,0,0,0,0,0,0,0,0,0,,0,0,0,0,0,,0,0,0,0,2,0,0,0,0,0,0,0,0,0,0,0,0,0,0,0,0,0,0,0,0,2,15,8,0,0,8,7,0,0,0,0,0,0,0,0,,,0,0,0,0,0,0,0,0,0,0,0,0,,,,0,0,0,0,0,0,0,,0,0,0,0,,0,0,,0,0,0,0,0,0,0,0,0,0,50.68,50.68
00-0031067,C.Fleming,Cameron Fleming,OT,OL,"https://static.www.nfl.com/image/private/f_auto,q_auto/league/kgcna4dcqcklfl0wra3k",2017,REG,NE,2,0,0,0,0,0,0,0,0,0,0,0,0,,,0,,0,0,0,0,0,0,0,0,0,0,,0,0,0,0,0,0,0,0,0,0,0,0,0,0,,0,0,0,0,0,,0,0,0,0,0,0,0,0,0,0,0,0,0,0,0,0,0,0,0,0,0,0,0,0,0,2,10,0,0,0,0,0,0,0,0,0,0,0,0,0,,,0,0,0,0,0,0,0,0,0,0,0,0,,,,0,0,0,0,0,0,0,,0,0,0,0,,0,0,,0,0,0,0,0,0,0,0,0,0,0,0
00-0031068,R.Grant,Ryan Grant,WR,WR,"https://static.www.nfl.com/image/private/f_auto,q_auto/league/im7fnk7uti759btkrdok",2017,REG,WAS,16,0,0,0,0,0,0,0,0,0,0,0,0,,,0,,0,0,0,0,0,0,0,0,0,0,,0,0,0,0,0,45,65,573,4,0,0,631,235,29,25.5783716030869,0,26,12,10,1,0.908082408874802,0.121722846441948,0.151938357813629,0.288941120132461,0,1,0,0,0,0,0,0,0,0,0,0,0,0,0,0,0,0,0,0,0,0,0,0,0,0,0,0,0,0,0,0,0,0,0,0,0,,,0,0,0,0,0,0,0,0,0,0,0,0,,,,0,0,0,0,0,0,0,,0,0,0,0,,0,0,,0,0,0,0,0,0,0,0,0,0,81.3,126.3
00-0031070,N.Berhe,Nat Berhe,DB,DB,"https://static.www.nfl.com/image/private/f_auto,q_auto/league/ijj50b4va1w0fcwxd7yw",2017,REG,NYG,9,0,0,0,0,0,0,0,0,0,0,0,0,,,0,,0,0,0,0,1,2,0,0,0,1,2.06947745592333,0,0,0,0,0,0,0,0,0,0,0,0,0,0,,0,0,0,0,0,,0,0,0,0,8,0,4,1,13,0,1,13,2,0,0,0,0,0,0,0,0,0,0,0,0,1,9,0,0,0,0,0,0,0,0,0,0,0,0,0,,,0,0,0,0,0,0,0,0,0,0,0,0,,,,0,0,0,0,0,0,0,,0,0,0,0,,0,0,,0,0,0,0,0,0,0,0,0,0,0.2,0.2
00-0031075,A.Blue,Alfred Blue,RB,RB,"https://static.www.nfl.com/image/private/f_auto,q_auto/league/qt9zmmipmlcin4gxs8wt",2017,REG,HOU,9,0,0,0,0,0,0,0,0,0,0,0,0,,,0,,0,0,0,0,71,262,1,0,0,10,-7.96405379446304,0,2,1,1,1,7,9,54,0,0,0,9,42,4,1.874574164127,0,3,0,0,0,6,0.0174418604651163,0.00172943889315911,0.0273733979228858,0,4,0,1,0,0,1,0,0,0,0,0,0,0,0,0,0,0,0,0,0,0,0,0,0,0,0,0,0,0,0,0,0,0,0,0,0,,,0,0,0,0,0,0,0,0,0,0,0,0,,,,0,0,0,0,0,0,0,,0,0,0,0,,0,0,,0,0,0,0,0,0,0,0,0,0,37.6,44.6
00-0031076,D.Fales,David Fales,QB,QB,"https://static.www.nfl.com/image/private/f_auto,q_auto/league/ia2suxqu26medpwikspy",2017,REG,MIA,2,29,43,265,1,1,1,-8,0,0,278,166,15,-2.35120576730285,2.75833166780926,0,0.953237410071942,13,5,3,0,4,8,1,0,0,1,0.318728507350897,0,0,0,0,0,0,0,0,0,0,0,0,0,0,,0,0,0,0,0,,0,0,0,0,0,0,0,0,0,0,0,0,0,0,0,0,0,0,0,0,0,0,0,0,0,1,13,0,0,0,0,0,0,0,0,0,0,0,0,0,,,0,0,0,0,0,0,0,0,0,0,0,0,,,,0,0,0,0,0,0,0,,0,0,0,0,,0,0,,0,0,0,0,0,0,0,0,0,0,19.4,19.4
00-0031079,P.O'Donnell,Pat O'Donnell,P,SPEC,"https://static.www.nfl.com/image/upload/f_auto,q_auto/league/kputu02pppmvb69bkdfg",2017,REG,CHI,16,1,1,38,1,0,0,0,0,0,7,31,1,6.29359512636438,32.9013109207153,0,5.42857142857143,1,1,1,0,0,0,0,0,0,0,,0,0,0,0,0,0,0,0,0,0,0,0,0,0,,0,0,0,0,0,,0,0,0,0,2,0,0,0,0,0,0,0,0,0,0,0,0,0,0,0,0,0,0,0,0,1,5,0,0,0,0,0,0,0,0,0,0,0,0,0,,,0,0,0,0,0,0,0,0,0,0,0,0,,,,0,0,0,0,0,0,0,,0,0,0,0,,87,0,69,4028,27,8,9,6,15,49,512,1,3396,5.52,5.52
00-0031085,J.Prosch,Jay Prosch,FB,RB,"https://static.www.nfl.com/image/private/f_auto,q_auto/league/qfxm205gqvzzpy0z2oyw",2017,REG,HOU,5,0,0,0,0,0,0,0,0,0,0,0,0,,,0,,0,0,0,0,0,0,0,0,0,0,,0,0,0,0,0,4,4,31,0,0,0,4,27,1,1.67936199321412,0,1,1,0,0,7.75,0.00775193798449612,0.000768639508070715,0.0121659546323937,0,0,0,1,0,0,0,0,0,0,0,0,0,0,0,0,0,0,0,0,0,0,0,0,0,0,0,0,0,0,0,0,0,0,0,0,0,,,0,0,0,0,0,0,0,0,0,0,0,0,,,,0,0,0,0,0,0,0,,0,0,0,0,,0,0,,0,0,0,0,0,0,0,0,0,0,3.1,7.1
00-0031087,A.Hal,Andre Hal,DB,DB,"https://static.www.nfl.com/image/private/f_auto,q_auto/league/nnfhsxqdezma8rp6jnji",2017,REG,HOU,16,0,0,0,0,0,0,0,0,0,0,0,0,,,0,,0,0,0,0,0,0,0,0,0,0,,0,0,0,0,0,0,0,0,0,0,0,0,0,0,,0,0,0,0,0,,0,0,0,0,40,7,24,3,8,2,0,0,1,3,10,5,0,0,0,0,0,0,0,0,0,0,0,0,0,0,0,0,0,0,0,0,0,0,0,0,,,0,0,0,0,0,0,0,0,0,0,0,0,,,,0,0,0,0,0,0,0,,0,0,0,0,,0,0,,0,0,0,0,0,0,0,0,0,0,0,0
00-0031089,B.Allen,Beau Allen,DT,DL,"https://static.www.nfl.com/image/private/f_auto,q_auto/league/moaogxo83zmcj8yeb2nw",2017,REG,PHI,11,0,0,0,0,0,0,0,0,0,0,0,0,,,0,,0,0,0,0,0,0,0,0,0,0,,0,0,0,0,0,0,0,0,0,0,0,0,0,0,,0,0,0,0,0,,0,0,0,0,11,2,7,3,11,0,1,5,4,0,0,0,0,0,0,0,0,0,0,0,0,1,5,0,0,0,0,0,0,0,0,0,0,0,0,0,,,0,0,0,0,0,0,0,0,0,0,0,0,,,,0,0,0,0,0,0,0,,0,0,0,0,,0,0,,0,0,0,0,0,0,0,0,0,0,0,0
00-0031095,C.Leno,Charles Leno Jr.,OT,OL,"https://static.www.nfl.com/image/private/f_auto,q_auto/league/mf75xcgnj9ogavslg383",2017,REG,CHI,10,0,0,0,0,0,0,0,0,0,0,0,0,,,0,,0,0,0,0,0,0,0,0,0,0,,0,0,0,0,0,0,0,0,0,0,0,0,0,0,,0,0,0,0,0,,0,0,0,0,5,0,0,0,0,0,0,0,0,0,0,0,0,0,0,0,0,0,0,0,0,13,88,0,0,0,0,0,0,0,0,0,0,0,0,0,,,0,0,0,0,0,0,0,0,0,0,0,0,,,,0,0,0,0,0,0,0,,0,0,0,0,,0,0,,0,0,0,0,0,0,0,0,0,0,0,0
00-0031097,T.Mitchell,Terrance Mitchell,CB,DB,"https://static.www.nfl.com/image/private/f_auto,q_auto/league/pzstl7we8yw2ujafoggs",2017,REG,KC,13,0,0,0,0,0,0,0,0,0,0,0,0,,,0,,0,0,0,0,0,0,0,0,0,0,,0,0,0,0,0,0,0,0,0,0,0,0,0,0,,0,0,0,0,0,,0,0,0,0,44,4,5,0,0,0,0,0,0,4,40,18,0,0,0,0,0,0,0,0,0,6,59,0,0,0,0,0,0,0,0,0,0,0,0,0,,,0,0,0,0,0,0,0,0,0,0,0,0,,,,0,0,0,0,0,0,0,,0,0,0,0,,0,0,,0,0,0,0,0,0,0,0,0,0,0,0
00-0031101,S.Barrett,Shaquil Barrett,LB,LB,"https://static.www.nfl.com/image/private/f_auto,q_auto/league/eiilfj6qiri4n9xrclwe",2017,REG,DEN,14,0,0,0,0,0,0,0,0,0,0,0,0,,,0,,0,0,0,0,0,0,0,0,0,0,,0,0,0,0,0,0,0,0,0,0,0,0,0,0,,0,0,0,0,0,,0,0,0,0,30,1,6,7,19,2,4,19,12,0,0,0,0,0,0,0,0,0,1,0,0,0,0,0,0,0,0,0,0,0,0,0,0,0,0,0,,,0,0,0,0,0,0,0,0,0,0,0,0,,,,0,0,0,0,0,0,0,,0,0,0,0,,0,0,,0,0,0,0,0,0,0,0,0,0,0,0
00-0031102,K.Bibbs,Kapri Bibbs,RB,RB,"https://static.www.nfl.com/image/private/f_auto,q_auto/league/yvqplagyljhiso4imgiq",2017,REG,WAS,3,0,0,0,0,0,0,0,0,0,0,0,0,,,0,,0,0,0,0,21,79,0,0,0,4,-2.04976554360474,0,2,2,0,0,14,17,128,1,0,0,6,128,4,2.91309876882588,0,5,2,2,0,21.3333333333333,0.0318352059925094,0.00144473874307729,0.0487641261089182,0,1,0,0,0,0,0,0,0,0,0,0,0,0,0,0,0,0,0,0,0,0,1,5,0,0,0,0,0,0,0,2,17,0,0,0,0,,,0,0,0,0,0,0,0,0,0,0,0,0,,,,0,0,0,0,0,0,0,,0,0,0,0,,0,0,,0,0,0,0,0,0,0,0,0,0,26.7,40.7
00-0031103,D.Coleman,Deandre Coleman,DT,DL,"https://static.www.nfl.com/image/private/f_auto,q_auto/league/knqqmiigufp7dvuyyouo",2017,REG,BUF,5,0,0,0,0,0,0,0,0,0,0,0,0,,,0,,0,0,0,0,0,0,0,0,0,0,,0,0,0,0,0,0,0,0,0,0,0,0,0,0,,0,0,0,0,0,,0,0,0,0,3,0,4,0,0,0,0,0,0,0,0,0,0,0,0,0,0,0,0,0,0,0,0,0,0,0,0,0,0,0,0,0,0,0,0,0,,,0,0,0,0,0,0,0,0,0,0,0,0,,,,0,0,0,0,0,0,0,,0,0,0,0,,0,0,,0,0,0,0,0,0,0,0,0,0,0,0
00-0031105,Z.Kerr,Zach Kerr,DE,DL,"https://static.www.nfl.com/image/private/f_auto,q_auto/league/uhcwbiqtohmg0k6bahgl",2017,REG,DEN,8,0,0,0,0,0,0,0,0,0,0,0,0,,,0,,0,0,0,0,0,0,0,0,0,0,,0,0,0,0,0,0,0,0,0,0,0,0,0,0,,0,0,0,0,0,,0,0,0,0,10,0,9,2,4,0,0.5,3.5,2,0,0,1,0,0,0,0,0,0,0,0,0,2,20,0,0,0,0,0,0,0,0,0,0,0,0,0,,,0,0,0,0,0,0,0,0,0,0,0,0,,,,0,0,0,0,0,0,0,,0,0,0,0,,0,0,,0,0,0,0,0,0,0,0,0,0,0,0
00-0031112,T.Coons,Travis Coons,K,SPEC,"https://static.www.nfl.com/image/private/f_auto,q_auto/league/gtg6shaasc0rf1o4ycqh",2017,REG,LAC,3,0,0,0,0,0,0,0,0,0,0,0,0,,,0,,0,0,0,0,0,0,0,0,0,0,,0,0,0,0,0,0,0,0,0,0,0,0,0,0,,0,0,0,0,0,,0,0,0,0,2,0,0,0,0,0,0,0,0,0,0,0,0,0,0,0,0,0,0,0,0,0,0,0,0,0,0,0,0,0,0,0,7,8,1,0,40,0.875,0,4,2,1,0,0,0,0,1,0,0,0,21;40;22;27;33;21;36,38,,200,38,0,5,6,1,0,0.833333333333333,0,0,0,0,,0,0,,0,0,0,0,0,0,0,0,0,0,0,0
00-0031120,A.Glanton,Adarius Taylor,ILB,LB,"https://static.www.nfl.com/image/private/f_auto,q_auto/league/cbjab8j471e54aasbppk",2017,REG,TB,8,0,0,0,0,0,0,0,0,0,0,0,0,,,0,,0,0,0,0,0,0,0,0,0,0,,0,0,0,0,0,0,0,0,0,0,0,0,0,0,,0,0,0,0,0,,0,0,0,0,21,1,9,0,0,1,1,4,2,0,0,1,0,0,0,0,0,0,1,0,1,1,5,0,0,0,0,0,0,0,0,0,0,0,0,0,,,0,0,0,0,0,0,0,0,0,0,0,0,,,,0,0,0,0,0,0,0,,0,0,0,0,,0,0,,0,0,0,0,0,0,0,0,0,0,0,0
00-0031127,B.Dunn,Brandon Dunn,NT,DL,"https://static.www.nfl.com/image/private/f_auto,q_auto/league/s6t5uwxdxyutcerpdawy",2017,REG,HOU,11,0,0,0,0,0,0,0,0,0,0,0,0,,,0,,0,0,0,0,0,0,0,0,0,0,,0,0,0,0,0,0,0,0,0,0,0,0,0,0,,0,0,0,0,0,,0,0,0,0,15,2,9,3,5,0,0,0,2,0,0,0,0,0,0,0,0,0,1,0,0,3,24,0,0,0,0,0,0,0,0,0,0,0,0,0,,,0,0,0,0,0,0,0,0,0,0,0,0,,,,0,0,0,0,0,0,0,,0,0,0,0,,0,0,,0,0,0,0,0,0,0,0,0,0,0,0
00-0031130,C.Jones,Christian Jones,OLB,LB,"https://static.www.nfl.com/image/private/f_auto,q_auto/league/ug768dhff0jq7n6ziyip",2017,REG,CHI,15,0,0,0,0,0,0,0,0,0,0,0,0,,,0,,0,0,0,0,0,0,0,0,0,0,,0,0,0,0,0,0,0,0,0,0,0,0,0,0,,0,0,0,0,0,,0,0,0,0,60,0,30,5,22,1,2,11,3,0,0,2,0,0,0,0,0,0,1,0,0,2,14,0,0,0,0,0,0,0,0,0,0,0,0,0,,,0,0,0,0,0,0,0,0,0,0,0,0,,,,0,0,0,0,0,0,0,,0,0,0,0,,0,0,,0,0,0,0,0,0,0,0,0,0,0,0
00-0031136,C.Boswell,Chris Boswell,K,SPEC,"https://static.www.nfl.com/image/upload/f_auto,q_auto/league/rxbnhvnfjmheuryvdmuf",2017,REG,PIT,16,0,0,0,0,0,0,0,0,0,0,0,0,,,0,,0,0,0,0,0,0,0,0,0,0,,0,0,0,0,0,0,0,0,0,0,0,0,0,0,,0,0,0,0,0,,0,0,0,0,1,0,0,0,0,0,0,0,0,0,0,0,0,0,0,0,0,0,0,0,0,0,0,0,0,0,0,0,0,0,0,0,35,38,2,1,53,0.921052631578947,0,10,12,9,4,0,0,0,1,1,0,0,46;29;37;43;32;31;49;29;34;20;24;22;24;41;49;25;34;38;41;33;41;28;50;26;53;30;37;38;52;43;24;46;51;34;36,44;37,35,1270,81,35,37,39,1,1,0.948717948717949,4,4,0,0,33;53;38;46,0,0,,0,0,0,0,0,0,0,0,0,0,0,0
00-0031151,M.Williams,Marcus Williams,DB,DB,"https://static.www.nfl.com/image/private/f_auto,q_auto/league/sccvxg0jlpslahqpuvgb",2017,REG,HOU,11,0,0,0,0,0,0,0,0,0,0,0,0,,,0,,0,0,0,0,0,0,0,0,0,0,,0,0,0,0,0,1,1,31,0,0,0,6,25,1,2.48630293936003,0,1,1,1,0,5.16666666666667,0.00201612903225806,0.00152245622938341,0.00408991290895548,0,18,0,0,1,1,0,0,0,0,1,2,4,0,0,0,0,0,0,0,0,0,3,72,0,0,0,0,0,0,0,0,0,0,0,0,0,,,0,0,0,0,0,0,0,0,0,0,0,0,,,,0,0,0,0,0,0,0,,0,0,0,0,,0,0,,0,0,0,0,0,0,0,0,0,0,3.1,4.1
00-0031152,B.Witzmann,Bryan Witzmann,G,OL,"https://static.www.nfl.com/image/private/f_auto,q_auto/league/mv1ff3lbwqcckmx9mu3l",2017,REG,KC,7,0,0,0,0,0,0,0,0,0,0,0,0,,,0,,0,0,0,0,0,0,0,0,0,0,,0,0,0,0,0,0,0,0,0,0,0,0,0,0,,0,0,0,0,0,,0,0,0,0,0,0,0,0,0,0,0,0,0,0,0,0,0,0,0,0,0,0,0,0,0,8,55,0,0,0,0,0,0,0,0,0,0,0,0,0,,,0,0,0,0,0,0,0,0,0,0,0,0,,,,0,0,0,0,0,0,0,,0,0,0,0,,0,0,,0,0,0,0,0,0,0,0,0,0,0,0
00-0031156,T.Ott,Tyler Ott,LS,SPEC,"https://static.www.nfl.com/image/upload/f_auto,q_auto/league/ppnihdnetdwuoapsyrnn",2017,REG,SEA,3,0,0,0,0,0,0,0,0,0,0,0,0,,,0,,0,0,0,0,0,0,0,0,0,0,,0,0,0,0,0,0,0,0,0,0,0,0,0,0,,0,0,0,0,0,,0,0,0,0,3,0,0,0,0,0,0,0,0,0,0,0,0,0,0,0,0,0,0,0,0,0,0,0,0,0,0,0,0,0,0,0,0,0,0,0,,,0,0,0,0,0,0,0,0,0,0,0,0,,,,0,0,0,0,0,0,0,,0,0,0,0,,0,0,,0,0,0,0,0,0,0,0,0,0,0,0
00-0031166,S.Roberts,Seth Roberts,WR,WR,"https://static.www.nfl.com/image/private/f_auto,q_auto/league/prjzalxpmdpcfjequfe4",2017,REG,LV,15,0,0,0,0,0,0,0,0,0,0,0,0,,,0,,0,0,0,0,0,0,0,0,0,0,,0,0,0,0,0,43,65,455,1,2,2,643,104,22,-0.611451533442776,0,16,9,6,0,0.707620528771384,0.117753623188406,0.13813104189044,0.273322164105917,0,1,0,0,0,0,0,0,0,0,0,0,0,0,0,0,0,0,0,0,0,0,6,45,2,0,0,2,2,0,0,0,0,0,0,0,0,,,0,0,0,0,0,0,0,0,0,0,0,0,,,,0,0,0,0,0,0,0,,0,0,0,0,,0,0,,0,0,0,0,0,0,0,0,0,0,47.5,90.5
00-0031170,T.Jernigan,Timmy Jernigan,DT,DL,"https://static.www.nfl.com/image/private/f_auto,q_auto/league/jvzky6sbzw8xuknjkxpq",2017,REG,PHI,14,0,0,0,0,0,0,0,0,0,0,0,0,,,0,,0,0,0,0,0,0,0,0,0,0,,0,0,0,0,0,0,0,0,0,0,0,0,0,0,,0,0,0,0,0,,0,0,0,0,14,2,13,8,27,0,2.5,17,8,0,0,0,0,0,0,0,0,0,0,0,0,4,20,0,0,0,0,0,0,0,0,0,0,0,0,0,,,0,0,0,0,0,0,0,0,0,0,0,0,,,,0,0,0,0,0,0,0,,0,0,0,0,,0,0,,0,0,0,0,0,0,0,0,0,0,0,0
00-0031171,P.Brown,Preston Brown,MLB,LB,"https://static.www.nfl.com/image/private/f_auto,q_auto/league/wnfdecd9f6g9mcpthhdp",2017,REG,BUF,16,0,0,0,0,0,0,0,0,0,0,0,0,,,0,,0,0,0,0,0,0,0,0,0,0,,0,0,0,0,0,0,0,0,0,0,0,0,0,0,,0,0,0,0,0,,0,0,0,0,68,16,60,6,13,0,0,0,2,0,0,3,0,0,0,0,0,0,0,0,0,1,1,0,0,0,0,0,0,0,0,0,0,0,0,0,,,0,0,0,0,0,0,0,0,0,0,0,0,,,,0,0,0,0,0,0,0,,0,0,0,0,,0,0,,0,0,0,0,0,0,0,0,0,0,0,0
00-0031172,K.Thornton,Khyri Thornton,DT,DL,"https://static.www.nfl.com/image/private/f_auto,q_auto/league/g9ddl2rfumyexfsvrbkp",2017,REG,DET,3,0,0,0,0,0,0,0,0,0,0,0,0,,,0,,0,0,0,0,0,0,0,0,0,0,,0,0,0,0,0,0,0,0,0,0,0,0,0,0,,0,0,0,0,0,,0,0,0,0,3,0,1,0,0,0,0,0,1,0,0,0,0,0,0,0,0,0,0,0,0,0,0,0,0,0,0,0,0,0,0,0,0,0,0,0,,,0,0,0,0,0,0,0,0,0,0,0,0,,,,0,0,0,0,0,0,0,,0,0,0,0,,0,0,,0,0,0,0,0,0,0,0,0,0,0,0
00-0031173,J.Watkins,Jaylen Watkins,FS,DB,"https://static.www.nfl.com/image/private/f_auto,q_auto/league/cbzkv9tmbrxawlzj5ebz",2017,REG,PHI,6,0,0,0,0,0,0,0,0,0,0,0,0,,,0,,0,0,0,0,0,0,0,0,0,0,,0,0,0,0,0,0,0,0,0,0,0,0,0,0,,0,0,0,0,0,,0,0,0,0,16,0,1,2,5,0,0,0,0,0,0,0,0,0,0,0,0,0,0,0,0,0,0,0,0,0,0,0,0,0,0,0,0,0,0,0,,,0,0,0,0,0,0,0,0,0,0,0,0,,,,0,0,0,0,0,0,0,,0,0,0,0,,0,0,,0,0,0,0,0,0,0,0,0,0,0,0
00-0031175,C.Marsh,Cassius Marsh,LB,LB,"https://static.www.nfl.com/image/private/f_auto,q_auto/league/jdekdspqixqdeeawftcr",2017,REG,SF,14,0,0,0,0,0,0,0,0,0,0,0,0,,,0,,0,0,0,0,0,0,0,0,0,0,,0,0,0,0,0,0,0,0,0,0,0,0,0,0,,0,0,0,0,0,,0,0,0,0,18,8,4,1,1,3,3,27,4,0,0,0,0,0,0,0,0,0,0,0,0,3,35,0,0,0,0,0,0,0,0,0,0,0,0,0,,,0,0,0,0,0,0,0,0,0,0,0,0,,,,0,0,0,0,0,0,0,,0,0,0,0,,0,0,,0,0,0,0,0,0,0,0,0,0,0,0
00-0031176,N.Lawson,Nevin Lawson,CB,DB,"https://static.www.nfl.com/image/private/f_auto,q_auto/league/uyu9kvg7jgtt1mkgeksc",2017,REG,DET,15,0,0,0,0,0,0,0,0,0,0,0,0,,,0,,0,0,0,0,0,0,0,0,0,0,,0,0,0,0,0,0,0,0,0,0,0,0,0,0,,0,0,0,0,0,,0,0,0,0,36,4,7,0,0,1,0,0,1,0,0,4,0,0,0,0,0,0,1,44,1,7,95,0,0,0,0,0,0,0,0,0,0,0,0,0,,,0,0,0,0,0,0,0,0,0,0,0,0,,,,0,0,0,0,0,0,0,,0,0,0,0,,0,0,,0,0,0,0,0,0,0,0,0,0,0,0
00-0031177,B.Urban,Brent Urban,DE,DL,"https://static.www.nfl.com/image/upload/f_auto,q_auto/league/acp4qzscazxskq9efwnf",2017,REG,BAL,3,0,0,0,0,0,0,0,0,0,0,0,0,,,0,,0,0,0,0,0,0,0,0,0,0,,0,0,0,0,0,0,0,0,0,0,0,0,0,0,,0,0,0,0,0,,0,0,0,0,3,0,1,1,1,0,0,0,0,0,0,1,0,0,0,0,0,0,0,0,0,1,5,0,0,0,0,0,0,0,0,0,0,0,0,0,,,0,0,0,0,0,0,0,0,0,0,0,0,,,,0,0,0,0,0,0,0,,0,0,0,0,,0,0,,0,0,0,0,0,0,0,0,0,0,0,0
00-0031181,R.Allen,Ricardo Allen,FS,DB,"https://static.www.nfl.com/image/private/f_auto,q_auto/league/xamcdivgeq7wbmmypeyl",2017,REG,ATL,14,0,0,0,0,0,0,0,0,0,0,0,0,,,0,,0,0,0,0,0,0,0,0,0,0,,0,0,0,0,0,0,0,0,0,0,0,0,0,0,,0,0,0,0,0,,0,0,0,0,37,1,16,1,2,0,0,0,0,1,4,2,0,0,0,0,0,0,0,0,0,3,50,0,0,0,0,0,0,0,0,0,0,0,0,0,,,0,0,0,0,0,0,0,0,0,0,0,0,,,,0,0,0,0,0,0,0,,0,0,0,0,,0,0,,0,0,0,0,0,0,0,0,0,0,0,0
00-0031182,K.Pamphile,Kevin Pamphile,G,OL,"https://static.www.nfl.com/image/private/f_auto,q_auto/league/fv8b5i5ijzs422iou5bv",2017,REG,TB,1,0,0,0,0,0,0,0,0,0,0,0,0,,,0,,0,0,0,0,0,0,0,0,0,0,,0,0,0,0,0,0,0,0,0,0,0,0,0,0,,0,0,0,0,0,,0,0,0,0,0,0,0,0,0,0,0,0,0,0,0,0,0,0,0,0,0,0,0,0,0,2,15,0,0,0,0,0,0,0,0,0,0,0,0,0,,,0,0,0,0,0,0,0,0,0,0,0,0,,,,0,0,0,0,0,0,0,,0,0,0,0,,0,0,,0,0,0,0,0,0,0,0,0,0,0,0
00-0031185,J.Halapio,Jon Halapio,C,OL,"https://static.www.nfl.com/image/private/f_auto,q_auto/league/cyggjw947hc92rxur6rd",2017,REG,NYG,3,0,0,0,0,0,0,0,0,0,0,0,0,,,0,,0,0,0,0,0,0,0,0,0,0,,0,0,0,0,0,0,0,0,0,0,0,0,0,0,,0,0,0,0,0,,0,0,0,0,1,0,0,0,0,0,0,0,0,0,0,0,0,0,0,0,2,0,0,0,0,2,20,0,0,0,0,0,0,0,0,0,0,0,0,0,,,0,0,0,0,0,0,0,0,0,0,0,0,,,,0,0,0,0,0,0,0,,0,0,0,0,,0,0,,0,0,0,0,0,0,0,0,0,0,0,0
00-0031186,K.Acker,Kenneth Acker,CB,DB,"https://static.www.nfl.com/image/private/f_auto,q_auto/league/xco7k2vow8effgzzuebb",2017,REG,KC,8,0,0,0,0,0,0,0,0,0,0,0,0,,,0,,0,0,0,0,0,0,0,0,0,0,,0,0,0,0,0,0,0,0,0,0,0,0,0,0,,0,0,0,0,0,,0,0,0,0,20,1,2,0,0,0,0,0,0,1,9,1,0,0,0,0,1,0,0,0,0,3,34,0,0,0,0,0,0,0,0,0,0,0,0,0,,,0,0,0,0,0,0,0,0,0,0,0,0,,,,0,0,0,0,0,0,0,,0,0,0,0,,0,0,,0,0,0,0,0,0,0,0,0,0,0,0
00-0031189,T.Jones,T.J. Jones,WR,WR,"https://static.www.nfl.com/image/private/f_auto,q_auto/league/fqv9h42uxtxjl7jjs2dt",2017,REG,DET,13,0,0,0,0,0,0,0,0,0,0,0,0,,,0,,0,0,0,0,0,0,0,0,0,0,,0,0,0,0,0,30,49,399,1,0,0,507,77,22,18.4958540764364,1,20,12,6,0,0.78698224852071,0.0867256637168142,0.111159833369875,0.207900378934134,0,0,0,0,0,0,0,0,0,0,0,0,0,0,1,0,0,0,0,0,0,0,0,0,0,1,1,1,0,6,47,5,105,0,0,0,0,,,0,0,0,0,0,0,0,0,0,0,0,0,,,,0,0,0,0,0,0,0,,0,0,0,0,,0,0,,0,0,0,0,0,0,0,0,0,0,47.9,77.9
00-0031191,L.Bowanko,Luke Bowanko,G,OL,"https://static.www.nfl.com/image/private/f_auto,q_auto/league/qbdgtogzpytljqoyvmj3",2017,REG,BAL,1,0,0,0,0,0,0,0,0,0,0,0,0,,,0,,0,0,0,0,0,0,0,0,0,0,,0,0,0,0,0,0,0,0,0,0,0,0,0,0,,0,0,0,0,0,,0,0,0,0,0,0,0,0,0,0,0,0,0,0,0,0,0,0,0,0,0,0,0,0,0,1,10,0,0,0,0,0,0,0,0,0,0,0,0,0,,,0,0,0,0,0,0,0,0,0,0,0,0,,,,0,0,0,0,0,0,0,,0,0,0,0,,0,0,,0,0,0,0,0,0,0,0,0,0,0,0
00-0031193,D.McCullers,Dan McCullers,DT,DL,"https://static.www.nfl.com/image/private/f_auto,q_auto/league/xycbc9ozhmfhgjghsxzz",2017,REG,PIT,1,0,0,0,0,0,0,0,0,0,0,0,0,,,0,,0,0,0,0,0,0,0,0,0,0,,0,0,0,0,0,0,0,0,0,0,0,0,0,0,,0,0,0,0,0,,0,0,0,0,1,0,0,0,0,0,0,0,0,0,0,0,0,0,0,0,0,0,0,0,0,0,0,0,0,0,0,0,0,0,0,0,0,0,0,0,,,0,0,0,0,0,0,0,0,0,0,0,0,,,,0,0,0,0,0,0,0,,0,0,0,0,,0,0,,0,0,0,0,0,0,0,0,0,0,0,0
00-0031203,C.Santos,Cairo Santos,K,SPEC,"https://static.www.nfl.com/image/upload/f_auto,q_auto/league/w5mfvjfuflbitwuji1yx",2017,REG,CHI,5,0,0,0,0,0,0,0,0,0,0,0,0,,,0,,0,0,0,0,0,0,0,0,0,0,,0,0,0,0,0,0,0,0,0,0,0,0,0,0,,0,0,0,0,0,,0,0,0,0,0,0,0,0,0,0,0,0,0,0,0,0,0,0,0,0,0,0,0,0,0,0,0,0,0,0,0,0,0,0,0,0,4,5,1,0,39,0.8,0,0,4,0,0,0,0,0,0,0,1,0,34;39;34;38,54,,145,54,0,14,14,0,0,1,0,0,0,0,,0,0,,0,0,0,0,0,0,0,0,0,0,0,0
00-0031208,C.McCain,Chris McCain,DE,DL,"https://static.www.nfl.com/image/private/f_auto,q_auto/league/r1ixpk33h5jztu9uy6rx",2017,REG,LAC,11,0,0,0,0,0,0,0,0,0,0,0,0,,,0,,0,0,0,0,0,0,0,0,0,0,,0,0,0,0,0,0,0,0,0,0,0,0,0,0,,0,0,0,0,0,,0,0,0,0,16,2,2,3,23,2,5,30,5,0,0,0,0,0,0,0,0,0,0,0,0,2,20,0,0,0,0,0,0,0,0,0,0,0,0,0,,,0,0,0,0,0,0,0,0,0,0,0,0,,,,0,0,0,0,0,0,0,,0,0,0,0,,0,0,,0,0,0,0,0,0,0,0,0,0,0,0
00-0031209,S.Perry,Senorise Perry,RB,RB,"https://static.www.nfl.com/image/private/f_auto,q_auto/league/tzgedpivxkxwvp7yha3e",2017,REG,MIA,8,0,0,0,0,0,0,0,0,0,0,0,0,,,0,,0,0,0,0,8,30,0,0,0,2,-0.93036800425034,0,1,1,0,0,1,1,3,0,0,0,3,0,0,-0.28061683953274,0,0,0,0,0,1,0.00170068027210884,0.000614250614250614,0.0029809958381387,0,6,0,3,0,0,0,0,0,0,0,0,0,0,0,1,0,1,2,0,0,0,0,0,0,0,0,0,0,0,0,10,202,0,0,0,0,,,0,0,0,0,0,0,0,0,0,0,0,0,,,,0,0,0,0,0,0,0,,0,0,0,0,,0,0,,0,0,0,0,0,0,0,0,0,0,3.3,4.3
00-0031218,M.Butler,Malcolm Butler,CB,DB,"https://static.www.nfl.com/image/private/f_auto,q_auto/league/vm3ehox2mw83qwcrncks",2017,REG,NE,16,0,0,0,0,0,0,0,0,0,0,0,0,,,0,,0,0,0,0,0,0,0,0,0,0,,0,0,0,0,0,0,0,0,0,0,0,0,0,0,,0,0,0,0,0,,0,0,0,0,52,3,5,1,1,3,1,13,2,2,-1,12,0,0,0,0,0,0,0,0,0,4,64,0,0,0,0,0,0,0,0,0,0,0,0,0,,,0,0,0,0,0,0,0,0,0,0,0,0,,,,0,0,0,0,0,0,0,,0,0,0,0,,0,0,,0,0,0,0,0,0,0,0,0,0,0,0
00-0031228,T.Gabriel,Taylor Gabriel,WR,WR,"https://static.www.nfl.com/image/private/f_auto,q_auto/league/nc4aoax8j5mnnrjewu7p",2017,REG,ATL,16,0,0,0,0,0,0,0,0,0,0,0,0,,,0,,0,0,0,0,8,49,0,0,0,3,-0.789742956752889,0,2,2,0,0,33,51,378,1,0,0,528,217,17,1.35586615289909,0,18,7,4,2,0.715909090909091,0.0986460348162476,0.110691823899371,0.225453328953931,0,3,0,0,0,0,0,0,0,0,0,0,0,0,0,0,0,0,0,0,0,0,1,10,0,0,0,0,0,0,0,0,0,0,0,0,0,,,0,0,0,0,0,0,0,0,0,0,0,0,,,,0,0,0,0,0,0,0,,0,0,0,0,,0,0,,0,0,0,0,0,0,0,0,0,0,48.7,81.7
00-0031232,R.Nelson,Robert Nelson,DB,DB,"https://static.www.nfl.com/image/private/f_auto,q_auto/league/zyslkltrgch6jxx3krkz",2017,REG,NYJ,1,0,0,0,0,0,0,0,0,0,0,0,0,,,0,,0,0,0,0,0,0,0,0,0,0,,0,0,0,0,0,0,0,0,0,0,0,0,0,0,,0,0,0,0,0,,0,0,0,0,4,0,0,0,0,0,0,0,0,0,0,0,0,0,0,0,0,0,0,0,0,0,0,0,0,0,0,0,0,0,0,0,0,0,0,0,,,0,0,0,0,0,0,0,0,0,0,0,0,,,,0,0,0,0,0,0,0,,0,0,0,0,,0,0,,0,0,0,0,0,0,0,0,0,0,0,0
00-0031235,O.Beckham,Odell Beckham Jr.,WR,WR,"https://static.www.nfl.com/image/upload/f_auto,q_auto/league/ffmalg3wr7lwnsz59i7v",2017,REG,NYG,4,0,0,0,0,0,0,0,0,0,0,0,0,,,0,,0,0,0,0,1,8,0,0,0,0,0.512132173636928,0,0,0,0,0,25,41,302,3,0,0,520,65,15,6.0398197478133,0,12,3,2,2,0.580769230769231,0.0679933665008292,0.118424049191528,0.184886884185313,0,0,0,0,0,0,0,0,0,0,0,0,0,0,0,0,0,0,0,0,0,0,3,25,0,0,0,0,0,0,0,1,20,0,0,0,0,,,0,0,0,0,0,0,0,0,0,0,0,0,,,,0,0,0,0,0,0,0,,0,0,0,0,,0,0,,0,0,0,0,0,0,0,0,0,0,49,74
00-0031236,B.Cooks,Brandin Cooks,WR,WR,"https://static.www.nfl.com/image/upload/f_auto,q_auto/league/krz3gv9jjs92arlctvqf",2017,REG,NE,16,0,0,0,0,0,0,0,0,0,0,0,0,,,0,,0,0,0,0,9,40,0,0,0,2,-1.29476467519999,0,3,2,0,0,65,114,1082,7,0,0,1759,227,42,40.7277505822548,1,36,29,18,7,0.615122228538943,0.195205479452055,0.328416728902166,0.522699929409598,0,1,0,0,0,0,0,0,0,0,0,0,0,0,0,0,0,0,0,0,0,0,5,36,0,0,0,0,0,0,0,0,0,0,0,0,0,,,0,0,0,0,0,0,0,0,0,0,0,0,,,,0,0,0,0,0,0,0,,0,0,0,0,,0,0,,0,0,0,0,0,0,0,0,0,0,156.2,221.2
00-0031237,T.Bridgewater,Teddy Bridgewater,QB,QB,"https://static.www.nfl.com/image/upload/f_auto,q_auto/league/wggyfg1dgyiwcgxafoen",2017,REG,MIN,1,0,2,0,0,1,0,0,0,0,7,0,0,-7.34884924441576,-79.1255205869675,0,0,0,0,0,0,3,-3,0,0,0,0,0,0,0,0,0,0,0,0,0,0,0,0,0,0,0,,0,0,0,0,0,,0,0,0,0,0,0,0,0,0,0,0,0,0,0,0,0,0,0,0,0,0,0,0,0,0,0,0,0,0,0,0,0,0,0,0,0,0,0,0,0,,,0,0,0,0,0,0,0,0,0,0,0,0,,,,0,0,0,0,0,0,0,,0,0,0,0,,0,0,,0,0,0,0,0,0,0,0,0,0,-2.3,-2.3
00-0031238,W.Richburg,Weston Richburg,C,OL,"https://static.www.nfl.com/image/private/f_auto,q_auto/league/dh62uhmoyxs0erbl6m85",2017,REG,NYG,1,0,0,0,0,0,0,0,0,0,0,0,0,,,0,,0,0,0,0,0,0,0,0,0,0,,0,0,0,0,0,0,0,0,0,0,0,0,0,0,,0,0,0,0,0,,0,0,0,0,0,0,0,0,0,0,0,0,0,0,0,0,0,0,0,0,0,0,0,0,0,1,5,0,0,0,0,0,0,0,0,0,0,0,0,0,,,0,0,0,0,0,0,0,0,0,0,0,0,,,,0,0,0,0,0,0,0,,0,0,0,0,,0,0,,0,0,0,0,0,0,0,0,0,0,0,0
00-0031239,S.Jean-Baptiste,Stanley Jean-Baptiste,CB,DB,"https://static.www.nfl.com/image/private/f_auto,q_auto/league/vgigxwbhwbz1hn5t9vu3",2017,REG,BAL,1,0,0,0,0,0,0,0,0,0,0,0,0,,,0,,0,0,0,0,0,0,0,0,0,0,,0,0,0,0,0,0,0,0,0,0,0,0,0,0,,0,0,0,0,0,,0,0,0,0,1,0,0,0,0,0,0,0,0,0,0,0,0,0,0,0,0,0,0,0,0,0,0,0,0,0,0,0,0,0,0,0,0,0,0,0,,,0,0,0,0,0,0,0,0,0,0,0,0,,,,0,0,0,0,0,0,0,,0,0,0,0,,0,0,,0,0,0,0,0,0,0,0,0,0,0,0
00-0031241,D.Kennard,Devon Kennard,OLB,LB,"https://static.www.nfl.com/image/private/f_auto,q_auto/league/sbnbmm472r2yob1cwxqj",2017,REG,NYG,14,0,0,0,0,0,0,0,0,0,0,0,0,,,0,,0,0,0,0,0,0,0,0,0,0,,0,0,0,0,0,0,0,0,0,0,0,0,0,0,,0,0,0,0,0,,0,0,0,0,16,8,17,7,28,0,4,24,7,0,0,2,0,0,0,0,0,0,1,0,0,0,0,0,0,0,0,0,0,0,0,0,0,0,0,0,,,0,0,0,0,0,0,0,0,0,0,0,0,,,,0,0,0,0,0,0,0,,0,0,0,0,,0,0,,0,0,0,0,0,0,0,0,0,0,0,0
00-0031242,S.Stephen,Shamar Stephen,DT,DL,"https://static.www.nfl.com/image/private/f_auto,q_auto/league/diiumwnd8fvolhamlrkc",2017,REG,MIN,13,0,0,0,0,0,0,0,0,0,0,0,0,,,0,,0,0,0,0,0,0,0,0,0,0,,0,0,0,0,0,0,0,0,0,0,0,0,0,0,,0,0,0,0,0,,0,0,0,0,8,1,19,1,9,0,1,9,3,0,0,0,0,0,0,0,0,0,0,0,0,2,20,0,0,0,0,0,0,0,0,0,0,0,0,0,,,0,0,0,0,0,0,0,0,0,0,0,0,,,,0,0,0,0,0,0,0,,0,0,0,0,,0,0,,0,0,0,0,0,0,0,0,0,0,0,0
00-0031253,K.Williams,K'Waun Williams,DB,DB,"https://static.www.nfl.com/image/private/f_auto,q_auto/league/o07uyyoj3nvtpni2ons7",2017,REG,SF,13,0,0,0,0,0,0,0,0,0,0,0,0,,,0,,0,0,0,0,0,0,0,0,0,0,,0,0,0,0,0,0,0,0,0,0,0,0,0,0,,0,0,0,0,0,,0,0,0,0,39,3,12,4,13,2,1,3,1,1,27,5,0,0,0,0,0,0,1,0,0,1,5,0,0,0,0,0,0,0,0,0,0,0,0,0,,,0,0,0,0,0,0,0,0,0,0,0,0,,,,0,0,0,0,0,0,0,,0,0,0,0,,0,0,,0,0,0,0,0,0,0,0,0,0,0,0
00-0031254,D.Autry,Denico Autry,DT,DL,"https://static.www.nfl.com/image/upload/f_auto,q_auto/league/avrrswmjrzes0ggi3bsg",2017,REG,LV,15,0,0,0,0,0,0,0,0,0,0,0,0,,,0,,0,0,0,0,0,0,0,0,0,0,,0,0,0,0,0,0,0,0,0,0,0,0,0,0,,0,0,0,0,0,,0,0,0,0,21,2,13,8,47,0,5,43.5,9,0,0,7,0,0,0,0,0,0,0,0,0,5,35,0,0,0,0,0,0,0,0,0,0,0,0,0,,,0,0,0,0,0,0,0,0,0,0,0,0,,,,0,0,0,0,0,0,0,,0,0,0,0,,0,0,,0,0,0,0,0,0,0,0,0,0,0,0
00-0031255,K.Edebali,Kasim Edebali,DE,DL,"https://static.www.nfl.com/image/private/f_auto,q_auto/league/ksipzsp693q9depie6sf",2017,REG,DEN,2,0,0,0,0,0,0,0,0,0,0,0,0,,,0,,0,0,0,0,0,0,0,0,0,0,,0,0,0,0,0,0,0,0,0,0,0,0,0,0,,0,0,0,0,0,,0,0,0,0,0,0,1,0,0,0,0,0,1,0,0,0,0,0,0,0,0,0,0,0,0,0,0,0,0,0,0,0,0,0,0,0,0,0,0,0,,,0,0,0,0,0,0,0,0,0,0,0,0,,,,0,0,0,0,0,0,0,,0,0,0,0,,0,0,,0,0,0,0,0,0,0,0,0,0,0,0
00-0031256,A.Barr,Anthony Barr,OLB,LB,"https://static.www.nfl.com/image/private/f_auto,q_auto/league/qmdqkyi8gt67bvqtafxi",2017,REG,MIN,16,0,0,0,0,0,0,0,0,0,0,0,0,,,0,,0,0,0,0,0,0,0,0,0,0,,0,0,0,0,0,0,0,0,0,0,0,0,0,0,,0,0,0,0,0,,0,0,0,0,49,3,23,9,33,0,1,11,5,0,0,6,0,0,0,0,0,0,0,0,0,3,45,0,0,0,0,0,0,0,0,0,0,0,0,0,,,0,0,0,0,0,0,0,0,0,0,0,0,,,,0,0,0,0,0,0,0,,0,0,0,0,,0,0,,0,0,0,0,0,0,0,0,0,0,0,0
00-0031257,P.Richardson,Paul Richardson,WR,WR,"https://static.www.nfl.com/image/private/f_auto,q_auto/league/jxsldwomavxfbs7gueqt",2017,REG,SEA,16,0,0,0,0,0,0,0,0,0,0,0,0,,,0,,0,0,0,0,0,0,0,0,0,0,,0,0,0,0,0,44,80,703,6,0,0,1210,125,33,27.708542775516,0,28,14,13,3,0.58099173553719,0.152091254752852,0.222467365324508,0.383864037856433,0,1,0,0,0,0,0,0,0,0,0,0,0,0,0,0,0,0,0,0,0,0,0,0,0,0,0,0,0,0,0,0,0,0,0,0,0,,,0,0,0,0,0,0,0,0,0,0,0,0,,,,0,0,0,0,0,0,0,,0,0,0,0,,0,0,,0,0,0,0,0,0,0,0,0,0,106.3,150.3
00-0031258,J.Attaochu,Jeremiah Attaochu,LB,LB,"https://static.www.nfl.com/image/private/f_auto,q_auto/league/kuzyvqsygq7u44i1mvdv",2017,REG,LAC,3,0,0,0,0,0,0,0,0,0,0,0,0,,,0,,0,0,0,0,0,0,0,0,0,0,,0,0,0,0,0,0,0,0,0,0,0,0,0,0,,0,0,0,0,0,,0,0,0,0,4,2,1,1,4,0,0,0,0,0,0,0,0,0,0,0,0,0,0,0,0,0,0,0,0,0,0,0,0,0,0,0,0,0,0,0,,,0,0,0,0,0,0,0,0,0,0,0,0,,,,0,0,0,0,0,0,0,,0,0,0,0,,0,0,,0,0,0,0,0,0,0,0,0,0,0,0
00-0031259,A.Colvin,Aaron Colvin,CB,DB,"https://static.www.nfl.com/image/private/f_auto,q_auto/league/gqmwdqnpvxq56hpecvwp",2017,REG,JAX,16,0,0,0,0,0,0,0,0,0,0,0,0,,,0,,0,0,0,0,0,0,0,0,0,0,,0,0,0,0,0,0,0,0,0,0,0,0,0,0,,0,0,0,0,0,,0,0,0,0,38,0,7,4,10,0,0,0,1,0,0,5,0,0,0,0,0,0,1,0,0,2,25,0,0,0,0,0,0,0,0,0,0,0,0,0,,,0,0,0,0,0,0,0,0,0,0,0,0,,,,0,0,0,0,0,0,0,,0,0,0,0,,0,0,,0,0,0,0,0,0,0,0,0,0,0,0
00-0031260,L.Thomas,Logan Thomas,TE,TE,"https://static.www.nfl.com/image/private/f_auto,q_auto/league/acm0ymhqdzqxdibwjphv",2017,REG,BUF,5,0,0,0,0,0,0,0,0,0,0,0,0,,,0,,0,0,0,0,0,0,0,0,0,0,,0,0,0,0,0,7,9,67,1,0,0,63,11,2,2.62576215114677,0,2,2,2,0,1.06349206349206,0.0192307692307692,0.0152653259025927,0.0395318819779687,0,0,0,0,0,0,0,0,0,0,0,0,0,0,0,0,0,0,0,0,0,0,2,15,0,0,0,0,0,0,0,0,0,0,0,0,0,,,0,0,0,0,0,0,0,0,0,0,0,0,,,,0,0,0,0,0,0,0,,0,0,0,0,,0,0,,0,0,0,0,0,0,0,0,0,0,12.7,19.7
00-0031261,T.Boston,Tre Boston,FS,DB,"https://static.www.nfl.com/image/private/f_auto,q_auto/league/advacxvffvn8xztqjtwl",2017,REG,LAC,16,0,0,0,0,0,0,0,0,0,0,0,0,,,0,,0,0,0,0,0,0,0,0,0,0,,0,0,0,0,0,0,0,0,0,0,0,0,0,0,,0,0,0,0,0,,0,0,0,0,46,10,23,1,1,0,0,0,0,5,49,8,0,0,0,0,0,0,0,0,0,2,30,0,0,0,0,0,0,0,0,0,0,0,0,0,,,0,0,0,0,0,0,0,0,0,0,0,0,,,,0,0,0,0,0,0,0,,0,0,0,0,,0,0,,0,0,0,0,0,0,0,0,0,0,0,0
00-0031262,B.Benwikere,Bene' Benwikere,CB,DB,"https://static.www.nfl.com/image/private/f_auto,q_auto/league/guicom731cuts0f5otuj",2017,REG,DAL,2,0,0,0,0,0,0,0,0,0,0,0,0,,,0,,0,0,0,0,0,0,0,0,0,0,,0,0,0,0,0,0,0,0,0,0,0,0,0,0,,0,0,0,0,0,,0,0,0,0,2,0,0,0,0,0,0,0,0,0,0,1,0,0,0,0,0,0,1,0,0,0,0,0,0,0,0,0,0,0,0,0,0,0,0,0,,,0,0,0,0,0,0,0,0,0,0,0,0,,,,0,0,0,0,0,0,0,,0,0,0,0,,0,0,,0,0,0,0,0,0,0,0,0,0,0,0
00-0031263,A.Williamson,Avery Williamson,ILB,LB,"https://static.www.nfl.com/image/private/f_auto,q_auto/league/dbgdjdgvpwbryecsrvrh",2017,REG,TEN,15,0,0,0,0,0,0,0,0,0,0,0,0,,,0,,0,0,0,0,0,0,0,0,0,0,,0,0,0,0,0,0,0,0,0,0,0,0,0,0,,0,0,0,0,0,,0,0,0,0,51,1,40,5,23,2,3,12,4,0,0,2,0,0,0,0,0,0,0,0,0,0,0,0,0,0,0,0,0,0,0,0,0,0,0,0,,,0,0,0,0,0,0,0,0,0,0,0,0,,,,0,0,0,0,0,0,0,,0,0,0,0,,0,0,,0,0,0,0,0,0,0,0,0,0,0,0
00-0031264,C.Smith,Chris Smith,LB,LB,"https://static.www.nfl.com/image/private/f_auto,q_auto/league/gr3gd0bcwxcvs7ljlseb",2017,REG,CIN,13,0,0,0,0,0,0,0,0,0,0,0,0,,,0,,0,0,0,0,0,0,0,0,0,0,,0,0,0,0,0,0,0,0,0,0,0,0,0,0,,0,0,0,0,0,,0,0,0,0,15,2,9,4,28,1,3,36,9,0,0,2,0,0,0,0,0,0,0,0,0,2,20,0,0,0,0,0,0,0,0,0,0,0,0,0,,,0,0,0,0,0,0,0,0,0,0,0,0,,,,0,0,0,0,0,0,0,,0,0,0,0,,0,0,,0,0,0,0,0,0,0,0,0,0,0,0
00-0031265,E.Stinson,Ed Stinson,DE,DL,"https://static.www.nfl.com/image/private/f_auto,q_auto/league/gazqlcxwkxxrxyd26cya",2017,REG,NYJ,1,0,0,0,0,0,0,0,0,0,0,0,0,,,0,,0,0,0,0,0,0,0,0,0,0,,0,0,0,0,0,0,0,0,0,0,0,0,0,0,,0,0,0,0,0,,0,0,0,0,0,0,1,0,0,0,0,0,0,0,0,0,0,0,0,0,0,0,0,0,0,0,0,0,0,0,0,0,0,0,0,0,0,0,0,0,,,0,0,0,0,0,0,0,0,0,0,0,0,,,,0,0,0,0,0,0,0,,0,0,0,0,,0,0,,0,0,0,0,0,0,0,0,0,0,0,0
00-0031267,A.Exum,Antone Exum,S,DB,"https://static.www.nfl.com/image/private/f_auto,q_auto/league/lmd6gb12tpwhqfmebdgc",2017,REG,SF,1,0,0,0,0,0,0,0,0,0,0,0,0,,,0,,0,0,0,0,0,0,0,0,0,0,,0,0,0,0,0,0,0,0,0,0,0,0,0,0,,0,0,0,0,0,,0,0,0,0,2,0,1,0,0,0,0,0,0,0,0,0,0,0,0,0,0,0,0,0,0,0,0,0,0,0,0,0,0,0,0,0,0,0,0,0,,,0,0,0,0,0,0,0,0,0,0,0,0,,,,0,0,0,0,0,0,0,,0,0,0,0,,0,0,,0,0,0,0,0,0,0,0,0,0,0,0
00-0031269,T.Carrie,T.J. Carrie,DB,DB,"https://static.www.nfl.com/image/private/f_auto,q_auto/league/kezxowzth44qm6wo1fgt",2017,REG,LV,16,0,0,0,0,0,0,0,0,0,0,0,0,,,0,,0,0,0,0,0,0,0,0,0,0,,0,0,0,0,0,0,0,0,0,0,0,0,0,0,,0,0,0,0,0,,0,0,0,0,65,5,14,1,2,0,0,0,1,0,0,9,0,0,0,0,0,0,2,0,0,1,5,0,0,0,0,0,0,0,0,0,0,0,0,0,,,0,0,0,0,0,0,0,0,0,0,0,0,,,,0,0,0,0,0,0,0,,0,0,0,0,,0,0,,0,0,0,0,0,0,0,0,0,0,0,0
00-0031270,S.Harris,Shelby Harris,DE,DL,"https://static.www.nfl.com/image/upload/f_auto,q_auto/league/r1lxhltzhpkmfdocupum",2017,REG,DEN,16,0,0,0,0,0,0,0,0,0,0,0,0,,,0,,0,0,0,0,0,0,0,0,0,0,,0,0,0,0,0,0,0,0,0,0,0,0,0,0,,0,0,0,0,0,,0,0,0,0,21,1,12,7,38,0,5.5,33,9,0,0,3,0,0,0,0,0,0,0,0,0,1,5,0,0,0,0,0,0,0,0,0,0,0,0,0,,,0,0,0,0,0,0,0,0,0,0,0,0,,,,0,0,0,0,0,0,0,,0,0,0,0,,0,0,,0,0,0,0,0,0,0,0,0,0,0,0
00-0031273,C.Brate,Cameron Brate,TE,TE,"https://static.www.nfl.com/image/private/f_auto,q_auto/league/jhioqec65qy4z7s6w9a6",2017,REG,TB,16,0,0,0,0,0,0,0,0,0,0,0,0,,,0,,0,0,0,0,0,0,0,0,0,0,,0,0,0,0,0,48,77,591,6,0,0,711,143,33,22.42257482541,0,33,11,5,0,0.831223628691983,0.129194630872483,0.115197666882696,0.274430313126612,0,2,0,0,0,0,0,0,0,0,0,0,0,0,0,0,0,0,-1,0,0,0,1,5,0,1,0,1,0,0,0,0,0,0,0,0,0,,,0,0,0,0,0,0,0,0,0,0,0,0,,,,0,0,0,0,0,0,0,,0,0,0,0,,0,0,,0,0,0,0,0,0,0,0,0,0,95.1,143.1
00-0031276,T.Patmon,Tyler Patmon,DB,DB,"https://static.www.nfl.com/image/private/f_auto,q_auto/league/ow8aoindvqcbjqxopuhf",2017,REG,JAX,4,0,0,0,0,0,0,0,0,0,0,0,0,,,0,,0,0,0,0,0,0,0,0,0,0,,0,0,0,0,0,0,0,0,0,0,0,0,0,0,,0,0,0,0,0,,0,0,0,0,2,0,2,0,0,0,0,0,0,0,0,0,0,0,0,0,0,0,0,0,0,1,10,0,0,0,0,0,0,0,0,0,0,0,0,0,,,0,0,0,0,0,0,0,0,0,0,0,0,,,,0,0,0,0,0,0,0,,0,0,0,0,,0,0,,0,0,0,0,0,0,0,0,0,0,0,0
00-0031277,B.Oliver,Branden Oliver,RB,RB,"https://static.www.nfl.com/image/private/f_auto,q_auto/league/wuvcmhjtwgqanezt6f79",2017,REG,LAC,8,0,0,0,0,0,0,0,0,0,0,0,0,,,0,,0,0,0,0,35,83,0,0,0,6,-7.98084860527888,0,2,1,1,0,6,11,26,0,0,0,-5,31,2,-8.57251448644092,0,1,0,0,0,-5.2,0.0191972076788831,-0.00104602510460251,0.0280635939451029,0,0,0,0,0,0,0,0,0,0,0,0,0,0,0,0,0,0,0,0,0,0,0,0,0,0,0,0,0,0,0,0,0,0,0,0,0,,,0,0,0,0,0,0,0,0,0,0,0,0,,,,0,0,0,0,0,0,0,,0,0,0,0,,0,0,,0,0,0,0,0,0,0,0,0,0,10.9,16.9
00-0031279,J.Matthews,Jake Matthews,OT,OL,"https://static.www.nfl.com/image/upload/f_auto,q_auto/league/erhayhjdrny0fua2nizx",2017,REG,ATL,5,0,0,0,0,0,0,0,0,0,0,0,0,,,0,,0,0,0,0,0,0,0,0,0,0,,0,0,0,0,0,0,0,0,0,0,0,0,0,0,,0,0,0,0,0,,0,0,0,0,0,0,0,0,0,0,0,0,0,0,0,0,0,0,0,0,1,0,0,0,0,4,40,0,0,0,0,0,0,0,0,0,0,0,0,0,,,0,0,0,0,0,0,0,0,0,0,0,0,,,,0,0,0,0,0,0,0,,0,0,0,0,,0,0,,0,0,0,0,0,0,0,0,0,0,0,0
00-0031280,D.Carr,Derek Carr,QB,QB,"https://static.www.nfl.com/image/upload/f_auto,q_auto/league/qsz1pyrlu6bmvby6maaf",2017,REG,LV,15,323,515,3496,22,13,20,-101,4,1,4244,1603,165,26.176431365867,-0.316120605258381,2,0.823751178133836,132,64,43,9,23,66,0,4,2,5,-9.5218989001005,0,2,2,1,0,0,0,0,0,0,0,0,0,0,,0,0,0,0,0,,0,0,0,0,1,0,0,0,0,0,0,0,0,0,0,0,0,0,0,0,1,-2,0,0,0,2,10,7,1,2,8,3,0,0,0,0,0,0,0,0,,,0,0,0,0,0,0,0,0,0,0,0,0,,,,0,0,0,0,0,0,0,,0,0,0,0,,0,0,,0,0,0,0,0,0,0,0,0,0,206.44,206.44
00-0031282,J.Britt,Justin Britt,C,OL,"https://static.www.nfl.com/image/private/f_auto,q_auto/league/acxotc2bwutblcw4xbpr",2017,REG,SEA,5,0,0,0,0,0,0,0,0,0,0,0,0,,,0,,0,0,0,0,0,0,0,0,0,0,,0,0,0,0,0,0,0,0,0,0,0,0,0,0,,0,0,0,0,0,,0,0,0,0,1,0,0,0,0,0,0,0,0,0,0,0,0,0,0,0,1,0,0,0,0,2,25,0,1,0,1,0,0,0,0,0,0,0,0,0,,,0,0,0,0,0,0,0,0,0,0,0,0,,,,0,0,0,0,0,0,0,,0,0,0,0,,0,0,,0,0,0,0,0,0,0,0,0,0,0,0
00-0031284,T.Swanson,Travis Swanson,C,OL,"https://static.www.nfl.com/image/private/f_auto,q_auto/league/eg09bedrudpyuvxqe4dn",2017,REG,DET,2,0,0,0,0,0,0,0,0,0,0,0,0,,,0,,0,0,0,0,0,0,0,0,0,0,,0,0,0,0,0,0,0,0,0,0,0,0,0,0,,0,0,0,0,0,,0,0,0,0,0,0,0,0,0,0,0,0,0,0,0,0,0,0,0,0,0,0,0,0,0,3,25,0,0,0,0,0,0,0,0,0,0,0,0,0,,,0,0,0,0,0,0,0,0,0,0,0,0,,,,0,0,0,0,0,0,0,,0,0,0,0,,0,0,,0,0,0,0,0,0,0,0,0,0,0,0
00-0031285,D.Freeman,Devonta Freeman,RB,RB,"https://static.www.nfl.com/image/private/f_auto,q_auto/league/vjhvfwypu1byxfo2uvki",2017,REG,ATL,14,0,0,0,0,0,0,0,0,0,0,0,0,,,0,,0,0,0,0,196,865,7,4,1,49,-11.7978130086224,0,22,14,5,1,36,47,317,1,0,0,91,244,18,11.0933608643375,0,15,5,3,0,3.48351648351648,0.0909090909090909,0.0190775681341719,0.149717934057557,0,2,0,0,0,0,0,0,0,0,0,0,0,0,0,0,0,0,0,0,0,0,4,50,4,0,0,4,1,0,0,0,0,0,0,0,0,,,0,0,0,0,0,0,0,0,0,0,0,0,,,,0,0,0,0,0,0,0,,0,0,0,0,,0,0,,0,0,0,0,0,0,0,0,0,0,164.2,200.2
00-0031288,A.McCarron,AJ McCarron,QB,QB,"https://static.www.nfl.com/image/private/f_auto,q_auto/league/fvakqnmsg35llkcme11h",2017,REG,CIN,2,7,14,66,0,0,1,-9,0,0,105,57,3,-2.58903009508504,-14.2164006829262,0,0.628571428571429,3,1,1,0,0,0,0,0,0,0,,0,0,0,0,0,0,0,0,0,0,0,0,0,0,,0,0,0,0,0,,0,0,0,0,0,0,0,0,0,0,0,0,0,0,0,0,0,0,0,0,0,0,0,0,0,0,0,0,0,0,0,0,0,0,0,0,0,0,0,0,,,0,0,0,0,0,0,0,0,0,0,0,0,,,,0,0,0,0,0,0,0,,0,0,0,0,,0,0,,0,0,0,0,0,0,0,0,0,0,2.64,2.64
00-0031290,M.Flowers,Marquis Flowers,LB,LB,"https://static.www.nfl.com/image/private/f_auto,q_auto/league/bz2xgnhnckjwx6dfaihz",2017,REG,NE,12,0,0,0,0,0,0,0,0,0,0,0,0,,,0,,0,0,0,0,0,0,0,0,0,0,,0,0,0,0,0,0,0,0,0,0,0,0,0,0,,0,0,0,0,0,,0,0,0,0,24,1,7,5,20,1,3.5,15,4,0,0,1,0,0,0,0,0,0,0,0,0,0,0,0,0,0,0,0,0,0,0,0,0,0,0,0,,,0,0,0,0,0,0,0,0,0,0,0,0,,,,0,0,0,0,0,0,0,,0,0,0,0,,0,0,,0,0,0,0,0,0,0,0,0,0,0,0
00-0031296,C.Mosley,C.J. Mosley,ILB,LB,"https://static.www.nfl.com/image/private/f_auto,q_auto/league/cjje7blxkubjmrbtbp27",2017,REG,BAL,16,0,0,0,0,0,0,0,0,0,0,0,0,,,0,,0,0,0,0,0,0,0,0,0,0,,0,0,0,0,0,0,0,0,0,0,0,0,0,0,,0,0,0,0,0,,0,0,0,0,94,2,36,11,40,3,1,13,5,2,94,7,1,0,0,0,0,0,3,18,0,2,25,0,0,0,0,0,0,0,0,0,0,0,0,0,,,0,0,0,0,0,0,0,0,0,0,0,0,,,,0,0,0,0,0,0,0,,0,0,0,0,,0,0,,0,0,0,0,0,0,0,0,0,0,0,0
00-0031297,D.Ford,Dee Ford,DE,DL,"https://static.www.nfl.com/image/private/f_auto,q_auto/league/wn2xowqkaphzrq6bkqk9",2017,REG,KC,6,0,0,0,0,0,0,0,0,0,0,0,0,,,0,,0,0,0,0,0,0,0,0,0,0,,0,0,0,0,0,0,0,0,0,0,0,0,0,0,,0,0,0,0,0,,0,0,0,0,9,2,2,4,20,1,2,16,7,0,0,1,0,0,0,0,0,0,0,0,0,2,17,0,0,0,0,0,0,0,0,0,0,0,0,0,,,0,0,0,0,0,0,0,0,0,0,0,0,,,,0,0,0,0,0,0,0,,0,0,0,0,,0,0,,0,0,0,0,0,0,0,0,0,0,0,0
00-0031298,J.Ward,Jimmie Ward,SAF,DB,"https://static.www.nfl.com/image/upload/f_auto,q_auto/league/xfnd7v3pfwo0vtrb9e8w",2017,REG,SF,7,0,0,0,0,0,0,0,0,0,0,0,0,,,0,,0,0,0,0,0,0,0,0,0,0,,0,0,0,0,0,0,0,0,0,0,0,0,0,0,,0,0,0,0,0,,0,0,0,0,26,1,5,1,2,0,0,0,0,0,0,1,0,0,0,0,0,0,1,43,0,2,10,0,0,0,0,0,0,0,0,0,0,0,0,0,,,0,0,0,0,0,0,0,0,0,0,0,0,,,,0,0,0,0,0,0,0,,0,0,0,0,,0,0,,0,0,0,0,0,0,0,0,0,0,0,0
00-0031299,J.Matthews,Jordan Matthews,TE,TE,"https://static.www.nfl.com/image/upload/f_auto,q_auto/league/b9rddikwsnwmfh9girgn",2017,REG,BUF,10,0,0,0,0,0,0,0,0,0,0,0,0,,,0,,0,0,0,0,0,0,0,0,0,0,,0,0,0,0,0,25,36,282,1,1,1,253,124,14,13.7966873290308,0,10,3,3,1,1.11462450592885,0.0769230769230769,0.0613036103707294,0.158297142644126,0,2,0,0,0,0,0,0,0,0,0,0,0,0,0,0,0,0,0,0,0,0,3,24,1,0,0,1,1,0,0,0,0,0,0,0,0,,,0,0,0,0,0,0,0,0,0,0,0,0,,,,0,0,0,0,0,0,0,,0,0,0,0,,0,0,,0,0,0,0,0,0,0,0,0,0,32.2,57.2
00-0031301,J.Hill,Jeremy Hill,RB,RB,"https://static.www.nfl.com/image/private/f_auto,q_auto/league/rafvidcbp023aupumccx",2017,REG,CIN,7,0,0,0,0,0,0,0,0,0,0,0,0,,,0,,0,0,0,0,37,116,0,1,0,5,-4.51712648081593,0,3,2,0,0,4,4,16,0,0,0,-14,30,1,-0.130086909397505,0,1,0,0,0,-1.14285714285714,0.00819672131147541,-0.00335811945310626,0.00994439835003873,0,0,0,0,0,0,0,0,0,0,0,0,0,0,0,0,0,0,0,0,0,0,0,0,1,0,0,1,0,0,0,0,0,0,0,0,0,,,0,0,0,0,0,0,0,0,0,0,0,0,,,,0,0,0,0,0,0,0,,0,0,0,0,,0,0,,0,0,0,0,0,0,0,0,0,0,13.2,17.2
00-0031302,C.Fiedorowicz,C.J. Fiedorowicz,TE,TE,"https://static.www.nfl.com/image/private/f_auto,q_auto/league/syuzjdnhzquetrf9jqvp",2017,REG,HOU,5,0,0,0,0,0,0,0,0,0,0,0,0,,,0,,0,0,0,0,0,0,0,0,0,0,,0,0,0,0,0,14,22,127,0,0,0,181,37,7,-4.74791837734846,0,6,0,0,0,0.701657458563536,0.0426356589147287,0.0347809377401998,0.0883001447902329,0,1,0,0,0,0,0,0,0,0,0,0,0,0,0,0,0,0,0,0,0,0,1,10,0,0,0,0,0,0,0,0,0,0,0,0,0,,,0,0,0,0,0,0,0,0,0,0,0,0,,,,0,0,0,0,0,0,0,,0,0,0,0,,0,0,,0,0,0,0,0,0,0,0,0,0,12.7,26.7
00-0031304,W.Clarke,Will Clarke,DE,DL,"https://static.www.nfl.com/image/private/f_auto,q_auto/league/tynmfcmcnuob8hnsro5z",2017,REG,TB,11,0,0,0,0,0,0,0,0,0,0,0,0,,,0,,0,0,0,0,0,0,0,0,0,0,,0,0,0,0,0,0,0,0,0,0,0,0,0,0,,0,0,0,0,0,,0,0,0,0,12,0,3,2,15,0,2.5,15,5,0,0,1,0,0,0,0,0,0,1,0,0,0,0,0,0,0,0,0,0,0,0,0,0,0,0,0,,,0,0,0,0,0,0,0,0,0,0,0,0,,,,0,0,0,0,0,0,0,,0,0,0,0,,0,0,,0,0,0,0,0,0,0,0,0,0,0,0
00-0031306,R.Bodine,Russell Bodine,C,OL,"https://static.www.nfl.com/image/private/f_auto,q_auto/league/dglt2sdm4uwwsr7jcesb",2017,REG,CIN,4,0,0,0,0,0,0,0,0,0,0,0,0,,,0,,0,0,0,0,0,0,0,0,0,0,,0,0,0,0,0,0,0,0,0,0,0,0,0,0,,0,0,0,0,0,,0,0,0,0,0,0,0,0,0,0,0,0,0,0,0,0,0,0,0,0,1,0,0,0,0,2,15,0,1,0,1,0,0,0,0,0,0,0,0,0,,,0,0,0,0,0,0,0,0,0,0,0,0,,,,0,0,0,0,0,0,0,,0,0,0,0,,0,0,,0,0,0,0,0,0,0,0,0,0,0,0
00-0031307,W.Aikens,Walt Aikens,DB,DB,"https://static.www.nfl.com/image/private/f_auto,q_auto/league/df61cwjllfnjqjriozfr",2017,REG,MIA,6,0,0,0,0,0,0,0,0,0,0,0,0,,,0,,0,0,0,0,0,0,0,0,0,0,,0,0,0,0,0,0,0,0,0,0,0,0,0,0,,0,0,0,0,0,,0,0,0,0,5,0,3,0,0,1,0,0,0,0,0,0,0,0,0,0,0,0,0,0,0,2,20,0,0,0,0,0,0,0,0,0,0,0,0,0,,,0,0,0,0,0,0,0,0,0,0,0,0,,,,0,0,0,0,0,0,0,,0,0,0,0,,0,0,,0,0,0,0,0,0,0,0,0,0,0,0
00-0031308,K.Pierre-Louis,Kevin Pierre-Louis,LB,LB,"https://static.www.nfl.com/image/private/f_auto,q_auto/league/oiqbdi5yu0xvl6kogrup",2017,REG,KC,14,0,0,0,0,0,0,0,0,0,0,0,0,,,0,,0,0,0,0,0,0,0,0,0,0,,0,0,0,0,0,0,0,0,0,0,0,0,0,0,,0,0,0,0,0,,0,0,0,0,29,2,10,1,4,0,0,0,1,0,0,2,0,0,0,0,0,0,0,0,0,3,30,0,0,0,0,0,0,0,0,0,0,0,0,0,,,0,0,0,0,0,0,0,0,0,0,0,0,,,,0,0,0,0,0,0,0,,0,0,0,0,,0,0,,0,0,0,0,0,0,0,0,0,0,0,0
00-0031309,T.Smith,Telvin Smith,OLB,LB,"https://static.www.nfl.com/image/private/f_auto,q_auto/league/kqwpvbbg7fefzhiz3b43",2017,REG,JAX,14,0,0,0,0,0,0,0,0,0,0,0,0,,,0,,0,0,0,0,0,0,0,0,0,0,,0,0,0,0,0,0,0,0,0,0,0,0,0,0,,0,0,0,0,0,,0,0,0,0,73,3,26,12,28,1,1,1,2,3,56,5,1,0,0,0,0,0,2,52,1,4,30,0,0,0,0,0,0,0,0,0,0,0,0,0,,,0,0,0,0,0,0,0,0,0,0,0,0,,,,0,0,0,0,0,0,0,,0,0,0,0,,0,0,,0,0,0,0,0,0,0,0,0,0,0,0
00-0031314,W.Johnson,Wesley Johnson,C,OL,"https://static.www.nfl.com/image/private/f_auto,q_auto/league/fruwv3uyu8y9qsmyd6pc",2017,REG,NYJ,5,0,0,0,0,0,0,0,0,0,0,0,0,,,0,,0,0,0,0,0,0,0,0,0,0,,0,0,0,0,0,0,0,0,0,0,0,0,0,0,,0,0,0,0,0,,0,0,0,0,0,0,0,0,0,0,0,0,0,0,0,0,0,0,0,0,0,0,0,0,0,5,51,0,0,0,0,0,0,0,0,0,0,0,0,0,,,0,0,0,0,0,0,0,0,0,0,0,0,,,,0,0,0,0,0,0,0,,0,0,0,0,,0,0,,0,0,0,0,0,0,0,0,0,0,0,0
00-0031315,M.Hazel,Matt Hazel,WR,WR,"https://static.www.nfl.com/image/private/f_auto,q_auto/league/ijcfzgvm0l5cmtleaejy",2017,REG,IND,2,0,0,0,0,0,0,0,0,0,0,0,0,,,0,,0,0,0,0,0,0,0,0,0,0,,0,0,0,0,0,1,1,1,0,0,0,-1,2,0,-1.20810720394366,0,0,0,0,0,0,0.00211864406779661,-0.000271886895051659,0.00298764527515875,0,1,0,0,0,0,0,0,0,0,0,0,0,0,0,0,0,0,0,0,0,0,0,0,0,0,0,0,0,0,0,0,0,0,0,0,0,,,0,0,0,0,0,0,0,0,0,0,0,0,,,,0,0,0,0,0,0,0,,0,0,0,0,,0,0,,0,0,0,0,0,0,0,0,0,0,0.1,1.1
00-0031317,T.Fede,Terrence Fede,DE,DL,"https://static.www.nfl.com/image/private/f_auto,q_auto/league/x9pa1xshzm9xajdr3zhr",2017,REG,MIA,9,0,0,0,0,0,0,0,0,0,0,0,0,,,0,,0,0,0,0,0,0,0,0,0,0,,0,0,0,0,0,0,0,0,0,0,0,0,0,0,,0,0,0,0,0,,0,0,0,0,11,0,4,0,0,0,0,0,1,0,0,0,0,0,0,0,0,0,1,0,0,2,24,0,0,0,0,0,0,0,0,0,0,0,0,0,,,0,0,0,0,0,0,0,0,0,0,0,0,,,,0,0,0,0,0,0,0,,0,0,0,0,,0,0,,0,0,0,0,0,0,0,0,0,0,0,0
00-0031325,S.Watkins,Sammy Watkins,WR,WR,"https://static.www.nfl.com/image/private/f_auto,q_auto/league/nkqk4ac4uncxocqlgp2k",2017,REG,LA,15,0,0,0,0,0,0,0,0,0,0,0,0,,,0,,0,0,0,0,0,0,0,0,0,0,,0,0,0,0,0,39,70,593,8,0,0,1009,185,33,30.1173556751834,0,27,13,9,2,0.587710604558969,0.137254901960784,0.248889985199803,0.380105342581038,0,0,0,0,0,0,0,0,0,0,0,0,0,0,0,0,0,0,0,0,0,0,1,10,0,0,0,0,0,0,0,0,0,0,0,0,0,,,0,0,0,0,0,0,0,0,0,0,0,0,,,,0,0,0,0,0,0,0,,0,0,0,0,,0,0,,0,0,0,0,0,0,0,0,0,0,107.3,146.3
00-0031326,B.Ellington,Bruce Ellington,WR,WR,"https://static.www.nfl.com/image/private/f_auto,q_auto/league/qqlup3kfumh2ifrixmfn",2017,REG,HOU,11,0,0,0,0,0,0,0,0,0,0,0,0,,,0,,0,0,0,0,3,17,0,0,0,1,0.0556068186997436,0,1,1,0,0,29,57,330,2,1,0,562,136,14,-0.477031582369702,0,12,8,6,0,0.587188612099644,0.11046511627907,0.107993850883935,0.241293370037359,0,1,0,0,0,0,0,0,0,0,0,0,0,0,0,0,0,2,4,0,0,0,1,5,1,0,0,1,0,5,47,0,0,0,0,0,0,,,0,0,0,0,0,0,0,0,0,0,0,0,,,,0,0,0,0,0,0,0,,0,0,0,0,,0,0,,0,0,0,0,0,0,0,0,0,0,46.7,75.7
00-0031328,B.Dixon,Brandon Dixon,DB,DB,"https://static.www.nfl.com/image/private/f_auto,q_auto/league/dzs9zt2zrepxhyssqgix",2017,REG,NYG,5,0,0,0,0,0,0,0,0,0,0,0,0,,,0,,0,0,0,0,0,0,0,0,0,0,,0,0,0,0,0,0,0,0,0,0,0,0,0,0,,0,0,0,0,0,,0,0,0,0,13,2,6,0,0,1,0,0,0,0,0,4,0,0,0,0,0,0,0,0,0,0,0,0,0,0,0,0,0,0,0,0,0,0,0,0,,,0,0,0,0,0,0,0,0,0,0,0,0,,,,0,0,0,0,0,0,0,,0,0,0,0,,0,0,,0,0,0,0,0,0,0,0,0,0,0,0
00-0031330,M.Moses,Morgan Moses,OT,OL,"https://static.www.nfl.com/image/upload/f_auto,q_auto/league/qbq088iyxz81xdpdcnx0",2017,REG,WAS,5,0,0,0,0,0,0,0,0,0,0,0,0,,,0,,0,0,0,0,0,0,0,0,0,0,,0,0,0,0,0,0,0,0,0,0,0,0,0,0,,0,0,0,0,0,,0,0,0,0,1,0,1,0,0,0,0,0,0,0,0,0,0,0,0,0,1,0,0,0,0,5,32,0,0,0,0,0,0,0,0,0,0,0,0,0,,,0,0,0,0,0,0,0,0,0,0,0,0,,,,0,0,0,0,0,0,0,,0,0,0,0,,0,0,,0,0,0,0,0,0,0,0,0,0,0,0
00-0031331,P.Desir,Pierre Desir,CB,DB,"https://static.www.nfl.com/image/private/f_auto,q_auto/league/hf93hyvfhwqp89z08vum",2017,REG,IND,7,0,0,0,0,0,0,0,0,0,0,0,0,,,0,,0,0,0,0,0,0,0,0,0,0,,0,0,0,0,0,0,0,0,0,0,0,0,0,0,,0,0,0,0,0,,0,0,0,0,21,0,11,0,0,0,0,0,0,1,0,7,0,0,0,0,0,0,0,0,0,2,27,0,0,0,0,0,0,0,0,0,0,0,0,0,,,0,0,0,0,0,0,0,0,0,0,0,0,,,,0,0,0,0,0,0,0,,0,0,0,0,,0,0,,0,0,0,0,0,0,0,0,0,0,0,0
00-0031332,F.Toussaint,Fitzgerald Toussaint,RB,RB,"https://static.www.nfl.com/image/private/f_auto,q_auto/league/rckiakioqzv7cjqaeg1d",2017,REG,PIT,3,0,0,0,0,0,0,0,0,0,0,0,0,,,0,,0,0,0,0,6,25,0,0,0,1,0.774139144748915,0,0,0,0,0,2,3,9,0,0,0,-9,12,1,-0.759831691510044,0,0,0,0,0,-1,0.00512820512820513,-0.00171657448025939,0.00649070555612612,0,2,0,2,0,0,0,0,0,0,0,0,0,0,0,0,0,0,0,0,0,0,0,0,0,0,0,0,0,0,0,6,94,0,0,0,0,,,0,0,0,0,0,0,0,0,0,0,0,0,,,,0,0,0,0,0,0,0,,0,0,0,0,,0,0,,0,0,0,0,0,0,0,0,0,0,3.4,5.4
00-0031333,H.Clinton-Dix,Ha Ha Clinton-Dix,S,DB,"https://static.www.nfl.com/image/private/f_auto,q_auto/league/xt6lcyhy8ooptwtn3ytw",2017,REG,GB,16,0,0,0,0,0,0,0,0,0,0,0,0,,,0,,0,0,0,0,0,0,0,0,0,0,,0,0,0,0,0,0,0,0,0,0,0,0,0,0,,0,0,0,0,0,,0,0,0,0,58,7,14,1,3,0,0,0,0,3,5,6,0,0,0,0,0,0,0,0,0,2,28,0,0,0,0,0,0,0,0,0,0,0,0,0,,,0,0,0,0,0,0,0,0,0,0,0,0,,,,0,0,0,0,0,0,0,,0,0,0,0,,0,0,,0,0,0,0,0,0,0,0,0,0,0,0
00-0031334,J.Verrett,Jason Verrett,DB,DB,"https://static.www.nfl.com/image/private/f_auto,q_auto/league/vz516d6tu3lyno2ciuf7",2017,REG,LAC,1,0,0,0,0,0,0,0,0,0,0,0,0,,,0,,0,0,0,0,0,0,0,0,0,0,,0,0,0,0,0,0,0,0,0,0,0,0,0,0,,0,0,0,0,0,,0,0,0,0,1,0,0,0,0,0,0,0,0,0,0,0,0,0,0,0,0,0,0,0,0,0,0,0,0,0,0,0,0,0,0,0,0,0,0,0,,,0,0,0,0,0,0,0,0,0,0,0,0,,,,0,0,0,0,0,0,0,,0,0,0,0,,0,0,,0,0,0,0,0,0,0,0,0,0,0,0
00-0031336,K.Ealy,Kony Ealy,DE,DL,"https://static.www.nfl.com/image/private/f_auto,q_auto/league/pcd6y5ohu5ewvwxvghwi",2017,REG,NYJ,11,0,0,0,0,0,0,0,0,0,0,0,0,,,0,,0,0,0,0,0,0,0,0,0,0,,0,0,0,0,0,0,0,0,0,0,0,0,0,0,,0,0,0,0,0,,0,0,0,0,11,0,3,2,6,0,1,5,3,1,9,9,0,0,0,0,0,0,0,0,0,0,0,0,0,0,0,0,0,0,0,0,0,0,0,0,,,0,0,0,0,0,0,0,0,0,0,0,0,,,,0,0,0,0,0,0,0,,0,0,0,0,,0,0,,0,0,0,0,0,0,0,0,0,0,0,0
00-0031338,T.Brooks,Terrence Brooks,FS,DB,"https://static.www.nfl.com/image/private/f_auto,q_auto/league/o21l87qgeibe1alrmzym",2017,REG,NYJ,11,0,0,0,0,0,0,0,0,0,0,0,0,,,0,,0,0,0,0,0,0,0,0,0,0,,0,0,0,0,0,0,0,0,0,0,0,0,0,0,,0,0,0,0,0,,0,0,0,0,10,0,3,0,0,0,0,0,3,2,13,3,0,0,0,0,0,0,0,0,0,0,0,0,0,0,0,0,0,0,0,0,0,0,0,0,,,0,0,0,0,0,0,0,0,0,0,0,0,,,,0,0,0,0,0,0,0,,0,0,0,0,,0,0,,0,0,0,0,0,0,0,0,0,0,0,0
00-0031339,D.Moncrief,Donte Moncrief,WR,WR,"https://static.www.nfl.com/image/private/f_auto,q_auto/league/f7p1ufvbhedqf96d0i0r",2017,REG,IND,12,0,0,0,0,0,0,0,0,0,0,0,0,,,0,,0,0,0,0,0,0,0,0,0,0,,0,0,0,0,0,26,47,391,2,0,0,641,79,22,17.1913140542468,0,15,7,5,2,0.609984399375975,0.0995762711864407,0.174279499728113,0.27136005658934,0,2,0,0,0,0,0,0,0,0,0,0,0,0,0,0,0,0,0,0,0,0,1,10,0,0,0,0,0,0,0,0,0,0,0,0,0,,,0,0,0,0,0,0,0,0,0,0,0,0,,,,0,0,0,0,0,0,0,,0,0,0,0,,0,0,,0,0,0,0,0,0,0,0,0,0,51.1,77.1
00-0031343,C.Pryor,Calvin Pryor,DB,DB,"https://static.www.nfl.com/image/private/f_auto,q_auto/league/hori2inj7ywiafadabal",2017,REG,JAX,1,0,0,0,0,0,0,0,0,0,0,0,0,,,0,,0,0,0,0,0,0,0,0,0,0,,0,0,0,0,0,0,0,0,0,0,0,0,0,0,,0,0,0,0,0,,0,0,0,0,1,0,0,0,0,0,0,0,0,0,0,0,0,0,0,0,0,0,0,0,0,0,0,0,0,0,0,0,0,0,0,0,0,0,0,0,,,0,0,0,0,0,0,0,0,0,0,0,0,,,,0,0,0,0,0,0,0,,0,0,0,0,,0,0,,0,0,0,0,0,0,0,0,0,0,0,0
00-0031344,C.Latimer,Cody Latimer,WR,WR,"https://static.www.nfl.com/image/private/f_auto,q_auto/league/whgchcrp9pqx0waocewu",2017,REG,DEN,11,0,0,0,0,0,0,0,0,0,0,0,0,,,0,,0,0,0,0,0,0,0,0,0,0,,0,0,0,0,0,19,31,287,2,0,0,324,64,15,12.1914081857532,1,14,8,6,0,0.885802469135803,0.0562613430127042,0.0682248894504106,0.132149437134344,0,5,0,0,0,0,0,0,0,0,0,0,0,0,0,0,0,1,0,0,0,0,1,5,1,0,0,1,0,0,0,8,190,0,0,0,0,,,0,0,0,0,0,0,0,0,0,0,0,0,,,,0,0,0,0,0,0,0,,0,0,0,0,,0,0,,0,0,0,0,0,0,0,0,0,0,42.7,61.7
00-0031345,J.Garoppolo,Jimmy Garoppolo,QB,QB,"https://static.www.nfl.com/image/upload/f_auto,q_auto/league/ivz3zwvjxvgcu4dzabur",2017,REG,SF,6,120,178,1560,7,5,8,-57,0,0,1572,721,78,57.6369279603174,6.00594937462698,0,0.99236641221374,65,36,20,5,15,11,1,1,0,3,1.54516091577367,0,0,0,0,0,1,1,-6,0,0,0,-6,0,0,-1.45439320930745,0,0,0,0,0,0,0.00166944908180301,-0.00124584717607973,0.00163208059944869,0,1,0,0,0,0,0,0,0,0,0,0,0,0,0,0,0,1,-1,0,0,0,0,0,0,1,0,1,0,0,0,0,0,0,0,0,0,,,0,0,0,0,0,0,0,0,0,0,0,0,,,,0,0,0,0,0,0,0,,0,0,0,0,,0,0,,0,0,0,0,0,0,0,0,0,0,86.9,87.9
00-0031346,J.Ellis,Justin Ellis,DT,DL,"https://static.www.nfl.com/image/private/f_auto,q_auto/league/wduokcrngi613rdgwqbf",2017,REG,LV,14,0,0,0,0,0,0,0,0,0,0,0,0,,,0,,0,0,0,0,0,0,0,0,0,0,,0,0,0,0,0,0,0,0,0,0,0,0,0,0,,0,0,0,0,0,,0,0,0,0,21,6,21,1,1,0,0.5,0.5,1,0,0,0,0,0,0,0,0,0,0,0,0,0,0,0,0,0,0,0,0,0,0,0,0,0,0,0,,,0,0,0,0,0,0,0,0,0,0,0,0,,,,0,0,0,0,0,0,0,,0,0,0,0,,0,0,,0,0,0,0,0,0,0,0,0,0,0,0
00-0031347,K.McGill,Keith McGill,S,DB,"https://static.www.nfl.com/image/private/f_auto,q_auto/league/q71adpyg3rl6gzpbktsu",2017,REG,LV,6,0,0,0,0,0,0,0,0,0,0,0,0,,,0,,0,0,0,0,0,0,0,0,0,0,,0,0,0,0,0,0,0,0,0,0,0,0,0,0,,0,0,0,0,0,,0,0,0,0,5,1,0,0,0,0,0,0,0,0,0,0,0,0,0,0,2,0,0,0,0,0,0,0,0,0,0,0,0,0,0,0,0,0,0,0,,,0,0,0,0,0,0,0,0,0,0,0,0,,,,0,0,0,0,0,0,0,,0,0,0,0,,0,0,,0,0,0,0,0,0,0,0,0,0,0,0
00-0031348,A.Hitchens,Anthony Hitchens,MLB,LB,"https://static.www.nfl.com/image/private/f_auto,q_auto/league/imetresqtxpqaqwu4iyv",2017,REG,DAL,12,0,0,0,0,0,0,0,0,0,0,0,0,,,0,,0,0,0,0,0,0,0,0,0,0,,0,0,0,0,0,0,0,0,0,0,0,0,0,0,,0,0,0,0,0,,0,0,0,0,45,10,29,6,13,1,0,0,2,0,0,2,0,0,0,0,0,0,0,0,0,1,15,0,0,0,0,0,0,0,0,0,0,0,0,0,,,0,0,0,0,0,0,0,0,0,0,0,0,,,,0,0,0,0,0,0,0,,0,0,0,0,,0,0,,0,0,0,0,0,0,0,0,0,0,0,0
00-0031349,M.Paradis,Matt Paradis,C,OL,"https://static.www.nfl.com/image/private/f_auto,q_auto/league/d9eoibz52yzsvc0knnj1",2017,REG,DEN,4,0,0,0,0,0,0,0,0,0,0,0,0,,,0,,0,0,0,0,0,0,0,0,0,0,,0,0,0,0,0,0,0,0,0,0,0,0,0,0,,0,0,0,0,0,,0,0,0,0,2,0,0,0,0,0,0,0,0,0,0,0,0,0,0,0,1,-5,0,0,0,1,10,0,1,1,1,0,0,0,0,0,0,0,0,0,,,0,0,0,0,0,0,0,0,0,0,0,0,,,,0,0,0,0,0,0,0,,0,0,0,0,,0,0,,0,0,0,0,0,0,0,0,0,0,0,0
00-0031350,C.Nelson,Corey Nelson,ILB,LB,"https://static.www.nfl.com/image/private/f_auto,q_auto/league/xr9mpbcy2rvixgidvecw",2017,REG,DEN,3,0,0,0,0,0,0,0,0,0,0,0,0,,,0,,0,0,0,0,0,0,0,0,0,0,,0,0,0,0,0,0,0,0,0,0,0,0,0,0,,0,0,0,0,0,,0,0,0,0,2,0,2,0,0,0,0,0,0,0,0,0,0,0,0,0,0,0,0,0,0,0,0,0,0,0,0,0,0,0,0,0,0,0,0,0,,,0,0,0,0,0,0,0,0,0,0,0,0,,,,0,0,0,0,0,0,0,,0,0,0,0,,0,0,,0,0,0,0,0,0,0,0,0,0,0,0
00-0031353,M.Schofield,Michael Schofield,G,OL,"https://static.www.nfl.com/image/private/f_auto,q_auto/league/oretyyn9jjmsu067tuw6",2017,REG,LAC,2,0,0,0,0,0,0,0,0,0,0,0,0,,,0,,0,0,0,0,0,0,0,0,0,0,,0,0,0,0,0,0,0,0,0,0,0,0,0,0,,0,0,0,0,0,,0,0,0,0,0,0,0,0,0,0,0,0,0,0,0,0,0,0,0,0,0,0,0,0,0,2,15,0,0,0,0,0,0,0,0,0,0,0,0,0,,,0,0,0,0,0,0,0,0,0,0,0,0,,,,0,0,0,0,0,0,0,,0,0,0,0,,0,0,,0,0,0,0,0,0,0,0,0,0,0,0
00-0031357,C.Goodwin,C.J. Goodwin,CB,DB,"https://static.www.nfl.com/image/upload/f_auto,q_auto/league/txvnf4ecxcgg5heclsit",2017,REG,ARI,5,0,0,0,0,0,0,0,0,0,0,0,0,,,0,,0,0,0,0,0,0,0,0,0,0,,0,0,0,0,0,0,0,0,0,0,0,0,0,0,,0,0,0,0,0,,0,0,0,0,8,0,1,0,0,0,0,0,0,0,0,0,0,0,0,0,0,0,0,0,0,3,42,0,0,0,0,0,0,0,0,0,0,0,0,0,,,0,0,0,0,0,0,0,0,0,0,0,0,,,,0,0,0,0,0,0,0,,0,0,0,0,,0,0,,0,0,0,0,0,0,0,0,0,0,0,0
00-0031359,K.Benjamin,Kelvin Benjamin,WR,WR,"https://static.www.nfl.com/image/private/f_auto,q_auto/league/ot2sowoc2g6ecza4z6ye",2017,REG,BUF,14,0,0,0,0,0,0,0,0,0,0,0,0,,,0,,0,0,0,0,0,0,0,0,0,0,,0,0,0,0,0,47,77,671,3,0,0,882,139,29,15.9936853270335,0,28,16,9,1,0.760770975056689,0.15650406504065,0.207627118644068,0.380095080611823,0,0,0,0,0,0,0,0,0,0,0,0,0,0,0,0,0,0,0,0,0,0,1,10,0,0,0,0,0,0,0,0,0,0,0,0,0,,,0,0,0,0,0,0,0,0,0,0,0,0,,,,0,0,0,0,0,0,0,,0,0,0,0,,0,0,,0,0,0,0,0,0,0,0,0,0,85.1,132.1
00-0031360,K.Van Noy,Kyle Van Noy,MLB,LB,"https://static.www.nfl.com/image/upload/f_auto,q_auto/league/kxj2hipcguahh4l60vaa",2017,REG,NE,12,0,0,0,0,0,0,0,0,0,0,0,0,,,0,,0,0,0,0,0,0,0,0,0,0,,0,0,0,0,0,0,0,0,0,0,0,0,0,0,,0,0,0,0,0,,0,0,0,0,47,11,15,7,31,0,5.5,33.5,9,0,0,2,0,0,0,0,0,0,0,0,0,2,10,0,0,0,0,0,0,0,0,0,0,0,0,0,,,0,0,0,0,0,0,0,0,0,0,0,0,,,,0,0,0,0,0,0,0,,0,0,0,0,,0,0,,0,0,0,0,0,0,0,0,0,0,0,0
00-0031361,C.Kirksey,Christian Kirksey,OLB,LB,"https://static.www.nfl.com/image/upload/f_auto,q_auto/league/ja9gc0ltxqyzgxmwqbat",2017,REG,CLE,16,0,0,0,0,0,0,0,0,0,0,0,0,,,0,,0,0,0,0,0,0,0,0,0,0,,0,0,0,0,0,0,0,0,0,0,0,0,0,0,,0,0,0,0,0,,0,0,0,0,81,5,52,6,19,2,3.5,13.5,6,0,0,5,0,0,0,0,0,0,1,0,0,3,18,0,0,0,0,0,0,0,0,0,0,0,0,0,,,0,0,0,0,0,0,0,0,0,0,0,0,,,,0,0,0,0,0,0,0,,0,0,0,0,,0,0,,0,0,0,0,0,0,0,0,0,0,0,0
00-0031362,T.Turner,Trai Turner,G,OL,"https://static.www.nfl.com/image/private/f_auto,q_auto/league/biyfxbbcupee9guctdzw",2017,REG,CAR,5,0,0,0,0,0,0,0,0,0,0,0,0,,,0,,0,0,0,0,0,0,0,0,0,0,,0,0,0,0,0,0,0,0,0,0,0,0,0,0,,0,0,0,0,0,,0,0,0,0,1,0,0,0,0,0,0,0,0,0,0,0,0,0,0,0,0,0,0,0,0,5,40,0,0,0,0,0,0,0,0,0,0,0,0,0,,,0,0,0,0,0,0,0,0,0,0,0,0,,,,0,0,0,0,0,0,0,,0,0,0,0,,0,0,,0,0,0,0,0,0,0,0,0,0,0,0
00-0031363,M.Palardy,Michael Palardy,P,SPEC,"https://static.www.nfl.com/image/private/f_auto,q_auto/league/hoxfeahxcb9sbz83nose",2017,REG,CAR,16,0,1,0,0,0,0,0,0,0,6,0,0,-2.96294311713427,-68.1328654289246,0,0,0,0,0,0,0,0,0,0,0,0,,0,0,0,0,0,0,0,0,0,0,0,0,0,0,,0,0,0,0,0,,0,0,0,0,0,0,0,0,0,0,0,0,0,0,0,0,0,0,0,0,1,0,0,0,0,1,5,0,1,0,1,0,0,0,0,0,0,0,0,0,,,0,0,0,0,0,0,0,0,0,0,0,0,,,,0,0,0,0,0,0,0,,0,0,0,0,,71,0,63,3269,25,6,10,4,21,30,176,0,3013,0,0
00-0031364,J.Clowney,Jadeveon Clowney,OLB,LB,"https://static.www.nfl.com/image/upload/f_auto,q_auto/league/iururnv6x8iuzepggwvt",2017,REG,HOU,16,0,0,0,0,0,0,0,0,0,0,0,0,,,0,,0,0,0,0,0,0,0,0,0,0,,0,0,0,0,0,0,0,0,0,0,0,0,0,0,,0,0,0,0,0,,0,0,0,0,34,7,18,19,102,2,9.5,67,21,0,0,2,0,0,0,0,0,0,2,71,1,13,82,0,0,0,0,0,0,0,0,0,0,0,0,0,,,0,0,0,0,0,0,0,0,0,0,0,0,,,,0,0,0,0,0,0,0,,0,0,0,0,,0,0,,0,0,0,0,0,0,0,0,0,0,0,0
00-0031365,R.Shazier,Ryan Shazier,LB,LB,"https://static.www.nfl.com/image/private/f_auto,q_auto/league/vttmf8y9nvnhemzgrszw",2017,REG,PIT,12,0,0,0,0,0,0,0,0,0,0,0,0,,,0,,0,0,0,0,0,0,0,0,0,0,,0,0,0,0,0,0,0,0,0,0,0,0,0,0,,0,0,0,0,0,,0,0,0,0,61,7,21,3,4,2,0,0,2,3,2,11,0,0,0,4,0,0,1,5,0,1,15,0,0,0,0,0,0,0,0,0,0,0,0,0,,,0,0,0,0,0,0,0,0,0,0,0,0,,,,0,0,0,0,0,0,0,,0,0,0,0,,0,0,,0,0,0,0,0,0,0,0,0,0,0,0
00-0031366,D.Bucannon,Deone Bucannon,OLB,LB,"https://static.www.nfl.com/image/private/f_auto,q_auto/league/g19sbqyligpdkcsczrzk",2017,REG,ARI,12,0,0,0,0,0,0,0,0,0,0,0,0,,,0,,0,0,0,0,0,0,0,0,0,0,,0,0,0,0,0,0,0,0,0,0,0,0,0,0,,0,0,0,0,0,,0,0,0,0,55,3,24,2,4,2,1,7,2,1,39,3,0,0,0,0,0,0,0,0,0,1,16,0,0,0,0,0,0,0,0,0,0,0,0,0,,,0,0,0,0,0,0,0,0,0,0,0,0,,,,0,0,0,0,0,0,0,,0,0,0,0,,0,0,,0,0,0,0,0,0,0,0,0,0,0,0
00-0031367,G.Jackson,Gabe Jackson,G,OL,"https://static.www.nfl.com/image/private/f_auto,q_auto/league/ayii0hagj1u5f1kzuxqy",2017,REG,LV,5,0,0,0,0,0,0,0,0,0,0,0,0,,,0,,0,0,0,0,0,0,0,0,0,0,,0,0,0,0,0,0,0,0,0,0,0,0,0,0,,0,0,0,0,0,,0,0,0,0,0,0,0,0,0,0,0,0,0,0,0,0,0,0,0,0,0,0,0,0,0,6,58,0,0,0,0,0,0,0,0,0,0,0,0,0,,,0,0,0,0,0,0,0,0,0,0,0,0,,,,0,0,0,0,0,0,0,,0,0,0,0,,0,0,,0,0,0,0,0,0,0,0,0,0,0,0
00-0031369,B.Linder,Brandon Linder,C,OL,"https://static.www.nfl.com/image/private/f_auto,q_auto/league/hv5hw11b417jpoqdbc8m",2017,REG,JAX,3,0,0,0,0,0,0,0,0,0,0,0,0,,,0,,0,0,0,0,0,0,0,0,0,0,,0,0,0,0,0,0,0,0,0,0,0,0,0,0,,0,0,0,0,0,,0,0,0,0,1,0,0,0,0,0,0,0,0,0,0,0,0,0,0,0,0,0,0,0,0,3,20,0,0,0,0,0,0,0,0,0,0,0,0,0,,,0,0,0,0,0,0,0,0,0,0,0,0,,,,0,0,0,0,0,0,0,,0,0,0,0,,0,0,,0,0,0,0,0,0,0,0,0,0,0,0
00-0031371,M.Smith,Marcus Smith,LB,LB,"https://static.www.nfl.com/image/private/f_auto,q_auto/league/p5iow42a1yrpramf50nq",2017,REG,SEA,11,0,0,0,0,0,0,0,0,0,0,0,0,,,0,,0,0,0,0,0,0,0,0,0,0,,0,0,0,0,0,0,0,0,0,0,0,0,0,0,,0,0,0,0,0,,0,0,0,0,9,0,6,1,6,2,2.5,10.5,5,0,0,1,0,0,0,0,0,0,0,0,0,0,0,0,0,0,0,0,0,0,0,0,0,0,0,0,,,0,0,0,0,0,0,0,0,0,0,0,0,,,,0,0,0,0,0,0,0,,0,0,0,0,,0,0,,0,0,0,0,0,0,0,0,0,0,0,0
00-0031372,B.Roby,Bradley Roby,CB,DB,"https://static.www.nfl.com/image/private/f_auto,q_auto/league/b2ef6tlrbcqpdnnolzcq",2017,REG,DEN,16,0,0,0,0,0,0,0,0,0,0,0,0,,,0,,0,0,0,0,0,0,0,0,0,0,,0,0,0,0,0,0,0,0,0,0,0,0,0,0,,0,0,0,0,0,,0,0,0,0,35,0,7,1,3,1,1,0,1,1,0,17,0,0,0,0,0,0,1,0,0,4,75,0,0,0,0,0,0,0,0,0,0,0,0,0,,,0,0,0,0,0,0,0,0,0,0,0,0,,,,0,0,0,0,0,0,0,,0,0,0,0,,0,0,,0,0,0,0,0,0,0,0,0,0,0,0
00-0031373,M.Bryant,Martavis Bryant,WR,WR,"https://static.www.nfl.com/image/private/f_auto,q_auto/league/davxza3iibzg7aw6c5jm",2017,REG,PIT,15,0,0,0,0,0,0,0,0,0,0,0,0,,,0,,0,0,0,0,6,22,0,0,0,0,-1.31689214752987,0,1,1,0,0,50,84,603,3,0,0,1203,170,30,18.8712707858923,1,29,12,7,1,0.501246882793017,0.143589743589744,0.229448788861339,0.375998767587553,0,1,0,0,0,0,0,0,0,0,0,0,0,0,0,0,0,1,0,0,0,0,2,12,0,0,0,0,0,0,0,9,151,0,0,0,0,,,0,0,0,0,0,0,0,0,0,0,0,0,,,,0,0,0,0,0,0,0,,0,0,0,0,,0,0,,0,0,0,0,0,0,0,0,0,0,82.5,132.5
00-0031375,T.West,Terrance West,RB,RB,"https://static.www.nfl.com/image/private/f_auto,q_auto/league/vzmf3p3k4ywfa5vjn9za",2017,REG,BAL,5,0,0,0,0,0,0,0,0,0,0,0,0,,,0,,0,0,0,0,39,138,2,1,1,11,-9.00914841574547,0,5,2,0,0,2,4,23,0,0,0,6,21,2,-2.88163164188154,0,1,0,0,0,3.83333333333333,0.0071301247771836,0.00156168662155128,0.0117883678008613,0,1,0,0,0,0,0,0,0,0,0,0,0,0,0,0,0,0,0,0,0,0,0,0,1,0,0,1,1,0,0,0,0,0,0,0,0,,,0,0,0,0,0,0,0,0,0,0,0,0,,,,0,0,0,0,0,0,0,,0,0,0,0,,0,0,,0,0,0,0,0,0,0,0,0,0,26.1,28.1
00-0031376,J.McKinnon,Jerick McKinnon,RB,RB,"https://static.www.nfl.com/image/private/f_auto,q_auto/league/yezxe2j778cndbhkxwez",2017,REG,MIN,16,0,0,0,0,0,0,0,0,0,0,0,0,,,0,,0,0,0,0,150,570,3,2,2,23,-36.2522558472402,1,12,6,2,1,51,68,421,2,0,0,15,450,20,-3.77192869015693,0,16,8,7,1,28.0666666666667,0.130518234165067,0.00374438342486271,0.198398419645005,0,1,0,1,0,0,0,0,0,0,0,0,0,0,0,0,0,0,0,0,0,0,0,0,2,1,1,3,2,0,0,12,312,0,0,0,0,,,0,0,0,0,0,0,0,0,0,0,0,0,,,,0,0,0,0,0,0,0,,0,0,0,0,,0,0,,0,0,0,0,0,0,0,0,0,0,127.1,178.1
00-0031380,D.Dennard,Darqueze Dennard,DB,DB,"https://static.www.nfl.com/image/private/f_auto,q_auto/league/rnz4yvd8asofcwmjldod",2017,REG,CIN,16,0,0,0,0,0,0,0,0,0,0,0,0,,,0,,0,0,0,0,0,0,0,0,0,0,,0,0,0,0,0,0,0,0,0,0,0,0,0,0,,0,0,0,0,0,,0,0,0,0,60,1,24,2,9,0,2,6,1,2,109,6,1,1,0,0,0,0,0,0,0,2,19,0,1,1,1,0,1,0,0,0,0,0,0,0,,,0,0,0,0,0,0,0,0,0,0,0,0,,,,0,0,0,0,0,0,0,,0,0,0,0,,0,0,,0,0,0,0,0,0,0,0,0,0,0,0
00-0031381,D.Adams,Davante Adams,WR,WR,"https://static.www.nfl.com/image/upload/f_auto,q_auto/league/qtonvcqpixixqhc6lhnc",2017,REG,GB,14,0,0,0,0,0,0,0,0,0,0,0,0,,,0,,0,0,0,0,0,0,0,0,0,0,,0,0,0,0,0,74,117,885,10,0,0,1137,338,45,52.2938788641264,0,34,14,8,3,0.778364116094987,0.211191335740072,0.278608184268562,0.511812732598101,0,0,0,0,0,0,0,0,0,0,0,0,0,0,0,0,0,0,0,0,0,0,0,0,0,0,0,0,0,0,0,0,0,0,0,0,0,,,0,0,0,0,0,0,0,0,0,0,0,0,,,,0,0,0,0,0,0,0,,0,0,0,0,,0,0,,0,0,0,0,0,0,0,0,0,0,148.5,222.5
00-0031382,J.Landry,Jarvis Landry,WR,WR,"https://static.www.nfl.com/image/private/f_auto,q_auto/league/w2q9uwsjvgadwyvnvopb",2017,REG,MIA,16,0,1,0,0,0,0,0,0,0,11,0,0,-0.427772035938688,-32.4283838272095,0,0,0,0,0,0,1,-7,0,0,0,0,-1.48486251069698,0,0,0,0,0,112,161,987,9,3,2,956,498,60,4.92631484961802,0,41,12,6,1,1.03242677824268,0.273809523809524,0.195741195741196,0.547733122733123,0,7,0,0,0,0,0,0,0,0,0,0,0,0,0,0,40,2,0,0,0,0,5,60,3,1,0,4,2,12,81,1,-5,0,0,0,0,,,0,0,0,0,0,0,0,0,0,0,0,0,,,,0,0,0,0,0,0,0,,0,0,0,0,,0,0,,0,0,0,0,0,0,0,0,0,0,148,260
00-0031384,R.Rodgers,Richard Rodgers,TE,TE,"https://static.www.nfl.com/image/private/f_auto,q_auto/league/l9zei9dkcmbml3q1nshk",2017,REG,GB,10,0,0,0,0,0,0,0,0,0,0,0,0,,,0,,0,0,0,0,0,0,0,0,0,0,,0,0,0,0,0,12,19,160,1,0,0,131,89,6,6.12811143521685,0,5,4,3,0,1.22137404580153,0.0342960288808664,0.0320999754962019,0.073914026168641,0,1,0,0,0,0,0,0,0,0,0,0,0,0,0,0,0,0,0,0,0,0,2,15,0,0,0,0,0,0,0,0,0,0,0,0,0,,,0,0,0,0,0,0,0,0,0,0,0,0,,,,0,0,0,0,0,0,0,,0,0,0,0,,0,0,,0,0,0,0,0,0,0,0,0,0,22,34
00-0031386,G.Robinson,Greg Robinson,OT,OL,"https://static.www.nfl.com/image/private/f_auto,q_auto/league/wn008se3po5pb3dtscz3",2017,REG,DET,2,0,0,0,0,0,0,0,0,0,0,0,0,,,0,,0,0,0,0,0,0,0,0,0,0,,0,0,0,0,0,0,0,0,0,0,0,0,0,0,,0,0,0,0,0,,0,0,0,0,0,0,0,0,0,0,0,0,0,0,0,0,0,0,0,0,1,0,0,0,0,2,15,0,0,0,0,0,0,0,0,0,0,0,0,0,,,0,0,0,0,0,0,0,0,0,0,0,0,,,,0,0,0,0,0,0,0,,0,0,0,0,,0,0,,0,0,0,0,0,0,0,0,0,0,0,0
00-0031387,E.Ebron,Eric Ebron,TE,TE,"https://static.www.nfl.com/image/private/f_auto,q_auto/league/uaxsxymncppase7ihczd",2017,REG,DET,16,0,0,0,0,0,0,0,0,0,0,0,0,,,0,,0,0,0,0,0,0,0,0,0,0,,0,0,0,0,0,53,86,574,4,1,1,629,258,30,8.1648167545601,0,25,9,6,1,0.912559618441971,0.152212389380531,0.137908353431265,0.324854431472682,0,2,0,0,0,0,0,0,0,0,0,0,0,0,0,0,0,0,0,0,0,0,1,10,1,0,0,1,1,0,0,0,0,0,0,0,0,,,0,0,0,0,0,0,0,0,0,0,0,0,,,,0,0,0,0,0,0,0,,0,0,0,0,,0,0,,0,0,0,0,0,0,0,0,0,0,79.4,132.4
00-0031388,A.Donald,Aaron Donald,DL,DL,"https://static.www.nfl.com/image/private/f_auto,q_auto/league/gou42dathlyc1rfn4pga",2017,REG,LA,14,0,0,0,0,0,0,0,0,0,0,0,0,,,0,,0,0,0,0,0,0,0,0,0,0,,0,0,0,0,0,0,0,0,0,0,0,0,0,0,,0,0,0,0,0,,0,0,0,0,30,2,9,14,69,5,11,95,27,0,0,1,0,0,0,0,0,0,1,0,0,4,50,0,0,0,0,0,0,0,0,0,0,0,0,0,,,0,0,0,0,0,0,0,0,0,0,0,0,,,,0,0,0,0,0,0,0,,0,0,0,0,,0,0,,0,0,0,0,0,0,0,0,0,0,0,0
00-0031389,L.Joyner,Lamarcus Joyner,S,DB,"https://static.www.nfl.com/image/private/f_auto,q_auto/league/x57erxn3gxqfqdwx7of9",2017,REG,LA,12,0,0,0,0,0,0,0,0,0,0,0,0,,,0,,0,0,0,0,0,0,0,0,0,0,,0,0,0,0,0,0,0,0,0,0,0,0,0,0,,0,0,0,0,0,,0,0,0,0,38,1,10,0,0,1,0,0,0,3,104,9,1,0,0,0,0,0,0,0,0,1,5,0,0,0,0,0,0,0,0,0,0,0,0,0,,,0,0,0,0,0,0,0,0,0,0,0,0,,,,0,0,0,0,0,0,0,,0,0,0,0,,0,0,,0,0,0,0,0,0,0,0,0,0,0,0
00-0031390,C.Sims III,Charles Sims,RB,RB,"https://static.www.nfl.com/image/private/f_auto,q_auto/league/w1yff81pb8rfp9sytx5l",2017,REG,TB,15,0,0,0,0,0,0,0,0,0,0,0,0,,,0,,0,0,0,0,21,95,0,0,0,6,-0.916661187496968,0,3,2,1,0,35,47,249,1,1,1,155,206,12,-7.26530820189602,0,8,3,2,0,1.60645161290323,0.0788590604026846,0.0251134154244977,0.135867981401175,0,1,0,0,0,0,0,0,0,0,0,0,0,0,0,0,0,0,0,0,0,0,0,0,1,0,0,1,1,0,0,2,32,0,0,0,0,,,0,0,0,0,0,0,0,0,0,0,0,0,,,,0,0,0,0,0,0,0,,0,0,0,0,,0,0,,0,0,0,0,0,0,0,0,0,0,38.4,73.4
00-0031393,M.Alexander,Maurice Alexander,LB,LB,"https://static.www.nfl.com/image/private/f_auto,q_auto/league/qhwti7dor8d9rbbx82ah",2017,REG,LA,4,0,0,0,0,0,0,0,0,0,0,0,0,,,0,,0,0,0,0,0,0,0,0,0,0,,0,0,0,0,0,0,0,0,0,0,0,0,0,0,,0,0,0,0,0,,0,0,0,0,11,2,7,0,0,0,0,0,1,0,0,0,0,0,0,0,0,0,0,0,0,0,0,0,0,0,0,0,0,0,0,0,0,0,0,0,,,0,0,0,0,0,0,0,0,0,0,0,0,,,,0,0,0,0,0,0,0,,0,0,0,0,,0,0,,0,0,0,0,0,0,0,0,0,0,0,0
00-0031394,E.Gaines,E.J. Gaines,CB,DB,"https://static.www.nfl.com/image/private/f_auto,q_auto/league/fodg8msxg2boaw03aud0",2017,REG,BUF,11,0,0,0,0,0,0,0,0,0,0,0,0,,,0,,0,0,0,0,0,0,0,0,0,0,,0,0,0,0,0,0,0,0,0,0,0,0,0,0,,0,0,0,0,0,,0,0,0,0,43,5,11,0,0,3,0,0,0,1,1,9,0,0,0,0,0,0,0,0,0,2,20,0,0,0,0,0,0,0,0,0,0,0,0,0,,,0,0,0,0,0,0,0,0,0,0,0,0,,,,0,0,0,0,0,0,0,,0,0,0,0,,0,0,,0,0,0,0,0,0,0,0,0,0,0,0
00-0031402,Z.Martin,Zack Martin,G,OL,"https://static.www.nfl.com/image/upload/f_auto,q_auto/league/c9giqcqfhdypuhzgdzv4",2017,REG,DAL,2,0,0,0,0,0,0,0,0,0,0,0,0,,,0,,0,0,0,0,0,0,0,0,0,0,,0,0,0,0,0,0,0,0,0,0,0,0,0,0,,0,0,0,0,0,,0,0,0,0,2,0,0,0,0,0,0,0,0,0,0,0,0,0,0,0,0,0,0,0,0,0,0,0,0,0,0,0,0,0,0,0,0,0,0,0,,,0,0,0,0,0,0,0,0,0,0,0,0,,,,0,0,0,0,0,0,0,,0,0,0,0,,0,0,,0,0,0,0,0,0,0,0,0,0,0,0
00-0031403,J.Bromley,Jay Bromley,DT,DL,"https://static.www.nfl.com/image/private/f_auto,q_auto/league/y5b1zlwkdeukzhhtahaf",2017,REG,NYG,14,0,0,0,0,0,0,0,0,0,0,0,0,,,0,,0,0,0,0,0,0,0,0,0,0,,0,0,0,0,0,0,0,0,0,0,0,0,0,0,,0,0,0,0,0,,0,0,0,0,10,7,4,4,21,0,1,8,6,0,0,1,0,0,0,0,0,0,0,0,0,0,0,0,0,0,0,0,0,0,0,0,0,0,0,0,,,0,0,0,0,0,0,0,0,0,0,0,0,,,,0,0,0,0,0,0,0,,0,0,0,0,,0,0,,0,0,0,0,0,0,0,0,0,0,0,0
00-0031404,A.Phillips,Adrian Phillips,DB,DB,"https://static.www.nfl.com/image/private/f_auto,q_auto/league/bfbt4o1jp3ttsm18v0ur",2017,REG,LAC,14,0,0,0,0,0,0,0,0,0,0,0,0,,,0,,0,0,0,0,0,0,0,0,0,0,,0,0,0,0,0,0,0,0,0,0,0,0,0,0,,0,0,0,0,0,,0,0,0,0,40,10,13,2,7,1,0,0,1,2,13,5,0,0,0,0,0,0,0,0,0,0,0,0,0,0,0,0,0,0,0,0,0,0,0,0,,,0,0,0,0,0,0,0,0,0,0,0,0,,,,0,0,0,0,0,0,0,,0,0,0,0,,0,0,,0,0,0,0,0,0,0,0,0,0,0,0
00-0031407,B.Bortles,Blake Bortles,QB,QB,"https://static.www.nfl.com/image/private/f_auto,q_auto/league/jvoui3bptgsfvgkz5e1b",2017,REG,JAX,16,315,523,3687,21,13,24,-123,6,3,4062,1911,192,31.8680842205928,-2.88487850574025,3,0.90768094534712,156,78,41,7,57,322,2,3,0,19,13.7438404173591,0,10,7,3,0,0,0,0,0,0,0,0,0,0,,0,0,0,0,0,,0,0,0,0,1,0,0,0,0,0,0,0,0,0,0,0,0,0,0,0,3,-6,0,0,0,3,15,7,2,0,9,3,0,0,0,0,0,0,0,0,,,0,0,0,0,0,0,0,0,0,0,0,0,,,,0,0,0,0,0,0,0,,0,0,0,0,,0,0,,0,0,0,0,0,0,0,0,0,0,249.68,249.68
00-0031408,M.Evans,Mike Evans,WR,WR,"https://static.www.nfl.com/image/upload/f_auto,q_auto/league/yaxorbdsvk1ucfuiyrkj",2017,REG,TB,15,0,0,0,0,0,0,0,0,0,0,0,0,,,0,,0,0,0,0,0,0,0,0,0,0,,0,0,0,0,0,71,136,1001,5,0,0,1868,134,55,23.09770784618,1,53,25,9,2,0.535867237687366,0.228187919463087,0.302657161373947,0.554141892156394,0,3,0,0,0,0,0,0,0,0,0,0,0,0,0,0,0,1,0,0,0,0,4,40,0,1,0,1,0,0,0,0,0,0,0,0,0,,,0,0,0,0,0,0,0,0,0,0,0,0,,,,0,0,0,0,0,0,0,,0,0,0,0,,0,0,,0,0,0,0,0,0,0,0,0,0,132.1,203.1
00-0031410,X.Su'a-Filo,Xavier Su'a-Filo,G,OL,"https://static.www.nfl.com/image/private/f_auto,q_auto/league/yywvikq8mbbtiayridmd",2017,REG,HOU,4,0,0,0,0,0,0,0,0,0,0,0,0,,,0,,0,0,0,0,0,0,0,0,0,0,,0,0,0,0,0,0,0,0,0,0,0,0,0,0,,0,0,0,0,0,,0,0,0,0,4,0,0,0,0,0,0,0,0,0,0,0,0,0,0,0,0,0,0,0,0,4,40,0,0,0,0,0,0,0,0,0,0,0,0,0,,,0,0,0,0,0,0,0,0,0,0,0,0,,,,0,0,0,0,0,0,0,,0,0,0,0,,0,0,,0,0,0,0,0,0,0,0,0,0,0,0
00-0031411,D.Lawrence,DeMarcus Lawrence,LB,LB,"https://static.www.nfl.com/image/upload/f_auto,q_auto/league/dqcbiti9q92w9uawqxom",2017,REG,DAL,16,0,0,0,0,0,0,0,0,0,0,0,0,,,0,,0,0,0,0,0,0,0,0,0,0,,0,0,0,0,0,0,0,0,0,0,0,0,0,0,,0,0,0,0,0,,0,0,0,0,34,1,23,14,105,4,14.5,160,26,0,0,1,0,0,0,0,0,0,2,0,0,7,46,0,0,0,0,0,0,0,0,0,0,0,0,0,,,0,0,0,0,0,0,0,0,0,0,0,0,,,,0,0,0,0,0,0,0,,0,0,0,0,,0,0,,0,0,0,0,0,0,0,0,0,0,0,0
00-0031412,S.Tuitt,Stephon Tuitt,DE,DL,"https://static.www.nfl.com/image/private/f_auto,q_auto/league/b8k3hdwumwefaokiimfg",2017,REG,PIT,12,0,0,0,0,0,0,0,0,0,0,0,0,,,0,,0,0,0,0,0,0,0,0,0,0,,0,0,0,0,0,0,0,0,0,0,0,0,0,0,,0,0,0,0,0,,0,0,0,0,15,4,6,7,37,1,3,22,12,0,0,2,0,0,0,0,0,0,0,0,0,1,15,0,0,0,0,0,0,0,0,0,0,0,0,0,,,0,0,0,0,0,0,0,0,0,0,0,0,,,,0,0,0,0,0,0,0,,0,0,0,0,,0,0,,0,0,0,0,0,0,0,0,0,0,0,0
00-0031414,D.McDougle,Dexter McDougle,CB,DB,"https://static.www.nfl.com/image/private/f_auto,q_auto/league/mwniksamqmmqj43bgixv",2017,REG,NO,7,0,0,0,0,0,0,0,0,0,0,0,0,,,0,,0,0,0,0,0,0,0,0,0,0,,0,0,0,0,0,0,0,0,0,0,0,0,0,0,,0,0,0,0,0,,0,0,0,0,4,0,2,0,0,0,0,0,0,0,0,0,0,0,0,0,0,0,0,0,0,1,5,0,0,0,0,0,0,0,0,0,0,0,0,0,,,0,0,0,0,0,0,0,0,0,0,0,0,,,,0,0,0,0,0,0,0,,0,0,0,0,,0,0,,0,0,0,0,0,0,0,0,0,0,0,0
00-0031417,J.James,Ja'Wuan James,OT,OL,"https://static.www.nfl.com/image/private/f_auto,q_auto/league/qrchxykky1hsigyn3iex",2017,REG,MIA,5,0,0,0,0,0,0,0,0,0,0,0,0,,,0,,0,0,0,0,0,0,0,0,0,0,,0,0,0,0,0,0,0,0,0,0,0,0,0,0,,0,0,0,0,0,,0,0,0,0,1,0,0,0,0,0,0,0,0,0,0,0,0,0,0,0,1,0,0,0,0,4,30,0,0,0,0,0,0,0,0,0,0,0,0,0,,,0,0,0,0,0,0,0,0,0,0,0,0,,,,0,0,0,0,0,0,0,,0,0,0,0,,0,0,,0,0,0,0,0,0,0,0,0,0,0,0
00-0031418,A.Seferian-Jenkins,Austin Seferian-Jenkins,TE,TE,"https://static.www.nfl.com/image/private/f_auto,q_auto/league/mvuoyejl5hzfzrkfezuj",2017,REG,NYJ,13,0,0,0,0,0,0,0,0,0,0,0,0,,,0,,0,0,0,0,0,0,0,0,0,0,,0,0,0,0,0,50,74,357,3,1,1,448,124,18,-7.59405288259905,0,12,5,2,0,0.796875,0.149193548387097,0.113676731793961,0.303364034836418,0,0,0,0,0,0,0,0,0,0,0,0,0,0,0,0,0,0,0,0,0,0,7,65,1,0,1,1,1,0,0,0,0,0,0,0,0,,,0,0,0,0,0,0,0,0,0,0,0,0,,,,0,0,0,0,0,0,0,,0,0,0,0,,0,0,,0,0,0,0,0,0,0,0,0,0,51.7,101.7
00-0031420,K.Redfern,Kasey Redfern,P,SPEC,"https://static.www.nfl.com/image/private/f_auto,q_auto/league/qzsdkkx3dm0clxc7vmkm",2017,REG,DET,1,0,0,0,0,0,0,0,0,0,0,0,0,,,0,,0,0,0,0,1,10,0,1,0,0,-2.26000043028034,0,1,0,0,0,0,0,0,0,0,0,0,0,0,,0,0,0,0,0,,0,0,0,0,0,0,0,0,0,0,0,0,0,0,0,0,0,0,0,0,1,0,0,0,0,0,0,0,1,0,1,0,0,0,0,0,0,0,0,0,,,0,0,0,0,0,0,0,0,0,0,0,0,,,,0,0,0,0,0,0,0,,0,0,0,0,,1,0,50,50,0,0,0,0,0,1,0,0,50,1,1
00-0031426,J.Bitonio,Joel Bitonio,G,OL,"https://static.www.nfl.com/image/upload/f_auto,q_auto/league/il9yy0bjrowrwhxk9ard",2017,REG,CLE,5,0,0,0,0,0,0,0,0,0,0,0,0,,,0,,0,0,0,0,0,0,0,0,0,0,,0,0,0,0,0,0,0,0,0,0,0,0,0,0,,0,0,0,0,0,,0,0,0,0,5,0,0,0,0,0,0,0,0,0,0,0,0,0,0,0,0,0,0,0,0,0,0,0,0,0,0,0,0,0,0,0,0,0,0,0,,,0,0,0,0,0,0,0,0,0,0,0,0,,,,0,0,0,0,0,0,0,,0,0,0,0,,0,0,,0,0,0,0,0,0,0,0,0,0,0,0
00-0031427,T.Davis,Todd Davis,ILB,LB,"https://static.www.nfl.com/image/private/f_auto,q_auto/league/bpmc5benk1peaabkuvoe",2017,REG,DEN,13,0,0,0,0,0,0,0,0,0,0,0,0,,,0,,0,0,0,0,0,0,0,0,0,0,,0,0,0,0,0,0,0,0,0,0,0,0,0,0,,0,0,0,0,0,,0,0,0,0,37,11,34,3,6,0,1,2,1,0,0,0,0,0,0,0,0,0,0,0,0,4,28,0,0,0,0,0,0,0,0,0,0,0,0,0,,,0,0,0,0,0,0,0,0,0,0,0,0,,,,0,0,0,0,0,0,0,,0,0,0,0,,0,0,,0,0,0,0,0,0,0,0,0,0,0,0
00-0031428,A.Robinson,Allen Robinson,WR,WR,"https://static.www.nfl.com/image/upload/f_auto,q_auto/league/fyukft9lraurbsq0laom",2017,REG,JAX,1,0,0,0,0,0,0,0,0,0,0,0,0,,,0,,0,0,0,0,0,0,0,0,0,0,,0,0,0,0,0,1,1,17,0,0,0,15,2,1,1.89276479138061,0,1,1,0,0,1.13333333333333,0.00193423597678917,0.00365942912905587,0.00546295435552286,0,0,0,0,0,0,0,0,0,0,0,0,0,0,0,0,0,0,0,0,0,0,0,0,0,0,0,0,0,0,0,0,0,0,0,0,0,,,0,0,0,0,0,0,0,0,0,0,0,0,,,,0,0,0,0,0,0,0,,0,0,0,0,,0,0,,0,0,0,0,0,0,0,0,0,0,1.7,2.7
00-0031431,M.Lee,Marqise Lee,WR,WR,"https://static.www.nfl.com/image/private/f_auto,q_auto/league/drsesqqzwhkilsx51j4i",2017,REG,JAX,13,0,1,0,0,0,0,0,0,0,27,0,0,-0.373399104806595,-22.2807452082634,0,0,0,0,0,0,1,17,0,0,0,1,0.987431877292693,0,1,1,0,0,56,96,702,3,1,0,1087,289,40,16.3700072825916,1,31,18,6,1,0.645814167433303,0.18568665377176,0.265186630885582,0.464160622277548,0,2,0,0,0,0,0,0,0,0,0,0,0,0,0,0,0,0,0,0,0,0,5,40,0,1,1,1,0,5,13,0,0,0,0,0,0,,,0,0,0,0,0,0,0,0,0,0,0,0,,,,0,0,0,0,0,0,0,,0,0,0,0,,0,0,,0,0,0,0,0,0,0,0,0,0,91.9,147.9
00-0031433,B.Turner,Billy Turner,OT,OL,"https://static.www.nfl.com/image/private/f_auto,q_auto/league/ngrm1ns70xyop3uwsha2",2017,REG,DEN,1,0,0,0,0,0,0,0,0,0,0,0,0,,,0,,0,0,0,0,0,0,0,0,0,0,,0,0,0,0,0,0,0,0,0,0,0,0,0,0,,0,0,0,0,0,,0,0,0,0,1,0,0,0,0,0,0,0,0,0,0,0,0,0,0,0,0,0,0,0,0,1,6,0,0,0,0,0,0,0,0,0,0,0,0,0,,,0,0,0,0,0,0,0,0,0,0,0,0,,,,0,0,0,0,0,0,0,,0,0,0,0,,0,0,,0,0,0,0,0,0,0,0,0,0,0,0
00-0031442,T.Lewan,Taylor Lewan,OT,OL,"https://static.www.nfl.com/image/private/f_auto,q_auto/league/hvplm59omxfb2qp6zz7a",2017,REG,TEN,6,0,0,0,0,0,0,0,0,0,0,0,0,,,0,,0,0,0,0,0,0,0,0,0,0,,0,0,0,0,0,0,0,0,0,0,0,0,0,0,,0,0,0,0,0,,0,0,0,0,0,0,0,0,0,0,0,0,0,0,0,0,0,0,0,0,0,0,0,0,0,6,60,0,0,0,0,0,0,0,0,0,0,0,0,0,,,0,0,0,0,0,0,0,0,0,0,0,0,,,,0,0,0,0,0,0,0,,0,0,0,0,,0,0,,0,0,0,0,0,0,0,0,0,0,0,0
00-0031484,C.Manhertz,Chris Manhertz,TE,TE,"https://static.www.nfl.com/image/upload/f_auto,q_auto/league/azx76rspzgxfogsqhxet",2017,REG,CAR,5,0,0,0,0,0,0,0,0,0,0,0,0,,,0,,0,0,0,0,0,0,0,0,0,0,,0,0,0,0,0,2,4,17,0,0,0,25,9,1,-1.12633392319549,0,1,0,0,0,0.68,0.00813008130081301,0.00588512241054614,0.0163147076386018,0,0,0,0,0,0,0,0,0,0,0,0,0,0,0,0,0,0,0,0,0,0,3,16,0,0,0,0,0,0,0,0,0,0,0,0,0,,,0,0,0,0,0,0,0,0,0,0,0,0,,,,0,0,0,0,0,0,0,,0,0,0,0,,0,0,,0,0,0,0,0,0,0,0,0,0,1.7,3.7
00-0031489,B.Jones,Brett Jones,C,OL,"https://static.www.nfl.com/image/private/f_auto,q_auto/league/mqexk15n5v8ddaq4mbhs",2017,REG,NYG,2,0,0,0,0,0,0,0,0,0,0,0,0,,,0,,0,0,0,0,0,0,0,0,0,0,,0,0,0,0,0,0,0,0,0,0,0,0,0,0,,0,0,0,0,0,,0,0,0,0,1,0,0,0,0,0,0,0,0,0,0,0,0,0,0,0,0,0,0,0,0,2,20,0,0,0,0,0,0,0,0,0,0,0,0,0,,,0,0,0,0,0,0,0,0,0,0,0,0,,,,0,0,0,0,0,0,0,,0,0,0,0,,0,0,,0,0,0,0,0,0,0,0,0,0,0,0
00-0031491,B.Peters,Brian Peters,LB,LB,"https://static.www.nfl.com/image/private/f_auto,q_auto/league/l60fi5wsb69nubeyyehj",2017,REG,HOU,11,0,0,0,0,0,0,0,0,0,0,0,0,,,0,,0,0,0,0,0,0,0,0,0,0,,0,0,0,0,0,0,0,0,0,0,0,0,0,0,,0,0,0,0,0,,0,0,0,0,11,1,5,0,0,0,0,0,0,0,0,0,0,0,0,0,0,0,0,0,0,3,26,0,0,0,0,0,0,0,0,0,0,0,0,0,,,0,0,0,0,0,0,0,0,0,0,0,0,,,,0,0,0,0,0,0,0,,0,0,0,0,,0,0,,0,0,0,0,0,0,0,0,0,0,0,0
00-0031492,J.Myers,Jason Myers,K,SPEC,"https://static.www.nfl.com/image/upload/f_auto,q_auto/league/rnw5znsm0hrekqvztiog",2017,REG,JAX,6,0,0,0,0,0,0,0,0,0,0,0,0,,,0,,0,0,0,0,0,0,0,0,0,0,,0,0,0,0,0,0,0,0,0,0,0,0,0,0,,0,0,0,0,0,,0,0,0,0,0,0,0,0,0,0,0,0,0,0,0,0,0,0,0,0,0,0,0,0,0,0,0,0,0,0,0,0,0,0,0,0,11,15,4,0,47,0.733333333333333,0,4,2,5,0,0,0,0,1,0,3,0,42;25;38;43;23;45;29;30;22;47;41,39;52;54;54,,385,199,0,15,17,2,0,0.882352941176471,0,0,0,0,,0,0,,0,0,0,0,0,0,0,0,0,0,0,0
00-0031502,J.Berry,Jordan Berry,P,SPEC,"https://static.www.nfl.com/image/private/f_auto,q_auto/league/rltqupvbxjui0kyat1fb",2017,REG,PIT,16,0,0,0,0,0,0,0,0,0,0,0,0,,,0,,0,0,0,0,0,0,0,0,0,0,,0,0,0,0,0,0,0,0,0,0,0,0,0,0,,0,0,0,0,0,,0,0,0,0,0,0,0,0,0,0,0,0,0,0,0,0,0,0,0,0,0,0,0,0,0,3,10,0,0,0,0,0,0,0,0,0,0,0,0,0,,,0,0,0,0,0,0,0,0,0,0,0,0,,,,0,0,0,0,0,0,0,,0,0,0,0,,64,0,62,2763,26,9,6,2,24,23,177,0,2546,0,0
00-0031503,J.Winston,Jameis Winston,QB,QB,"https://static.www.nfl.com/image/upload/f_auto,q_auto/league/vwikoroqsyf8iemlrohb",2017,REG,TB,13,282,442,3504,19,11,33,-207,8,6,4693,1257,180,49.763599509083,4.92592078515853,1,0.746643937779672,167,71,32,5,33,135,1,4,1,7,-5.46561024611558,0,4,3,0,0,0,0,0,0,0,0,0,0,0,,0,0,0,0,0,,0,0,0,0,2,0,0,0,0,0,0,0,0,0,0,0,0,0,0,0,7,-9,0,0,0,7,39,7,8,0,15,7,0,0,0,0,0,0,0,0,,,0,0,0,0,0,0,0,0,0,0,0,0,,,,0,0,0,0,0,0,0,,0,0,0,0,,0,0,,0,0,0,0,0,0,0,0,0,0,201.66,201.66
00-0031511,D.White,DeAndrew White,WR,WR,"https://static.www.nfl.com/image/private/f_auto,q_auto/league/aw9z36nr5wirjrnfxd7v",2017,REG,HOU,2,0,0,0,0,0,0,0,0,0,0,0,0,,,0,,0,0,0,0,0,0,0,0,0,0,,0,0,0,0,0,1,7,24,0,0,0,106,1,1,-3.0901261062827,0,1,1,1,0,0.226415094339623,0.0135658914728682,0.0203689469638739,0.0346071000840141,0,0,0,0,0,0,0,0,0,0,0,0,0,0,1,0,0,1,0,0,0,0,0,0,0,1,0,1,0,4,3,0,0,0,0,0,0,,,0,0,0,0,0,0,0,0,0,0,0,0,,,,0,0,0,0,0,0,0,,0,0,0,0,,0,0,,0,0,0,0,0,0,0,0,0,0,2.4,3.4
00-0031512,J.Whitehead,Jermaine Whitehead,DB,DB,"https://static.www.nfl.com/image/private/f_auto,q_auto/league/o26uwppjakpopj5v9irt",2017,REG,GB,8,0,0,0,0,0,0,0,0,0,0,0,0,,,0,,0,0,0,0,1,7,0,0,0,1,3.15862493007444,0,0,0,0,0,0,0,0,0,0,0,0,0,0,,0,0,0,0,0,,0,0,0,0,8,0,3,0,0,0,0,0,0,0,0,1,0,0,0,0,0,0,0,0,0,1,3,0,0,0,0,0,1,0,0,0,0,0,0,0,,,0,0,0,0,0,0,0,0,0,0,0,0,,,,0,0,0,0,0,0,0,,0,0,0,0,,0,0,,0,0,0,0,0,0,0,0,0,0,0.7,0.7
00-0031514,Q.Bray,Quan Bray,WR,WR,"https://static.www.nfl.com/image/private/f_auto,q_auto/league/fcec31w4bvadspls5tcj",2017,REG,IND,9,0,0,0,0,0,0,0,0,0,0,0,0,,,0,,0,0,0,0,0,0,0,0,0,0,,0,0,0,0,0,3,4,39,0,0,0,39,10,2,1.50747494213283,0,2,1,1,0,1,0.00847457627118644,0.0106035889070147,0.0201343766416899,0,0,0,0,0,0,0,0,0,0,0,0,0,0,0,0,0,0,0,0,0,0,0,0,1,0,0,1,0,17,90,18,430,0,0,0,0,,,0,0,0,0,0,0,0,0,0,0,0,0,,,,0,0,0,0,0,0,0,,0,0,0,0,,0,0,,0,0,0,0,0,0,0,0,0,0,3.9,6.9
00-0031533,R.Telfer,Randall Telfer,TE,TE,"https://static.www.nfl.com/image/private/f_auto,q_auto/league/v7yzppdggxmmffsoiuoa",2017,REG,CLE,4,0,0,0,0,0,0,0,0,0,0,0,0,,,0,,0,0,0,0,0,0,0,0,0,0,,0,0,0,0,0,3,4,36,0,0,0,38,0,2,1.22076355048921,0,2,1,1,0,0.947368421052632,0.00706713780918728,0.00732459521973786,0.0157279233675974,0,0,0,0,0,0,0,0,0,0,0,0,0,0,0,0,0,0,0,0,0,0,1,10,0,0,0,0,0,0,0,0,0,0,0,0,0,,,0,0,0,0,0,0,0,0,0,0,0,0,,,,0,0,0,0,0,0,0,,0,0,0,0,,0,0,,0,0,0,0,0,0,0,0,0,0,3.6,6.6
00-0031534,L.Collins,La'el Collins,OT,OL,"https://static.www.nfl.com/image/upload/f_auto,q_auto/league/azfqczkqzu6ilau2fj60",2017,REG,DAL,5,0,0,0,0,0,0,0,0,0,0,0,0,,,0,,0,0,0,0,0,0,0,0,0,0,,0,0,0,0,0,0,0,0,0,0,0,0,0,0,,0,0,0,0,0,,0,0,0,0,1,0,0,0,0,0,0,0,0,0,0,0,0,0,0,0,0,0,0,0,0,4,35,0,0,0,0,0,0,0,0,0,0,0,0,0,,,0,0,0,0,0,0,0,0,0,0,0,0,,,,0,0,0,0,0,0,0,,0,0,0,0,,0,0,,0,0,0,0,0,0,0,0,0,0,0,0
00-0031544,A.Cooper,Amari Cooper,WR,WR,"https://static.www.nfl.com/image/upload/f_auto,q_auto/league/zmtzqznqui37unmo5xv9",2017,REG,LV,14,0,0,0,0,0,0,0,0,0,0,0,0,,,0,,0,0,0,0,1,4,0,0,0,1,0.529933948768303,0,0,0,0,0,48,96,680,7,1,0,1109,293,28,-3.95035745805556,0,22,12,9,3,0.613165013525699,0.173913043478261,0.238238453276047,0.427636482510624,0,3,0,0,0,0,0,0,0,0,0,0,0,0,0,0,0,0,0,0,0,0,2,16,1,0,1,1,0,0,0,0,0,0,0,0,0,,,0,0,0,0,0,0,0,0,0,0,0,0,,,,0,0,0,0,0,0,0,,0,0,0,0,,0,0,,0,0,0,0,0,0,0,0,0,0,110.4,158.4
00-0031545,K.White,Kevin White,WR,WR,"https://static.www.nfl.com/image/private/f_auto,q_auto/league/u6jclvrydlw6amytmylq",2017,REG,CHI,1,0,0,0,0,0,0,0,0,0,0,0,0,,,0,,0,0,0,0,0,0,0,0,0,0,,0,0,0,0,0,2,4,6,0,0,0,12,2,0,-2.45927917875815,0,0,0,0,0,0.5,0.00854700854700855,0.00344135359908231,0.0152294603398704,0,0,0,0,0,0,0,0,0,0,0,0,0,0,0,0,0,0,0,0,0,0,0,0,0,0,0,0,0,0,0,0,0,0,0,0,0,,,0,0,0,0,0,0,0,0,0,0,0,0,,,,0,0,0,0,0,0,0,,0,0,0,0,,0,0,,0,0,0,0,0,0,0,0,0,0,0.6,2.6
00-0031546,T.Waynes,Trae Waynes,CB,DB,"https://static.www.nfl.com/image/private/f_auto,q_auto/league/zuymxrsnjsyejxakdk7s",2017,REG,MIN,16,0,0,0,0,0,0,0,0,0,0,0,0,,,0,,0,0,0,0,0,0,0,0,0,0,,0,0,0,0,0,0,0,0,0,0,0,0,0,0,,0,0,0,0,0,,0,0,0,0,56,1,8,4,11,0,1,4,1,2,21,11,0,0,0,0,0,0,0,0,0,2,54,0,0,0,0,0,0,0,0,0,0,0,0,0,,,0,0,0,0,0,0,0,0,0,0,0,0,,,,0,0,0,0,0,0,0,,0,0,0,0,,0,0,,0,0,0,0,0,0,0,0,0,0,0,0
00-0031547,D.Parker,DeVante Parker,WR,WR,"https://static.www.nfl.com/image/private/f_auto,q_auto/league/beuyfjou6kckaoqqpa96",2017,REG,MIA,13,0,0,0,0,0,0,0,0,0,0,0,0,,,0,,0,0,0,0,0,0,0,0,0,0,,0,0,0,0,0,57,96,670,1,1,0,1206,207,33,-0.721758667479741,0,30,12,9,0,0.555555555555556,0.163265306122449,0.246928746928747,0.417748082033796,0,1,0,0,0,0,0,0,0,0,0,0,0,0,0,0,0,0,0,0,0,0,0,0,1,0,0,1,0,0,0,0,0,0,0,0,0,,,0,0,0,0,0,0,0,0,0,0,0,0,,,,0,0,0,0,0,0,0,,0,0,0,0,,0,0,,0,0,0,0,0,0,0,0,0,0,73,130
00-0031548,K.Johnson,Kevin Johnson,CB,DB,"https://static.www.nfl.com/image/private/f_auto,q_auto/league/angbwdo262bne7lhuobx",2017,REG,HOU,12,0,0,0,0,0,0,0,0,0,0,0,0,,,0,,0,0,0,0,0,0,0,0,0,0,,0,0,0,0,0,0,0,0,0,0,0,0,0,0,,0,0,0,0,0,,0,0,0,0,34,1,10,1,2,0,0,0,0,0,0,2,0,0,0,0,0,0,0,0,0,8,100,0,0,0,0,0,0,0,0,0,0,0,0,0,,,0,0,0,0,0,0,0,0,0,0,0,0,,,,0,0,0,0,0,0,0,,0,0,0,0,,0,0,,0,0,0,0,0,0,0,0,0,0,0,0
00-0031549,N.Agholor,Nelson Agholor,WR,WR,"https://static.www.nfl.com/image/upload/f_auto,q_auto/league/wyxfkarcjgqdz3pl8nnr",2017,REG,PHI,16,0,0,0,0,0,0,0,0,0,0,0,0,,,0,,0,0,0,0,1,7,0,0,0,1,0.379964370513335,0,0,0,0,0,62,95,768,8,0,0,986,301,35,39.3877122797556,0,30,14,9,3,0.778904665314402,0.170863309352518,0.186777798825535,0.387039423206652,0,2,0,0,0,0,0,0,0,0,0,0,0,0,0,0,0,1,0,0,0,1,0,0,0,0,0,0,0,0,0,0,0,0,0,0,0,,,0,0,0,0,0,0,0,0,0,0,0,0,,,,0,0,0,0,0,0,0,,0,0,0,0,,0,0,,0,0,0,0,0,0,0,0,0,0,125.5,187.5
00-0031550,S.Thompson,Shaq Thompson,OLB,LB,"https://static.www.nfl.com/image/upload/f_auto,q_auto/league/rk9qairtsyrzdoznvmen",2017,REG,CAR,14,0,0,0,0,0,0,0,0,0,0,0,0,,,0,,0,0,0,0,0,0,0,0,0,0,,0,0,0,0,0,0,1,0,0,0,0,6,0,0,-2.96294311713427,0,0,0,0,0,0,0.00203252032520325,0.00141242937853107,0.00403748105277663,0,41,0,20,6,31,1,2,15,6,0,0,1,0,0,0,0,0,0,0,0,0,1,4,0,0,0,0,0,0,0,0,0,0,0,0,0,,,0,0,0,0,0,0,0,0,0,0,0,0,,,,0,0,0,0,0,0,0,,0,0,0,0,,0,0,,0,0,0,0,0,0,0,0,0,0,0,0
00-0031551,E.Goldman,Eddie Goldman,NT,DL,"https://static.www.nfl.com/image/upload/f_auto,q_auto/league/o0kwpqywuicbketxfbck",2017,REG,CHI,15,0,0,0,0,0,0,0,0,0,0,0,0,,,0,,0,0,0,0,0,0,0,0,0,0,,0,0,0,0,0,0,0,0,0,0,0,0,0,0,,0,0,0,0,0,,0,0,0,0,26,1,17,3,9,0,1.5,5.5,5,0,0,0,0,0,0,0,0,0,1,0,0,4,40,0,0,0,0,0,0,0,0,0,0,0,0,0,,,0,0,0,0,0,0,0,0,0,0,0,0,,,,0,0,0,0,0,0,0,,0,0,0,0,,0,0,,0,0,0,0,0,0,0,0,0,0,0,0
00-0031553,B.McKinney,Benardrick McKinney,ILB,LB,"https://static.www.nfl.com/image/private/f_auto,q_auto/league/j8fbugbheduwxwjrrswa",2017,REG,HOU,16,0,0,0,0,0,0,0,0,0,0,0,0,,,0,,0,0,0,0,0,0,0,0,0,0,,0,0,0,0,0,0,0,0,0,0,0,0,0,0,,0,0,0,0,0,,0,0,0,0,57,5,33,10,26,1,3,8,8,0,0,1,0,0,0,0,0,0,0,0,0,3,25,0,0,0,0,0,0,0,0,0,0,0,0,0,,,0,0,0,0,0,0,0,0,0,0,0,0,,,,0,0,0,0,0,0,0,,0,0,0,0,,0,0,,0,0,0,0,0,0,0,0,0,0,0,0
00-0031554,E.Kendricks,Eric Kendricks,MLB,LB,"https://static.www.nfl.com/image/upload/f_auto,q_auto/league/adc49lyuljufsfseggdc",2017,REG,MIN,16,0,0,0,0,0,0,0,0,0,0,0,0,,,0,,0,0,0,0,0,0,0,0,0,0,,0,0,0,0,0,0,0,0,0,0,0,0,0,0,,0,0,0,0,0,,0,0,0,0,66,1,46,10,50,0,1,4,6,1,31,6,1,0,0,0,0,0,0,0,0,2,11,0,0,0,0,0,0,0,0,0,0,0,0,0,,,0,0,0,0,0,0,0,0,0,0,0,0,,,,0,0,0,0,0,0,0,,0,0,0,0,,0,0,,0,0,0,0,0,0,0,0,0,0,0,0
00-0031555,E.Rowe,Eric Rowe,CB,DB,"https://static.www.nfl.com/image/upload/f_auto,q_auto/league/ygvjgvkure8eesiiz0hw",2017,REG,NE,7,0,0,0,0,0,0,0,0,0,0,0,0,,,0,,0,0,0,0,0,0,0,0,0,0,,0,0,0,0,0,0,0,0,0,0,0,0,0,0,,0,0,0,0,0,,0,0,0,0,12,2,1,1,1,0,0,0,0,0,0,2,0,0,0,0,0,0,0,0,0,0,0,0,0,0,0,0,0,0,0,0,0,0,0,0,,,0,0,0,0,0,0,0,0,0,0,0,0,,,,0,0,0,0,0,0,0,,0,0,0,0,,0,0,,0,0,0,0,0,0,0,0,0,0,0,0
00-0031556,N.Orchard,Nate Orchard,DE,DL,"https://static.www.nfl.com/image/private/f_auto,q_auto/league/uooodwpwkhmibmzsgsfg",2017,REG,CLE,15,0,0,0,0,0,0,0,0,0,0,0,0,,,0,,0,0,0,0,0,0,0,0,0,0,,0,0,0,0,0,0,0,0,0,0,0,0,0,0,,0,0,0,0,0,,0,0,0,0,14,0,11,5,24,1,2,16,6,0,0,0,0,0,0,0,1,0,0,0,0,2,25,0,0,0,0,0,0,0,2,17,0,0,0,0,,,0,0,0,0,0,0,0,0,0,0,0,0,,,,0,0,0,0,0,0,0,,0,0,0,0,,0,0,,0,0,0,0,0,0,0,0,0,0,0,0
00-0031557,J.Phillips,Jordan Phillips,DT,DL,"https://static.www.nfl.com/image/upload/f_auto,q_auto/league/hn887nvbphkycvlkvlms",2017,REG,MIA,11,0,0,0,0,0,0,0,0,0,0,0,0,,,0,,0,0,0,0,0,0,0,0,0,0,,0,0,0,0,0,0,0,0,0,0,0,0,0,0,,0,0,0,0,0,,0,0,0,0,10,0,6,4,27,0,2,22,6,0,0,3,0,0,0,0,0,0,0,0,0,1,5,0,0,0,0,0,0,0,0,0,0,0,0,0,,,0,0,0,0,0,0,0,0,0,0,0,0,,,,0,0,0,0,0,0,0,,0,0,0,0,,0,0,,0,0,0,0,0,0,0,0,0,0,0,0
00-0031558,M.Williams,Maxx Williams,TE,TE,"https://static.www.nfl.com/image/private/f_auto,q_auto/league/p0j7ax3rqhrzn5nvmc06",2017,REG,BAL,10,0,0,0,0,0,0,0,0,0,0,0,0,,,0,,0,0,0,0,2,6,0,0,0,2,0.530324333813041,0,0,0,0,0,15,18,86,1,1,1,-1,100,6,-2.87842352635926,0,4,1,0,0,0,0.0320855614973262,-0.000260281103591879,0.047946145473475,0,0,0,0,0,0,0,0,0,0,0,0,0,0,0,0,0,0,0,0,0,0,1,5,1,0,0,1,1,0,0,0,0,0,0,0,0,,,0,0,0,0,0,0,0,0,0,0,0,0,,,,0,0,0,0,0,0,0,,0,0,0,0,,0,0,,0,0,0,0,0,0,0,0,0,0,13.2,28.2
00-0031559,J.Richards,Jordan Richards,FS,DB,"https://static.www.nfl.com/image/private/f_auto,q_auto/league/kspb3jtyvcn5oe9iarkr",2017,REG,NE,13,0,0,0,0,0,0,0,0,0,0,0,0,,,0,,0,0,0,0,0,0,0,0,0,0,,0,0,0,0,0,0,0,0,0,0,0,0,0,0,,0,0,0,0,0,,0,0,0,0,20,4,3,0,0,1,0,0,0,0,0,1,0,0,0,0,0,0,0,0,0,0,0,0,0,0,0,0,0,0,0,0,0,0,0,0,,,0,0,0,0,0,0,0,0,0,0,0,0,,,,0,0,0,0,0,0,0,,0,0,0,0,,0,0,,0,0,0,0,0,0,0,0,0,0,0,0
00-0031560,J.Strong,Jaelen Strong,WR,WR,"https://static.www.nfl.com/image/private/f_auto,q_auto/league/eakjj5fee8ctysjrqhxj",2017,REG,JAX,2,0,0,0,0,0,0,0,0,0,0,0,0,,,0,,0,0,0,0,0,0,0,0,0,0,,0,0,0,0,0,3,4,38,1,0,0,33,15,3,5.19621933961753,0,2,1,0,0,1.15151515151515,0.00775193798449612,0.0063412759415834,0.0160668001358526,0,0,0,1,0,0,0,0,0,0,0,0,0,0,0,0,0,0,0,0,0,0,0,0,0,0,0,0,0,0,0,0,0,0,0,0,0,,,0,0,0,0,0,0,0,0,0,0,0,0,,,,0,0,0,0,0,0,0,,0,0,0,0,,0,0,,0,0,0,0,0,0,0,0,0,0,9.8,12.8
00-0031561,H.Grasu,Hroniss Grasu,C,OL,"https://static.www.nfl.com/image/private/f_auto,q_auto/league/iddcucis5ohiptbmuxdx",2017,REG,CHI,2,0,0,0,0,0,0,0,0,0,0,0,0,,,0,,0,0,0,0,0,0,0,0,0,0,,0,0,0,0,0,0,0,2,0,0,0,0,2,0,,0,0,0,0,0,0,0,0,0,0,0,0,0,0,0,0,0,0,0,0,0,0,0,0,0,0,0,0,0,0,0,1,4,0,0,0,0,0,0,0,0,0,0,0,0,0,,,0,0,0,0,0,0,0,0,0,0,0,0,,,,0,0,0,0,0,0,0,,0,0,0,0,,0,0,,0,0,0,0,0,0,0,0,0,0,0.2,0.2
00-0031565,D.Hunter,Danielle Hunter,DE,DL,"https://static.www.nfl.com/image/upload/f_auto,q_auto/league/z2rpuzpb0tm8r6vwnfxk",2017,REG,MIN,16,0,0,0,0,0,0,0,0,0,0,0,0,,,0,,0,0,0,0,0,0,0,0,0,0,,0,0,0,0,0,0,0,0,0,0,0,0,0,0,,0,0,0,0,0,,0,0,0,0,26,1,18,12,69,1,7,56,11,0,0,2,0,0,0,0,0,0,1,0,0,1,2,0,0,0,0,0,0,0,0,0,0,0,0,0,,,0,0,0,0,0,0,0,0,0,0,0,0,,,,0,0,0,0,0,0,0,,0,0,0,0,,0,0,,0,0,0,0,0,0,0,0,0,0,0,0
00-0031566,T.Flowers,Trey Flowers,LB,LB,"https://static.www.nfl.com/image/private/f_auto,q_auto/league/jxfkoekid7f3z5l3qxbx",2017,REG,NE,14,0,0,0,0,0,0,0,0,0,0,0,0,,,0,,0,0,0,0,0,0,0,0,0,0,,0,0,0,0,0,0,0,0,0,0,0,0,0,0,,0,0,0,0,0,,0,0,0,0,40,5,17,8,44,2,6.5,29.5,25,0,0,3,0,0,0,0,0,0,0,0,0,2,10,0,0,0,0,0,0,0,0,0,0,0,0,0,,,0,0,0,0,0,0,0,0,0,0,0,0,,,,0,0,0,0,0,0,0,,0,0,0,0,,0,0,,0,0,0,0,0,0,0,0,0,0,0,0
00-0031567,D.Williams,Daryl Williams,OT,OL,"https://static.www.nfl.com/image/private/f_auto,q_auto/league/qmxazajbgoagqzflp7sh",2017,REG,CAR,1,0,0,0,0,0,0,0,0,0,0,0,0,,,0,,0,0,0,0,0,0,0,0,0,0,,0,0,0,0,0,0,0,0,0,0,0,0,0,0,,0,0,0,0,0,,0,0,0,0,0,0,0,0,0,0,0,0,0,0,0,0,0,0,0,0,0,0,0,0,0,2,20,0,0,0,0,0,0,0,0,0,0,0,0,0,,,0,0,0,0,0,0,0,0,0,0,0,0,,,,0,0,0,0,0,0,0,,0,0,0,0,,0,0,,0,0,0,0,0,0,0,0,0,0,0,0
00-0031568,B.Petty,Bryce Petty,QB,QB,"https://static.www.nfl.com/image/private/f_auto,q_auto/league/ptb0vcf2vqqittc5qown",2017,REG,NYJ,4,55,112,544,1,3,8,-55,1,0,899,245,23,-35.8386212584872,-14.3533794568219,0,0.605116796440489,19,7,5,1,7,55,0,0,0,4,5.12640847521834,0,2,2,1,0,0,0,0,0,0,0,0,0,0,,0,0,0,0,0,,0,0,0,0,0,0,0,0,0,0,0,0,0,0,0,0,0,0,0,0,0,0,0,0,0,0,0,1,0,0,1,0,0,0,0,0,0,0,0,0,,,0,0,0,0,0,0,0,0,0,0,0,0,,,,0,0,0,0,0,0,0,,0,0,0,0,,0,0,,0,0,0,0,0,0,0,0,0,0,25.26,25.26
00-0031570,J.Hardy,Justin Hardy,WR,WR,"https://static.www.nfl.com/image/private/f_auto,q_auto/league/bf30pn7pqvdiof0zb6a0",2017,REG,ATL,10,0,0,0,0,0,0,0,0,0,0,0,0,,,0,,0,0,0,0,0,0,0,0,0,0,,0,0,0,0,0,20,29,221,3,1,0,245,76,13,16.8306838707347,0,9,6,3,0,0.902040816326531,0.0560928433268859,0.0513626834381551,0.120093143397037,0,1,0,1,0,0,0,0,0,0,0,0,0,0,0,0,0,1,0,0,0,0,1,5,1,0,0,1,0,0,0,0,0,0,0,0,0,,,0,0,0,0,0,0,0,0,0,0,0,0,,,,0,0,0,0,0,0,0,,0,0,0,0,,0,0,,0,0,0,0,0,0,0,0,0,0,40.1,60.1
00-0031571,C.Geathers,Clayton Geathers,S,DB,"https://static.www.nfl.com/image/private/f_auto,q_auto/league/c3jbkasglnx49ufxtlqt",2017,REG,IND,5,0,0,0,0,0,0,0,0,0,0,0,0,,,0,,0,0,0,0,0,0,0,0,0,0,,0,0,0,0,0,0,0,0,0,0,0,0,0,0,,0,0,0,0,0,,0,0,0,0,5,0,3,0,0,0,0,0,0,0,0,0,0,0,0,0,0,0,0,0,0,1,10,0,0,0,0,0,0,0,0,0,0,0,0,0,,,0,0,0,0,0,0,0,0,0,0,0,0,,,,0,0,0,0,0,0,0,,0,0,0,0,,0,0,,0,0,0,0,0,0,0,0,0,0,0,0
00-0031574,G.Wright,Gabe Wright,DT,DL,"https://static.www.nfl.com/image/private/f_auto,q_auto/league/a6ra8payl2bx3mv5tfs1",2017,REG,MIA,1,0,0,0,0,0,0,0,0,0,0,0,0,,,0,,0,0,0,0,0,0,0,0,0,0,,0,0,0,0,0,0,0,0,0,0,0,0,0,0,,0,0,0,0,0,,0,0,0,0,1,0,0,0,0,0,0,0,0,0,0,1,0,0,0,0,0,0,0,0,0,1,5,0,0,0,0,0,0,0,0,0,0,0,0,0,,,0,0,0,0,0,0,0,0,0,0,0,0,,,,0,0,0,0,0,0,0,,0,0,0,0,,0,0,,0,0,0,0,0,0,0,0,0,0,0,0
00-0031576,Z.Smith,Za'Darius Smith,DE,DL,"https://static.www.nfl.com/image/upload/f_auto,q_auto/league/l5t51lcflhhfvxhr1sx3",2017,REG,BAL,13,0,0,0,0,0,0,0,0,0,0,0,0,,,0,,0,0,0,0,0,0,0,0,0,0,,0,0,0,0,0,0,0,0,0,0,0,0,0,0,,0,0,0,0,0,,0,0,0,0,15,0,9,3,16,1,3.5,22,16,0,0,1,0,0,0,0,0,0,0,0,0,4,41,0,0,0,0,0,0,0,0,0,0,0,0,0,,,0,0,0,0,0,0,0,0,0,0,0,0,,,,0,0,0,0,0,0,0,,0,0,0,0,,0,0,,0,0,0,0,0,0,0,0,0,0,0,0
00-0031577,J.Allen,Javorius Allen,RB,RB,"https://static.www.nfl.com/image/private/f_auto,q_auto/league/jguqo1kwlkfamf537de0",2017,REG,BAL,16,0,0,0,0,0,0,0,0,0,0,0,0,,,0,,0,0,0,0,153,591,4,0,0,38,-11.2360589410311,0,13,9,1,0,46,60,250,2,0,0,47,218,16,-3.81678170394409,0,8,1,1,0,5.31914893617021,0.106951871657754,0.0122332118688183,0.168991055794804,0,7,0,1,0,0,0,0,0,0,0,0,0,0,0,0,0,0,0,0,0,0,0,0,0,0,0,0,0,0,0,0,0,0,0,0,0,,,0,0,0,0,0,0,0,0,0,0,0,0,,,,0,0,0,0,0,0,0,,0,0,0,0,,0,0,,0,0,0,0,0,0,0,0,0,0,120.1,166.1
00-0031578,J.Ryan,Jake Ryan,LB,LB,"https://static.www.nfl.com/image/private/f_auto,q_auto/league/xpqjhaqeefu7w79y20eh",2017,REG,GB,14,0,0,0,0,0,0,0,0,0,0,0,0,,,0,,0,0,0,0,0,0,0,0,0,0,,0,0,0,0,0,0,0,0,0,0,0,0,0,0,,0,0,0,0,0,,0,0,0,0,43,9,29,4,7,1,1,1,1,0,0,0,0,0,0,0,0,0,1,0,0,1,15,0,0,0,0,0,0,0,0,0,0,0,0,0,,,0,0,0,0,0,0,0,0,0,0,0,0,,,,0,0,0,0,0,0,0,,0,0,0,0,,0,0,,0,0,0,0,0,0,0,0,0,0,0,0
00-0031580,S.Mason,Shaq Mason,G,OL,"https://static.www.nfl.com/image/upload/f_auto,q_auto/league/h2j9pcx5k3kfbxgq1bb7",2017,REG,NE,2,0,0,0,0,0,0,0,0,0,0,0,0,,,0,,0,0,0,0,0,0,0,0,0,0,,0,0,0,0,0,0,0,0,0,0,0,0,0,0,,0,0,0,0,0,,0,0,0,0,0,0,0,0,0,0,0,0,0,0,0,0,0,0,0,0,1,0,0,0,0,1,10,0,0,0,0,0,0,0,0,0,0,0,0,0,,,0,0,0,0,0,0,0,0,0,0,0,0,,,,0,0,0,0,0,0,0,,0,0,0,0,,0,0,,0,0,0,0,0,0,0,0,0,0,0,0
00-0031581,M.Glowinski,Mark Glowinski,G,OL,"https://static.www.nfl.com/image/private/f_auto,q_auto/league/ldqr5jlk57a6nrha4u8w",2017,REG,SEA,2,0,0,0,0,0,0,0,0,0,0,0,0,,,0,,0,0,0,0,0,0,0,0,0,0,,0,0,0,0,0,0,0,0,0,0,0,0,0,0,,0,0,0,0,0,,0,0,0,0,0,0,0,0,0,0,0,0,0,0,0,0,0,0,0,0,0,0,0,0,0,1,15,0,0,0,0,0,0,0,1,0,0,0,0,0,,,0,0,0,0,0,0,0,0,0,0,0,0,,,,0,0,0,0,0,0,0,,0,0,0,0,,0,0,,0,0,0,0,0,0,0,0,0,0,0,0
00-0031583,G.Jarrett,Grady Jarrett,DT,DL,"https://static.www.nfl.com/image/upload/f_auto,q_auto/league/znqx6ghmgepgcrsfw9gm",2017,REG,ATL,14,0,0,0,0,0,0,0,0,0,0,0,0,,,0,,0,0,0,0,0,0,0,0,0,0,,0,0,0,0,0,0,0,0,0,0,0,0,0,0,,0,0,0,0,0,,0,0,0,0,31,3,21,15,64,0,4,33,13,0,0,0,0,0,0,0,0,0,0,0,0,2,17,0,0,0,0,0,0,0,0,0,0,0,0,0,,,0,0,0,0,0,0,0,0,0,0,0,0,,,,0,0,0,0,0,0,0,,0,0,0,0,,0,0,,0,0,0,0,0,0,0,0,0,0,0,0
00-0031584,A.Amos,Adrian Amos,S,DB,"https://static.www.nfl.com/image/private/f_auto,q_auto/league/igawxadxnpihzzpzw9oe",2017,REG,CHI,10,0,0,0,0,0,0,0,0,0,0,0,0,,,0,,0,0,0,0,0,0,0,0,0,0,,0,0,0,0,0,0,0,0,0,0,0,0,0,0,,0,0,0,0,0,,0,0,0,0,60,2,7,6,11,2,0,0,0,1,90,3,1,0,0,0,0,0,1,4,0,0,0,0,0,0,0,0,0,0,0,0,0,0,0,0,,,0,0,0,0,0,0,0,0,0,0,0,0,,,,0,0,0,0,0,0,0,,0,0,0,0,,0,0,,0,0,0,0,0,0,0,0,0,0,0,0
00-0031587,B.McCain,Bobby McCain,CB,DB,"https://static.www.nfl.com/image/upload/f_auto,q_auto/league/qngkoi5ocjuet0kmni6a",2017,REG,MIA,14,0,0,0,0,0,0,0,0,0,0,0,0,,,0,,0,0,0,0,0,0,0,0,0,0,,0,0,0,0,0,0,0,0,0,0,0,0,0,0,,0,0,0,0,0,,0,0,0,0,34,2,12,3,15,0,1,13,1,2,6,7,0,0,0,0,0,0,0,0,0,2,17,0,0,0,0,0,0,0,0,0,0,0,0,0,,,0,0,0,0,0,0,0,0,0,0,0,0,,,,0,0,0,0,0,0,0,,0,0,0,0,,0,0,,0,0,0,0,0,0,0,0,0,0,0,0
00-0031588,S.Diggs,Stefon Diggs,WR,WR,"https://static.www.nfl.com/image/upload/f_auto,q_auto/league/cemcexmscsarpvwhafln",2017,REG,MIN,14,0,0,0,0,0,0,0,0,0,0,0,0,,,0,,0,0,0,0,8,13,0,0,0,1,-2.47664117359091,0,0,0,0,0,64,95,849,8,0,0,1075,298,42,47.1629341577221,0,31,21,14,3,0.789767441860465,0.182341650671785,0.268347478781827,0.461355711154957,0,2,0,0,0,0,0,0,0,0,0,0,0,0,0,0,0,0,0,0,0,0,3,35,0,0,0,0,0,0,0,0,0,0,0,0,0,,,0,0,0,0,0,0,0,0,0,0,0,0,,,,0,0,0,0,0,0,0,,0,0,0,0,,0,0,,0,0,0,0,0,0,0,0,0,0,134.2,198.2
00-0031589,B.Hundley,Brett Hundley,QB,QB,"https://static.www.nfl.com/image/private/f_auto,q_auto/league/lgplktjykzjrnjsn9x8y",2017,REG,GB,11,192,316,1836,9,12,29,-197,2,1,2393,1015,89,-75.2253510611966,-3.03327634166449,1,0.767237776849143,62,30,17,4,36,270,2,1,1,21,14.5038684858882,0,12,11,3,0,1,1,10,0,0,0,-5,15,1,0.606652478454635,0,1,0,0,0,0,0.00180505415162455,-0.00122518990443519,0.00184994829433219,0,1,0,0,0,0,0,0,0,0,0,0,0,0,0,0,0,1,0,0,0,0,4,33,3,1,0,4,2,0,0,0,0,0,0,0,0,,,0,0,0,0,0,0,0,0,0,0,0,0,,,,0,0,0,0,0,0,0,,0,0,0,0,,0,0,,0,0,0,0,0,0,0,0,0,0,123.44,124.44
00-0031590,J.Ajayi,Jay Ajayi,RB,RB,"https://static.www.nfl.com/image/private/f_auto,q_auto/league/bt0drbhvsjykf2xxvskx",2017,REG,PHI,14,0,0,0,0,0,0,0,0,0,0,0,0,,,0,,0,0,0,0,208,873,1,3,2,39,-23.5762643634645,0,23,15,6,2,24,34,158,1,0,0,-23,176,8,-3.03605002881928,0,5,2,1,0,-6.86956521739131,0.0578231292517007,-0.00470925470925471,0.0834382155810727,0,1,0,0,0,0,0,0,0,0,0,0,0,0,0,0,0,0,0,0,0,0,1,5,3,0,0,3,2,0,0,0,0,0,0,0,0,,,0,0,0,0,0,0,0,0,0,0,0,0,,,,0,0,0,0,0,0,0,,0,0,0,0,,0,0,,0,0,0,0,0,0,0,0,0,0,111.1,135.1
00-0031592,D.Parry,David Parry,DT,DL,"https://static.www.nfl.com/image/private/f_auto,q_auto/league/marmrccwbbmfqe3jh8yr",2017,REG,NO,1,0,0,0,0,0,0,0,0,0,0,0,0,,,0,,0,0,0,0,0,0,0,0,0,0,,0,0,0,0,0,0,0,0,0,0,0,0,0,0,,0,0,0,0,0,,0,0,0,0,0,0,1,0,0,0,0,0,0,0,0,0,0,0,0,0,0,0,0,0,0,0,0,0,0,0,0,0,0,0,0,0,0,0,0,0,,,0,0,0,0,0,0,0,0,0,0,0,0,,,,0,0,0,0,0,0,0,,0,0,0,0,,0,0,,0,0,0,0,0,0,0,0,0,0,0,0
00-0031595,M.Burton,Michael Burton,FB,RB,"https://static.www.nfl.com/image/upload/f_auto,q_auto/league/ibyeabk3yu68mgipxklr",2017,REG,CHI,9,0,0,0,0,0,0,0,0,0,0,0,0,,,0,,0,0,0,0,4,9,0,0,0,2,-1.31905743351672,0,0,0,0,0,2,4,8,0,0,0,-1,9,0,-1.40079154324485,0,0,0,0,0,-8,0.00854700854700855,-0.000286779466590192,0.0126197671938997,0,0,0,1,0,0,0,0,0,0,0,0,0,0,0,0,0,0,0,0,0,0,2,17,0,0,0,0,0,0,0,0,0,0,0,0,0,,,0,0,0,0,0,0,0,0,0,0,0,0,,,,0,0,0,0,0,0,0,,0,0,0,0,,0,0,,0,0,0,0,0,0,0,0,0,0,1.7,3.7
00-0031596,D.Mayo,David Mayo,OLB,LB,"https://static.www.nfl.com/image/private/f_auto,q_auto/league/jcpcby79esons5wd1ocp",2017,REG,CAR,11,0,0,0,0,0,0,0,0,0,0,0,0,,,0,,0,0,0,0,0,0,0,0,0,0,,0,0,0,0,0,0,0,0,0,0,0,0,0,0,,0,0,0,0,0,,0,0,0,0,8,0,11,0,0,0,0,0,0,0,0,1,0,0,0,0,0,0,0,0,0,0,0,0,0,0,0,0,0,0,1,12,0,0,0,0,,,0,0,0,0,0,0,0,0,0,0,0,0,,,,0,0,0,0,0,0,0,,0,0,0,0,,0,0,,0,0,0,0,0,0,0,0,0,0,0,0
00-0031597,T.Smith,Tye Smith,CB,DB,"https://static.www.nfl.com/image/private/f_auto,q_auto/league/zxyfhiakgitv3ultu7ug",2017,REG,TEN,8,0,0,0,0,0,0,0,0,0,0,0,0,,,0,,0,0,0,0,0,0,0,0,0,0,,0,0,0,0,0,0,0,0,0,0,0,0,0,0,,0,0,0,0,0,,0,0,0,0,15,0,5,0,0,0,0,0,0,1,14,1,0,0,0,0,0,0,0,0,0,2,25,0,0,0,0,0,0,0,0,0,0,0,0,0,,,0,0,0,0,0,0,0,0,0,0,0,0,,,,0,0,0,0,0,0,0,,0,0,0,0,,0,0,,0,0,0,0,0,0,0,0,0,0,0,0
00-0031598,N.Boyle,Nick Boyle,TE,TE,"https://static.www.nfl.com/image/private/f_auto,q_auto/league/emqvoudb71kgmkfphmuw",2017,REG,BAL,15,0,0,0,0,0,0,0,0,0,0,0,0,,,0,,0,0,0,0,0,0,0,0,0,0,,0,0,0,0,0,28,37,203,0,0,0,75,153,11,4.37732296323062,1,6,1,0,0,2.70666666666667,0.0659536541889483,0.0195210827693909,0.112595239221996,0,1,0,0,0,0,1,0,0,0,0,0,0,0,0,0,0,1,0,0,0,0,5,39,0,0,0,0,0,0,0,0,0,0,0,0,0,,,0,0,0,0,0,0,0,0,0,0,0,0,,,,0,0,0,0,0,0,0,,0,0,0,0,,0,0,,0,0,0,0,0,0,0,0,0,0,22.3,50.3
00-0031599,C.Artis-Payne,Cameron Artis-Payne,RB,RB,"https://static.www.nfl.com/image/private/f_auto,q_auto/league/vaeghufm3dkzmsjhb8hg",2017,REG,CAR,8,0,0,0,0,0,0,0,0,0,0,0,0,,,0,,0,0,0,0,18,95,1,0,0,5,1.66151555709075,0,4,3,1,1,1,1,2,0,0,0,-4,6,0,-0.453942394466139,0,0,0,0,0,-0.5,0.00203252032520325,-0.000941619585687382,0.00238964677782371,0,2,0,2,0,0,0,0,0,0,0,0,0,0,0,0,0,2,0,0,0,0,2,13,0,0,0,0,0,0,0,0,0,0,0,0,0,,,0,0,0,0,0,0,0,0,0,0,0,0,,,,0,0,0,0,0,0,0,,0,0,0,0,,0,0,,0,0,0,0,0,0,0,0,0,0,15.7,16.7
00-0031607,L.Walton,L.T. Walton,DE,DL,"https://static.www.nfl.com/image/private/f_auto,q_auto/league/aprvdxjwsglfbvtxsrim",2017,REG,PIT,10,0,0,0,0,0,0,0,0,0,0,0,0,,,0,,0,0,0,0,0,0,0,0,0,0,,0,0,0,0,0,0,0,0,0,0,0,0,0,0,,0,0,0,0,0,,0,0,0,0,9,0,3,2,9,0,2,9,3,0,0,1,0,0,0,0,0,0,0,0,0,1,5,0,0,0,0,0,0,0,0,0,0,0,0,0,,,0,0,0,0,0,0,0,0,0,0,0,0,,,,0,0,0,0,0,0,0,,0,0,0,0,,0,0,,0,0,0,0,0,0,0,0,0,0,0,0
00-0031608,Q.Diggs,Quandre Diggs,S,DB,"https://static.www.nfl.com/image/upload/f_auto,q_auto/league/kqasx5pfmin4wrk503uf",2017,REG,DET,16,0,0,0,0,0,0,0,0,0,0,0,0,,,0,,0,0,0,0,0,0,0,0,0,0,,0,0,0,0,0,0,0,0,0,0,0,0,0,0,,0,0,0,0,0,,0,0,0,0,45,0,10,5,11,1,1,0,2,3,28,9,0,0,0,0,0,0,0,0,0,6,47,0,0,0,0,0,0,0,0,0,0,0,0,0,,,0,0,0,0,0,0,0,0,0,0,0,0,,,,0,0,0,0,0,0,0,,0,0,0,0,,0,0,,0,0,0,0,0,0,0,0,0,0,0,0
00-0031609,A.Derby,A.J. Derby,TE,TE,"https://static.www.nfl.com/image/private/f_auto,q_auto/league/c2bqxdpyb4kn75l4qj1c",2017,REG,MIA,11,0,0,0,0,0,0,0,0,0,0,0,0,,,0,,0,0,0,0,0,0,0,0,0,0,,0,0,0,0,0,21,40,244,2,1,1,362,92,11,-7.39442670887986,0,13,4,3,0,0.674033149171271,0.0725952813067151,0.0762265740155822,0.16225152377098,0,3,0,0,0,0,0,0,0,0,0,0,0,0,0,0,0,0,0,0,0,0,2,15,1,0,0,1,1,0,0,1,11,0,0,0,0,,,0,0,0,0,0,0,0,0,0,0,0,0,,,,0,0,0,0,0,0,0,,0,0,0,0,,0,0,,0,0,0,0,0,0,0,0,0,0,34.4,55.4
00-0031612,A.Ripkowski,Aaron Ripkowski,FB,RB,"https://static.www.nfl.com/image/private/f_auto,q_auto/league/aln8oo1hxammcilgzi72",2017,REG,GB,11,0,0,0,0,0,0,0,0,0,0,0,0,,,0,,0,0,0,0,5,13,0,0,0,0,-1.70913988532266,0,0,0,0,0,7,10,39,0,0,0,21,22,1,-1.00066293973941,0,1,0,0,0,1.85714285714286,0.0180505415162455,0.00514579759862779,0.0306778705934077,0,1,1,0,0,0,0,0,0,0,0,0,0,0,0,0,0,0,0,0,0,0,1,10,0,0,0,0,0,0,0,0,0,0,0,0,0,,,0,0,0,0,0,0,0,0,0,0,0,0,,,,0,0,0,0,0,0,0,,0,0,0,0,,0,0,,0,0,0,0,0,0,0,0,0,0,5.2,12.2
00-0031614,O.Gwacham,Obum Gwacham,LB,LB,"https://static.www.nfl.com/image/private/f_auto,q_auto/league/fyu7731dgdreowa3fsrs",2017,REG,NYJ,1,0,0,0,0,0,0,0,0,0,0,0,0,,,0,,0,0,0,0,0,0,0,0,0,0,,0,0,0,0,0,0,0,0,0,0,0,0,0,0,,0,0,0,0,0,,0,0,0,0,0,0,2,0,0,0,0,0,0,0,0,0,0,0,0,0,0,0,0,0,0,0,0,0,0,0,0,0,0,0,0,0,0,0,0,0,,,0,0,0,0,0,0,0,0,0,0,0,0,,,,0,0,0,0,0,0,0,,0,0,0,0,,0,0,,0,0,0,0,0,0,0,0,0,0,0,0
00-0031615,C.Ringo,Christian Ringo,DE,DL,"https://static.www.nfl.com/image/private/f_auto,q_auto/league/b2ohvjsfoadi1wlld4fd",2017,REG,DET,4,0,0,0,0,0,0,0,0,0,0,0,0,,,0,,0,0,0,0,0,0,0,0,0,0,,0,0,0,0,0,0,0,0,0,0,0,0,0,0,,0,0,0,0,0,,0,0,0,0,2,0,1,0,0,0,0,0,2,0,0,0,0,0,0,0,0,0,0,0,0,0,0,0,0,0,0,0,0,0,0,0,0,0,0,0,,,0,0,0,0,0,0,0,0,0,0,0,0,,,,0,0,0,0,0,0,0,,0,0,0,0,,0,0,,0,0,0,0,0,0,0,0,0,0,0,0
00-0031619,C.Covington,Christian Covington,DE,DL,"https://static.www.nfl.com/image/private/f_auto,q_auto/league/kbjzplxibstqlwmzmt4u",2017,REG,HOU,7,0,0,0,0,0,0,0,0,0,0,0,0,,,0,,0,0,0,0,0,0,0,0,0,0,,0,0,0,0,0,0,0,0,0,0,0,0,0,0,,0,0,0,0,0,,0,0,0,0,9,1,6,1,9,1,1,12,2,0,0,0,0,0,0,0,0,0,0,0,0,0,0,0,0,0,0,0,0,0,0,0,0,0,0,0,,,0,0,0,0,0,0,0,0,0,0,0,0,,,,0,0,0,0,0,0,0,,0,0,0,0,,0,0,,0,0,0,0,0,0,0,0,0,0,0,0
00-0031622,B.Hart,Bobby Hart,OT,OL,"https://static.www.nfl.com/image/upload/f_auto,q_auto/league/eeqftbtda7o2yyop5m5s",2017,REG,NYG,4,0,0,0,0,0,0,0,0,0,0,0,0,,,0,,0,0,0,0,0,0,0,0,0,0,,0,0,0,0,0,0,0,0,0,0,0,0,0,0,,0,0,0,0,0,,0,0,0,0,1,0,0,0,0,0,0,0,0,0,0,0,0,0,0,0,0,0,0,0,0,4,25,0,0,0,0,0,0,0,0,0,0,0,0,0,,,0,0,0,0,0,0,0,0,0,0,0,0,,,,0,0,0,0,0,0,0,,0,0,0,0,,0,0,,0,0,0,0,0,0,0,0,0,0,0,0
00-0031624,E.Robinson,Edmond Robinson,LB,LB,"https://static.www.nfl.com/image/private/f_auto,q_auto/league/laxxbklw8na3w5v5uij0",2017,REG,NYJ,1,0,0,0,0,0,0,0,0,0,0,0,0,,,0,,0,0,0,0,0,0,0,0,0,0,,0,0,0,0,0,0,0,0,0,0,0,0,0,0,,0,0,0,0,0,,0,0,0,0,1,0,0,0,0,0,0,0,0,0,0,0,0,0,0,0,0,0,0,0,0,0,0,0,0,0,0,0,0,0,0,0,0,0,0,0,,,0,0,0,0,0,0,0,0,0,0,0,0,,,,0,0,0,0,0,0,0,,0,0,0,0,,0,0,,0,0,0,0,0,0,0,0,0,0,0,0
00-0031626,B.Mihalik,Brian Mihalik,OT,OL,"https://static.www.nfl.com/image/private/f_auto,q_auto/league/sy2hcfcmwdbb2zutn77w",2017,REG,DET,3,0,0,0,0,0,0,0,0,0,0,0,0,,,0,,0,0,0,0,0,0,0,0,0,0,,0,0,0,0,0,1,1,-4,0,0,0,-4,0,0,-0.767807197657353,0,0,0,0,0,0,0.00176991150442478,-0.000877000657750493,0.00204096679621182,0,1,0,0,0,0,0,0,0,0,0,0,0,0,0,0,0,0,0,0,0,0,1,5,0,0,0,0,0,0,0,0,0,0,0,0,0,,,0,0,0,0,0,0,0,0,0,0,0,0,,,,0,0,0,0,0,0,0,,0,0,0,0,,0,0,,0,0,0,0,0,0,0,0,0,0,-0.4,0.6
00-0031627,C.Robinson,Corey Robinson,OT,OL,"https://static.www.nfl.com/image/private/f_auto,q_auto/league/enqdc5etc58ks37alma1",2017,REG,DET,3,0,0,0,0,0,0,0,0,0,0,0,0,,,0,,0,0,0,0,0,0,0,0,0,0,,0,0,0,0,0,0,0,0,0,0,0,0,0,0,,0,0,0,0,0,,0,0,0,0,1,0,0,0,0,0,0,0,0,0,0,0,0,0,0,0,0,0,0,0,0,3,30,0,0,0,0,0,0,0,0,0,0,0,0,0,,,0,0,0,0,0,0,0,0,0,0,0,0,,,,0,0,0,0,0,0,0,,0,0,0,0,,0,0,,0,0,0,0,0,0,0,0,0,0,0,0
00-0031628,D.Roberts,Darryl Roberts,CB,DB,"https://static.www.nfl.com/image/private/f_auto,q_auto/league/fszwbpiuqealhyh0l3rh",2017,REG,NYJ,11,0,0,0,0,0,0,0,0,0,0,0,0,,,0,,0,0,0,0,0,0,0,0,0,0,,0,0,0,0,0,0,0,0,0,0,0,0,0,0,,0,0,0,0,0,,0,0,0,0,34,3,3,0,0,0,0,0,0,1,0,8,0,0,0,0,0,0,0,0,0,4,49,0,0,0,0,0,0,0,0,0,0,0,0,0,,,0,0,0,0,0,0,0,0,0,0,0,0,,,,0,0,0,0,0,0,0,,0,0,0,0,,0,0,,0,0,0,0,0,0,0,0,0,0,0,0
00-0031629,R.Murphy,Ryan Murphy,DB,DB,"https://static.www.nfl.com/image/private/f_auto,q_auto/league/oqp6jeptuus90nz90qgm",2017,REG,NYG,2,0,0,0,0,0,0,0,0,0,0,0,0,,,0,,0,0,0,0,0,0,0,0,0,0,,0,0,0,0,0,0,0,0,0,0,0,0,0,0,,0,0,0,0,0,,0,0,0,0,1,0,0,0,0,0,0,0,0,0,0,0,0,0,0,0,0,0,0,0,0,1,6,0,0,0,0,0,0,0,0,0,0,0,0,0,,,0,0,0,0,0,0,0,0,0,0,0,0,,,,0,0,0,0,0,0,0,,0,0,0,0,,0,0,,0,0,0,0,0,0,0,0,0,0,0,0
00-0031632,D.Good,Denzelle Good,G,OL,"https://static.www.nfl.com/image/private/f_auto,q_auto/league/wltjwd0o4torlbuocdyd",2017,REG,IND,1,0,0,0,0,0,0,0,0,0,0,0,0,,,0,,0,0,0,0,0,0,0,0,0,0,,0,0,0,0,0,0,0,0,0,0,0,0,0,0,,0,0,0,0,0,,0,0,0,0,0,0,0,0,0,0,0,0,0,0,0,0,0,0,0,0,0,0,0,0,0,1,5,0,0,0,0,0,0,0,0,0,0,0,0,0,,,0,0,0,0,0,0,0,0,0,0,0,0,,,,0,0,0,0,0,0,0,,0,0,0,0,,0,0,,0,0,0,0,0,0,0,0,0,0,0,0
00-0031636,J.Hamilton,Justin Hamilton,DT,DL,"https://static.www.nfl.com/image/private/f_auto,q_auto/league/ez6bfwbler7mvwxbmlw7",2017,REG,KC,2,0,0,0,0,0,0,0,0,0,0,0,0,,,0,,0,0,0,0,0,0,0,0,0,0,,0,0,0,0,0,0,0,0,0,0,0,0,0,0,,0,0,0,0,0,,0,0,0,0,1,0,2,0,0,0,0.5,3.5,1,0,0,0,0,0,0,0,0,0,0,0,0,1,15,0,0,0,0,0,0,0,0,0,0,0,0,0,,,0,0,0,0,0,0,0,0,0,0,0,0,,,,0,0,0,0,0,0,0,,0,0,0,0,,0,0,,0,0,0,0,0,0,0,0,0,0,0,0
00-0031657,I.Johnson,Isaiah Johnson,DB,DB,"https://static.www.nfl.com/image/private/f_auto,q_auto/league/zmea7keox8iyppsvrfqg",2017,REG,LA,1,0,0,0,0,0,0,0,0,0,0,0,0,,,0,,0,0,0,0,0,0,0,0,0,0,,0,0,0,0,0,0,0,0,0,0,0,0,0,0,,0,0,0,0,0,,0,0,0,0,1,0,5,0,0,0,0,0,0,0,0,0,0,0,0,0,0,0,0,0,0,0,0,0,0,0,0,0,0,0,0,0,0,0,0,0,,,0,0,0,0,0,0,0,0,0,0,0,0,,,,0,0,0,0,0,0,0,,0,0,0,0,,0,0,,0,0,0,0,0,0,0,0,0,0,0,0
00-0031661,K.Snyder,Kevin Snyder,LB,LB,"https://static.www.nfl.com/image/private/f_auto,q_auto/league/jth6oyexdkx0skvtzg0l",2017,REG,DEN,1,0,0,0,0,0,0,0,0,0,0,0,0,,,0,,0,0,0,0,0,0,0,0,0,0,,0,0,0,0,0,0,0,0,0,0,0,0,0,0,,0,0,0,0,0,,0,0,0,0,0,0,0,0,0,0,0,0,0,0,0,0,0,0,0,0,0,0,0,0,0,1,9,0,0,0,0,0,0,0,0,0,0,0,0,0,,,0,0,0,0,0,0,0,0,0,0,0,0,,,,0,0,0,0,0,0,0,,0,0,0,0,,0,0,,0,0,0,0,0,0,0,0,0,0,0,0
00-0031665,Z.Zenner,Zach Zenner,RB,RB,"https://static.www.nfl.com/image/private/f_auto,q_auto/league/deiznogchpv1vbrmyuax",2017,REG,DET,7,0,0,0,0,0,0,0,0,0,0,0,0,,,0,,0,0,0,0,14,26,1,0,0,2,-9.30421267094121,0,1,1,0,0,0,1,0,0,0,0,9,0,0,-1.29434063378721,0,0,0,0,0,0,0.00176991150442478,0.00197325147993861,0.00403614329259419,0,4,0,0,0,0,0,0,0,0,0,0,0,0,0,0,0,1,0,0,0,0,0,0,0,0,0,0,0,0,0,3,62,0,0,0,0,,,0,0,0,0,0,0,0,0,0,0,0,0,,,,0,0,0,0,0,0,0,,0,0,0,0,,0,0,,0,0,0,0,0,0,0,0,0,0,8.6,8.6
00-0031676,J.Mbu,Joey Mbu,DT,DL,"https://static.www.nfl.com/image/private/f_auto,q_auto/league/bx1j92gf2wnw48razfgo",2017,REG,IND,3,0,0,0,0,0,0,0,0,0,0,0,0,,,0,,0,0,0,0,0,0,0,0,0,0,,0,0,0,0,0,0,0,0,0,0,0,0,0,0,,0,0,0,0,0,,0,0,0,0,2,0,1,1,1,0,0,0,0,0,0,0,0,0,0,0,0,0,0,0,0,0,0,0,0,0,0,0,0,0,0,0,0,0,0,0,,,0,0,0,0,0,0,0,0,0,0,0,0,,,,0,0,0,0,0,0,0,,0,0,0,0,,0,0,,0,0,0,0,0,0,0,0,0,0,0,0
00-0031682,T.Ward,Terron Ward,RB,RB,"https://static.www.nfl.com/image/private/f_auto,q_auto/league/wcq3c0qgpkzoegi0yn6w",2017,REG,ATL,6,0,0,0,0,0,0,0,0,0,0,0,0,,,0,,0,0,0,0,30,129,0,1,1,7,-9.21678721840726,0,4,4,0,0,3,3,14,0,0,0,-7,21,1,-0.0850625258171931,0,1,0,0,0,-2,0.00580270793036751,-0.00146750524109015,0.00767680822678816,0,1,0,0,0,0,0,0,0,0,0,0,0,0,0,0,0,0,0,0,0,0,1,5,1,0,0,1,1,0,0,0,0,0,0,0,0,,,0,0,0,0,0,0,0,0,0,0,0,0,,,,0,0,0,0,0,0,0,,0,0,0,0,,0,0,,0,0,0,0,0,0,0,0,0,0,12.3,15.3
00-0031687,R.Mostert,Raheem Mostert,RB,RB,"https://static.www.nfl.com/image/upload/f_auto,q_auto/league/fas5rkweusx2hl7abtzh",2017,REG,SF,9,0,0,0,0,0,0,0,0,0,0,0,0,,,0,,0,0,0,0,6,30,0,1,1,1,-3.32140194170643,0,1,1,0,0,0,0,0,0,0,0,0,0,0,,0,0,0,0,0,,0,0,0,0,8,0,0,0,0,0,0,0,0,0,0,0,0,0,0,0,0,0,0,0,0,0,0,1,0,0,1,1,0,0,5,83,0,0,0,0,,,0,0,0,0,0,0,0,0,0,0,0,0,,,,0,0,0,0,0,0,0,,0,0,0,0,,0,0,,0,0,0,0,0,0,0,0,0,0,1,1
00-0031690,E.Tomlinson,Eric Tomlinson,TE,TE,"https://static.www.nfl.com/image/upload/f_auto,q_auto/league/i2n4shhc4sprxbsbhfcy",2017,REG,NYJ,9,0,0,0,0,0,0,0,0,0,0,0,0,,,0,,0,0,0,0,0,0,0,0,0,0,,0,0,0,0,0,8,11,121,1,0,0,66,68,4,2.40396570513258,0,4,4,4,0,1.83333333333333,0.0221774193548387,0.0167470185232175,0.0449890419985103,0,3,0,0,0,0,0,0,0,0,0,0,0,0,0,0,0,0,0,0,0,0,1,10,0,0,0,0,0,0,0,0,0,0,0,0,0,,,0,0,0,0,0,0,0,0,0,0,0,0,,,,0,0,0,0,0,0,0,,0,0,0,0,,0,0,,0,0,0,0,0,0,0,0,0,0,18.1,26.1
00-0031696,Z.Anderson,Zaire Anderson,ILB,LB,"https://static.www.nfl.com/image/private/f_auto,q_auto/league/yy2st9lcawje4zwu79yi",2017,REG,DEN,7,0,0,0,0,0,0,0,0,0,0,0,0,,,0,,0,0,0,0,0,0,0,0,0,0,,0,0,0,0,0,0,0,0,0,0,0,0,0,0,,0,0,0,0,0,,0,0,0,0,16,2,5,2,14,0,0,0,0,0,0,0,0,0,0,0,0,0,1,38,1,3,35,0,0,0,0,0,0,0,0,0,0,0,0,0,,,0,0,0,0,0,0,0,0,0,0,0,0,,,,0,0,0,0,0,0,0,,0,0,0,0,,0,0,,0,0,0,0,0,0,0,0,0,0,0,0
00-0031697,J.Taylor,Jordan Taylor,WR,WR,"https://static.www.nfl.com/image/private/f_auto,q_auto/league/exe8hkn8d13tthubzz5s",2017,REG,DEN,10,0,0,0,0,0,0,0,0,0,0,0,0,,,0,,0,0,0,0,0,0,0,0,0,0,,0,0,0,0,0,13,20,142,0,0,0,206,45,5,-0.0471857457832936,0,4,2,2,0,0.689320388349515,0.0362976406533575,0.0433775531690882,0.0848107481983981,0,4,0,0,1,18,0,0,0,0,0,0,0,0,1,0,0,1,0,0,0,0,0,0,0,1,0,1,0,11,103,0,0,0,0,0,0,,,0,0,0,0,0,0,0,0,0,0,0,0,,,,0,0,0,0,0,0,0,,0,0,0,0,,0,0,,0,0,0,0,0,0,0,0,0,0,14.2,27.2
00-0031707,G.Martin,Gabe Martin,LB,LB,"https://static.www.nfl.com/image/private/f_auto,q_auto/league/l8kryquerwwcsx3kxqzw",2017,REG,ARI,1,0,0,0,0,0,0,0,0,0,0,0,0,,,0,,0,0,0,0,0,0,0,0,0,0,,0,0,0,0,0,0,0,0,0,0,0,0,0,0,,0,0,0,0,0,,0,0,0,0,2,0,0,0,0,0,0,0,0,0,0,0,0,0,0,0,0,0,0,0,0,0,0,0,0,0,0,0,0,0,0,0,0,0,0,0,,,0,0,0,0,0,0,0,0,0,0,0,0,,,,0,0,0,0,0,0,0,,0,0,0,0,,0,0,,0,0,0,0,0,0,0,0,0,0,0,0
00-0031713,X.Williams,Xavier Williams,NT,DL,"https://static.www.nfl.com/image/private/f_auto,q_auto/league/hftxadl5vsffvsy9mofs",2017,REG,ARI,9,0,0,0,0,0,0,0,0,0,0,0,0,,,0,,0,0,0,0,0,0,0,0,0,0,,0,0,0,0,0,0,0,0,0,0,0,0,0,0,,0,0,0,0,0,,0,0,0,0,13,3,4,1,4,1,0.5,5,1,0,0,0,0,0,0,0,0,0,0,0,0,4,20,0,0,0,0,0,0,0,0,0,0,0,0,0,,,0,0,0,0,0,0,0,0,0,0,0,0,,,,0,0,0,0,0,0,0,,0,0,0,0,,0,0,,0,0,0,0,0,0,0,0,0,0,0,0
00-0031719,M.Hull,Mike Hull,LB,LB,"https://static.www.nfl.com/image/private/f_auto,q_auto/league/eanjqmfl8ol4ibcyw1kv",2017,REG,MIA,12,0,0,0,0,0,0,0,0,0,0,0,0,,,0,,0,0,0,0,0,0,0,0,0,0,,0,0,0,0,0,0,0,0,0,0,0,0,0,0,,0,0,0,0,0,,0,0,0,0,24,3,8,0,0,0,0,0,1,0,0,0,0,0,0,0,0,0,1,0,0,2,20,0,0,0,0,0,0,0,0,0,0,0,0,0,,,0,0,0,0,0,0,0,0,0,0,0,0,,,,0,0,0,0,0,0,0,,0,0,0,0,,0,0,,0,0,0,0,0,0,0,0,0,0,0,0
00-0031728,Z.Vigil,Zach Vigil,LB,LB,"https://static.www.nfl.com/image/private/f_auto,q_auto/league/rcxnfbzmmmbhjmvsotrb",2017,REG,WAS,7,0,0,0,0,0,0,0,0,0,0,0,0,,,0,,0,0,0,0,0,0,0,0,0,0,,0,0,0,0,0,0,0,0,0,0,0,0,0,0,,0,0,0,0,0,,0,0,0,0,32,9,18,2,5,0,0,0,0,0,0,2,0,0,0,0,0,0,1,0,0,0,0,0,0,0,0,0,0,0,0,0,0,0,0,0,,,0,0,0,0,0,0,0,0,0,0,0,0,,,,0,0,0,0,0,0,0,,0,0,0,0,,0,0,,0,0,0,0,0,0,0,0,0,0,0,0
00-0031731,C.Grant,Corey Grant,RB,RB,"https://static.www.nfl.com/image/private/f_auto,q_auto/league/gj5yoyyx8nulm8ss037t",2017,REG,JAX,14,0,0,0,0,0,0,0,0,0,0,0,0,,,0,,0,0,0,0,30,248,2,0,0,10,13.0565023092786,0,7,5,3,2,3,4,41,0,0,0,1,35,2,1.8882198179289,0,2,2,1,0,41,0.00773694390715667,0.000243961941937058,0.011776189220091,0,2,0,1,0,0,0,0,0,0,0,0,0,0,0,0,0,0,0,0,0,0,0,0,1,0,0,1,1,0,6,19,473,0,0,0,0,,,0,0,0,0,0,0,0,0,0,0,0,0,,,,0,0,0,0,0,0,0,,0,0,0,0,,0,0,,0,0,0,0,0,0,0,0,0,0,40.9,43.9
00-0031734,C.Reed,Chris Reed,G,OL,"https://static.www.nfl.com/image/upload/f_auto,q_auto/league/jq9alxtgwza6ik4fl1ek",2017,REG,JAX,1,0,0,0,0,0,0,0,0,0,0,0,0,,,0,,0,0,0,0,0,0,0,0,0,0,,0,0,0,0,0,0,0,0,0,0,0,0,0,0,,0,0,0,0,0,,0,0,0,0,0,0,0,0,0,0,0,0,0,0,0,0,0,0,0,0,0,0,0,0,0,2,15,0,0,0,0,0,0,0,0,0,0,0,0,0,,,0,0,0,0,0,0,0,0,0,0,0,0,,,,0,0,0,0,0,0,0,,0,0,0,0,,0,0,,0,0,0,0,0,0,0,0,0,0,0,0
00-0031738,J.Currie,Justin Currie,LB,LB,"https://static.www.nfl.com/image/private/f_auto,q_auto/league/e4pnct2dqacsng0vrcjf",2017,REG,CLE,3,0,0,0,0,0,0,0,0,0,0,0,0,,,0,,0,0,0,0,0,0,0,0,0,0,,0,0,0,0,0,0,0,0,0,0,0,0,0,0,,0,0,0,0,0,,0,0,0,0,5,1,1,2,13,0,1,7,1,0,0,0,0,0,0,0,0,0,0,0,0,1,5,0,0,0,0,0,0,0,0,0,0,0,0,0,,,0,0,0,0,0,0,0,0,0,0,0,0,,,,0,0,0,0,0,0,0,,0,0,0,0,,0,0,,0,0,0,0,0,0,0,0,0,0,0,0
00-0031740,N.Hewitt,Neville Hewitt,LB,LB,"https://static.www.nfl.com/image/upload/f_auto,q_auto/league/lw2m7oyputkdykbaz0cu",2017,REG,MIA,2,0,0,0,0,0,0,0,0,0,0,0,0,,,0,,0,0,0,0,0,0,0,0,0,0,,0,0,0,0,0,0,0,0,0,0,0,0,0,0,,0,0,0,0,0,,0,0,0,0,1,0,0,0,0,0,0,0,0,0,0,0,0,0,0,0,0,0,0,0,0,1,10,0,0,0,0,0,0,0,0,0,0,0,0,0,,,0,0,0,0,0,0,0,0,0,0,0,0,,,,0,0,0,0,0,0,0,,0,0,0,0,,0,0,,0,0,0,0,0,0,0,0,0,0,0,0
00-0031743,A.Hunt,Akeem Hunt,RB,RB,"https://static.www.nfl.com/image/private/f_auto,q_auto/league/mjsxqeuw6ng12xa1z4zy",2017,REG,KC,14,0,0,0,0,0,0,0,0,0,0,0,0,,,0,,0,0,0,0,8,23,0,0,0,1,-1.67651556083001,0,1,0,0,0,4,7,31,0,0,0,-8,45,1,-0.891866506251972,0,1,1,1,0,-3.875,0.0132575757575758,-0.00190566936636494,0.0185523950799082,0,4,1,0,0,0,0,0,0,0,0,0,0,0,0,0,0,0,0,0,0,0,1,5,0,0,0,0,0,0,0,25,611,0,0,0,0,,,0,0,0,0,0,0,0,0,0,0,0,0,,,,0,0,0,0,0,0,0,,0,0,0,0,,0,0,,0,0,0,0,0,0,0,0,0,0,5.4,9.4
00-0031744,M.LaCosse,Matt LaCosse,TE,TE,"https://static.www.nfl.com/image/private/f_auto,q_auto/league/yt2cjnrobixknkfi5vud",2017,REG,NYG,1,0,0,0,0,0,0,0,0,0,0,0,0,,,0,,0,0,0,0,0,0,0,0,0,0,,0,0,0,0,0,0,1,0,0,0,0,2,0,0,-0.974674112047069,0,0,0,0,0,0,0.00165837479270315,0.000455477112275108,0.0028063961676473,0,0,0,0,0,0,0,0,0,0,0,0,0,0,0,0,0,0,0,0,0,0,0,0,0,0,0,0,0,0,0,0,0,0,0,0,0,,,0,0,0,0,0,0,0,0,0,0,0,0,,,,0,0,0,0,0,0,0,,0,0,0,0,,0,0,,0,0,0,0,0,0,0,0,0,0,0,0
00-0031765,N.Easton,Nick Easton,G,OL,"https://static.www.nfl.com/image/private/f_auto,q_auto/league/d9a4fep0m4tamont0mmm",2017,REG,MIN,5,0,0,0,0,0,0,0,0,0,0,0,0,,,0,,0,0,0,0,0,0,0,0,0,0,,0,0,0,0,0,0,0,0,0,0,0,0,0,0,,0,0,0,0,0,,0,0,0,0,0,0,0,0,0,0,0,0,0,0,0,0,0,0,0,0,0,0,0,0,0,7,60,0,0,0,0,0,0,0,0,0,0,0,0,0,,,0,0,0,0,0,0,0,0,0,0,0,0,,,,0,0,0,0,0,0,0,,0,0,0,0,,0,0,,0,0,0,0,0,0,0,0,0,0,0,0
00-0031779,B.Finney,B.J. Finney,G,OL,"https://static.www.nfl.com/image/private/f_auto,q_auto/league/n37x9nljgnvondz5qx1p",2017,REG,PIT,1,0,0,0,0,0,0,0,0,0,0,0,0,,,0,,0,0,0,0,0,0,0,0,0,0,,0,0,0,0,0,0,0,0,0,0,0,0,0,0,,0,0,0,0,0,,0,0,0,0,0,0,0,0,0,0,0,0,0,0,0,0,0,0,0,0,0,0,0,0,0,1,10,0,0,0,0,0,0,0,0,0,0,0,0,0,,,0,0,0,0,0,0,0,0,0,0,0,0,,,,0,0,0,0,0,0,0,,0,0,0,0,,0,0,,0,0,0,0,0,0,0,0,0,0,0,0
00-0031782,E.Rogers,Eli Rogers,WR,WR,"https://static.www.nfl.com/image/private/f_auto,q_auto/league/wj9e3uvudi1wvdsr0qdi",2017,REG,PIT,12,0,0,0,0,0,0,0,0,0,0,0,0,,,0,,0,0,0,0,0,0,0,0,0,0,,0,0,0,0,0,18,36,149,1,0,0,270,81,9,-11.1329772608491,0,6,3,0,0,0.551851851851852,0.0615384615384615,0.0514972344077818,0.12835575639314,0,3,0,0,0,0,0,0,0,0,0,0,0,0,1,0,0,0,0,0,0,0,2,15,0,1,0,1,1,19,146,0,0,0,0,0,0,,,0,0,0,0,0,0,0,0,0,0,0,0,,,,0,0,0,0,0,0,0,,0,0,0,0,,0,0,,0,0,0,0,0,0,0,0,0,0,20.9,38.9
00-0031785,T.Hill,Troy Hill,CB,DB,"https://static.www.nfl.com/image/upload/f_auto,q_auto/league/fa4ba7c9ku1narcpyh10",2017,REG,LA,9,0,0,0,0,0,0,0,0,0,0,0,0,,,0,,0,0,0,0,0,0,0,0,0,0,,0,0,0,0,0,0,0,0,0,0,0,0,0,0,,0,0,0,0,0,,0,0,0,0,16,0,2,0,0,0,0,0,0,0,0,4,0,0,0,0,0,0,1,0,0,4,36,0,0,0,0,0,0,0,0,0,0,0,0,0,,,0,0,0,0,0,0,0,0,0,0,0,0,,,,0,0,0,0,0,0,0,,0,0,0,0,,0,0,,0,0,0,0,0,0,0,0,0,0,0,0
00-0031793,T.Watson,Terrell Watson,RB,RB,"https://static.www.nfl.com/image/private/f_auto,q_auto/league/efo2nvsa4z0nlm5dquiu",2017,REG,PIT,7,0,0,0,0,0,0,0,0,0,0,0,0,,,0,,0,0,0,0,5,8,0,0,0,3,-2.57518722710665,0,0,0,0,0,0,0,0,0,0,0,0,0,0,,0,0,0,0,0,,0,0,0,0,0,0,0,0,0,0,0,0,0,0,0,0,0,0,0,0,0,0,0,0,0,0,0,0,0,0,0,0,0,0,7,140,0,0,0,0,,,0,0,0,0,0,0,0,0,0,0,0,0,,,,0,0,0,0,0,0,0,,0,0,0,0,,0,0,,0,0,0,0,0,0,0,0,0,0,0.8,0.8
00-0031796,J.Coleman,Justin Coleman,CB,DB,"https://static.www.nfl.com/image/private/f_auto,q_auto/league/v4axwk5l0cixta9m4hw7",2017,REG,SEA,16,0,0,0,0,0,0,0,0,0,0,0,0,,,0,,0,0,0,0,0,0,0,0,0,0,,0,0,0,0,0,0,0,0,0,0,0,0,0,0,,0,0,0,0,0,,0,0,0,0,31,1,11,1,6,0,1.5,9,3,2,58,9,2,0,0,0,0,0,0,0,0,7,106,0,0,0,0,0,0,0,0,0,0,0,0,0,,,0,0,0,0,0,0,0,0,0,0,0,0,,,,0,0,0,0,0,0,0,,0,0,0,0,,0,0,,0,0,0,0,0,0,0,0,0,0,0,0
00-0031799,A.Harris,Anthony Harris,DB,DB,"https://static.www.nfl.com/image/private/f_auto,q_auto/league/yrs393stmux18uxypuvk",2017,REG,MIN,8,0,0,0,0,0,0,0,0,0,0,0,0,,,0,,0,0,0,0,0,0,0,0,0,0,,0,0,0,0,0,0,0,0,0,0,0,0,0,0,,0,0,0,0,0,,0,0,0,0,16,0,2,0,0,1,0,0,0,0,0,1,0,0,0,0,0,0,2,0,0,0,0,0,0,0,0,0,0,0,0,0,0,0,0,0,,,0,0,0,0,0,0,0,0,0,0,0,0,,,,0,0,0,0,0,0,0,,0,0,0,0,,0,0,,0,0,0,0,0,0,0,0,0,0,0,0
00-0031800,T.Heinicke,Taylor Heinicke,QB,QB,"https://static.www.nfl.com/image/upload/f_auto,q_auto/league/fz9e0aufjyyo5raclwji",2017,REG,HOU,1,1,1,10,0,0,1,-16,0,0,5,5,1,-1.04181647161022,30.445396900177,0,2,1,0,0,0,1,2,0,0,0,0,-0.649228858295828,0,0,0,0,0,0,0,0,0,0,0,0,0,0,,0,0,0,0,0,,0,0,0,0,0,0,0,0,0,0,0,0,0,0,0,0,0,0,0,0,0,0,0,0,0,0,0,0,0,0,0,0,0,0,0,0,0,0,0,0,,,0,0,0,0,0,0,0,0,0,0,0,0,,,,0,0,0,0,0,0,0,,0,0,0,0,,0,0,,0,0,0,0,0,0,0,0,0,0,0.6,0.6
00-0031801,J.Leslie,Jordan Leslie,WR,WR,"https://static.www.nfl.com/image/private/f_auto,q_auto/league/ri47aisqwhmvn3epenqm",2017,REG,CLE,1,0,0,0,0,0,0,0,0,0,0,0,0,,,0,,0,0,0,0,0,0,0,0,0,0,,0,0,0,0,0,1,1,26,0,0,0,25,1,1,2.52932912073447,0,1,1,1,0,1.04,0.00176678445229682,0.00481881264456438,0.00602334552964029,0,0,0,0,0,0,0,0,0,0,0,0,0,0,0,0,0,0,0,0,0,0,0,0,0,0,0,0,0,0,0,0,0,0,0,0,0,,,0,0,0,0,0,0,0,0,0,0,0,0,,,,0,0,0,0,0,0,0,,0,0,0,0,,0,0,,0,0,0,0,0,0,0,0,0,0,2.6,3.6
00-0031806,M.Brown,Malcolm Brown,RB,RB,"https://static.www.nfl.com/image/private/f_auto,q_auto/league/zxnjheichwlnvvu5qdyl",2017,REG,LA,11,0,0,0,0,0,0,0,0,0,0,0,0,,,0,,0,0,0,0,63,246,1,1,0,10,-8.88087190937949,0,8,4,1,0,9,11,53,0,0,0,-9,59,3,-0.244663156249664,0,3,1,0,0,-5.88888888888889,0.0215686274509804,-0.00222002960039467,0.0307989204561943,1,0,0,0,0,0,0,0,0,0,0,0,0,0,0,0,8,0,0,0,0,0,1,10,1,0,0,1,0,0,0,0,0,0,0,0,0,,,0,0,0,0,0,0,0,0,0,0,0,0,,,,0,0,0,0,0,0,0,,0,0,0,0,,0,0,,0,0,0,0,0,0,0,0,0,0,41.9,50.9
00-0031814,M.Longacre,Matt Longacre,OLB,LB,"https://static.www.nfl.com/image/private/f_auto,q_auto/league/xxlwwufq1pof2salgqgi",2017,REG,LA,12,0,0,0,0,0,0,0,0,0,0,0,0,,,0,,0,0,0,0,0,0,0,0,0,0,,0,0,0,0,0,0,0,0,0,0,0,0,0,0,,0,0,0,0,0,,0,0,0,0,15,1,7,5,25,1,5.5,25,12,0,0,0,0,0,0,0,0,0,1,8,0,0,0,0,0,0,0,0,0,0,1,0,0,0,0,0,,,0,0,0,0,0,0,0,0,0,0,0,0,,,,0,0,0,0,0,0,0,,0,0,0,0,,0,0,,0,0,0,0,0,0,0,0,0,0,0,0
00-0031815,C.Lynch,Cameron Lynch,LB,LB,"https://static.www.nfl.com/image/private/f_auto,q_auto/league/romuftmusoph5mzkbyfa",2017,REG,LA,8,0,0,0,0,0,0,0,0,0,0,0,0,,,0,,0,0,0,0,0,0,0,0,0,0,,0,0,0,0,0,0,0,0,0,0,0,0,0,0,,0,0,0,0,0,,0,0,0,0,7,0,1,0,0,0,0,0,0,0,0,0,0,0,0,0,0,0,1,0,0,2,20,0,0,0,0,0,0,0,0,0,0,0,0,0,,,0,0,0,0,0,0,0,0,0,0,0,0,,,,0,0,0,0,0,0,0,,0,0,0,0,,0,0,,0,0,0,0,0,0,0,0,0,0,0,0
00-0031821,D.Williams,Darrell Williams,OT,OL,"https://static.www.nfl.com/image/private/f_auto,q_auto/league/b1md8wqthppiaq9sjjgq",2017,REG,LA,1,0,0,0,0,0,0,0,0,0,0,0,0,,,0,,0,0,0,0,0,0,0,0,0,0,,0,0,0,0,0,0,0,0,0,0,0,0,0,0,,0,0,0,0,0,,0,0,0,0,0,0,0,0,0,0,0,0,0,0,0,0,0,0,0,0,0,0,0,0,0,1,15,0,0,0,0,0,0,0,0,0,0,0,0,0,,,0,0,0,0,0,0,0,0,0,0,0,0,,,,0,0,0,0,0,0,0,,0,0,0,0,,0,0,,0,0,0,0,0,0,0,0,0,0,0,0
00-0031834,L.Pinkard,Larry Pinkard,WR,WR,"https://static.www.nfl.com/image/private/f_auto,q_auto/league/jourdarlwzcekq2aixse",2017,REG,JAX,2,0,0,0,0,0,0,0,0,0,0,0,0,,,0,,0,0,0,0,0,0,0,0,0,0,,0,0,0,0,0,1,1,5,0,0,0,5,0,0,-0.251767793670297,0,0,0,0,0,1,0.00193423597678917,0.00121980970968529,0.00375522076196346,0,1,0,0,0,0,0,0,0,0,0,0,0,0,0,0,0,0,0,0,0,0,0,0,0,0,0,0,0,0,0,0,0,0,0,0,0,,,0,0,0,0,0,0,0,0,0,0,0,0,,,,0,0,0,0,0,0,0,,0,0,0,0,,0,0,,0,0,0,0,0,0,0,0,0,0,0.5,1.5
00-0031844,D.Everett,Deshazor Everett,DB,DB,"https://static.www.nfl.com/image/private/f_auto,q_auto/league/x9wxc1vtscwyyehml9dq",2017,REG,WAS,12,0,0,0,0,0,0,0,0,0,0,0,0,,,0,,0,0,0,0,0,0,0,0,0,0,,0,0,0,0,0,0,0,0,0,0,0,0,0,0,,0,0,0,0,0,,0,0,0,0,36,5,21,0,0,1,0,0,1,0,0,5,0,0,0,0,0,0,0,0,0,0,0,0,0,0,0,0,0,0,0,0,0,0,0,0,,,0,0,0,0,0,0,0,0,0,0,0,0,,,,0,0,0,0,0,0,0,,0,0,0,0,,0,0,,0,0,0,0,0,0,0,0,0,0,0,0
00-0031847,J.Keyes,Josh Keyes,LB,LB,"https://static.www.nfl.com/image/private/f_auto,q_auto/league/rrgd2o1x4cthj3sqdbvy",2017,REG,CLE,4,0,0,0,0,0,0,0,0,0,0,0,0,,,0,,0,0,0,0,0,0,0,0,0,0,,0,0,0,0,0,0,0,0,0,0,0,0,0,0,,0,0,0,0,0,,0,0,0,0,2,0,2,0,0,0,0,0,0,0,0,0,0,0,0,0,0,0,0,0,0,0,0,0,0,0,0,0,0,0,0,0,0,0,0,0,,,0,0,0,0,0,0,0,0,0,0,0,0,,,,0,0,0,0,0,0,0,,0,0,0,0,,0,0,,0,0,0,0,0,0,0,0,0,0,0,0
00-0031852,D.Andrews,David Andrews,C,OL,"https://static.www.nfl.com/image/private/f_auto,q_auto/league/wgk8dyj0opob0dgutfz6",2017,REG,NE,3,0,0,0,0,0,0,0,0,0,0,0,0,,,0,,0,0,0,0,0,0,0,0,0,0,,0,0,0,0,0,0,0,0,0,0,0,0,0,0,,0,0,0,0,0,,0,0,0,0,0,0,0,0,0,0,0,0,0,0,0,0,0,0,0,0,2,0,0,0,0,2,20,0,0,0,0,0,0,0,0,0,0,0,0,0,,,0,0,0,0,0,0,0,0,0,0,0,0,,,,0,0,0,0,0,0,0,,0,0,0,0,,0,0,,0,0,0,0,0,0,0,0,0,0,0,0
00-0031856,B.King,Brandon King,LB,LB,"https://static.www.nfl.com/image/private/f_auto,q_auto/league/xikcikwohuyr11a1slni",2017,REG,NE,7,0,0,0,0,0,0,0,0,0,0,0,0,,,0,,0,0,0,0,0,0,0,0,0,0,,0,0,0,0,0,0,0,0,0,0,0,0,0,0,,0,0,0,0,0,,0,0,0,0,6,0,2,0,0,0,0,0,0,0,0,0,0,0,1,0,0,0,0,0,0,1,15,0,0,0,0,0,0,0,0,0,0,0,0,0,,,0,0,0,0,0,0,0,0,0,0,0,0,,,,0,0,0,0,0,0,0,,0,0,0,0,,0,0,,0,0,0,0,0,0,0,0,0,0,0,0
00-0031866,J.Williams,Jordan Williams,LB,LB,"https://static.www.nfl.com/image/private/f_auto,q_auto/league/d1ohjdwvlnnkkqoxb5qq",2017,REG,NYG,1,0,0,0,0,0,0,0,0,0,0,0,0,,,0,,0,0,0,0,0,0,0,0,0,0,,0,0,0,0,0,0,0,0,0,0,0,0,0,0,,0,0,0,0,0,,0,0,0,0,1,0,1,0,0,0,0,0,0,0,0,0,0,0,0,0,0,0,0,0,0,0,0,0,0,0,0,0,0,0,0,0,0,0,0,0,,,0,0,0,0,0,0,0,0,0,0,0,0,,,,0,0,0,0,0,0,0,,0,0,0,0,,0,0,,0,0,0,0,0,0,0,0,0,0,0,0
00-0031868,D.Byrd,Damiere Byrd,WR,WR,"https://static.www.nfl.com/image/private/f_auto,q_auto/league/cskulleqxehtrgkqsl3u",2017,REG,CAR,8,0,0,0,0,0,0,0,0,0,0,0,0,,,0,,0,0,0,0,1,12,0,0,0,1,0.808565587620251,0,1,1,0,0,10,17,105,2,0,0,145,61,5,-0.786053941764836,0,4,2,2,0,0.724137931034483,0.0345528455284553,0.0341337099811676,0.0757228652795003,1,2,0,0,0,0,0,0,0,0,0,0,0,0,0,0,0,1,0,0,0,0,0,0,0,0,0,0,0,1,9,7,229,0,0,0,0,,,0,0,0,0,0,0,0,0,0,0,0,0,,,,0,0,0,0,0,0,0,,0,0,0,0,,0,0,,0,0,0,0,0,0,0,0,0,0,29.7,39.7
00-0031884,G.Holmes,Gabe Holmes,TE,TE,"https://static.www.nfl.com/image/private/f_auto,q_auto/league/xijxyhyndupwwmko56ke",2017,REG,ARI,1,0,0,0,0,0,0,0,0,0,0,0,0,,,0,,0,0,0,0,0,0,0,0,0,0,,0,0,0,0,0,0,1,0,0,0,0,15,0,0,-0.56882599106757,0,0,0,0,0,0,0.00168918918918919,0.00258308937489237,0.00434194634620844,0,0,0,0,0,0,0,0,0,0,0,0,0,0,0,0,0,0,0,0,0,0,0,0,0,0,0,0,0,0,0,0,0,0,0,0,0,,,0,0,0,0,0,0,0,0,0,0,0,0,,,,0,0,0,0,0,0,0,,0,0,0,0,,0,0,,0,0,0,0,0,0,0,0,0,0,0,0
00-0031893,J.Davis,Jesse Davis,G,OL,"https://static.www.nfl.com/image/private/f_auto,q_auto/league/ejoki0y64uknmm3lb1zf",2017,REG,MIA,1,0,0,0,0,0,0,0,0,0,0,0,0,,,0,,0,0,0,0,0,0,0,0,0,0,,0,0,0,0,0,0,0,0,0,0,0,0,0,0,,0,0,0,0,0,,0,0,0,0,0,0,0,0,0,0,0,0,0,0,0,0,0,0,0,0,0,0,0,0,0,2,15,0,0,0,0,0,0,0,0,0,0,0,0,0,,,0,0,0,0,0,0,0,0,0,0,0,0,,,,0,0,0,0,0,0,0,,0,0,0,0,,0,0,,0,0,0,0,0,0,0,0,0,0,0,0
00-0031897,T.Rawls,Thomas Rawls,RB,RB,"https://static.www.nfl.com/image/private/f_auto,q_auto/league/uxyelm5j4nm67gmnbih9",2017,REG,SEA,9,0,0,0,0,0,0,0,0,0,0,0,0,,,0,,0,0,0,0,58,157,0,1,1,6,-22.7389271089342,0,3,2,1,0,9,13,94,0,0,0,28,79,4,-1.57696339238002,0,4,2,1,0,3.35714285714286,0.0247148288973384,0.00514800514800515,0.0406758469496112,0,1,0,0,0,0,0,0,0,0,0,0,0,0,0,0,0,1,0,0,0,0,3,35,1,0,0,1,1,0,0,0,0,0,0,0,0,,,0,0,0,0,0,0,0,0,0,0,0,0,,,,0,0,0,0,0,0,0,,0,0,0,0,,0,0,,0,0,0,0,0,0,0,0,0,0,23.1,32.1
00-0031900,R.Smith,Rod Smith,RB,RB,"https://static.www.nfl.com/image/private/f_auto,q_auto/league/zmhmhduytwid1kjim5rp",2017,REG,DAL,13,0,0,0,0,0,0,0,0,0,0,0,0,,,0,,0,0,0,0,55,232,4,0,0,15,5.49679722008295,0,4,3,1,1,19,23,202,1,0,0,47,176,9,10.6519331232241,0,5,2,1,1,4.29787234042553,0.0474226804123711,0.0119198579761603,0.0794779212018689,0,5,0,0,0,0,0,0,0,0,0,0,0,0,0,0,0,0,0,0,0,0,1,10,0,0,0,0,0,0,0,1,20,0,0,0,0,,,0,0,0,0,0,0,0,0,0,0,0,0,,,,0,0,0,0,0,0,0,,0,0,0,0,,0,0,,0,0,0,0,0,0,0,0,0,0,73.4,92.4
00-0031902,J.Anderson,Jonathan Anderson,LB,LB,"https://static.www.nfl.com/image/private/f_auto,q_auto/league/ybrbiorilhxclyrwvb3v",2017,REG,CHI,7,0,0,0,0,0,0,0,0,0,0,0,0,,,0,,0,0,0,0,0,0,0,0,0,0,,0,0,0,0,0,0,0,0,0,0,0,0,0,0,,0,0,0,0,0,,0,0,0,0,9,0,1,0,0,0,0,0,0,0,0,0,0,0,0,0,0,0,0,0,0,1,8,0,0,0,0,0,0,0,0,0,0,0,0,0,,,0,0,0,0,0,0,0,0,0,0,0,0,,,,0,0,0,0,0,0,0,,0,0,0,0,,0,0,,0,0,0,0,0,0,0,0,0,0,0,0
00-0031904,B.Callahan,Bryce Callahan,CB,DB,"https://static.www.nfl.com/image/private/f_auto,q_auto/league/wrmvesdgdxl3pjhssgyh",2017,REG,CHI,12,0,0,0,0,0,0,0,0,0,0,0,0,,,0,,0,0,0,0,0,0,0,0,0,0,,0,0,0,0,0,0,0,0,0,0,0,0,0,0,,0,0,0,0,0,,0,0,0,1,20,0,5,1,1,1,1,12,1,2,73,6,0,0,0,0,0,0,0,0,0,2,48,0,0,0,0,0,1,59,0,0,0,0,0,0,,,0,0,0,0,0,0,0,0,0,0,0,0,,,,0,0,0,0,0,0,0,,0,0,0,0,,0,0,,0,0,0,0,0,0,0,0,0,0,6,6
00-0031911,R.Lovato,Rick Lovato,LS,SPEC,"https://static.www.nfl.com/image/upload/f_auto,q_auto/league/xbx0sf2o3zhorv6mbhl2",2017,REG,PHI,3,0,0,0,0,0,0,0,0,0,0,0,0,,,0,,0,0,0,0,0,0,0,0,0,0,,0,0,0,0,0,0,0,0,0,0,0,0,0,0,,0,0,0,0,0,,0,0,0,0,3,0,0,0,0,0,0,0,0,0,0,0,0,0,0,0,0,0,0,0,0,0,0,0,0,0,0,0,0,0,0,0,0,0,0,0,,,0,0,0,0,0,0,0,0,0,0,0,0,,,,0,0,0,0,0,0,0,,0,0,0,0,,0,0,,0,0,0,0,0,0,0,0,0,0,0,0
00-0031914,O.Pierre,Olsen Pierre,DT,DL,"https://static.www.nfl.com/image/private/f_auto,q_auto/league/a8ike4ix4y4rjm1qnz7f",2017,REG,ARI,13,0,0,0,0,0,0,0,0,0,0,0,0,,,0,,0,0,0,0,0,0,0,0,0,0,,0,0,0,0,0,0,0,0,0,0,0,0,0,0,,0,0,0,0,0,,0,0,0,0,20,1,8,9,67,1,5.5,57,9,0,0,2,0,0,0,0,0,0,0,0,0,1,5,0,0,0,0,0,0,0,0,0,0,0,0,0,,,0,0,0,0,0,0,0,0,0,0,0,0,,,,0,0,0,0,0,0,0,,0,0,0,0,,0,0,,0,0,0,0,0,0,0,0,0,0,0,0
00-0031915,J.Timu,John Timu,ILB,LB,"https://static.www.nfl.com/image/private/f_auto,q_auto/league/iglh93npg5miisj542tw",2017,REG,CHI,8,0,0,0,0,0,0,0,0,0,0,0,0,,,0,,0,0,0,0,0,0,0,0,0,0,,0,0,0,0,0,0,0,0,0,0,0,0,0,0,,0,0,0,0,0,,0,0,0,0,11,1,4,2,6,0,0,0,0,0,0,1,0,0,0,0,0,0,0,0,0,2,20,0,0,0,0,0,0,0,0,0,0,0,0,0,,,0,0,0,0,0,0,0,0,0,0,0,0,,,,0,0,0,0,0,0,0,,0,0,0,0,,0,0,,0,0,0,0,0,0,0,0,0,0,0,0
00-0031919,K.Drummond,Kurtis Drummond,FS,DB,"https://static.www.nfl.com/image/private/f_auto,q_auto/league/swgu6do34otjhsxqadny",2017,REG,HOU,10,0,0,0,0,0,0,0,0,0,0,0,0,,,0,,0,0,0,0,0,0,0,0,0,0,,0,0,0,0,0,0,0,0,0,0,0,0,0,0,,0,0,0,0,0,,0,0,0,0,15,1,4,1,9,0,1,9,1,0,0,0,0,0,0,0,0,0,0,0,0,1,5,0,0,0,0,0,0,0,0,0,0,0,0,0,,,0,0,0,0,0,0,0,0,0,0,0,0,,,,0,0,0,0,0,0,0,,0,0,0,0,,0,0,,0,0,0,0,0,0,0,0,0,0,0,0
00-0031928,C.Slade,Chad Slade,G,OL,"https://static.www.nfl.com/image/private/f_auto,q_auto/league/khzzxggjjwnbswzb0z1v",2017,REG,HOU,1,0,0,0,0,0,0,0,0,0,0,0,0,,,0,,0,0,0,0,0,0,0,0,0,0,,0,0,0,0,0,0,0,0,0,0,0,0,0,0,,0,0,0,0,0,,0,0,0,0,1,0,0,0,0,0,0,0,0,0,0,0,0,0,0,0,0,0,0,0,0,0,0,0,0,0,0,0,0,0,0,0,0,0,0,0,,,0,0,0,0,0,0,0,0,0,0,0,0,,,,0,0,0,0,0,0,0,,0,0,0,0,,0,0,,0,0,0,0,0,0,0,0,0,0,0,0
00-0031929,C.Thompson,Carlos Thompson,LB,LB,"https://static.www.nfl.com/image/private/f_auto,q_auto/league/noo6th7yihe6llxgsna2",2017,REG,LA,3,0,0,0,0,0,0,0,0,0,0,0,0,,,0,,0,0,0,0,0,0,0,0,0,0,,0,0,0,0,0,0,0,0,0,0,0,0,0,0,,0,0,0,0,0,,0,0,0,0,3,1,1,1,2,0,0,0,0,0,0,0,0,0,0,0,0,0,0,0,0,0,0,0,0,0,0,0,0,0,0,0,0,0,0,0,,,0,0,0,0,0,0,0,0,0,0,0,0,,,,0,0,0,0,0,0,0,,0,0,0,0,,0,0,,0,0,0,0,0,0,0,0,0,0,0,0
00-0031933,L.Williams,Leonard Williams,DE,DL,"https://static.www.nfl.com/image/upload/f_auto,q_auto/league/jhaogtinjeyrwbjsvbl4",2017,REG,NYJ,16,0,0,0,0,0,0,0,0,0,0,0,0,,,0,,0,0,0,0,0,0,0,0,0,0,,0,0,0,0,0,0,0,0,0,0,0,0,0,0,,0,0,0,0,0,,0,0,0,0,20,2,25,3,8,0,2,12,25,1,6,1,0,0,0,0,0,0,0,0,0,2,10,0,0,0,0,0,0,0,0,0,0,0,0,0,,,0,0,0,0,0,0,0,0,0,0,0,0,,,,0,0,0,0,0,0,0,,0,0,0,0,,0,0,,0,0,0,0,0,0,0,0,0,0,0,0
00-0031935,P.Smith,Preston Smith,DE,DL,"https://static.www.nfl.com/image/upload/f_auto,q_auto/league/etcwpdjr7xtc4gubw8gf",2017,REG,WAS,14,0,0,0,0,0,0,0,0,0,0,0,0,,,0,,0,0,0,0,0,0,0,0,0,0,,0,0,0,0,0,0,0,0,0,0,0,0,0,0,,0,0,0,0,0,,0,0,0,0,28,3,11,10,48,1,8,40.5,21,2,26,3,0,0,0,0,0,0,1,12,0,3,20,0,0,0,0,0,0,0,0,0,0,0,0,0,,,0,0,0,0,0,0,0,0,0,0,0,0,,,,0,0,0,0,0,0,0,,0,0,0,0,,0,0,,0,0,0,0,0,0,0,0,0,0,0,0
00-0031936,M.Morse,Mitch Morse,C,OL,"https://static.www.nfl.com/image/upload/f_auto,q_auto/league/rlmszp2z31nrt5zoew30",2017,REG,KC,2,0,0,0,0,0,0,0,0,0,0,0,0,,,0,,0,0,0,0,0,0,0,0,0,0,,0,0,0,0,0,0,0,0,0,0,0,0,0,0,,0,0,0,0,0,,0,0,0,0,1,0,0,0,0,0,0,0,0,0,0,0,0,0,0,0,0,0,0,0,0,1,5,0,0,0,0,0,0,0,0,0,0,0,0,0,,,0,0,0,0,0,0,0,0,0,0,0,0,,,,0,0,0,0,0,0,0,,0,0,0,0,,0,0,,0,0,0,0,0,0,0,0,0,0,0,0
00-0031937,Q.Rollins,Quinten Rollins,CB,DB,"https://static.www.nfl.com/image/private/f_auto,q_auto/league/iyrmwgwjx9lnzii0tuqh",2017,REG,GB,6,0,0,0,0,0,0,0,0,0,0,0,0,,,0,,0,0,0,0,0,0,0,0,0,0,,0,0,0,0,0,0,0,0,0,0,0,0,0,0,,0,0,0,0,0,,0,0,0,0,8,1,10,1,1,0,0,0,0,0,0,2,0,0,0,0,0,0,2,0,0,1,5,0,0,0,0,0,0,0,0,0,0,0,0,0,,,0,0,0,0,0,0,0,0,0,0,0,0,,,,0,0,0,0,0,0,0,,0,0,0,0,,0,0,,0,0,0,0,0,0,0,0,0,0,0,0
00-0031938,C.Davis,Carl Davis,DT,DL,"https://static.www.nfl.com/image/upload/f_auto,q_auto/league/ozc21yaswwzhzdbcz0fm",2017,REG,BAL,11,0,0,0,0,0,0,0,0,0,0,0,0,,,0,,0,0,0,0,0,0,0,0,0,0,,0,0,0,0,0,0,0,0,0,0,0,0,0,0,,0,0,0,0,0,,0,0,0,0,12,0,7,2,3,0,0.5,7,1,0,0,1,0,0,0,0,0,0,0,0,0,2,10,0,0,0,0,0,0,0,0,0,0,0,0,0,,,0,0,0,0,0,0,0,0,0,0,0,0,,,,0,0,0,0,0,0,0,,0,0,0,0,,0,0,,0,0,0,0,0,0,0,0,0,0,0,0
00-0031939,M.Jones,Matt Jones,RB,RB,"https://static.www.nfl.com/image/private/f_auto,q_auto/league/eektuvevqtzbqstzx3pv",2017,REG,IND,2,0,0,0,0,0,0,0,0,0,0,0,0,,,0,,0,0,0,0,5,14,0,0,0,1,-0.928883012384176,0,0,0,0,0,0,0,0,0,0,0,0,0,0,,0,0,0,0,0,,0,0,0,0,0,0,0,0,0,0,0,0,0,0,0,0,0,0,0,0,0,0,0,0,0,0,0,0,0,0,0,0,0,0,0,0,0,0,0,0,,,0,0,0,0,0,0,0,0,0,0,0,0,,,,0,0,0,0,0,0,0,,0,0,0,0,,0,0,,0,0,0,0,0,0,0,0,0,0,1.4,1.4
00-0031940,G.Grissom,Geneo Grissom,DE,DL,"https://static.www.nfl.com/image/private/f_auto,q_auto/league/yzyfeydrxz6upvz8dsvk",2017,REG,NE,2,0,0,0,0,0,0,0,0,0,0,0,0,,,0,,0,0,0,0,0,0,0,0,0,0,,0,0,0,0,0,0,0,0,0,0,0,0,0,0,,0,0,0,0,0,,0,0,0,0,2,0,0,1,9,0,0,0,0,0,0,0,0,0,0,0,0,0,0,0,0,0,0,0,0,0,0,0,0,0,0,0,0,0,0,0,,,0,0,0,0,0,0,0,0,0,0,0,0,,,,0,0,0,0,0,0,0,,0,0,0,0,,0,0,,0,0,0,0,0,0,0,0,0,0,0,0
00-0031941,J.Crowder,Jamison Crowder,WR,WR,"https://static.www.nfl.com/image/upload/f_auto,q_auto/league/rfysbrjrvfdr72cx8who",2017,REG,WAS,15,0,0,0,0,0,0,0,0,0,0,0,0,,,0,,0,0,0,0,7,34,0,0,0,1,0.296061115106568,0,1,0,0,0,66,103,789,3,1,0,723,370,37,-4.75134421595579,0,32,17,12,1,1.09128630705394,0.192883895131086,0.174091018540814,0.411189555675199,0,1,0,0,0,0,0,0,0,0,0,0,0,0,5,0,0,1,0,0,0,0,0,0,2,4,0,6,3,27,171,0,0,0,0,0,0,,,0,0,0,0,0,0,0,0,0,0,0,0,,,,0,0,0,0,0,0,0,,0,0,0,0,,0,0,,0,0,0,0,0,0,0,0,0,0,100.3,166.3
00-0031942,A.Kouandjio,Arie Kouandjio,G,OL,"https://static.www.nfl.com/image/private/f_auto,q_auto/league/kne3ws6o6ba3riqpsdfa",2017,REG,WAS,6,0,0,0,0,0,0,0,0,0,0,0,0,,,0,,0,0,0,0,0,0,0,0,0,0,,0,0,0,0,0,0,0,0,0,0,0,0,0,0,,0,0,0,0,0,,0,0,0,0,3,0,0,0,0,0,0,0,0,0,0,0,0,0,0,0,0,0,0,0,0,4,34,0,0,0,0,0,0,0,0,0,0,0,0,0,,,0,0,0,0,0,0,0,0,0,0,0,0,,,,0,0,0,0,0,0,0,,0,0,0,0,,0,0,,0,0,0,0,0,0,0,0,0,0,0,0
00-0031943,R.Wilson,Ramik Wilson,ILB,LB,"https://static.www.nfl.com/image/private/f_auto,q_auto/league/ulfikepsrjeipzyhgq6u",2017,REG,KC,4,0,0,0,0,0,0,0,0,0,0,0,0,,,0,,0,0,0,0,0,0,0,0,0,0,,0,0,0,0,0,0,0,0,0,0,0,0,0,0,,0,0,0,0,0,,0,0,0,0,13,1,2,2,6,0,0,0,0,0,0,0,0,0,0,0,0,0,1,11,1,0,0,0,0,0,0,0,0,0,0,0,0,0,0,0,,,0,0,0,0,0,0,0,0,0,0,0,0,,,,0,0,0,0,0,0,0,,0,0,0,0,,0,0,,0,0,0,0,0,0,0,0,0,0,0,0
00-0031945,M.Spaight,Martrell Spaight,LB,LB,"https://static.www.nfl.com/image/private/f_auto,q_auto/league/erdphlvqhztufqyhhqfd",2017,REG,WAS,14,0,0,0,0,0,0,0,0,0,0,0,0,,,0,,0,0,0,0,0,0,0,0,0,0,,0,0,0,0,0,0,0,0,0,0,0,0,0,0,,0,0,0,0,0,,0,0,0,0,32,13,30,4,12,0,0,0,1,0,0,2,0,0,0,0,0,0,1,0,0,1,10,0,0,0,0,0,0,0,0,0,0,0,0,0,,,0,0,0,0,0,0,0,0,0,0,0,0,,,,0,0,0,0,0,0,0,,0,0,0,0,,0,0,,0,0,0,0,0,0,0,0,0,0,0,0
00-0031947,T.Davison,Tyeler Davison,DT,DL,"https://static.www.nfl.com/image/private/f_auto,q_auto/league/sayuipn5ul8bvjr4rc1y",2017,REG,NO,15,0,0,0,0,0,0,0,0,0,0,0,0,,,0,,0,0,0,0,0,0,0,0,0,0,,0,0,0,0,0,0,0,0,0,0,0,0,0,0,,0,0,0,0,0,,0,0,0,0,21,1,9,3,12,2,0,0,2,0,0,1,0,0,0,0,0,0,0,0,0,2,10,0,0,0,0,0,0,0,0,0,0,0,0,0,,,0,0,0,0,0,0,0,0,0,0,0,0,,,,0,0,0,0,0,0,0,,0,0,0,0,,0,0,,0,0,0,0,0,0,0,0,0,0,0,0
00-0031948,R.Russell,Ryan Russell,DE,DL,"https://static.www.nfl.com/image/private/f_auto,q_auto/league/usvssbagu3mhrhoeargs",2017,REG,TB,13,0,0,0,0,0,0,0,0,0,0,0,0,,,0,,0,0,0,0,0,0,0,0,0,0,,0,0,0,0,0,0,0,0,0,0,0,0,0,0,,0,0,0,0,0,,0,0,0,0,12,1,4,2,15,0,2,15,5,0,0,0,0,0,0,0,0,0,0,0,0,2,20,0,0,0,0,0,0,0,0,0,0,0,0,0,,,0,0,0,0,0,0,0,0,0,0,0,0,,,,0,0,0,0,0,0,0,,0,0,0,0,,0,0,,0,0,0,0,0,0,0,0,0,0,0,0
00-0031950,D.Alexander,D.J. Alexander,LB,LB,"https://static.www.nfl.com/image/private/f_auto,q_auto/league/ku1nc2wzlakqsdpzmecz",2017,REG,SEA,7,0,0,0,0,0,0,0,0,0,0,0,0,,,0,,0,0,0,0,0,0,0,0,0,0,,0,0,0,0,0,0,0,0,0,0,0,0,0,0,,0,0,0,0,0,,0,0,0,0,9,0,1,1,3,0,0,0,0,0,0,0,0,0,0,0,0,0,0,0,0,1,5,0,0,0,0,0,0,0,0,0,0,0,0,0,,,0,0,0,0,0,0,0,0,0,0,0,0,,,,0,0,0,0,0,0,0,,0,0,0,0,,0,0,,0,0,0,0,0,0,0,0,0,0,0,0
00-0031951,J.O'Shaughnessy,James O'Shaughnessy,TE,TE,"https://static.www.nfl.com/image/private/f_auto,q_auto/league/sz5g57zhnshipkpw39sz",2017,REG,JAX,16,0,0,0,0,0,0,0,0,0,0,0,0,,,0,,0,0,0,0,0,0,0,0,0,0,,0,0,0,0,0,14,24,149,1,0,0,134,91,9,6.87319542524209,0,7,2,1,0,1.11194029850746,0.04642166344294,0.0326909002195658,0.0925161253181061,0,3,0,2,0,0,0,0,0,0,0,0,0,0,0,0,0,0,0,0,0,0,3,20,0,0,0,0,0,0,0,0,0,0,0,0,0,,,0,0,0,0,0,0,0,0,0,0,0,0,,,,0,0,0,0,0,0,0,,0,0,0,0,,0,0,,0,0,0,0,0,0,0,0,0,0,20.9,34.9
00-0031956,A.Chickillo,Anthony Chickillo,LB,LB,"https://static.www.nfl.com/image/private/f_auto,q_auto/league/nkrec1iu8q7crtwupapo",2017,REG,PIT,9,0,0,0,0,0,0,0,0,0,0,0,0,,,0,,0,0,0,0,0,0,0,0,0,0,,0,0,0,0,0,0,0,0,0,0,0,0,0,0,,0,0,0,0,0,,0,0,0,1,12,1,6,2,17,0,3,25,3,0,0,1,0,0,0,0,0,0,0,0,0,1,10,0,0,0,0,0,0,0,0,0,0,0,0,0,,,0,0,0,0,0,0,0,0,0,0,0,0,,,,0,0,0,0,0,0,0,,0,0,0,0,,0,0,,0,0,0,0,0,0,0,0,0,0,6,6
00-0031957,R.Nunez-Roches,Rakeem Nunez-Roches,DT,DL,"https://static.www.nfl.com/image/upload/f_auto,q_auto/league/iugbhtbumlnt3nb8wqmi",2017,REG,KC,12,0,0,0,0,0,0,0,0,0,0,0,0,,,0,,0,0,0,0,0,0,0,0,0,0,,0,0,0,0,0,0,0,0,0,0,0,0,0,0,,0,0,0,0,0,,0,0,0,0,12,1,11,0,0,0,0.5,0.5,2,0,0,0,0,0,0,0,0,0,0,0,0,0,0,0,0,0,0,0,0,0,0,0,0,0,0,0,,,0,0,0,0,0,0,0,0,0,0,0,0,,,,0,0,0,0,0,0,0,,0,0,0,0,,0,0,,0,0,0,0,0,0,0,0,0,0,0,0
00-0031959,M.Murphy,Marcus Murphy,RB,RB,"https://static.www.nfl.com/image/private/f_auto,q_auto/league/y9j91g8089mu9tjj0zis",2017,REG,BUF,1,0,0,0,0,0,0,0,0,0,0,0,0,,,0,,0,0,0,0,7,41,0,0,0,2,-1.22952412157085,0,1,1,1,0,2,2,7,0,0,0,-3,10,1,0.85328808077611,0,0,0,0,0,-2.33333333333333,0.00427350427350427,-0.000726920281075842,0.00590141221350332,0,0,0,0,0,0,0,0,0,0,0,0,0,0,0,0,0,0,0,0,0,0,0,0,0,0,0,0,0,0,0,1,18,0,0,0,0,,,0,0,0,0,0,0,0,0,0,0,0,0,,,,0,0,0,0,0,0,0,,0,0,0,0,,0,0,,0,0,0,0,0,0,0,0,0,0,4.8,6.8
00-0031961,M.Nzeocha,Mark Nzeocha,OLB,LB,"https://static.www.nfl.com/image/private/f_auto,q_auto/league/k9wr94l5ed8rqumvqlsx",2017,REG,SF,3,0,0,0,0,0,0,0,0,0,0,0,0,,,0,,0,0,0,0,0,0,0,0,0,0,,0,0,0,0,0,0,0,0,0,0,0,0,0,0,,0,0,0,0,0,,0,0,0,0,2,0,1,0,0,0,0,0,0,0,0,0,0,0,0,0,0,0,0,0,0,0,0,0,0,0,0,0,0,0,0,0,0,0,0,0,,,0,0,0,0,0,0,0,0,0,0,0,0,,,,0,0,0,0,0,0,0,,0,0,0,0,,0,0,,0,0,0,0,0,0,0,0,0,0,0,0
00-0031981,R.Ash,Richard Ash,DT,DL,"https://static.www.nfl.com/image/private/f_auto,q_auto/league/mpbcnakbx8z2iom2kqi2",2017,REG,DAL,9,0,0,0,0,0,0,0,0,0,0,0,0,,,0,,0,0,0,0,0,0,0,0,0,0,,0,0,0,0,0,0,0,0,0,0,0,0,0,0,,0,0,0,0,0,,0,0,0,0,9,3,3,2,5,0,0,0,2,0,0,1,0,0,0,0,0,0,0,0,0,2,8,0,0,0,0,0,0,0,0,0,0,0,0,0,,,0,0,0,0,0,0,0,0,0,0,0,0,,,,0,0,0,0,0,0,0,,0,0,0,0,,0,0,,0,0,0,0,0,0,0,0,0,0,0,0
00-0031982,N.Capi,Cap Capi,DE,DL,"https://static.www.nfl.com/image/private/f_auto,q_auto/league/anwmpuvwlksgljdk2zlz",2017,REG,BUF,7,0,0,0,0,0,0,0,0,0,0,0,0,,,0,,0,0,0,0,0,0,0,0,0,0,,0,0,0,0,0,0,0,0,0,0,0,0,0,0,,0,0,0,0,0,,0,0,0,0,5,0,2,0,0,1,1,15,0,0,0,0,0,0,0,0,0,0,0,0,0,1,4,0,0,0,0,0,0,0,0,0,0,0,0,0,,,0,0,0,0,0,0,0,0,0,0,0,0,,,,0,0,0,0,0,0,0,,0,0,0,0,,0,0,,0,0,0,0,0,0,0,0,0,0,0,0
00-0031997,D.Irving,David Irving,DT,DL,"https://static.www.nfl.com/image/private/f_auto,q_auto/league/vrffo4mhtgevuxrrvqfl",2017,REG,DAL,7,0,0,0,0,0,0,0,0,0,0,0,0,,,0,,0,0,0,0,0,0,0,0,0,0,,0,0,0,0,0,0,0,0,0,0,0,0,0,0,,0,0,0,0,0,,0,0,0,0,13,0,9,9,56,1,7,51,10,0,0,6,0,0,0,0,0,0,0,0,0,0,0,0,0,0,0,0,0,0,0,0,0,0,0,0,,,0,0,0,0,0,0,0,0,0,0,0,0,,,,0,0,0,0,0,0,0,,0,0,0,0,,0,0,,0,0,0,0,0,0,0,0,0,0,0,0
00-0031999,J.March-Lillard,Justin March,LB,LB,"https://static.www.nfl.com/image/private/f_auto,q_auto/league/ehtufppr4o2lkgwgkn0d",2017,REG,DAL,3,0,0,0,0,0,0,0,0,0,0,0,0,,,0,,0,0,0,0,0,0,0,0,0,0,,0,0,0,0,0,0,0,0,0,0,0,0,0,0,,0,0,0,0,0,,0,0,0,0,1,1,1,0,0,0,0,0,0,0,0,0,0,0,0,0,0,0,0,0,0,0,0,0,0,0,0,0,0,0,0,0,0,0,0,0,,,0,0,0,0,0,0,0,0,0,0,0,0,,,,0,0,0,0,0,0,0,,0,0,0,0,,0,0,,0,0,0,0,0,0,0,0,0,0,0,0
00-0032004,W.Tye,Will Tye,TE,TE,"https://static.www.nfl.com/image/private/f_auto,q_auto/league/dv5nojtrswp6cprkwn2y",2017,REG,NYJ,2,0,0,0,0,0,0,0,0,0,0,0,0,,,0,,0,0,0,0,0,0,0,0,0,0,,0,0,0,0,0,4,6,38,0,0,0,20,19,1,0.520239775835439,0,1,1,1,0,1.9,0.0120967741935484,0.00507485409794468,0.0216975591588839,0,0,0,0,0,0,0,0,0,0,0,0,0,0,0,0,0,0,0,0,0,0,0,0,0,0,0,0,0,0,0,0,0,0,0,0,0,,,0,0,0,0,0,0,0,0,0,0,0,0,,,,0,0,0,0,0,0,0,,0,0,0,0,,0,0,,0,0,0,0,0,0,0,0,0,0,3.8,7.8
00-0032007,Q.Dunbar,Quinton Dunbar,CB,DB,"https://static.www.nfl.com/image/private/f_auto,q_auto/league/syoxopqwwddt4lmwjqc5",2017,REG,WAS,12,0,0,0,0,0,0,0,0,0,0,0,0,,,0,,0,0,0,0,0,0,0,0,0,0,,0,0,0,0,0,0,0,0,0,0,0,0,0,0,,0,0,0,0,0,,0,0,0,0,27,3,5,1,4,0,0,0,0,1,0,8,0,0,0,0,0,0,0,0,0,3,26,0,0,0,0,0,0,0,0,0,0,0,0,0,,,0,0,0,0,0,0,0,0,0,0,0,0,,,,0,0,0,0,0,0,0,,0,0,0,0,,0,0,,0,0,0,0,0,0,0,0,0,0,0,0
00-0032009,A.Humphries,Adam Humphries,WR,WR,"https://static.www.nfl.com/image/private/f_auto,q_auto/league/l56ywjejfpraigzs4qia",2017,REG,TB,16,0,0,0,0,0,0,0,0,0,0,0,0,,,0,,0,0,0,0,1,6,0,0,0,1,0.528460904955864,0,0,0,0,0,61,83,631,1,1,1,543,307,34,28.4731229124882,0,25,9,5,1,1.16206261510129,0.139261744966443,0.0879779650032404,0.270477192951933,0,5,0,0,0,0,1,0,0,0,0,0,0,0,0,0,0,0,0,0,0,0,0,0,1,0,0,1,1,6,49,0,0,0,0,0,0,,,0,0,0,0,0,0,0,0,0,0,0,0,,,,0,0,0,0,0,0,0,,0,0,0,0,,0,0,,0,0,0,0,0,0,0,0,0,0,67.7,128.7
00-0032042,C.Riley,Curtis Riley,FS,DB,"https://static.www.nfl.com/image/private/f_auto,q_auto/league/z5kqrn9uz8fjkaykk3xt",2017,REG,TEN,6,0,0,0,0,0,0,0,0,0,0,0,0,,,0,,0,0,0,0,0,0,0,0,0,0,,0,0,0,0,0,0,0,0,0,0,0,0,0,0,,0,0,0,0,0,,0,0,0,0,8,0,4,0,0,0,0,0,0,1,2,2,0,0,0,0,0,0,0,0,0,0,0,0,0,0,0,0,0,0,0,0,0,0,0,0,,,0,0,0,0,0,0,0,0,0,0,0,0,,,,0,0,0,0,0,0,0,,0,0,0,0,,0,0,,0,0,0,0,0,0,0,0,0,0,0,0
00-0032043,Q.Spain,Quinton Spain,G,OL,"https://static.www.nfl.com/image/private/f_auto,q_auto/league/mvclppna34mfpbvttdke",2017,REG,TEN,3,0,0,0,0,0,0,0,0,0,0,0,0,,,0,,0,0,0,0,0,0,0,0,0,0,,0,0,0,0,0,0,0,0,0,0,0,0,0,0,,0,0,0,0,0,,0,0,0,0,1,0,0,0,0,0,0,0,0,0,0,0,0,0,0,0,0,0,0,0,0,3,23,0,0,0,0,0,0,0,0,0,0,0,0,0,,,0,0,0,0,0,0,0,0,0,0,0,0,,,,0,0,0,0,0,0,0,,0,0,0,0,,0,0,,0,0,0,0,0,0,0,0,0,0,0,0
00-0032048,M.Brown,Mack Brown,RB,RB,"https://static.www.nfl.com/image/private/f_auto,q_auto/league/fjzfchsmhpgl1uqiknek",2017,REG,MIN,3,0,0,0,0,0,0,0,0,0,0,0,0,,,0,,0,0,0,0,8,29,0,0,0,1,-4.29966645990498,0,1,0,0,0,1,1,11,0,0,0,2,9,1,0.676849025418051,0,1,0,0,0,5.5,0.00187265917602996,0.000481579581025765,0.00314609447076298,0,0,0,0,0,0,0,0,0,0,0,0,0,0,0,0,0,0,0,0,0,0,0,0,0,0,0,0,0,0,0,1,17,0,0,0,0,,,0,0,0,0,0,0,0,0,0,0,0,0,,,,0,0,0,0,0,0,0,,0,0,0,0,,0,0,,0,0,0,0,0,0,0,0,0,0,4,5
00-0032050,C.Moore,Corey Moore,DB,DB,"https://static.www.nfl.com/image/private/f_auto,q_auto/league/rtpdzarniwu6x4viobef",2017,REG,HOU,11,0,0,0,0,0,0,0,0,0,0,0,0,,,0,,0,0,0,0,0,0,0,0,0,0,,0,0,0,0,0,0,0,0,0,0,0,0,0,0,,0,0,0,0,0,,0,0,0,0,20,0,7,1,2,0,0,0,0,0,0,1,0,0,0,0,0,0,0,0,0,1,10,0,0,0,0,0,0,0,0,0,0,0,0,0,,,0,0,0,0,0,0,0,0,0,0,0,0,,,,0,0,0,0,0,0,0,,0,0,0,0,,0,0,,0,0,0,0,0,0,0,0,0,0,0,0
00-0032052,D.Fowler,Dante Fowler Jr.,DE,DL,"https://static.www.nfl.com/image/upload/f_auto,q_auto/league/tuvfudn3repds06zb5hi",2017,REG,JAX,12,0,0,0,0,0,0,0,0,0,0,0,0,,,0,,0,0,0,0,0,0,0,0,0,0,,0,0,0,0,0,0,0,0,0,0,0,0,0,0,,0,0,0,0,0,,0,0,0,0,17,0,3,7,38,2,8,49,10,0,0,0,0,0,0,0,0,0,2,53,1,7,43,0,0,0,0,0,0,0,0,0,0,0,0,0,,,0,0,0,0,0,0,0,0,0,0,0,0,,,,0,0,0,0,0,0,0,,0,0,0,0,,0,0,,0,0,0,0,0,0,0,0,0,0,0,0
00-0032053,B.Scherff,Brandon Scherff,G,OL,"https://static.www.nfl.com/image/private/f_auto,q_auto/league/anatrup32nwke2whu7vo",2017,REG,WAS,2,0,0,0,0,0,0,0,0,0,0,0,0,,,0,,0,0,0,0,0,0,0,0,0,0,,0,0,0,0,0,0,0,0,0,0,0,0,0,0,,0,0,0,0,0,,0,0,0,0,1,0,0,0,0,0,0,0,0,0,0,0,0,0,0,0,0,0,0,0,0,1,15,0,0,0,0,0,0,0,0,0,0,0,0,0,,,0,0,0,0,0,0,0,0,0,0,0,0,,,,0,0,0,0,0,0,0,,0,0,0,0,,0,0,,0,0,0,0,0,0,0,0,0,0,0,0
00-0032054,B.Perriman,Breshad Perriman,WR,WR,"https://static.www.nfl.com/image/private/f_auto,q_auto/league/zpwov1n42bi5lsqdlxhh",2017,REG,BAL,11,0,0,0,0,0,0,0,0,0,0,0,0,,,0,,0,0,0,0,0,0,0,0,0,0,,0,0,0,0,0,10,35,77,0,0,0,491,5,3,-21.8757536630346,0,2,0,0,0,0.156822810590631,0.0623885918003565,0.127798021863613,0.183041503005064,0,0,0,0,0,0,0,0,0,0,0,0,0,0,0,0,0,0,0,0,0,0,0,0,0,0,0,0,0,0,0,0,0,0,0,0,0,,,0,0,0,0,0,0,0,0,0,0,0,0,,,,0,0,0,0,0,0,0,,0,0,0,0,,0,0,,0,0,0,0,0,0,0,0,0,0,7.7,17.7
00-0032055,D.Funchess,Devin Funchess,WR,WR,"https://static.www.nfl.com/image/private/f_auto,q_auto/league/j0q0lmao9tg0rbviax6z",2017,REG,CAR,16,0,0,0,0,0,0,0,0,0,0,0,0,,,0,,0,0,0,0,0,0,0,0,0,0,,0,0,0,0,0,63,111,840,8,0,0,1442,296,40,33.0943767818715,0,36,23,15,1,0.58252427184466,0.225609756097561,0.339453860640301,0.576032336594552,0,1,0,0,0,0,0,0,0,0,0,0,0,0,0,0,0,0,0,0,0,0,2,13,0,0,0,0,0,0,0,0,0,0,0,0,0,,,0,0,0,0,0,0,0,0,0,0,0,0,,,,0,0,0,0,0,0,0,,0,0,0,0,,0,0,,0,0,0,0,0,0,0,0,0,0,132,195
00-0032056,H.Kikaha,Hau'oli Kikaha,OLB,LB,"https://static.www.nfl.com/image/private/f_auto,q_auto/league/ukvnwbo9dwpmerj3r7eu",2017,REG,NO,6,0,0,0,0,0,0,0,0,0,0,0,0,,,0,,0,0,0,0,0,0,0,0,0,0,,0,0,0,0,0,0,0,0,0,0,0,0,0,0,,0,0,0,0,0,,0,0,0,0,6,0,4,4,24,0,4,24,4,0,0,1,0,0,0,0,0,0,0,0,0,0,0,0,0,0,0,0,0,0,0,0,0,0,0,0,,,0,0,0,0,0,0,0,0,0,0,0,0,,,,0,0,0,0,0,0,0,,0,0,0,0,,0,0,,0,0,0,0,0,0,0,0,0,0,0,0
00-0032057,J.Tartt,Jaquiski Tartt,S,DB,"https://static.www.nfl.com/image/private/f_auto,q_auto/league/kvy8moe4ay9wtxp7typ7",2017,REG,SF,9,0,0,0,0,0,0,0,0,0,0,0,0,,,0,,0,0,0,0,0,0,0,0,0,0,,0,0,0,0,0,0,0,0,0,0,0,0,0,0,,0,0,0,0,0,,0,0,0,0,36,2,17,3,5,0,0.5,3,2,1,37,3,0,0,0,0,0,0,0,0,0,1,15,0,0,0,0,0,0,0,0,0,0,0,0,0,,,0,0,0,0,0,0,0,0,0,0,0,0,,,,0,0,0,0,0,0,0,,0,0,0,0,,0,0,,0,0,0,0,0,0,0,0,0,0,0,0
00-0032058,T.Coleman,Tevin Coleman,RB,RB,"https://static.www.nfl.com/image/private/f_auto,q_auto/league/wiu4r7bvhcafs9vamqc",2017,REG,ATL,15,0,0,0,0,0,0,0,0,0,0,0,0,,,0,,0,0,0,0,156,628,5,1,0,27,-18.6409663669943,0,14,13,6,1,27,39,299,3,0,0,175,218,13,11.7008423495841,0,15,5,4,0,1.70857142857143,0.0754352030947776,0.0366876310272537,0.138834146361244,0,1,0,0,0,0,0,0,0,0,0,0,0,0,0,0,0,0,0,0,0,0,0,0,1,0,0,1,0,0,0,0,0,0,0,0,0,,,0,0,0,0,0,0,0,0,0,0,0,0,,,,0,0,0,0,0,0,0,,0,0,0,0,,0,0,,0,0,0,0,0,0,0,0,0,0,140.7,167.7
00-0032059,P.Williams,P.J. Williams,S,DB,"https://static.www.nfl.com/image/private/f_auto,q_auto/league/owfturrb6icqusmtrncf",2017,REG,NO,13,0,0,0,0,0,0,0,0,0,0,0,0,,,0,,0,0,0,0,0,0,0,0,0,0,,0,0,0,0,0,0,0,0,0,0,0,0,0,0,,0,0,0,0,0,,0,0,0,0,34,0,13,1,2,0,0,0,0,2,7,9,0,0,0,0,0,0,0,0,0,5,102,0,0,0,0,0,0,0,0,0,0,0,0,0,,,0,0,0,0,0,0,0,0,0,0,0,0,,,,0,0,0,0,0,0,0,,0,0,0,0,,0,0,,0,0,0,0,0,0,0,0,0,0,0,0
00-0032060,E.Harold,Eli Harold,LB,LB,"https://static.www.nfl.com/image/private/f_auto,q_auto/league/zcidw2i77xub1zi48xoc",2017,REG,SF,15,0,0,0,0,0,0,0,0,0,0,0,0,,,0,,0,0,0,0,0,0,0,0,0,0,,0,0,0,0,0,0,0,0,0,0,0,0,0,0,,0,0,0,0,0,,0,0,0,0,24,2,8,4,21,0,2,14,4,0,0,0,0,0,0,0,0,0,0,0,0,2,25,0,0,0,0,0,0,0,0,0,0,0,0,0,,,0,0,0,0,0,0,0,0,0,0,0,0,,,,0,0,0,0,0,0,0,,0,0,0,0,,0,0,,0,0,0,0,0,0,0,0,0,0,0,0
00-0032061,X.Cooper,Xavier Cooper,DE,DL,"https://static.www.nfl.com/image/private/f_auto,q_auto/league/sjpbunvkabnnwhiwgngt",2017,REG,NYJ,8,0,0,0,0,0,0,0,0,0,0,0,0,,,0,,0,0,0,0,0,0,0,0,0,0,,0,0,0,0,0,0,0,0,0,0,0,0,0,0,,0,0,0,0,0,,0,0,0,0,7,0,10,2,7,0,1.5,9,6,0,0,1,0,0,0,0,0,0,0,0,0,3,15,0,0,0,0,0,0,0,0,0,0,0,0,0,,,0,0,0,0,0,0,0,0,0,0,0,0,,,,0,0,0,0,0,0,0,,0,0,0,0,,0,0,,0,0,0,0,0,0,0,0,0,0,0,0
00-0032062,B.Bell,Blake Bell,TE,TE,"https://static.www.nfl.com/image/private/f_auto,q_auto/league/eqrmmjto8koqqc9j2kjj",2017,REG,MIN,3,0,0,0,0,0,0,0,0,0,0,0,0,,,0,,0,0,0,0,0,0,0,0,0,0,,0,0,0,0,0,3,4,19,0,0,0,6,12,1,-1.09460374766774,1,1,0,0,0,3.16666666666667,0.00767754318618042,0.00149775336994508,0.0125647421382322,0,1,0,0,0,0,0,0,0,0,0,0,0,0,0,0,0,0,0,0,0,0,0,0,0,0,0,0,0,0,0,0,0,0,0,0,0,,,0,0,0,0,0,0,0,0,0,0,0,0,,,,0,0,0,0,0,0,0,,0,0,0,0,,0,0,,0,0,0,0,0,0,0,0,0,0,3.9,6.9
00-0032063,M.Davis,Mike Davis,RB,RB,"https://static.www.nfl.com/image/private/f_auto,q_auto/league/csrqinegeyunycijua2q",2017,REG,SEA,6,0,0,0,0,0,0,0,0,0,0,0,0,,,0,,0,0,0,0,68,240,0,0,0,11,-19.5154304143409,0,10,8,3,0,15,18,131,0,0,0,-37,168,6,2.28870544140227,0,5,3,3,0,-3.54054054054054,0.0342205323193916,-0.00680272108843537,0.0465688937171827,0,0,0,0,0,0,0,0,0,0,0,0,0,0,0,0,0,1,0,0,0,0,0,0,0,0,0,0,0,0,0,0,0,0,0,0,0,,,0,0,0,0,0,0,0,0,0,0,0,0,,,,0,0,0,0,0,0,0,,0,0,0,0,,0,0,,0,0,0,0,0,0,0,0,0,0,37.1,52.1
00-0032065,B.Pinion,Bradley Pinion,P,SPEC,"https://static.www.nfl.com/image/upload/f_auto,q_auto/league/g6zs1z59umevxxtqc35z",2017,REG,SF,16,0,0,0,0,0,0,0,0,0,0,0,0,,,0,,0,0,0,0,0,0,0,0,0,0,,0,0,0,0,0,0,0,0,0,0,0,0,0,0,,0,0,0,0,0,,0,0,0,0,0,0,0,0,0,0,0,0,0,0,0,0,0,0,0,0,0,0,0,0,0,0,0,0,0,0,0,0,0,0,0,0,0,0,0,0,,,0,0,0,0,0,0,0,0,0,0,0,0,,,,0,0,0,0,0,0,0,,0,0,0,0,,75,0,59,3255,31,8,10,1,23,33,138,1,3097,0,0
00-0032069,D.Smith,Derron Smith,FS,DB,"https://static.www.nfl.com/image/private/f_auto,q_auto/league/vnie5kfh34yxtvdqb2yl",2017,REG,CLE,5,0,0,0,0,0,0,0,0,0,0,0,0,,,0,,0,0,0,0,0,0,0,0,0,0,,0,0,0,0,0,0,0,0,0,0,0,0,0,0,,0,0,0,0,0,,0,0,0,0,4,1,0,0,0,0,0,0,0,0,0,0,0,0,0,0,1,-2,0,0,0,0,0,0,0,0,0,0,0,0,0,0,0,0,0,0,,,0,0,0,0,0,0,0,0,0,0,0,0,,,,0,0,0,0,0,0,0,,0,0,0,0,,0,0,,0,0,0,0,0,0,0,0,0,0,0,0
00-0032071,T.Brown,Trent Brown,OT,OL,"https://static.www.nfl.com/image/upload/f_auto,q_auto/league/r0l3rruzqunyqlt0lrzm",2017,REG,SF,6,0,0,0,0,0,0,0,0,0,0,0,0,,,0,,0,0,0,0,0,0,0,0,0,0,,0,0,0,0,0,0,0,0,0,0,0,0,0,0,,0,0,0,0,0,,0,0,0,0,0,0,0,0,0,0,0,0,0,0,0,0,0,0,0,0,0,0,0,0,0,7,40,0,0,0,0,0,0,0,0,0,0,0,0,0,,,0,0,0,0,0,0,0,0,0,0,0,0,,,,0,0,0,0,0,0,0,,0,0,0,0,,0,0,,0,0,0,0,0,0,0,0,0,0,0,0
00-0032081,N.Dzubnar,Nick Dzubnar,LB,LB,"https://static.www.nfl.com/image/private/f_auto,q_auto/league/fvvyeowlfnxgybavjmaz",2017,REG,LAC,10,0,0,0,0,0,0,0,0,0,0,0,0,,,0,,0,0,0,0,0,0,0,0,0,0,,0,0,0,0,0,0,0,0,0,0,0,0,0,0,,0,0,0,0,0,,0,0,0,0,11,3,7,0,0,0,0,0,0,0,0,0,0,0,0,0,0,0,0,0,0,2,20,0,0,0,0,0,0,0,0,0,0,0,0,0,,,0,0,0,0,0,0,0,0,0,0,0,0,,,,0,0,0,0,0,0,0,,0,0,0,0,,0,0,,0,0,0,0,0,0,0,0,0,0,0,0
00-0032084,C.Grant,Curtis Grant,LB,LB,"https://static.www.nfl.com/image/private/f_auto,q_auto/league/xri8ycuwrebmzpnwyjpi",2017,REG,NYG,7,0,0,0,0,0,0,0,0,0,0,0,0,,,0,,0,0,0,0,0,0,0,0,0,0,,0,0,0,0,0,0,0,0,0,0,0,0,0,0,,0,0,0,0,0,,0,0,0,0,10,4,4,0,0,0,0,0,0,0,0,0,0,0,0,0,0,0,1,3,0,0,0,0,0,0,0,0,0,0,0,0,0,0,0,0,,,0,0,0,0,0,0,0,0,0,0,0,0,,,,0,0,0,0,0,0,0,,0,0,0,0,,0,0,,0,0,0,0,0,0,0,0,0,0,0,0
00-0032087,J.Lambo,Josh Lambo,K,SPEC,"https://static.www.nfl.com/image/private/f_auto,q_auto/league/kvqztgsqkm1bp6auhenp",2017,REG,JAX,10,0,0,0,0,0,0,0,0,0,0,0,0,,,0,,0,0,0,0,0,0,0,0,0,0,,0,0,0,0,0,0,0,0,0,0,0,0,0,0,,0,0,0,0,0,,0,0,0,0,0,0,0,0,0,0,0,0,0,0,0,0,0,0,0,0,0,0,0,0,0,0,0,0,0,0,0,0,0,0,0,0,19,20,1,0,56,0.95,0,2,11,4,2,0,0,0,0,1,0,0,42;33;32;56;25;34;30;38;39;43;30;23;39;38;51;32;38;45;41,41,,709,41,0,22,24,1,1,0.916666666666667,1,1,0,0,30,0,0,,0,0,0,0,0,0,0,0,0,0,0,0
00-0032094,T.Adams,Tyrell Adams,LB,LB,"https://static.www.nfl.com/image/private/f_auto,q_auto/league/ti4tf8pz8netweld38ye",2017,REG,LV,5,0,0,0,0,0,0,0,0,0,0,0,0,,,0,,0,0,0,0,0,0,0,0,0,0,,0,0,0,0,0,0,0,0,0,0,0,0,0,0,,0,0,0,0,0,,0,0,0,0,10,1,7,0,0,0,0,0,0,0,0,0,0,0,0,0,0,0,0,0,0,0,0,0,0,0,0,0,0,0,0,0,0,0,0,0,,,0,0,0,0,0,0,0,0,0,0,0,0,,,,0,0,0,0,0,0,0,,0,0,0,0,,0,0,,0,0,0,0,0,0,0,0,0,0,0,0
00-0032098,D.Brown,Daniel Brown,TE,TE,"https://static.www.nfl.com/image/private/f_auto,q_auto/league/fnhg5hbp5sjn3uuanqua",2017,REG,CHI,10,0,0,0,0,0,0,0,0,0,0,0,0,,,0,,0,0,0,0,0,0,0,0,0,0,,0,0,0,0,0,13,20,129,0,0,0,151,46,9,3.73972588362274,0,7,2,0,0,0.85430463576159,0.0427350427350427,0.043303699455119,0.0944151537211474,0,3,0,0,0,0,0,0,0,0,0,0,0,0,0,0,0,0,0,0,0,0,2,15,0,0,0,0,0,0,0,0,0,0,0,0,0,,,0,0,0,0,0,0,0,0,0,0,0,0,,,,0,0,0,0,0,0,0,,0,0,0,0,,0,0,,0,0,0,0,0,0,0,0,0,0,12.9,25.9
00-0032102,S.Anthony,Stephone Anthony,LB,LB,"https://static.www.nfl.com/image/private/f_auto,q_auto/league/tk2cy125ubb6lluib5ob",2017,REG,MIA,5,0,0,0,0,0,0,0,0,0,0,0,0,,,0,,0,0,0,0,0,0,0,0,0,0,,0,0,0,0,0,0,0,0,0,0,0,0,0,0,,0,0,0,0,0,,0,0,0,0,12,0,3,1,3,0,0,0,1,0,0,0,0,0,0,0,0,0,0,0,0,1,15,0,0,0,0,0,0,0,0,0,0,0,0,0,,,0,0,0,0,0,0,0,0,0,0,0,0,,,,0,0,0,0,0,0,0,,0,0,0,0,,0,0,,0,0,0,0,0,0,0,0,0,0,0,0
00-0032103,D.Perryman,Denzel Perryman,MLB,LB,"https://static.www.nfl.com/image/upload/f_auto,q_auto/league/fqxyjc6skhaprcaiknpj",2017,REG,LAC,6,0,0,0,0,0,0,0,0,0,0,0,0,,,0,,0,0,0,0,0,0,0,0,0,0,,0,0,0,0,0,0,0,0,0,0,0,0,0,0,,0,0,0,0,0,,0,0,0,0,22,3,12,1,1,0,0,0,0,0,0,0,0,0,0,0,0,0,1,0,0,0,0,0,0,0,0,0,0,0,0,0,0,0,0,0,,,0,0,0,0,0,0,0,0,0,0,0,0,,,,0,0,0,0,0,0,0,,0,0,0,0,,0,0,,0,0,0,0,0,0,0,0,0,0,0,0
00-0032104,A.Abdullah,Ameer Abdullah,RB,RB,"https://static.www.nfl.com/image/upload/f_auto,q_auto/league/jvkgnlj5fn16mnmdyr4i",2017,REG,DET,14,0,0,0,0,0,0,0,0,0,0,0,0,,,0,,0,0,0,0,165,552,4,2,1,24,-36.8281672577141,0,13,9,5,0,25,35,162,1,0,0,53,146,13,3.1321236112231,0,7,2,1,0,3.05660377358491,0.0619469026548673,0.011620258715194,0.101054535082937,0,1,0,0,0,0,0,0,0,0,0,0,0,0,0,0,0,0,0,0,0,0,0,0,2,0,0,2,1,0,0,8,179,0,0,0,0,,,0,0,0,0,0,0,0,0,0,0,0,0,,,,0,0,0,0,0,0,0,,0,0,0,0,,0,0,,0,0,0,0,0,0,0,0,0,0,99.4,124.4
00-0032107,A.Blackson,Angelo Blackson,DE,DL,"https://static.www.nfl.com/image/upload/f_auto,q_auto/league/fqkyimdahqjlnqu60zqf",2017,REG,HOU,7,0,0,0,0,0,0,0,0,0,0,0,0,,,0,,0,0,0,0,0,0,0,0,0,0,,0,0,0,0,0,0,0,0,0,0,0,0,0,0,,0,0,0,0,0,,0,0,0,0,6,2,1,0,0,0,0,0,1,0,0,1,0,0,0,0,0,0,0,0,0,1,5,0,0,0,0,0,0,0,0,0,0,0,0,0,,,0,0,0,0,0,0,0,0,0,0,0,0,,,,0,0,0,0,0,0,0,,0,0,0,0,,0,0,,0,0,0,0,0,0,0,0,0,0,0,0
00-0032109,K.Alexander,Kwon Alexander,MLB,LB,"https://static.www.nfl.com/image/upload/f_auto,q_auto/league/rccrvhqts2qk8ycjqfmz",2017,REG,TB,12,0,0,0,0,0,0,0,0,0,0,0,0,,,0,,0,0,0,0,0,0,0,0,0,0,,0,0,0,0,0,0,0,0,0,0,0,0,0,0,,0,0,0,0,0,,0,0,0,0,58,12,27,6,18,1,0,0,3,3,70,4,0,0,0,0,0,0,0,0,0,2,25,0,0,0,0,0,0,0,0,0,0,0,0,0,,,0,0,0,0,0,0,0,0,0,0,0,0,,,,0,0,0,0,0,0,0,,0,0,0,0,,0,0,,0,0,0,0,0,0,0,0,0,0,0,0
00-0032110,K.Emanuel,Kyle Emanuel,OLB,LB,"https://static.www.nfl.com/image/private/f_auto,q_auto/league/tz05qfsq8e1aojifnges",2017,REG,LAC,15,0,0,0,0,0,0,0,0,0,0,0,0,,,0,,0,0,0,0,0,0,0,0,0,0,,0,0,0,0,0,0,0,0,0,0,0,0,0,0,,0,0,0,0,0,,0,0,0,0,13,8,13,1,4,0,1.5,8,2,1,23,3,0,0,0,0,0,0,0,0,0,0,0,0,0,0,0,0,0,0,0,0,0,0,0,0,,,0,0,0,0,0,0,0,0,0,0,0,0,,,,0,0,0,0,0,0,0,,0,0,0,0,,0,0,,0,0,0,0,0,0,0,0,0,0,0,0
00-0032112,J.Nelson,J.J. Nelson,WR,WR,"https://static.www.nfl.com/image/private/f_auto,q_auto/league/rdpp1eiaqse92yvujbs0",2017,REG,ARI,16,0,0,0,0,0,0,0,0,0,0,0,0,,,0,,0,0,0,0,3,37,0,0,0,2,2.45579954772256,0,2,2,0,0,29,61,508,2,1,1,1051,59,21,-11.6407535749383,0,24,13,6,2,0.483349191246432,0.103040540540541,0.180988462200792,0.281252734351365,0,0,0,0,0,0,0,0,0,0,0,0,0,0,0,0,0,0,0,0,0,0,2,15,1,0,1,1,1,0,0,0,0,0,0,0,0,,,0,0,0,0,0,0,0,0,0,0,0,0,,,,0,0,0,0,0,0,0,,0,0,0,0,,0,0,,0,0,0,0,0,0,0,0,0,0,64.5,93.5
00-0032114,D.Mount,Deiontrez Mount,LB,LB,"https://static.www.nfl.com/image/private/f_auto,q_auto/league/i3moaamtdkksodebqt0h",2017,REG,DEN,3,0,0,0,0,0,0,0,0,0,0,0,0,,,0,,0,0,0,0,0,0,0,0,0,0,,0,0,0,0,0,0,0,0,0,0,0,0,0,0,,0,0,0,0,0,,0,0,0,0,5,1,1,1,1,0,0,0,1,0,0,0,0,0,0,0,0,0,0,0,0,0,0,0,0,0,0,0,0,0,0,0,0,0,0,0,,,0,0,0,0,0,0,0,0,0,0,0,0,,,,0,0,0,0,0,0,0,,0,0,0,0,,0,0,,0,0,0,0,0,0,0,0,0,0,0,0
00-0032115,K.Clay,Kaelin Clay,WR,WR,"https://static.www.nfl.com/image/private/f_auto,q_auto/league/u1beu9elu48ry0b1rzjl",2017,REG,CAR,13,0,0,0,0,0,0,0,0,0,0,0,0,,,0,,0,0,0,0,3,27,0,0,0,1,0.0765453724889085,0,1,1,1,0,6,20,85,0,0,0,338,20,5,-2.08018096411251,0,5,1,1,0,0.251479289940828,0.0427350427350427,0.0818996850012115,0.121432343603412,1,1,0,1,0,0,0,0,0,0,0,0,0,0,3,0,0,1,0,0,0,0,1,10,1,2,0,3,1,19,149,3,52,0,0,0,0,,,0,0,0,0,0,0,0,0,0,0,0,0,,,,0,0,0,0,0,0,0,,0,0,0,0,,0,0,,0,0,0,0,0,0,0,0,0,0,17.2,23.2
00-0032116,D.Philon,Darius Philon,DT,DL,"https://static.www.nfl.com/image/private/f_auto,q_auto/league/gryzow4eritmhhvoqhwz",2017,REG,LAC,16,0,0,0,0,0,0,0,0,0,0,0,0,,,0,,0,0,0,0,0,0,0,0,0,0,,0,0,0,0,0,0,0,0,0,0,0,0,0,0,,0,0,0,0,0,,0,0,0,0,12,4,15,6,29,1,4.5,26,9,0,0,1,0,0,0,0,0,0,0,0,0,5,20,0,0,0,0,0,0,0,0,0,0,0,0,0,,,0,0,0,0,0,0,0,0,0,0,0,0,,,,0,0,0,0,0,0,0,,0,0,0,0,,0,0,,0,0,0,0,0,0,0,0,0,0,0,0
00-0032117,N.O'Leary,Nick O'Leary,TE,TE,"https://static.www.nfl.com/image/private/f_auto,q_auto/league/jdldbwkjrk76mwertzfx",2017,REG,BUF,13,0,0,0,0,0,0,0,0,0,0,0,0,,,0,,0,0,0,0,0,0,0,0,0,0,,0,0,0,0,0,22,32,322,2,1,1,360,120,14,16.0541535515681,0,12,8,7,0,0.894444444444445,0.0683760683760684,0.087230433729101,0.163625406174473,0,2,0,0,0,0,0,0,0,0,0,0,0,0,0,0,0,0,0,0,0,0,2,20,1,0,0,1,1,0,0,0,0,0,0,0,0,,,0,0,0,0,0,0,0,0,0,0,0,0,,,,0,0,0,0,0,0,0,,0,0,0,0,,0,0,,0,0,0,0,0,0,0,0,0,0,42.2,64.2
00-0032120,N.Sterling,Neal Sterling,TE,TE,"https://static.www.nfl.com/image/private/f_auto,q_auto/league/zeft21ybfc5pjye3lmq2",2017,REG,NYJ,6,0,0,0,0,0,0,0,0,0,0,0,0,,,0,,0,0,0,0,0,0,0,0,0,0,,0,0,0,0,0,6,11,82,0,0,0,96,42,5,4.20097863703268,0,3,1,1,0,0.854166666666667,0.0221774193548387,0.0243592996701345,0.0503176388013522,0,1,0,0,0,0,0,0,0,0,0,0,0,0,0,0,0,0,0,0,0,0,1,10,0,0,0,0,0,0,0,0,0,0,0,0,0,,,0,0,0,0,0,0,0,0,0,0,0,0,,,,0,0,0,0,0,0,0,,0,0,0,0,,0,0,,0,0,0,0,0,0,0,0,0,0,8.2,14.2
00-0032123,T.McBride,Tre McBride,WR,WR,"https://static.www.nfl.com/image/private/f_auto,q_auto/league/gxiebdueieuygbu3b14z",2017,REG,CHI,6,0,0,0,0,0,0,0,0,0,0,0,0,,,0,,0,0,0,0,0,0,0,0,0,0,,0,0,0,0,0,8,15,144,0,0,0,213,50,6,-2.89277090104337,0,5,4,3,1,0.676056338028169,0.0320512820512821,0.0610840263837109,0.0908357415455207,0,0,0,0,0,0,0,0,0,0,0,0,0,0,0,0,0,0,0,1,0,0,3,30,0,0,0,0,0,0,0,0,0,0,0,0,0,,,0,0,0,0,0,0,0,0,0,0,0,0,,,,0,0,0,0,0,0,0,,0,0,0,0,,0,0,,0,0,0,0,0,0,0,0,0,0,14.4,22.4
00-0032127,M.Golden,Markus Golden,LB,LB,"https://static.www.nfl.com/image/upload/f_auto,q_auto/league/nardbsqj0aigwn7tm8g1",2017,REG,ARI,4,0,0,0,0,0,0,0,0,0,0,0,0,,,0,,0,0,0,0,0,0,0,0,0,0,,0,0,0,0,0,0,0,0,0,0,0,0,0,0,,0,0,0,0,0,,0,0,0,0,11,0,0,1,8,0,0,0,4,0,0,0,0,0,0,0,0,0,0,0,0,3,15,0,0,0,0,0,0,0,0,0,0,0,0,0,,,0,0,0,0,0,0,0,0,0,0,0,0,,,,0,0,0,0,0,0,0,,0,0,0,0,,0,0,,0,0,0,0,0,0,0,0,0,0,0,0
00-0032128,C.Conley,Chris Conley,WR,WR,"https://static.www.nfl.com/image/upload/f_auto,q_auto/league/mr4h7vx02uwpr7xlfk6y",2017,REG,KC,5,0,0,0,0,0,0,0,0,0,0,0,0,,,0,,0,0,0,0,0,0,0,0,0,0,,0,0,0,0,0,11,16,175,0,0,0,231,45,8,12.642985744487,0,8,5,3,0,0.757575757575758,0.0303030303030303,0.0550262029537875,0.0839728875221967,0,1,0,0,0,0,0,0,0,0,0,0,0,0,0,0,0,0,0,0,0,0,0,0,0,0,0,0,0,0,0,1,8,0,0,0,0,,,0,0,0,0,0,0,0,0,0,0,0,0,,,,0,0,0,0,0,0,0,,0,0,0,0,,0,0,,0,0,0,0,0,0,0,0,0,0,17.5,28.5
00-0032129,J.Hicks,Jordan Hicks,MLB,LB,"https://static.www.nfl.com/image/upload/f_auto,q_auto/league/nupnkxjio2iuqppmog1a",2017,REG,PHI,6,0,0,0,0,0,0,0,0,0,0,0,0,,,0,,0,0,0,0,0,0,0,0,0,0,,0,0,0,0,0,0,0,0,0,0,0,0,0,0,,0,0,0,0,0,,0,0,0,0,14,5,9,0,0,0,0,0,2,0,0,0,0,0,0,0,0,0,1,0,0,0,0,0,0,0,0,0,0,0,0,0,0,0,0,0,,,0,0,0,0,0,0,0,0,0,0,0,0,,,,0,0,0,0,0,0,0,,0,0,0,0,,0,0,,0,0,0,0,0,0,0,0,0,0,0,0
00-0032130,J.Fowler,Jalston Fowler,RB,RB,"https://static.www.nfl.com/image/private/f_auto,q_auto/league/vzwokuiytin3pfyp1icy",2017,REG,TEN,3,0,0,0,0,0,0,0,0,0,0,0,0,,,0,,0,0,0,0,2,4,1,0,0,1,0.866249207931105,0,0,0,0,0,0,1,0,0,0,0,9,0,0,-0.486979516921565,0,0,0,0,0,0,0.00206611570247934,0.00205714285714286,0.00453917355371901,0,0,0,0,0,0,0,0,0,0,0,0,0,0,0,0,0,0,0,0,0,0,0,0,0,0,0,0,0,0,0,0,0,0,0,0,0,,,0,0,0,0,0,0,0,0,0,0,0,0,,,,0,0,0,0,0,0,0,,0,0,0,0,,0,0,,0,0,0,0,0,0,0,0,0,0,6.4,6.4
00-0032131,R.Gunter,Rodney Gunter,DE,DL,"https://static.www.nfl.com/image/private/f_auto,q_auto/league/h6nrizlzatpr8xjdjv5o",2017,REG,ARI,12,0,0,0,0,0,0,0,0,0,0,0,0,,,0,,0,0,0,0,0,0,0,0,0,0,,0,0,0,0,0,0,0,0,0,0,0,0,0,0,,0,0,0,0,0,,0,0,0,0,11,0,6,2,8,0,1,6,3,0,0,0,0,0,0,0,0,0,0,0,0,3,16,0,0,0,0,0,0,0,0,0,0,0,0,0,,,0,0,0,0,0,0,0,0,0,0,0,0,,,,0,0,0,0,0,0,0,,0,0,0,0,,0,0,,0,0,0,0,0,0,0,0,0,0,0,0
00-0032132,M.Garcia,Max Garcia,G,OL,"https://static.www.nfl.com/image/private/f_auto,q_auto/league/vtewzccgwdq5gr3qzvnx",2017,REG,DEN,2,0,0,0,0,0,0,0,0,0,0,0,0,,,0,,0,0,0,0,0,0,0,0,0,0,,0,0,0,0,0,0,0,0,0,0,0,0,0,0,,0,0,0,0,0,,0,0,0,0,1,0,0,0,0,0,0,0,0,0,0,0,0,0,0,0,1,0,0,0,0,1,10,0,0,0,0,0,0,0,0,0,0,0,0,0,,,0,0,0,0,0,0,0,0,0,0,0,0,,,,0,0,0,0,0,0,0,,0,0,0,0,,0,0,,0,0,0,0,0,0,0,0,0,0,0,0
00-0032134,C.Uzomah,C.J. Uzomah,TE,TE,"https://static.www.nfl.com/image/private/f_auto,q_auto/league/hnkflpl5pzbfbdvtcv1c",2017,REG,CIN,12,0,0,0,0,0,0,0,0,0,0,0,0,,,0,,0,0,0,0,0,0,0,0,0,0,,0,0,0,0,0,10,15,92,1,0,0,81,50,6,3.62891199643491,0,3,2,2,0,1.1358024691358,0.0307377049180328,0.0194291196929719,0.0597069411621295,0,9,0,3,0,0,0,0,0,0,0,0,0,0,0,0,0,0,0,0,0,0,2,14,0,0,0,0,0,0,0,0,0,0,0,0,0,,,0,0,0,0,0,0,0,0,0,0,0,0,,,,0,0,0,0,0,0,0,,0,0,0,0,,0,0,,0,0,0,0,0,0,0,0,0,0,15.2,25.2
00-0032135,J.James,Jesse James,TE,TE,"https://static.www.nfl.com/image/private/f_auto,q_auto/league/rgk9zqdx9lmbcblem3xn",2017,REG,PIT,14,0,0,0,0,0,0,0,0,0,0,0,0,,,0,,0,0,0,0,0,0,0,0,0,0,,0,0,0,0,0,43,63,372,3,0,0,386,192,20,11.9395770173911,0,17,6,1,0,0.963730569948187,0.107692307692308,0.0736219721533473,0.213073842045805,0,0,0,0,0,0,0,0,0,0,0,0,0,0,0,0,0,0,0,0,0,0,2,20,0,0,0,0,0,0,0,0,0,0,0,0,0,,,0,0,0,0,0,0,0,0,0,0,0,0,,,,0,0,0,0,0,0,0,,0,0,0,0,,0,0,,0,0,0,0,0,0,0,0,0,0,55.2,98.2
00-0032139,B.Koyack,Ben Koyack,TE,TE,"https://static.www.nfl.com/image/private/f_auto,q_auto/league/hg1fdty7xbpwztueey8j",2017,REG,JAX,6,0,0,0,0,0,0,0,0,0,0,0,0,,,0,,0,0,0,0,0,0,0,0,0,0,,0,0,0,0,0,5,7,38,0,0,0,29,14,0,0.991256339053623,1,1,1,1,0,1.31034482758621,0.0135396518375242,0.00707489631617468,0.0252619051776085,0,0,0,0,0,0,0,0,0,0,0,0,0,0,0,0,0,0,0,0,0,0,1,14,0,0,0,0,0,0,0,0,0,0,0,0,0,,,0,0,0,0,0,0,0,0,0,0,0,0,,,,0,0,0,0,0,0,0,,0,0,0,0,,0,0,,0,0,0,0,0,0,0,0,0,0,5.8,10.8
00-0032141,G.Swaim,Geoff Swaim,TE,TE,"https://static.www.nfl.com/image/upload/f_auto,q_auto/league/kecuhwgbqvlqt6gb0dz6",2017,REG,DAL,4,0,0,0,0,0,0,0,0,0,0,0,0,,,0,,0,0,0,0,0,0,0,0,0,0,,0,0,0,0,0,2,2,25,0,0,0,14,11,2,2.12224709405564,0,1,1,0,0,1.78571428571429,0.00412371134020619,0.00355059599289881,0.00867098420533844,0,0,0,0,0,0,0,0,0,0,0,0,0,0,0,0,0,0,0,0,0,0,2,25,0,0,0,0,0,0,0,0,0,0,0,0,0,,,0,0,0,0,0,0,0,0,0,0,0,0,,,,0,0,0,0,0,0,0,,0,0,0,0,,0,0,,0,0,0,0,0,0,0,0,0,0,2.5,4.5
00-0032143,D.Shelton,Danny Shelton,DT,DL,"https://static.www.nfl.com/image/private/f_auto,q_auto/league/nfwolstt4lyn2i7ct5b1",2017,REG,CLE,12,0,0,0,0,0,0,0,0,0,0,0,0,,,0,,0,0,0,0,0,0,0,0,0,0,,0,0,0,0,0,0,0,0,0,0,0,0,0,0,,0,0,0,0,0,,0,0,0,0,18,2,13,4,6,0,0,0,1,0,0,1,0,0,0,0,0,0,0,0,0,2,10,0,0,0,0,0,0,0,0,0,0,0,0,0,,,0,0,0,0,0,0,0,0,0,0,0,0,,,,0,0,0,0,0,0,0,,0,0,0,0,,0,0,,0,0,0,0,0,0,0,0,0,0,0,0
00-0032144,M.Gordon,Melvin Gordon,RB,RB,"https://static.www.nfl.com/image/private/f_auto,q_auto/league/i4g8x7yotpgszlyanow0",2017,REG,LAC,16,0,0,0,0,0,0,0,0,0,0,0,0,,,0,,0,0,0,0,284,1105,8,1,0,58,-23.0599498233,0,34,19,5,1,58,83,476,4,0,0,-21,495,22,8.97435792588687,0,17,6,4,1,-22.6666666666667,0.144851657940663,-0.00439330543933054,0.214202173103463,0,0,0,0,0,0,0,0,0,0,0,0,0,0,0,0,0,0,0,0,0,0,2,9,1,0,0,1,0,0,0,0,0,0,0,0,0,,,0,0,0,0,0,0,0,0,0,0,0,0,,,,0,0,0,0,0,0,0,,0,0,0,0,,0,0,,0,0,0,0,0,0,0,0,0,0,230.1,288.1
00-0032145,C.Erving,Cameron Erving,G,OL,"https://static.www.nfl.com/image/upload/f_auto,q_auto/league/am4j5uzyvy1eow4ptemd",2017,REG,KC,3,0,0,0,0,0,0,0,0,0,0,0,0,,,0,,0,0,0,0,0,0,0,0,0,0,,0,0,0,0,0,0,1,0,0,0,0,15,0,0,-1.69692976493388,0,0,0,0,0,0,0.00189393939393939,0.00357313006193425,0.00534210013426307,0,0,0,0,0,0,0,0,0,0,0,0,0,0,0,0,0,0,0,0,0,0,3,23,0,0,0,0,0,0,0,0,0,0,0,0,0,,,0,0,0,0,0,0,0,0,0,0,0,0,,,,0,0,0,0,0,0,0,,0,0,0,0,,0,0,,0,0,0,0,0,0,0,0,0,0,0,0
00-0032146,B.Dupree,Bud Dupree,OLB,LB,"https://static.www.nfl.com/image/upload/f_auto,q_auto/league/unn7gcyciu20lmm1bvpn",2017,REG,PIT,14,0,0,0,0,0,0,0,0,0,0,0,0,,,0,,0,0,0,0,0,0,0,0,0,0,,0,0,0,0,0,0,0,0,0,0,0,0,0,0,,0,0,0,0,0,,0,0,0,0,30,1,9,12,75,0,6,56,7,0,0,1,0,0,0,0,0,0,1,0,0,2,10,0,0,0,0,0,0,0,0,0,0,0,0,0,,,0,0,0,0,0,0,0,0,0,0,0,0,,,,0,0,0,0,0,0,0,,0,0,0,0,,0,0,,0,0,0,0,0,0,0,0,0,0,0,0
00-0032147,T.Sambrailo,Ty Sambrailo,OT,OL,"https://static.www.nfl.com/image/private/f_auto,q_auto/league/rzx2kzsxlbhmzevaekzp",2017,REG,ATL,2,0,0,0,0,0,0,0,0,0,0,0,0,,,0,,0,0,0,0,0,0,0,0,0,0,,0,0,0,0,0,0,1,0,0,0,0,1,0,0,-0.420548020832939,0,0,0,0,0,0,0.00193423597678917,0.000209643605870021,0.00304810448929277,0,0,0,0,0,0,0,0,0,0,0,0,0,0,0,0,0,0,0,0,0,0,1,5,0,0,0,0,0,0,0,0,0,0,0,0,0,,,0,0,0,0,0,0,0,0,0,0,0,0,,,,0,0,0,0,0,0,0,,0,0,0,0,,0,0,,0,0,0,0,0,0,0,0,0,0,0,0
00-0032149,J.Miller,John Miller,G,OL,"https://static.www.nfl.com/image/private/f_auto,q_auto/league/xcpmm6e3x1l6ghlptqta",2017,REG,BUF,3,0,0,0,0,0,0,0,0,0,0,0,0,,,0,,0,0,0,0,0,0,0,0,0,0,,0,0,0,0,0,0,0,0,0,0,0,0,0,0,,0,0,0,0,0,,0,0,0,0,0,0,0,0,0,0,0,0,0,0,0,0,0,0,0,0,0,0,0,0,0,3,23,0,0,0,0,0,0,0,0,0,0,0,0,0,,,0,0,0,0,0,0,0,0,0,0,0,0,,,,0,0,0,0,0,0,0,,0,0,0,0,,0,0,,0,0,0,0,0,0,0,0,0,0,0,0
00-0032150,S.Nelson,Steven Nelson,CB,DB,"https://static.www.nfl.com/image/private/f_auto,q_auto/league/qaocvlmmgdkkubtkxqrt",2017,REG,KC,8,0,0,0,0,0,0,0,0,0,0,0,0,,,0,,0,0,0,0,0,0,0,0,0,0,,0,0,0,0,0,0,0,0,0,0,0,0,0,0,,0,0,0,0,0,,0,0,0,0,31,2,8,2,2,1,0,0,0,0,0,4,0,0,0,0,0,0,0,0,0,3,20,0,0,0,0,0,0,0,0,0,0,0,0,0,,,0,0,0,0,0,0,0,0,0,0,0,0,,,,0,0,0,0,0,0,0,,0,0,0,0,,0,0,,0,0,0,0,0,0,0,0,0,0,0,0
00-0032151,J.Feliciano,Jon Feliciano,G,OL,"https://static.www.nfl.com/image/upload/f_auto,q_auto/league/mfsf1zkh4exfukfvuwuh",2017,REG,LV,4,0,0,0,0,0,0,0,0,0,0,0,0,,,0,,0,0,0,0,0,0,0,0,0,0,,0,0,0,0,0,0,0,0,0,0,0,0,0,0,,0,0,0,0,0,,0,0,0,0,1,0,0,0,0,0,0,0,0,0,0,0,0,0,0,0,0,0,0,0,0,3,30,0,0,0,0,0,0,0,1,15,0,0,0,0,,,0,0,0,0,0,0,0,0,0,0,0,0,,,,0,0,0,0,0,0,0,,0,0,0,0,,0,0,,0,0,0,0,0,0,0,0,0,0,0,0
00-0032154,M.Bennett,Michael Bennett,DT,DL,"https://static.www.nfl.com/image/private/f_auto,q_auto/league/fj1oxc8xbpuzbpi2d2or",2017,REG,JAX,1,0,0,0,0,0,0,0,0,0,0,0,0,,,0,,0,0,0,0,0,0,0,0,0,0,,0,0,0,0,0,0,0,0,0,0,0,0,0,0,,0,0,0,0,0,,0,0,0,0,1,0,0,0,0,0,0,0,0,0,0,1,0,0,0,0,0,0,0,0,0,0,0,0,0,0,0,0,0,0,0,0,0,0,0,0,,,0,0,0,0,0,0,0,0,0,0,0,0,,,,0,0,0,0,0,0,0,,0,0,0,0,,0,0,,0,0,0,0,0,0,0,0,0,0,0,0
00-0032156,T.Siemian,Trevor Siemian,QB,QB,"https://static.www.nfl.com/image/private/f_auto,q_auto/league/vmksfbms9zefxezf39sb",2017,REG,DEN,11,206,349,2285,12,14,33,-220,4,2,3044,1001,112,-49.6740911050839,-1.50840219329385,0,0.75065703022339,100,46,37,2,31,127,1,1,0,8,4.33336592541203,0,2,2,0,0,0,0,0,0,0,0,0,0,0,,0,0,0,0,0,,0,0,0,0,0,0,0,0,0,0,0,0,0,0,0,0,0,0,0,0,1,0,0,0,0,3,15,5,0,1,5,2,0,0,0,0,0,0,0,0,,,0,0,0,0,0,0,0,0,0,0,0,0,,,,0,0,0,0,0,0,0,,0,0,0,0,,0,0,,0,0,0,0,0,0,0,0,0,0,126.1,126.1
00-0032160,Ty.Williams,Tyrell Williams,WR,WR,"https://static.www.nfl.com/image/private/f_auto,q_auto/league/qixhze7yidydtc1vyeih",2017,REG,LAC,16,0,0,0,0,0,0,0,0,0,0,0,0,,,0,,0,0,0,0,0,0,0,0,0,0,,0,0,0,0,0,43,69,728,4,1,1,988,320,29,25.9483567854008,0,29,16,12,3,0.736842105263158,0.120418848167539,0.206694560669456,0.325314464719928,0,2,0,0,0,0,0,0,0,0,0,0,0,0,0,0,0,0,0,0,0,0,3,15,1,0,0,1,1,0,0,0,0,0,0,0,0,,,0,0,0,0,0,0,0,0,0,0,0,0,,,,0,0,0,0,0,0,0,,0,0,0,0,,0,0,,0,0,0,0,0,0,0,0,0,0,94.8,137.8
00-0032162,T.McGill,T.Y. McGill,DT,DL,"https://static.www.nfl.com/image/upload/f_auto,q_auto/league/v1rav6esnezg5ggbkwoz",2017,REG,CLE,1,0,0,0,0,0,0,0,0,0,0,0,0,,,0,,0,0,0,0,0,0,0,0,0,0,,0,0,0,0,0,0,0,0,0,0,0,0,0,0,,0,0,0,0,0,,0,0,0,0,1,0,0,0,0,0,0,0,1,0,0,0,0,0,0,0,0,0,0,0,0,0,0,0,0,0,0,0,0,0,0,0,0,0,0,0,,,0,0,0,0,0,0,0,0,0,0,0,0,,,,0,0,0,0,0,0,0,,0,0,0,0,,0,0,,0,0,0,0,0,0,0,0,0,0,0,0
00-0032164,A.Armstead,Arik Armstead,DE,DL,"https://static.www.nfl.com/image/upload/f_auto,q_auto/league/z6e5xcslnlyaz2egeke3",2017,REG,SF,6,0,0,0,0,0,0,0,0,0,0,0,0,,,0,,0,0,0,0,0,0,0,0,0,0,,0,0,0,0,0,0,0,0,0,0,0,0,0,0,,0,0,0,0,0,,0,0,0,0,7,1,8,2,17,0,1.5,8.5,3,0,0,1,0,0,0,0,0,0,0,0,0,1,5,0,0,0,0,0,0,0,0,0,0,0,0,0,,,0,0,0,0,0,0,0,0,0,0,0,0,,,,0,0,0,0,0,0,0,,0,0,0,0,,0,0,,0,0,0,0,0,0,0,0,0,0,0,0
00-0032165,M.Peters,Marcus Peters,CB,DB,"https://static.www.nfl.com/image/upload/f_auto,q_auto/league/wnn5zpsvkdzzzmotmf98",2017,REG,KC,14,0,0,0,0,0,0,0,0,0,0,0,0,,,0,,0,0,0,0,0,0,0,0,0,0,,0,0,0,0,0,0,0,0,0,0,0,0,0,0,,0,0,0,0,0,,0,0,0,0,40,2,4,1,1,4,0,0,0,5,137,9,0,0,0,0,0,0,2,45,1,7,106,0,0,0,0,0,0,0,0,0,0,0,0,0,,,0,0,0,0,0,0,0,0,0,0,0,0,,,,0,0,0,0,0,0,0,,0,0,0,0,,0,0,,0,0,0,0,0,0,0,0,0,0,0,0
00-0032166,S.Coates,Sammie Coates,WR,WR,"https://static.www.nfl.com/image/private/f_auto,q_auto/league/qtqofzkmblah8ycd4687",2017,REG,CLE,7,0,0,0,0,0,0,0,0,0,0,0,0,,,0,,0,0,0,0,0,0,0,0,0,0,,0,0,0,0,0,6,11,70,0,0,0,146,16,2,-0.963937537191669,0,3,1,1,0,0.479452054794521,0.019434628975265,0.028141865844256,0.0488512495538767,0,5,0,0,0,0,0,0,0,0,0,0,0,0,0,0,0,0,0,0,0,0,3,25,0,0,0,0,0,0,0,0,0,0,0,0,0,,,0,0,0,0,0,0,0,0,0,0,0,0,,,,0,0,0,0,0,0,0,,0,0,0,0,,0,0,,0,0,0,0,0,0,0,0,0,0,7,13
00-0032167,P.Dawson,Paul Dawson,LB,LB,"https://static.www.nfl.com/image/private/f_auto,q_auto/league/d508mz4gh4ly2injeufd",2017,REG,SEA,2,0,0,0,0,0,0,0,0,0,0,0,0,,,0,,0,0,0,0,0,0,0,0,0,0,,0,0,0,0,0,0,0,0,0,0,0,0,0,0,,0,0,0,0,0,,0,0,0,0,2,0,1,0,0,0,0,0,0,0,0,0,0,0,0,0,0,0,0,0,0,0,0,0,0,0,0,0,0,0,0,0,0,0,0,0,,,0,0,0,0,0,0,0,0,0,0,0,0,,,,0,0,0,0,0,0,0,,0,0,0,0,,0,0,,0,0,0,0,0,0,0,0,0,0,0,0
00-0032168,J.Shaw,Josh Shaw,CB,DB,"https://static.www.nfl.com/image/private/f_auto,q_auto/league/kk26dxbk8ny0r4bkac6c",2017,REG,CIN,16,0,0,0,0,0,0,0,0,0,0,0,0,,,0,,0,0,0,0,0,0,0,0,0,0,,0,0,0,0,0,0,0,0,0,0,0,0,0,0,,0,0,0,0,0,,0,0,0,0,30,0,6,1,1,0,0,0,0,0,0,3,0,0,0,0,0,0,0,0,0,7,41,0,0,0,0,0,0,0,0,0,0,0,0,0,,,0,0,0,0,0,0,0,0,0,0,0,0,,,,0,0,0,0,0,0,0,,0,0,0,0,,0,0,,0,0,0,0,0,0,0,0,0,0,0,0
00-0032171,H.Pullard,Hayes Pullard,LB,LB,"https://static.www.nfl.com/image/private/f_auto,q_auto/league/dncs1ew580cqj9f6k4qz",2017,REG,LAC,12,0,0,0,0,0,0,0,0,0,0,0,0,,,0,,0,0,0,0,0,0,0,0,0,0,,0,0,0,0,0,0,0,0,0,0,0,0,0,0,,0,0,0,0,0,,0,0,0,0,33,16,25,2,4,0,0,0,0,1,1,1,0,0,0,0,0,0,1,0,0,3,36,0,0,0,0,0,0,0,0,0,0,0,0,0,,,0,0,0,0,0,0,0,0,0,0,0,0,,,,0,0,0,0,0,0,0,,0,0,0,0,,0,0,,0,0,0,0,0,0,0,0,0,0,0,0
00-0032187,Da.Johnson,David Johnson,RB,RB,"https://static.www.nfl.com/image/private/f_auto,q_auto/league/y7dtsyyjnoafefkbylbb",2017,REG,ARI,1,0,0,0,0,0,0,0,0,0,0,0,0,,,0,,0,0,0,0,11,23,0,1,1,0,-11.0190216309275,0,0,0,0,0,6,9,67,0,1,0,34,46,3,0.286118269897997,0,3,2,1,0,1.97058823529412,0.0152027027027027,0.00585500258308938,0.0269025558622166,0,1,0,0,0,0,0,0,0,0,0,0,0,0,0,0,0,0,0,0,0,0,0,0,2,0,0,2,1,0,0,0,0,0,0,0,0,,,0,0,0,0,0,0,0,0,0,0,0,0,,,,0,0,0,0,0,0,0,,0,0,0,0,,0,0,,0,0,0,0,0,0,0,0,0,0,7,13
00-0032188,V.Mayle,Vince Mayle,TE,TE,"https://static.www.nfl.com/image/private/f_auto,q_auto/league/rosldoxrxcni83bowf2y",2017,REG,BAL,12,0,0,0,0,0,0,0,0,0,0,0,0,,,0,,0,0,0,0,2,2,1,0,0,1,0.374894243315794,0,0,0,0,0,0,1,0,0,0,0,7,0,0,-0.608620295650326,0,0,0,0,0,0,0.0017825311942959,0.00182196772514315,0.00394917419904406,0,8,0,0,0,0,0,0,0,0,0,0,0,0,0,0,0,0,0,0,0,0,2,10,0,0,0,0,0,0,0,2,43,0,0,0,0,,,0,0,0,0,0,0,0,0,0,0,0,0,,,,0,0,0,0,0,0,0,,0,0,0,0,,0,0,,0,0,0,0,0,0,0,0,0,0,6.2,6.2
00-0032195,R.Darby,Ronald Darby,CB,DB,"https://static.www.nfl.com/image/upload/f_auto,q_auto/league/dn0kn2aw6crrzvsjiuvl",2017,REG,PHI,8,0,0,0,0,0,0,0,0,0,0,0,0,,,0,,0,0,0,0,0,0,0,0,0,0,,0,0,0,0,0,0,0,0,0,0,0,0,0,0,,0,0,0,0,0,,0,0,0,0,29,1,4,0,0,0,0,0,0,3,42,9,0,0,0,0,0,0,0,0,0,3,29,0,0,0,0,0,0,0,0,0,0,0,0,0,,,0,0,0,0,0,0,0,0,0,0,0,0,,,,0,0,0,0,0,0,0,,0,0,0,0,,0,0,,0,0,0,0,0,0,0,0,0,0,0,0
00-0032196,J.Fisher,Jake Fisher,OT,OL,"https://static.www.nfl.com/image/private/f_auto,q_auto/league/f23vwxf4i4ftskhycarb",2017,REG,CIN,2,0,0,0,0,0,0,0,0,0,0,0,0,,,0,,0,0,0,0,0,0,0,0,0,0,,0,0,0,0,0,0,0,0,0,0,0,0,0,0,,0,0,0,0,0,,0,0,0,0,0,0,0,0,0,0,0,0,0,0,0,0,0,0,0,0,0,0,0,0,0,3,25,0,0,0,0,0,0,0,0,0,0,0,0,0,,,0,0,0,0,0,0,0,0,0,0,0,0,,,,0,0,0,0,0,0,0,,0,0,0,0,,0,0,,0,0,0,0,0,0,0,0,0,0,0,0
00-0032198,I.Campbell,Ibraheim Campbell,DB,DB,"https://static.www.nfl.com/image/private/f_auto,q_auto/league/ybhysatv7kuwq1k6gfp1",2017,REG,HOU,7,0,0,0,0,0,0,0,0,0,0,0,0,,,0,,0,0,0,0,0,0,0,0,0,0,,0,0,0,0,0,0,0,0,0,0,0,0,0,0,,0,0,0,0,0,,0,0,0,0,14,0,4,1,3,0,0,0,0,0,0,1,0,0,0,0,0,0,1,0,0,3,16,0,0,0,0,0,0,0,0,0,0,0,0,0,,,0,0,0,0,0,0,0,0,0,0,0,0,,,,0,0,0,0,0,0,0,,0,0,0,0,,0,0,,0,0,0,0,0,0,0,0,0,0,0,0
00-0032200,T.Montgomery,Ty Montgomery,WR,WR,"https://static.www.nfl.com/image/private/f_auto,q_auto/league/eagn4fvhnc9cp3wxeqoz",2017,REG,GB,8,0,0,0,0,0,0,0,0,0,0,0,0,,,0,,0,0,0,0,71,273,3,0,0,13,-4.73654544146848,0,2,1,1,0,23,31,173,1,0,0,-27,215,8,3.81056662787642,0,7,4,3,0,0,0.055956678700361,-0.00661602548395001,0.0793038002117765,0,0,0,0,0,0,0,0,0,0,0,0,0,0,0,0,0,0,0,0,0,0,0,0,0,0,0,0,0,0,0,0,0,0,0,0,0,,,0,0,0,0,0,0,0,0,0,0,0,0,,,,0,0,0,0,0,0,0,,0,0,0,0,,0,0,,0,0,0,0,0,0,0,0,0,0,68.6,91.6
00-0032201,B.Heeney,Ben Heeney,LB,LB,"https://static.www.nfl.com/image/private/f_auto,q_auto/league/mcrbrdo66s7gs3ftjja6",2017,REG,HOU,2,0,0,0,0,0,0,0,0,0,0,0,0,,,0,,0,0,0,0,0,0,0,0,0,0,,0,0,0,0,0,0,0,0,0,0,0,0,0,0,,0,0,0,0,0,,0,0,0,0,0,0,2,0,0,0,0,0,0,0,0,0,0,0,0,0,0,0,0,0,0,1,4,0,0,0,0,0,0,0,0,0,0,0,0,0,,,0,0,0,0,0,0,0,0,0,0,0,0,,,,0,0,0,0,0,0,0,,0,0,0,0,,0,0,,0,0,0,0,0,0,0,0,0,0,0,0
00-0032203,A.Peat,Andrus Peat,G,OL,"https://static.www.nfl.com/image/upload/f_auto,q_auto/league/wlkqieesn85nhevcqcqe",2017,REG,NO,5,0,0,0,0,0,0,0,0,0,0,0,0,,,0,,0,0,0,0,0,0,0,0,0,0,,0,0,0,0,0,0,0,0,0,0,0,0,0,0,,0,0,0,0,0,,0,0,0,0,0,0,0,0,0,0,0,0,0,0,0,0,0,0,0,0,0,0,0,0,0,5,45,0,0,0,0,0,0,0,0,0,0,0,0,0,,,0,0,0,0,0,0,0,0,0,0,0,0,,,,0,0,0,0,0,0,0,,0,0,0,0,,0,0,,0,0,0,0,0,0,0,0,0,0,0,0
00-0032204,C.Green,Chaz Green,OT,OL,"https://static.www.nfl.com/image/private/f_auto,q_auto/league/stl6h7dpq2wcafcrogwq",2017,REG,DAL,2,0,0,0,0,0,0,0,0,0,0,0,0,,,0,,0,0,0,0,0,0,0,0,0,0,,0,0,0,0,0,0,0,0,0,0,0,0,0,0,,0,0,0,0,0,,0,0,0,0,1,0,0,0,0,0,0,0,0,0,0,0,0,0,0,0,0,0,0,0,0,2,15,0,0,0,0,0,0,0,0,0,0,0,0,0,,,0,0,0,0,0,0,0,0,0,0,0,0,,,,0,0,0,0,0,0,0,,0,0,0,0,,0,0,,0,0,0,0,0,0,0,0,0,0,0,0
00-0032208,P.Dorsett,Phillip Dorsett,WR,WR,"https://static.www.nfl.com/image/upload/f_auto,q_auto/league/zkmdppfkcxqn5iwlcsyy",2017,REG,NE,11,0,0,0,0,0,0,0,0,0,0,0,0,,,0,,0,0,0,0,1,7,0,0,0,0,0.28828816767782,0,0,0,0,0,12,18,194,0,0,0,365,68,8,6.73022456723265,0,8,5,4,0,0.531506849315069,0.0308219178082192,0.0681478715459298,0.0939363867944796,0,2,0,0,0,0,0,0,0,0,0,0,0,0,0,0,0,0,0,0,0,0,1,10,0,0,0,0,0,0,0,0,0,0,0,0,0,,,0,0,0,0,0,0,0,0,0,0,0,0,,,,0,0,0,0,0,0,0,,0,0,0,0,,0,0,,0,0,0,0,0,0,0,0,0,0,20.1,32.1
00-0032209,T.Yeldon,T.J. Yeldon,RB,RB,"https://static.www.nfl.com/image/private/f_auto,q_auto/league/m9tcaffb3fom3fejtxon",2017,REG,JAX,10,0,0,0,0,0,0,0,0,0,0,0,0,,,0,,0,0,0,0,49,253,2,2,1,7,-3.63837104788862,0,5,4,2,1,30,41,224,0,0,0,58,188,14,-0.685343503628841,0,8,3,1,0,3.86206896551724,0.0793036750483559,0.0141497926323494,0.128860367415178,0,1,0,0,0,0,0,0,0,0,0,0,0,0,0,0,0,0,0,0,0,0,1,5,2,0,0,2,1,0,0,0,0,0,0,0,0,,,0,0,0,0,0,0,0,0,0,0,0,0,,,,0,0,0,0,0,0,0,,0,0,0,0,,0,0,,0,0,0,0,0,0,0,0,0,0,57.7,87.7
00-0032210,F.Clark,Frank Clark,LB,LB,"https://static.www.nfl.com/image/upload/f_auto,q_auto/league/imq9tljiopwvcfrsxwbh",2017,REG,SEA,15,0,0,0,0,0,0,0,0,0,0,0,0,,,0,,0,0,0,0,0,0,0,0,0,0,,0,0,0,0,0,0,0,0,0,0,0,0,0,0,,0,0,0,0,0,,0,0,0,0,18,1,13,9,64,2,9,73.5,21,0,0,2,0,0,0,0,0,0,1,0,0,7,45,0,0,0,0,0,0,0,0,0,0,0,0,0,,,0,0,0,0,0,0,0,0,0,0,0,0,,,,0,0,0,0,0,0,0,,0,0,0,0,,0,0,,0,0,0,0,0,0,0,0,0,0,0,0
00-0032211,T.Lockett,Tyler Lockett,WR,WR,"https://static.www.nfl.com/image/upload/f_auto,q_auto/league/gyhvviyep9iigeaobxmi",2017,REG,SEA,16,0,0,0,0,0,0,0,0,0,0,0,0,,,0,,0,0,0,0,10,58,0,0,0,4,4.6206637728319,0,2,1,1,0,45,71,555,2,0,0,907,188,23,13.2689640805849,0,20,10,5,3,0.611907386990077,0.134980988593156,0.166758595330024,0.319202499620751,1,1,0,0,0,0,0,0,0,0,0,0,0,0,0,0,0,0,0,0,0,0,2,20,0,0,0,0,0,36,237,37,949,0,0,0,0,,,0,0,0,0,0,0,0,0,0,0,0,0,,,,0,0,0,0,0,0,0,,0,0,0,0,,0,0,,0,0,0,0,0,0,0,0,0,0,79.3,124.3
00-0032212,D.McDonald,Dexter McDonald,CB,DB,"https://static.www.nfl.com/image/private/f_auto,q_auto/league/w8zizjleq589wrjwghnt",2017,REG,LV,13,0,0,0,0,0,0,0,0,0,0,0,0,,,0,,0,0,0,0,0,0,0,0,0,0,,0,0,0,0,0,0,0,0,0,0,0,0,0,0,,0,0,0,0,0,,0,0,0,0,35,1,7,0,0,1,0,0,0,0,0,7,0,0,0,0,0,0,0,0,0,1,5,0,0,0,0,0,0,0,0,0,0,0,0,0,,,0,0,0,0,0,0,0,0,0,0,0,0,,,,0,0,0,0,0,0,0,,0,0,0,0,,0,0,,0,0,0,0,0,0,0,0,0,0,0,0
00-0032214,T.Kroft,Tyler Kroft,TE,TE,"https://static.www.nfl.com/image/private/f_auto,q_auto/league/ztko1uhl01ebiutefibj",2017,REG,CIN,16,0,0,0,0,0,0,0,0,0,0,0,0,,,0,,0,0,0,0,0,0,0,0,0,0,,0,0,0,0,0,42,62,404,7,0,0,465,193,23,17.1676186474154,0,19,8,4,1,0.868817204301075,0.127049180327869,0.111537538978172,0.268650047776524,0,4,0,0,0,0,0,0,0,0,0,0,0,0,0,0,0,0,0,0,0,0,3,25,0,0,0,0,0,0,0,0,0,0,0,0,0,,,0,0,0,0,0,0,0,0,0,0,0,0,,,,0,0,0,0,0,0,0,,0,0,0,0,,0,0,,0,0,0,0,0,0,0,0,0,0,82.4,124.4
00-0032215,D.Wilson,Damien Wilson,OLB,LB,"https://static.www.nfl.com/image/upload/f_auto,q_auto/league/ag2gfb62plvohhtp0jc5",2017,REG,DAL,16,0,0,0,0,0,0,0,0,0,0,0,0,,,0,,0,0,0,0,0,0,0,0,0,0,,0,0,0,0,0,0,0,0,0,0,0,0,0,0,,0,0,0,0,0,,0,0,0,0,16,5,14,1,1,0,1,1,4,0,0,1,0,0,0,0,0,0,0,0,0,2,25,0,0,0,0,0,0,0,0,0,0,0,0,0,,,0,0,0,0,0,0,0,0,0,0,0,0,,,,0,0,0,0,0,0,0,,0,0,0,0,,0,0,,0,0,0,0,0,0,0,0,0,0,0,0
00-0032217,D.Smith,Donovan Smith,OT,OL,"https://static.www.nfl.com/image/private/f_auto,q_auto/league/iivzp0ofngoslzvvb46q",2017,REG,TB,5,0,0,0,0,0,0,0,0,0,0,0,0,,,0,,0,0,0,0,0,0,0,0,0,0,,0,0,0,0,0,0,0,0,0,0,0,0,0,0,,0,0,0,0,0,,0,0,0,0,0,0,0,0,0,0,0,0,0,0,0,0,0,0,0,0,1,0,0,0,0,8,70,0,0,0,0,0,0,0,0,0,0,0,0,0,,,0,0,0,0,0,0,0,0,0,0,0,0,,,,0,0,0,0,0,0,0,,0,0,0,0,,0,0,,0,0,0,0,0,0,0,0,0,0,0,0
00-0032221,S.Ray,Shane Ray,LB,LB,"https://static.www.nfl.com/image/private/f_auto,q_auto/league/lmg2zdsr3x2ucwdn9qyd",2017,REG,DEN,8,0,0,0,0,0,0,0,0,0,0,0,0,,,0,,0,0,0,0,0,0,0,0,0,0,,0,0,0,0,0,0,0,0,0,0,0,0,0,0,,0,0,0,0,0,,0,0,0,0,10,0,6,3,10,0,1,8,4,0,0,0,0,0,0,0,0,0,0,0,0,4,30,0,0,0,0,0,0,0,0,0,0,0,0,0,,,0,0,0,0,0,0,0,0,0,0,0,0,,,,0,0,0,0,0,0,0,,0,0,0,0,,0,0,,0,0,0,0,0,0,0,0,0,0,0,0
00-0032222,D.Humphries,D.J. Humphries,OT,OL,"https://static.www.nfl.com/image/upload/f_auto,q_auto/league/ruiab6fqdaerscb2qnkz",2017,REG,ARI,1,0,0,0,0,0,0,0,0,0,0,0,0,,,0,,0,0,0,0,0,0,0,0,0,0,,0,0,0,0,0,0,0,0,0,0,0,0,0,0,,0,0,0,0,0,,0,0,0,0,1,0,0,0,0,0,0,0,0,0,0,0,0,0,0,0,0,0,0,0,0,0,0,0,0,0,0,0,0,0,0,0,0,0,0,0,,,0,0,0,0,0,0,0,0,0,0,0,0,,,,0,0,0,0,0,0,0,,0,0,0,0,,0,0,,0,0,0,0,0,0,0,0,0,0,0,0
00-0032227,J.Heuerman,Jeff Heuerman,TE,TE,"https://static.www.nfl.com/image/private/f_auto,q_auto/league/u3cggxnuwxem6rnkwzvg",2017,REG,DEN,10,0,0,0,0,0,0,0,0,0,0,0,0,,,0,,0,0,0,0,0,0,0,0,0,0,,0,0,0,0,0,9,18,142,2,0,0,154,63,5,-3.71458173979772,0,6,2,2,1,0.922077922077922,0.0326678765880218,0.0324278795535902,0.0717013305695458,0,1,0,0,0,0,0,0,0,0,0,0,0,0,0,0,0,0,0,0,0,0,1,15,0,0,0,0,0,0,0,0,0,0,0,0,0,,,0,0,0,0,0,0,0,0,0,0,0,0,,,,0,0,0,0,0,0,0,,0,0,0,0,,0,0,,0,0,0,0,0,0,0,0,0,0,26.2,35.2
00-0032228,J.Cardona,Joe Cardona,LS,SPEC,"https://static.www.nfl.com/image/upload/f_auto,q_auto/league/cs3qvfnrrxiubflqqw2i",2017,REG,NE,5,0,0,0,0,0,0,0,0,0,0,0,0,,,0,,0,0,0,0,0,0,0,0,0,0,,0,0,0,0,0,0,0,0,0,0,0,0,0,0,,0,0,0,0,0,,0,0,0,0,2,0,2,0,0,0,0,0,0,0,0,0,0,0,0,0,0,0,0,0,0,2,10,0,0,0,0,0,0,0,0,0,0,0,0,0,,,0,0,0,0,0,0,0,0,0,0,0,0,,,,0,0,0,0,0,0,0,,0,0,0,0,,0,0,,0,0,0,0,0,0,0,0,0,0,0,0
00-0032233,C.Ogbuehi,Cedric Ogbuehi,OT,OL,"https://static.www.nfl.com/image/private/f_auto,q_auto/league/qoilmalykfbj1plvdmut",2017,REG,CIN,3,0,0,0,0,0,0,0,0,0,0,0,0,,,0,,0,0,0,0,0,0,0,0,0,0,,0,0,0,0,0,0,0,0,0,0,0,0,0,0,,0,0,0,0,0,,0,0,0,0,2,0,0,0,0,0,0,0,0,0,0,0,0,0,0,0,0,0,0,0,0,1,10,0,0,0,0,0,0,0,0,0,0,0,0,0,,,0,0,0,0,0,0,0,0,0,0,0,0,,,,0,0,0,0,0,0,0,,0,0,0,0,,0,0,,0,0,0,0,0,0,0,0,0,0,0,0
00-0032234,L.Tomlinson,Laken Tomlinson,G,OL,"https://static.www.nfl.com/image/upload/f_auto,q_auto/league/thhrfc9q38r0m1qvfctv",2017,REG,SF,4,0,0,0,0,0,0,0,0,0,0,0,0,,,0,,0,0,0,0,0,0,0,0,0,0,,0,0,0,0,0,0,0,0,0,0,0,0,0,0,,0,0,0,0,0,,0,0,0,0,1,0,0,0,0,0,0,0,0,0,0,0,0,0,0,0,0,0,0,0,0,5,39,0,0,0,0,0,0,0,0,0,0,0,0,0,,,0,0,0,0,0,0,0,0,0,0,0,0,,,,0,0,0,0,0,0,0,,0,0,0,0,,0,0,,0,0,0,0,0,0,0,0,0,0,0,0
00-0032239,B.Jones,Byron Jones,CB,DB,"https://static.www.nfl.com/image/private/f_auto,q_auto/league/w4heni1qbdsyuouvkjxb",2017,REG,DAL,16,0,0,0,0,0,0,0,0,0,0,0,0,,,0,,0,0,0,0,0,0,0,0,0,0,,0,0,0,0,0,0,0,0,0,0,0,0,0,0,,0,0,0,0,0,,0,0,0,0,52,4,25,4,37,1,0,0,2,1,21,5,1,0,0,0,0,0,0,0,0,4,53,0,0,0,0,0,0,0,0,0,0,0,0,0,,,0,0,0,0,0,0,0,0,0,0,0,0,,,,0,0,0,0,0,0,0,,0,0,0,0,,0,0,,0,0,0,0,0,0,0,0,0,0,0,0
00-0032240,V.Beasley,Vic Beasley,DE,DL,"https://static.www.nfl.com/image/private/f_auto,q_auto/league/zdtjks6nyd7jdjhev3fn",2017,REG,ATL,13,0,0,0,0,0,0,0,0,0,0,0,0,,,0,,0,0,0,0,0,0,0,0,0,0,,0,0,0,0,0,0,0,0,0,0,0,0,0,0,,0,0,0,0,0,,0,0,0,0,22,1,6,7,35,1,5,36,5,0,0,2,0,0,0,0,0,0,0,0,0,3,15,0,0,0,0,0,0,0,0,0,0,0,0,0,,,0,0,0,0,0,0,0,0,0,0,0,0,,,,0,0,0,0,0,0,0,,0,0,0,0,,0,0,,0,0,0,0,0,0,0,0,0,0,0,0
00-0032241,T.Gurley,Todd Gurley,RB,RB,"https://static.www.nfl.com/image/private/f_auto,q_auto/league/jkqn4zynfdfvu359ygtr",2017,REG,LA,15,0,0,0,0,0,0,0,0,0,0,0,0,,,0,,0,0,0,0,279,1305,13,5,2,66,-11.2172251903125,0,39,22,8,1,64,87,788,6,0,0,82,765,32,20.93201249982,0,25,17,12,4,9.60975609756098,0.170588235294118,0.0202269363591515,0.270041208392582,0,0,0,0,0,0,0,0,0,0,0,0,0,0,0,0,0,1,0,0,0,0,0,0,5,0,2,5,2,0,0,0,0,0,0,0,0,,,0,0,0,0,0,0,0,0,0,0,0,0,,,,0,0,0,0,0,0,0,,0,0,0,0,,0,0,,0,0,0,0,0,0,0,0,0,0,319.3,383.3
00-0032242,R.Havenstein,Rob Havenstein,OT,OL,"https://static.www.nfl.com/image/upload/f_auto,q_auto/league/cqsicmerjhzvzpnz77fz",2017,REG,LA,10,0,0,0,0,0,0,0,0,0,0,0,0,,,0,,0,0,0,0,0,0,0,0,0,0,,0,0,0,0,0,0,0,0,0,0,0,0,0,0,,0,0,0,0,0,,0,0,0,0,2,0,0,0,0,0,0,0,0,0,0,0,0,0,0,0,3,0,0,0,0,6,50,0,0,0,0,0,0,0,0,0,0,0,0,0,,,0,0,0,0,0,0,0,0,0,0,0,0,,,,0,0,0,0,0,0,0,,0,0,0,0,,0,0,,0,0,0,0,0,0,0,0,0,0,0,0
00-0032243,A.Marpet,Ali Marpet,G,OL,"https://static.www.nfl.com/image/private/f_auto,q_auto/league/k7sztrljegjwaugn2hsh",2017,REG,TB,4,0,0,0,0,0,0,0,0,0,0,0,0,,,0,,0,0,0,0,0,0,0,0,0,0,,0,0,0,0,0,0,0,0,0,0,0,0,0,0,,0,0,0,0,0,,0,0,0,0,1,0,0,0,0,0,0,0,0,0,0,0,0,0,0,0,0,0,0,0,0,3,30,0,0,0,0,0,0,0,0,0,0,0,0,0,,,0,0,0,0,0,0,0,0,0,0,0,0,,,,0,0,0,0,0,0,0,,0,0,0,0,,0,0,,0,0,0,0,0,0,0,0,0,0,0,0
00-0032244,J.Brown,Jamon Brown,G,OL,"https://static.www.nfl.com/image/private/f_auto,q_auto/league/ku1pmajzxljktyxlonql",2017,REG,LA,4,0,0,0,0,0,0,0,0,0,0,0,0,,,0,,0,0,0,0,0,0,0,0,0,0,,0,0,0,0,0,0,0,0,0,0,0,0,0,0,,0,0,0,0,0,,0,0,0,0,0,0,0,0,0,0,0,0,0,0,0,0,0,0,0,0,0,0,0,0,0,5,30,0,0,0,0,0,0,0,0,0,0,0,0,0,,,0,0,0,0,0,0,0,0,0,0,0,0,,,,0,0,0,0,0,0,0,,0,0,0,0,,0,0,,0,0,0,0,0,0,0,0,0,0,0,0
00-0032245,S.Mannion,Sean Mannion,QB,QB,"https://static.www.nfl.com/image/private/f_auto,q_auto/league/lcuc7hhiijmt8xtitm77",2017,REG,LA,5,22,37,185,0,0,3,-20,1,1,256,76,8,-16.0404724127906,-6.59650411154773,0,0.72265625,5,3,2,1,9,-2,0,1,0,3,1.61426816828316,0,0,0,0,0,0,0,0,0,0,0,0,0,0,,0,0,0,0,0,,0,0,0,0,0,0,0,0,0,0,0,0,0,0,0,0,0,0,0,0,0,0,0,0,0,1,3,1,1,0,2,1,0,0,0,0,0,0,0,0,,,0,0,0,0,0,0,0,0,0,0,0,0,,,,0,0,0,0,0,0,0,,0,0,0,0,,0,0,,0,0,0,0,0,0,0,0,0,0,5.2,5.2
00-0032248,B.Hager,Bryce Hager,OLB,LB,"https://static.www.nfl.com/image/private/f_auto,q_auto/league/y6vab0kwgq8mghurpiy7",2017,REG,LA,8,0,0,0,0,0,0,0,0,0,0,0,0,,,0,,0,0,0,0,0,0,0,0,0,0,,0,0,0,0,0,0,0,0,0,0,0,0,0,0,,0,0,0,0,0,,0,0,0,0,6,3,3,0,0,1,0,0,2,0,0,1,0,0,0,0,0,0,1,0,0,1,15,0,0,0,0,0,0,0,0,0,0,0,0,0,,,0,0,0,0,0,0,0,0,0,0,0,0,,,,0,0,0,0,0,0,0,,0,0,0,0,,0,0,,0,0,0,0,0,0,0,0,0,0,0,0
00-0032250,K.Williams,Kasen Williams,WR,WR,"https://static.www.nfl.com/image/private/f_auto,q_auto/league/wclsdffaruwekvlwbmx3",2017,REG,CLE,6,0,0,0,0,0,0,0,0,0,0,0,0,,,0,,0,0,0,0,0,0,0,0,0,0,,0,0,0,0,0,9,18,84,0,0,0,196,21,2,-10.0586035222805,0,4,0,0,0,0.428571428571429,0.0318021201413428,0.0377794911333847,0.0741488240053834,0,1,0,0,0,0,0,0,0,0,0,0,0,0,0,0,0,0,0,0,0,0,0,0,0,0,0,0,0,0,0,0,0,0,0,0,0,,,0,0,0,0,0,0,0,0,0,0,0,0,,,,0,0,0,0,0,0,0,,0,0,0,0,,0,0,,0,0,0,0,0,0,0,0,0,0,8.4,17.4
00-0032251,D.Randall,Damarious Randall,S,DB,"https://static.www.nfl.com/image/private/f_auto,q_auto/league/p1woko44y96vuejxxh2h",2017,REG,GB,14,0,0,0,0,0,0,0,0,0,0,0,0,,,0,,0,0,0,0,0,0,0,0,0,0,,0,0,0,0,0,0,0,0,0,0,0,0,0,0,,0,0,0,0,0,,0,0,0,0,33,5,9,4,10,0,0,0,0,4,35,9,1,0,0,0,0,0,1,0,0,1,15,0,0,0,0,0,0,0,0,0,0,0,0,0,,,0,0,0,0,0,0,0,0,0,0,0,0,,,,0,0,0,0,0,0,0,,0,0,0,0,,0,0,,0,0,0,0,0,0,0,0,0,0,0,0
00-0032255,A.Cann,A.J. Cann,G,OL,"https://static.www.nfl.com/image/private/f_auto,q_auto/league/wnsy7wpssmnecbo46sxn",2017,REG,JAX,3,0,0,0,0,0,0,0,0,0,0,0,0,,,0,,0,0,0,0,0,0,0,0,0,0,,0,0,0,0,0,0,0,0,0,0,0,0,0,0,,0,0,0,0,0,,0,0,0,0,0,0,0,0,0,0,0,0,0,0,0,0,0,0,0,0,0,0,0,0,0,3,30,0,0,0,0,0,0,0,0,0,0,0,0,0,,,0,0,0,0,0,0,0,0,0,0,0,0,,,,0,0,0,0,0,0,0,,0,0,0,0,,0,0,,0,0,0,0,0,0,0,0,0,0,0,0
00-0032256,C.Walford,Clive Walford,TE,TE,"https://static.www.nfl.com/image/private/f_auto,q_auto/league/fjs40pz6ry6p7jqzckeg",2017,REG,LV,6,0,0,0,0,0,0,0,0,0,0,0,0,,,0,,0,0,0,0,0,0,0,0,0,0,,0,0,0,0,0,9,13,80,0,0,0,145,22,2,-1.24266447796253,0,3,2,1,0,0.551724137931035,0.0235507246376812,0.0311493018259936,0.0571305982347172,0,0,0,0,0,0,0,0,0,0,0,0,0,0,0,0,0,0,0,0,0,0,0,0,0,0,0,0,0,0,0,0,0,0,0,0,0,,,0,0,0,0,0,0,0,0,0,0,0,0,,,,0,0,0,0,0,0,0,,0,0,0,0,,0,0,,0,0,0,0,0,0,0,0,0,0,8,17
00-0032257,D.Johnson,Duke Johnson,RB,RB,"https://static.www.nfl.com/image/private/f_auto,q_auto/league/hf7lxjjesduggqdfktsg",2017,REG,CLE,16,0,0,0,0,0,0,0,0,0,0,0,0,,,0,,0,0,0,0,82,348,4,1,0,26,3.9435864383122,0,12,9,0,0,74,93,693,3,2,2,199,634,31,5.06310204232075,0,25,13,9,1,3.48241206030151,0.164310954063604,0.0383577486507325,0.273316855150919,0,2,0,0,0,0,0,0,0,0,0,0,0,0,1,0,0,3,0,0,0,0,1,15,3,1,0,4,2,3,17,0,0,0,0,0,0,,,0,0,0,0,0,0,0,0,0,0,0,0,,,,0,0,0,0,0,0,0,,0,0,0,0,,0,0,,0,0,0,0,0,0,0,0,0,0,142.1,216.1
00-0032259,E.Flowers,Ereck Flowers,G,OL,"https://static.www.nfl.com/image/private/f_auto,q_auto/league/dui4nltkl7uzpgeiguld",2017,REG,NYG,6,0,0,0,0,0,0,0,0,0,0,0,0,,,0,,0,0,0,0,0,0,0,0,0,0,,0,0,0,0,0,0,0,0,0,0,0,0,0,0,,0,0,0,0,0,,0,0,0,0,0,0,0,0,0,0,0,0,0,0,0,0,0,0,0,0,1,0,0,0,0,6,54,0,0,0,0,0,0,0,0,0,0,0,0,0,,,0,0,0,0,0,0,0,0,0,0,0,0,,,,0,0,0,0,0,0,0,,0,0,0,0,,0,0,,0,0,0,0,0,0,0,0,0,0,0,0
00-0032261,M.Brown,Malcom Brown,DT,DL,"https://static.www.nfl.com/image/private/f_auto,q_auto/league/udyfigpuqbsj3uaacirh",2017,REG,NE,13,0,0,0,0,0,0,0,0,0,0,0,0,,,0,,0,0,0,0,0,0,0,0,0,0,,0,0,0,0,0,0,0,0,0,0,0,0,0,0,,0,0,0,0,0,,0,0,0,0,19,10,20,4,24,0,2.5,18.5,5,0,0,0,0,0,0,0,0,0,0,0,0,3,25,0,0,0,0,0,0,0,0,0,0,0,0,0,,,0,0,0,0,0,0,0,0,0,0,0,0,,,,0,0,0,0,0,0,0,,0,0,0,0,,0,0,,0,0,0,0,0,0,0,0,0,0,0,0
00-0032262,L.Collins,Landon Collins,LB,LB,"https://static.www.nfl.com/image/private/f_auto,q_auto/league/hyefzfcujafngv8nmzea",2017,REG,NYG,15,0,0,0,0,0,0,0,0,0,0,0,0,,,0,,0,0,0,0,0,0,0,0,0,0,,0,0,0,0,0,0,0,0,0,0,0,0,0,0,,0,0,0,0,0,,0,0,0,0,62,16,26,3,5,1,0,0,2,2,21,6,0,0,0,0,0,0,2,33,0,1,15,0,0,0,0,0,0,0,0,0,0,0,0,0,,,0,0,0,0,0,0,0,0,0,0,0,0,,,,0,0,0,0,0,0,0,,0,0,0,0,,0,0,,0,0,0,0,0,0,0,0,0,0,0,0
00-0032265,M.Edwards,Mario Edwards,DT,DL,"https://static.www.nfl.com/image/upload/f_auto,q_auto/league/cia50revbealvw5biusr",2017,REG,LV,11,0,0,0,0,0,0,0,0,0,0,0,0,,,0,,0,0,0,0,0,0,0,0,0,0,,0,0,0,0,0,0,0,0,0,0,0,0,0,0,,0,0,0,0,0,,0,0,0,0,17,2,8,3,12,0,3.5,14.5,9,0,0,0,0,0,0,0,0,0,0,0,0,2,20,0,0,0,0,0,0,0,0,0,0,0,0,0,,,0,0,0,0,0,0,0,0,0,0,0,0,,,,0,0,0,0,0,0,0,,0,0,0,0,,0,0,,0,0,0,0,0,0,0,0,0,0,0,0
00-0032268,M.Mariota,Marcus Mariota,QB,QB,"https://static.www.nfl.com/image/upload/f_auto,q_auto/league/b9ribxqudeehvmjlw0va",2017,REG,TEN,15,281,453,3232,13,15,27,-173,0,0,4043,1254,147,-7.62624245611102,0.691990261691419,0,0.799406381399951,137,67,39,6,60,312,5,2,1,22,10.3851460156357,0,9,7,2,0,0,0,0,0,0,0,0,0,0,,0,0,0,0,0,,0,0,0,0,2,0,0,0,0,0,0,0,0,0,0,0,0,0,0,0,1,-7,0,0,0,2,10,1,1,0,2,1,0,0,0,0,0,0,0,0,,,0,0,0,0,0,0,0,0,0,0,0,0,,,,0,0,0,0,0,0,0,,0,0,0,0,,0,0,,0,0,0,0,0,0,0,0,0,0,210.48,210.48
00-0032269,H.Anderson,Henry Anderson,DE,DL,"https://static.www.nfl.com/image/private/f_auto,q_auto/league/whijicwi8dymk1zhlafi",2017,REG,IND,9,0,0,0,0,0,0,0,0,0,0,0,0,,,0,,0,0,0,0,0,0,0,0,0,0,,0,0,0,0,0,0,0,0,0,0,0,0,0,0,,0,0,0,0,0,,0,0,0,0,15,0,7,4,20,1,2,8,7,0,0,0,0,0,0,0,0,0,0,0,0,1,15,0,0,0,0,0,0,0,0,0,0,0,0,0,,,0,0,0,0,0,0,0,0,0,0,0,0,,,,0,0,0,0,0,0,0,,0,0,0,0,,0,0,,0,0,0,0,0,0,0,0,0,0,0,0
00-0032298,B.Hill,Bronson Hill,RB,RB,"https://static.www.nfl.com/image/private/f_auto,q_auto/league/plws0l63xcalmdkv9wwb",2017,REG,ARI,2,0,0,0,0,0,0,0,0,0,0,0,0,,,0,,0,0,0,0,1,-2,0,0,0,0,-1.47879130579531,0,0,0,0,0,0,0,0,0,0,0,0,0,0,,0,0,0,0,0,,0,0,0,0,1,0,0,0,0,0,0,0,0,0,0,0,0,0,0,0,0,0,0,0,0,0,0,0,0,0,0,0,0,0,0,0,0,0,0,0,,,0,0,0,0,0,0,0,0,0,0,0,0,,,,0,0,0,0,0,0,0,,0,0,0,0,,0,0,,0,0,0,0,0,0,0,0,0,0,-0.2,-0.2
00-0032319,R.Travis,Ross Travis,TE,TE,"https://static.www.nfl.com/image/private/f_auto,q_auto/league/pqolizpud8fnjlh1s44h",2017,REG,IND,11,0,0,0,0,0,0,0,0,0,0,0,0,,,0,,0,0,0,0,0,0,0,0,0,0,,0,0,0,0,0,7,17,76,0,1,0,202,34,5,-7.62924701964106,0,4,2,1,0,0.376237623762376,0.0321969696969697,0.0481181515007146,0.0819781605959548,0,0,0,0,0,0,0,0,0,0,0,0,0,0,0,0,0,1,0,0,0,0,1,8,1,0,0,1,0,0,0,0,0,0,0,0,0,,,0,0,0,0,0,0,0,0,0,0,0,0,,,,0,0,0,0,0,0,0,,0,0,0,0,,0,0,,0,0,0,0,0,0,0,0,0,0,7.6,14.6
00-0032320,E.Harris,Erik Harris,FS,DB,"https://static.www.nfl.com/image/private/f_auto,q_auto/league/vzqjwjllaqqqmrvvqwry",2017,REG,LV,6,0,0,0,0,0,0,0,0,0,0,0,0,,,0,,0,0,0,0,0,0,0,0,0,0,,0,0,0,0,0,0,0,0,0,0,0,0,0,0,,0,0,0,0,0,,0,0,0,0,4,0,1,0,0,0,0,0,0,0,0,0,0,0,0,0,0,0,0,0,0,0,0,0,0,0,0,0,0,0,0,0,0,0,0,0,,,0,0,0,0,0,0,0,0,0,0,0,0,,,,0,0,0,0,0,0,0,,0,0,0,0,,0,0,,0,0,0,0,0,0,0,0,0,0,0,0
00-0032322,D.McCoil,Dexter McCoil,DB,DB,"https://static.www.nfl.com/image/private/f_auto,q_auto/league/yfmjmqdmne3wi51pg4je",2017,REG,SF,5,0,0,0,0,0,0,0,0,0,0,0,0,,,0,,0,0,0,0,0,0,0,0,0,0,,0,0,0,0,0,0,0,0,0,0,0,0,0,0,,0,0,0,0,0,,0,0,0,0,5,0,0,0,0,0,0,0,0,0,0,0,0,0,0,0,0,0,0,0,0,1,13,0,0,0,0,0,0,0,0,0,0,0,0,0,,,0,0,0,0,0,0,0,0,0,0,0,0,,,,0,0,0,0,0,0,0,,0,0,0,0,,0,0,,0,0,0,0,0,0,0,0,0,0,0,0
00-0032350,S.McClure,Stefan McClure,DB,DB,"https://static.www.nfl.com/image/private/f_auto,q_auto/league/oaxqrume0zqgk3orgkbw",2017,REG,WAS,3,0,0,0,0,0,0,0,0,0,0,0,0,,,0,,0,0,0,0,0,0,0,0,0,0,,0,0,0,0,0,0,0,0,0,0,0,0,0,0,,0,0,0,0,0,,0,0,0,0,2,0,1,0,0,0,0,0,0,0,0,0,0,0,0,0,0,0,0,0,0,1,9,0,0,0,0,0,0,0,0,0,0,0,0,0,,,0,0,0,0,0,0,0,0,0,0,0,0,,,,0,0,0,0,0,0,0,,0,0,0,0,,0,0,,0,0,0,0,0,0,0,0,0,0,0,0
00-0032353,C.Milton,Chris Milton,CB,DB,"https://static.www.nfl.com/image/private/f_auto,q_auto/league/rrbu4n6jnejttc06pmpc",2017,REG,IND,9,0,0,0,0,0,0,0,0,0,0,0,0,,,0,,0,0,0,0,0,0,0,0,0,0,,0,0,0,0,0,0,0,0,0,0,0,0,0,0,,0,0,0,0,0,,0,0,0,0,9,0,0,0,0,0,0,0,0,0,0,0,0,0,0,0,1,0,0,0,0,4,36,0,0,0,0,0,0,0,0,0,0,0,0,0,,,0,0,0,0,0,0,0,0,0,0,0,0,,,,0,0,0,0,0,0,0,,0,0,0,0,,0,0,,0,0,0,0,0,0,0,0,0,0,0,0
00-0032354,A.Redmond,Adam Redmond,C,OL,"https://static.www.nfl.com/image/private/f_auto,q_auto/league/cq0pdsuvyiskvlyfdhit",2017,REG,IND,1,0,0,0,0,0,0,0,0,0,0,0,0,,,0,,0,0,0,0,0,0,0,0,0,0,,0,0,0,0,0,0,0,0,0,0,0,0,0,0,,0,0,0,0,0,,0,0,0,0,0,0,0,0,0,0,0,0,0,0,0,0,0,0,0,0,0,0,0,0,0,2,10,0,0,0,0,0,0,0,0,0,0,0,0,0,,,0,0,0,0,0,0,0,0,0,0,0,0,,,,0,0,0,0,0,0,0,,0,0,0,0,,0,0,,0,0,0,0,0,0,0,0,0,0,0,0
00-0032355,C.Rogers,Chester Rogers,WR,WR,"https://static.www.nfl.com/image/private/f_auto,q_auto/league/lkszsifhpwtjpvjvlxw5",2017,REG,IND,10,0,0,0,0,0,0,0,0,0,0,0,0,,,0,,0,0,0,0,3,8,0,0,0,0,-0.756947060814127,0,0,0,0,0,23,37,284,1,0,0,345,104,15,3.64512426851087,0,11,6,2,1,0.823188405797101,0.0783898305084746,0.0938009787928222,0.183245430917687,0,0,0,0,0,0,0,0,0,0,0,0,0,0,0,0,0,0,0,0,0,0,3,21,0,0,0,0,0,10,80,1,5,0,0,0,0,,,0,0,0,0,0,0,0,0,0,0,0,0,,,,0,0,0,0,0,0,0,,0,0,0,0,,0,0,,0,0,0,0,0,0,0,0,0,0,35.2,58.2
00-0032362,M.Harris,Maurice Harris,WR,WR,"https://static.www.nfl.com/image/private/f_auto,q_auto/league/rslwahd8pggo2ghktogx",2017,REG,WAS,4,0,0,0,0,0,0,0,0,0,0,0,0,,,0,,0,0,0,0,0,0,0,0,0,0,,0,0,0,0,0,4,6,62,1,0,0,62,8,3,2.76243624114431,0,2,1,1,0,1,0.0112359550561798,0.0149289670117987,0.0273042094925288,0,0,0,0,0,0,0,0,0,0,0,0,0,0,0,0,0,0,0,0,0,0,0,0,0,0,0,0,0,0,0,3,71,0,0,0,0,,,0,0,0,0,0,0,0,0,0,0,0,0,,,,0,0,0,0,0,0,0,,0,0,0,0,,0,0,,0,0,0,0,0,0,0,0,0,0,12.2,16.2
00-0032366,T.Matakevich,Tyler Matakevich,ILB,LB,"https://static.www.nfl.com/image/upload/f_auto,q_auto/league/ug86kkpgmc0c9ntyp5qb",2017,REG,PIT,11,0,0,0,0,0,0,0,0,0,0,0,0,,,0,,0,0,0,0,0,0,0,0,0,0,,0,0,0,0,0,0,0,0,0,0,0,0,0,0,,0,0,0,0,0,,0,0,0,0,16,2,5,0,0,0,0,0,0,0,0,1,0,0,0,0,0,0,0,0,0,0,0,0,0,0,0,0,0,0,0,0,0,0,0,0,,,0,0,0,0,0,0,0,0,0,0,0,0,,,,0,0,0,0,0,0,0,,0,0,0,0,,0,0,,0,0,0,0,0,0,0,0,0,0,0,0
00-0032369,A.Lanier,Anthony Lanier,DE,DL,"https://static.www.nfl.com/image/private/f_auto,q_auto/league/cvk5vfvpybanhgaiqpno",2017,REG,WAS,8,0,0,0,0,0,0,0,0,0,0,0,0,,,0,,0,0,0,0,0,0,0,0,0,0,,0,0,0,0,0,0,0,0,0,0,0,0,0,0,,0,0,0,0,0,,0,0,0,0,7,4,3,4,19,1,5,29,9,0,0,6,0,0,0,0,0,0,1,0,0,1,5,0,0,0,0,0,0,0,0,0,0,0,0,0,,,0,0,0,0,0,0,0,0,0,0,0,0,,,,0,0,0,0,0,0,0,,0,0,0,0,,0,0,,0,0,0,0,0,0,0,0,0,0,0,0
00-0032371,R.Kelley,Rob Kelley,RB,RB,"https://static.www.nfl.com/image/private/f_auto,q_auto/league/xh5lyubvptmxmccydl73",2017,REG,WAS,7,0,0,0,0,0,0,0,0,0,0,0,0,,,0,,0,0,0,0,62,194,3,0,0,8,-8.04813560389448,0,4,3,1,0,4,7,18,0,0,0,-15,20,3,-1.03256537875859,0,0,0,0,0,-1.2,0.0131086142322097,-0.00361184685769323,0.0171346285479293,0,0,0,0,0,0,0,0,0,0,0,0,0,0,0,0,0,0,0,0,0,0,0,0,0,0,0,0,0,0,0,1,16,0,0,0,0,,,0,0,0,0,0,0,0,0,0,0,0,0,,,,0,0,0,0,0,0,0,,0,0,0,0,,0,0,,0,0,0,0,0,0,0,0,0,0,39.2,43.2
00-0032375,J.Kerridge,Joe Kerridge,FB,RB,"https://static.www.nfl.com/image/private/f_auto,q_auto/league/jq2lqxdjddotlgnpvpyu",2017,REG,GB,1,0,0,0,0,0,0,0,0,0,0,0,0,,,0,,0,0,0,0,0,0,0,0,0,0,,0,0,0,0,0,1,1,3,0,0,0,3,0,0,-0.45988075673813,0,0,0,0,0,1,0.00180505415162455,0.000735113942661113,0.0032221609872996,0,0,0,0,0,0,0,0,0,0,0,0,0,0,0,0,0,0,0,0,0,0,0,0,0,0,0,0,0,0,0,0,0,0,0,0,0,,,0,0,0,0,0,0,0,0,0,0,0,0,,,,0,0,0,0,0,0,0,,0,0,0,0,,0,0,,0,0,0,0,0,0,0,0,0,0,0.3,1.3
00-0032377,J.Ferguson,Josh Ferguson,RB,RB,"https://static.www.nfl.com/image/private/f_auto,q_auto/league/htmbqglun1ydytcfrltb",2017,REG,IND,5,0,0,0,0,0,0,0,0,0,0,0,0,,,0,,0,0,0,0,1,5,0,0,0,0,-0.158175949705765,0,0,0,0,0,3,4,16,0,0,0,9,24,0,-0.311792748630978,0,0,0,0,0,1.77777777777778,0.00847457627118644,0.00244698205546493,0.0144247518456051,0,0,0,0,0,0,0,0,0,0,0,0,0,0,0,0,0,0,0,0,0,0,1,13,0,0,0,0,0,0,0,5,86,0,0,0,0,,,0,0,0,0,0,0,0,0,0,0,0,0,,,,0,0,0,0,0,0,0,,0,0,0,0,,0,0,,0,0,0,0,0,0,0,0,0,0,2.1,5.1
00-0032378,D.Buckner,DeForest Buckner,DT,DL,"https://static.www.nfl.com/image/upload/f_auto,q_auto/league/mtyogyexnz2ik3fbs3am",2017,REG,SF,15,0,0,0,0,0,0,0,0,0,0,0,0,,,0,,0,0,0,0,0,0,0,0,0,0,,0,0,0,0,0,0,0,0,0,0,0,0,0,0,,0,0,0,0,0,,0,0,0,0,36,9,16,4,19,1,3,21,22,0,0,5,0,0,0,0,0,0,0,0,0,4,23,0,0,0,0,0,0,0,0,0,0,0,0,0,,,0,0,0,0,0,0,0,0,0,0,0,0,,,,0,0,0,0,0,0,0,,0,0,0,0,,0,0,,0,0,0,0,0,0,0,0,0,0,0,0
00-0032379,E.Apple,Eli Apple,CB,DB,"https://static.www.nfl.com/image/upload/f_auto,q_auto/league/szrv0msliekcbdfulpzb",2017,REG,NYG,11,0,0,0,0,0,0,0,0,0,0,0,0,,,0,,0,0,0,0,0,0,0,0,0,0,,0,0,0,0,0,0,0,0,0,0,0,0,0,0,,0,0,0,0,0,,0,0,0,0,34,7,8,0,0,0,0,0,1,0,0,8,0,0,0,0,0,0,2,0,0,7,107,0,0,0,0,0,0,0,0,0,0,0,0,0,,,0,0,0,0,0,0,0,0,0,0,0,0,,,,0,0,0,0,0,0,0,,0,0,0,0,,0,0,,0,0,0,0,0,0,0,0,0,0,0,0
00-0032380,L.Tunsil,Laremy Tunsil,OT,OL,"https://static.www.nfl.com/image/upload/f_auto,q_auto/league/ewy0qnfl6956hfatqszj",2017,REG,MIA,9,0,0,0,0,0,0,0,0,0,0,0,0,,,0,,0,0,0,0,0,0,0,0,0,0,,0,0,0,0,0,0,0,0,0,0,0,0,0,0,,0,0,0,0,0,,0,0,0,0,0,0,0,0,0,0,0,0,0,0,0,0,0,0,0,0,0,0,0,0,0,12,78,0,0,0,0,0,0,0,0,0,0,0,0,0,,,0,0,0,0,0,0,0,0,0,0,0,0,,,,0,0,0,0,0,0,0,,0,0,0,0,,0,0,,0,0,0,0,0,0,0,0,0,0,0,0
00-0032381,T.Decker,Taylor Decker,OT,OL,"https://static.www.nfl.com/image/upload/f_auto,q_auto/league/j0gbwayifwek9ggoraqm",2017,REG,DET,3,0,0,0,0,0,0,0,0,0,0,0,0,,,0,,0,0,0,0,0,0,0,0,0,0,,0,0,0,0,0,0,0,0,0,0,0,0,0,0,,0,0,0,0,0,,0,0,0,0,0,0,0,0,0,0,0,0,0,0,0,0,0,0,0,0,0,0,0,0,0,3,20,0,0,0,0,0,0,0,0,0,0,0,0,0,,,0,0,0,0,0,0,0,0,0,0,0,0,,,,0,0,0,0,0,0,0,,0,0,0,0,,0,0,,0,0,0,0,0,0,0,0,0,0,0,0
00-0032382,K.Neal,Keanu Neal,S,DB,"https://static.www.nfl.com/image/private/f_auto,q_auto/league/zz77nplqxb4kvkzionja",2017,REG,ATL,16,0,0,0,0,0,0,0,0,0,0,0,0,,,0,,0,0,0,0,0,0,0,0,0,0,,0,0,0,0,0,0,0,0,0,0,0,0,0,0,,0,0,0,0,0,,0,0,0,0,79,4,33,4,7,3,0,0,0,1,19,6,0,0,0,0,0,0,2,0,0,2,23,0,0,0,0,0,0,0,0,0,0,0,0,0,,,0,0,0,0,0,0,0,0,0,0,0,0,,,,0,0,0,0,0,0,0,,0,0,0,0,,0,0,,0,0,0,0,0,0,0,0,0,0,0,0
00-0032384,G.Ifedi,Germain Ifedi,OT,OL,"https://static.www.nfl.com/image/upload/f_auto,q_auto/league/qqjiis2ybfqh1gkc5jgm",2017,REG,SEA,12,0,0,0,0,0,0,0,0,0,0,0,0,,,0,,0,0,0,0,0,0,0,0,0,0,,0,0,0,0,0,0,0,0,0,0,0,0,0,0,,0,0,0,0,0,,0,0,0,0,0,0,0,0,0,0,0,0,0,0,0,0,0,0,0,0,0,0,0,0,0,16,120,0,0,0,0,0,0,0,0,0,0,0,0,0,,,0,0,0,0,0,0,0,0,0,0,0,0,,,,0,0,0,0,0,0,0,,0,0,0,0,,0,0,,0,0,0,0,0,0,0,0,0,0,0,0
00-0032385,S.Shepard,Sterling Shepard,WR,WR,"https://static.www.nfl.com/image/upload/f_auto,q_auto/league/l47czwi8aaznnit0se5h",2017,REG,NYG,11,0,0,0,0,0,0,0,0,0,0,0,0,,,0,,0,0,0,0,4,4,0,0,0,1,-2.49109642487019,0,1,1,0,0,59,84,731,2,1,0,750,295,36,29.8007668551986,0,27,11,7,3,0.974666666666667,0.139303482587065,0.170803917103166,0.328517965852813,0,2,0,0,0,0,0,0,0,0,0,0,0,0,0,0,0,1,0,0,0,0,2,25,1,0,0,1,0,0,0,0,0,0,0,0,0,,,0,0,0,0,0,0,0,0,0,0,0,0,,,,0,0,0,0,0,0,0,,0,0,0,0,,0,0,,0,0,0,0,0,0,0,0,0,0,85.5,144.5
00-0032386,K.Correa,Kamalei Correa,OLB,LB,"https://static.www.nfl.com/image/private/f_auto,q_auto/league/xkyr8eqin1g561wsqse2",2017,REG,BAL,8,0,0,0,0,0,0,0,0,0,0,0,0,,,0,,0,0,0,0,0,0,0,0,0,0,,0,0,0,0,0,0,0,0,0,0,0,0,0,0,,0,0,0,0,0,,0,0,0,0,10,0,5,1,2,0,0,0,1,0,0,1,0,0,0,0,0,0,0,0,0,1,5,0,0,0,0,0,0,0,0,0,0,0,0,0,,,0,0,0,0,0,0,0,0,0,0,0,0,,,,0,0,0,0,0,0,0,,0,0,0,0,,0,0,,0,0,0,0,0,0,0,0,0,0,0,0
00-0032387,J.Reed,Jarran Reed,DT,DL,"https://static.www.nfl.com/image/upload/f_auto,q_auto/league/td7umxhgwkswls8rutk0",2017,REG,SEA,13,0,0,0,0,0,0,0,0,0,0,0,0,,,0,,0,0,0,0,0,0,0,0,0,0,,0,0,0,0,0,0,0,0,0,0,0,0,0,0,,0,0,0,0,0,,0,0,0,0,20,3,22,4,8,1,1.5,7.5,8,0,0,1,0,0,0,0,0,0,0,0,0,3,24,0,0,0,0,0,0,0,0,0,0,0,0,0,,,0,0,0,0,0,0,0,0,0,0,0,0,,,,0,0,0,0,0,0,0,,0,0,0,0,,0,0,,0,0,0,0,0,0,0,0,0,0,0,0
00-0032388,D.Jones,Deion Jones,LB,LB,"https://static.www.nfl.com/image/upload/f_auto,q_auto/league/fpmevebnsvfm07e7xhcu",2017,REG,ATL,16,0,0,0,0,0,0,0,0,0,0,0,0,,,0,,0,0,0,0,0,0,0,0,0,0,,0,0,0,0,0,0,0,0,0,0,0,0,0,0,,0,0,0,0,0,,0,0,0,0,85,6,47,9,19,0,1,0,0,3,42,10,0,0,0,0,0,0,0,0,0,4,40,0,0,0,0,0,0,0,0,0,0,0,0,0,,,0,0,0,0,0,0,0,0,0,0,0,0,,,,0,0,0,0,0,0,0,,0,0,0,0,,0,0,,0,0,0,0,0,0,0,0,0,0,0,0
00-0032389,M.Alexander,Mackensie Alexander,CB,DB,"https://static.www.nfl.com/image/private/f_auto,q_auto/league/uyoo4t3miqcvjjva7x20",2017,REG,MIN,11,0,0,0,0,0,0,0,0,0,0,0,0,,,0,,0,0,0,0,0,0,0,0,0,0,,0,0,0,0,0,0,0,0,0,0,0,0,0,0,,0,0,0,0,0,,0,0,0,0,13,0,4,1,6,0,0,0,1,1,10,6,0,0,0,0,0,0,0,0,0,3,26,0,0,0,0,0,0,0,0,0,0,0,0,0,,,0,0,0,0,0,0,0,0,0,0,0,0,,,,0,0,0,0,0,0,0,,0,0,0,0,,0,0,,0,0,0,0,0,0,0,0,0,0,0,0
00-0032391,J.Thuney,Joe Thuney,G,OL,"https://static.www.nfl.com/image/upload/f_auto,q_auto/league/fstgjypwv8bcpfaae5mi",2017,REG,NE,3,0,0,0,0,0,0,0,0,0,0,0,0,,,0,,0,0,0,0,0,0,0,0,0,0,,0,0,0,0,0,0,0,0,0,0,0,0,0,0,,0,0,0,0,0,,0,0,0,0,1,0,0,0,0,0,0,0,0,0,0,0,0,0,0,0,0,0,0,0,0,3,35,0,0,0,0,0,0,0,0,0,0,0,0,0,,,0,0,0,0,0,0,0,0,0,0,0,0,,,,0,0,0,0,0,0,0,,0,0,0,0,,0,0,,0,0,0,0,0,0,0,0,0,0,0,0
00-0032392,A.Hooper,Austin Hooper,TE,TE,"https://static.www.nfl.com/image/upload/f_auto,q_auto/league/gfvav2gybtr174ckovpk",2017,REG,ATL,16,0,0,0,0,0,0,0,0,0,0,0,0,,,0,,0,0,0,0,0,0,0,0,0,0,,0,0,0,0,0,49,65,526,3,0,0,430,262,18,3.7733123344624,0,18,8,5,2,1.22325581395349,0.125725338491296,0.090146750524109,0.25169073310382,0,2,0,0,0,0,0,0,0,0,0,0,0,0,0,0,0,0,0,0,0,0,6,45,0,0,0,0,0,0,0,0,0,0,0,0,0,,,0,0,0,0,0,0,0,0,0,0,0,0,,,,0,0,0,0,0,0,0,,0,0,0,0,,0,0,,0,0,0,0,0,0,0,0,0,0,70.6,119.6
00-0032393,C.Prosise,C.J. Prosise,RB,RB,"https://static.www.nfl.com/image/private/f_auto,q_auto/league/rcutby5hu0vtijh6adle",2017,REG,SEA,4,0,0,0,0,0,0,0,0,0,0,0,0,,,0,,0,0,0,0,11,23,0,0,0,1,-3.93263713544002,0,0,0,0,0,6,11,87,0,0,0,86,50,3,1.26451259531314,0,2,1,1,1,1.01162790697674,0.0209125475285171,0.0158117300974444,0.0424370323609867,0,0,0,0,0,0,0,0,0,0,0,0,0,0,0,0,0,0,0,0,0,0,0,0,0,0,0,0,0,0,0,0,0,0,0,0,0,,,0,0,0,0,0,0,0,0,0,0,0,0,,,,0,0,0,0,0,0,0,,0,0,0,0,,0,0,,0,0,0,0,0,0,0,0,0,0,11,17
00-0032394,N.Vannett,Nick Vannett,TE,TE,"https://static.www.nfl.com/image/upload/f_auto,q_auto/league/srrlkx2mydsb8gfco6fp",2017,REG,SEA,10,0,0,0,0,0,0,0,0,0,0,0,0,,,0,,0,0,0,0,0,0,0,0,0,0,,0,0,0,0,0,12,15,124,1,0,0,108,45,6,5.89599346870091,0,7,4,1,0,1.14814814814815,0.0285171102661597,0.0198565912851627,0.0566752792988534,0,1,0,1,0,0,0,0,0,0,0,0,0,0,0,0,0,0,0,0,0,0,0,0,0,0,0,0,0,0,0,1,0,0,0,0,0,,,0,0,0,0,0,0,0,0,0,0,0,0,,,,0,0,0,0,0,0,0,,0,0,0,0,,0,0,,0,0,0,0,0,0,0,0,0,0,18.4,30.4
00-0032395,G.Glasgow,Graham Glasgow,C,OL,"https://static.www.nfl.com/image/upload/f_auto,q_auto/league/mgmeks8iieefdbtk2zob",2017,REG,DET,7,0,0,0,0,0,0,0,0,0,0,0,0,,,0,,0,0,0,0,0,0,0,0,0,0,,0,0,0,0,0,0,0,0,0,0,0,0,0,0,,0,0,0,0,0,,0,0,0,0,4,0,0,0,0,0,0,0,0,0,0,0,0,0,0,0,0,0,0,0,0,4,39,0,0,0,0,0,0,0,0,0,0,0,0,0,,,0,0,0,0,0,0,0,0,0,0,0,0,,,,0,0,0,0,0,0,0,,0,0,0,0,,0,0,,0,0,0,0,0,0,0,0,0,0,0,0
00-0032397,R.Odhiambo,Rees Odhiambo,OT,OL,"https://static.www.nfl.com/image/private/f_auto,q_auto/league/rpvhjkpofbjjjqkp6z9m",2017,REG,SEA,1,0,0,0,0,0,0,0,0,0,0,0,0,,,0,,0,0,0,0,0,0,0,0,0,0,,0,0,0,0,0,0,0,0,0,0,0,0,0,0,,0,0,0,0,0,,0,0,0,0,0,0,0,0,0,0,0,0,0,0,0,0,0,0,0,0,0,0,0,0,0,1,5,0,0,0,0,0,0,0,0,0,0,0,0,0,,,0,0,0,0,0,0,0,0,0,0,0,0,,,,0,0,0,0,0,0,0,,0,0,0,0,,0,0,,0,0,0,0,0,0,0,0,0,0,0,0
00-0032398,C.Moore,Chris Moore,WR,WR,"https://static.www.nfl.com/image/upload/f_auto,q_auto/league/o0s29hnpztyxqotqdx8h",2017,REG,BAL,13,0,0,0,0,0,0,0,0,0,0,0,0,,,0,,0,0,0,0,2,-9,0,0,0,0,-2.76001570327207,0,0,0,0,0,18,38,248,3,0,0,516,41,11,-5.41863632068271,0,11,7,5,0,0.48062015503876,0.0677361853832442,0.13430504945341,0.195617812692253,0,1,0,0,0,0,0,0,0,0,0,0,0,0,0,0,0,2,0,0,0,1,1,10,0,0,0,0,0,0,0,13,346,0,0,0,0,,,0,0,0,0,0,0,0,0,0,0,0,0,,,,0,0,0,0,0,0,0,,0,0,0,0,,0,0,,0,0,0,0,0,0,0,0,0,0,41.9,59.9
00-0032399,M.Killebrew,Miles Killebrew,SAF,DB,"https://static.www.nfl.com/image/upload/f_auto,q_auto/league/f9p5bqqqb38i6kgvqzms",2017,REG,DET,14,0,0,0,0,0,0,0,0,0,0,0,0,,,0,,0,0,0,0,0,0,0,0,0,0,,0,0,0,0,0,0,0,0,0,0,0,0,0,0,,0,0,0,0,0,,0,0,0,0,31,1,6,1,4,1,0,0,1,1,35,5,1,0,0,0,0,0,0,0,0,1,10,0,0,0,0,0,0,0,0,0,0,0,0,0,,,0,0,0,0,0,0,0,0,0,0,0,0,,,,0,0,0,0,0,0,0,,0,0,0,0,,0,0,,0,0,0,0,0,0,0,0,0,0,0,0
00-0032401,D.Campbell,De'Vondre Campbell,OLB,LB,"https://static.www.nfl.com/image/upload/f_auto,q_auto/league/wctve53etxcg6hx9o9cr",2017,REG,ATL,16,0,0,0,0,0,0,0,0,0,0,0,0,,,0,,0,0,0,0,0,0,0,0,0,0,,0,0,0,0,0,0,0,0,0,0,0,0,0,0,,0,0,0,0,0,,0,0,0,0,56,4,31,3,17,1,2,15,6,0,0,4,0,0,0,0,0,0,0,0,0,0,0,0,0,0,0,0,0,0,0,0,0,0,0,0,,,0,0,0,0,0,0,0,0,0,0,0,0,,,,0,0,0,0,0,0,0,,0,0,0,0,,0,0,,0,0,0,0,0,0,0,0,0,0,0,0
00-0032402,H.Ridgeway,Hassan Ridgeway,DT,DL,"https://static.www.nfl.com/image/private/f_auto,q_auto/league/qwfblduq15msbj7vd0sn",2017,REG,IND,11,0,0,0,0,0,0,0,0,0,0,0,0,,,0,,0,0,0,0,0,0,0,0,0,0,,0,0,0,0,0,0,0,0,0,0,0,0,0,0,,0,0,0,0,0,,0,0,0,0,5,0,9,3,22,0,3,22,4,0,0,0,0,0,1,0,0,0,0,0,0,2,10,0,0,0,0,0,0,0,0,0,0,0,0,0,,,0,0,0,0,0,0,0,0,0,0,0,0,,,,0,0,0,0,0,0,0,,0,0,0,0,,0,0,,0,0,0,0,0,0,0,0,0,0,0,0
00-0032403,J.Burris,Juston Burris,FS,DB,"https://static.www.nfl.com/image/private/f_auto,q_auto/league/jfec3gix9dui5nyxavh6",2017,REG,NYJ,10,0,0,0,0,0,0,0,0,0,0,0,0,,,0,,0,0,0,0,0,0,0,0,0,0,,0,0,0,0,0,0,0,0,0,0,0,0,0,0,,0,0,0,0,0,,0,0,0,0,19,0,2,1,4,1,0,0,0,1,48,2,0,0,0,0,0,0,1,0,0,2,10,0,0,0,0,0,0,0,0,0,0,0,0,0,,,0,0,0,0,0,0,0,0,0,0,0,0,,,,0,0,0,0,0,0,0,,0,0,0,0,,0,0,,0,0,0,0,0,0,0,0,0,0,0,0
00-0032404,T.Ervin,Tyler Ervin,RB,RB,"https://static.www.nfl.com/image/private/f_auto,q_auto/league/sntwf66d9yogl1mdxprt",2017,REG,HOU,4,0,0,0,0,0,0,0,0,0,0,0,0,,,0,,0,0,0,0,4,12,0,0,0,1,-0.728061878005974,0,0,0,0,0,8,11,38,0,0,0,57,12,1,-1.86854570909597,0,0,0,0,0,0.666666666666667,0.0213178294573643,0.0109531129900077,0.0396439232790519,0,0,1,0,0,0,0,0,0,0,0,0,0,0,0,0,0,0,0,0,0,0,0,0,0,0,0,0,0,8,60,5,93,0,0,0,0,,,0,0,0,0,0,0,0,0,0,0,0,0,,,,0,0,0,0,0,0,0,,0,0,0,0,,0,0,,0,0,0,0,0,0,0,0,0,0,5,13
00-0032406,A.Morrison,Antonio Morrison,ILB,LB,"https://static.www.nfl.com/image/private/f_auto,q_auto/league/d424jomnnjoya26p8neh",2017,REG,IND,15,0,0,0,0,0,0,0,0,0,0,0,0,,,0,,0,0,0,0,0,0,0,0,0,0,,0,0,0,0,0,0,0,0,0,0,0,0,0,0,,0,0,0,0,0,,0,0,0,0,62,2,45,2,3,0,0,0,0,0,0,1,0,0,0,0,0,0,0,0,0,3,45,0,0,0,0,0,0,0,0,0,0,0,0,0,,,0,0,0,0,0,0,0,0,0,0,0,0,,,,0,0,0,0,0,0,0,,0,0,0,0,,0,0,,0,0,0,0,0,0,0,0,0,0,0,0
00-0032408,B.Martinez,Blake Martinez,ILB,LB,"https://static.www.nfl.com/image/private/f_auto,q_auto/league/cjnmypxafnr8cgfnbnvt",2017,REG,GB,16,0,0,0,0,0,0,0,0,0,0,0,0,,,0,,0,0,0,0,0,0,0,0,0,0,,0,0,0,0,0,0,0,0,0,0,0,0,0,0,,0,0,0,0,0,,0,0,0,0,84,12,48,9,26,1,1,8,2,1,3,8,0,0,0,0,0,0,2,0,0,4,23,0,0,0,0,0,0,0,0,0,0,0,0,0,,,0,0,0,0,0,0,0,0,0,0,0,0,,,,0,0,0,0,0,0,0,,0,0,0,0,,0,0,,0,0,0,0,0,0,0,0,0,0,0,0
00-0032409,W.Henry,Willie Henry,DT,DL,"https://static.www.nfl.com/image/private/f_auto,q_auto/league/arr7gxtbc33limkpftjn",2017,REG,BAL,12,0,0,0,0,0,0,0,0,0,0,0,0,,,0,,0,0,0,0,0,0,0,0,0,0,,0,0,0,0,0,0,0,0,0,0,0,0,0,0,,0,0,0,0,0,,0,0,0,0,23,1,9,6,27,0,3.5,23,11,0,0,5,0,0,0,0,0,0,1,16,0,4,36,0,0,0,0,0,0,0,0,0,0,0,0,0,,,0,0,0,0,0,0,0,0,0,0,0,0,,,,0,0,0,0,0,0,0,,0,0,0,0,,0,0,,0,0,0,0,0,0,0,0,0,0,0,0
00-0032410,R.Robinson,Rashard Robinson,CB,DB,"https://static.www.nfl.com/image/private/f_auto,q_auto/league/geadldf3cbge9wcvxize",2017,REG,NYJ,10,0,0,0,0,0,0,0,0,0,0,0,0,,,0,,0,0,0,0,0,0,0,0,0,0,,0,0,0,0,0,0,0,0,0,0,0,0,0,0,,0,0,0,0,0,,0,0,0,0,21,1,7,0,0,1,0,0,0,1,0,7,0,0,0,0,0,0,1,2,0,8,93,0,0,0,0,0,0,0,0,0,0,0,0,0,,,0,0,0,0,0,0,0,0,0,0,0,0,,,,0,0,0,0,0,0,0,,0,0,0,0,,0,0,,0,0,0,0,0,0,0,0,0,0,0,0
00-0032412,D.Lowry,Dean Lowry,DE,DL,"https://static.www.nfl.com/image/upload/f_auto,q_auto/league/lwrt3rztaeonuykkrfh1",2017,REG,GB,15,0,0,0,0,0,0,0,0,0,0,0,0,,,0,,0,0,0,0,0,0,0,0,0,0,,0,0,0,0,0,0,0,0,0,0,0,0,0,0,,0,0,0,0,0,,0,0,0,0,17,1,14,5,28,0,2,21,5,0,0,2,0,0,0,0,0,0,1,62,1,4,30,0,0,0,0,0,0,0,0,0,0,0,0,0,,,0,0,0,0,0,0,0,0,0,0,0,0,,,,0,0,0,0,0,0,0,,0,0,0,0,,0,0,,0,0,0,0,0,0,0,0,0,0,0,0
00-0032413,R.Blair,Ronald Blair,DE,DL,"https://static.www.nfl.com/image/private/f_auto,q_auto/league/bntwfar7mf4sbmbhackj",2017,REG,SF,5,0,0,0,0,0,0,0,0,0,0,0,0,,,0,,0,0,0,0,0,0,0,0,0,0,,0,0,0,0,0,0,0,0,0,0,0,0,0,0,,0,0,0,0,0,,0,0,0,0,6,4,5,2,11,1,2,7,2,0,0,0,0,0,0,0,0,0,0,0,0,0,0,0,0,0,0,0,0,0,1,0,0,0,0,0,,,0,0,0,0,0,0,0,0,0,0,0,0,,,,0,0,0,0,0,0,0,,0,0,0,0,,0,0,,0,0,0,0,0,0,0,0,0,0,0,0
00-0032415,M.Judon,Matthew Judon,OLB,LB,"https://static.www.nfl.com/image/upload/f_auto,q_auto/league/xio1oo9c8qwfrouppuvk",2017,REG,BAL,16,0,0,0,0,0,0,0,0,0,0,0,0,,,0,,0,0,0,0,0,0,0,0,0,0,,0,0,0,0,0,0,0,0,0,0,0,0,0,0,,0,0,0,0,0,,0,0,0,0,50,1,10,17,95,2,8,70,19,0,0,3,0,0,0,0,0,0,1,0,0,6,50,0,0,0,0,0,0,0,0,0,0,0,0,0,,,0,0,0,0,0,0,0,0,0,0,0,0,,,,0,0,0,0,0,0,0,,0,0,0,0,,0,0,,0,0,0,0,0,0,0,0,0,0,0,0
00-0032416,Q.Jefferson,Quinton Jefferson,DE,DL,"https://static.www.nfl.com/image/upload/f_auto,q_auto/league/ntbok1dm3de173gjcozk",2017,REG,SEA,6,0,0,0,0,0,0,0,0,0,0,0,0,,,0,,0,0,0,0,0,0,0,0,0,0,,0,0,0,0,0,0,0,0,0,0,0,0,0,0,,0,0,0,0,0,,0,0,0,0,5,1,1,1,8,0,1,8,4,0,0,0,0,0,0,0,0,0,0,0,0,2,20,0,0,0,0,0,0,0,0,0,0,0,0,0,,,0,0,0,0,0,0,0,0,0,0,0,0,,,,0,0,0,0,0,0,0,,0,0,0,0,,0,0,,0,0,0,0,0,0,0,0,0,0,0,0
00-0032417,P.Perkins,Paul Perkins,RB,RB,"https://static.www.nfl.com/image/private/f_auto,q_auto/league/bvq9v0mxyltlm9b8lstx",2017,REG,NYG,8,0,0,0,0,0,0,0,0,0,0,0,0,,,0,,0,0,0,0,41,90,0,0,0,3,-12.8521610526368,0,1,1,0,0,8,10,46,0,0,0,-10,59,1,-2.03978544624988,0,1,0,0,0,-4.6,0.0165837479270315,-0.00227738556137554,0.0232814519975844,0,1,0,0,0,0,0,0,0,0,0,0,0,0,0,0,0,0,0,0,0,0,0,0,0,0,0,0,0,0,0,0,0,0,0,0,0,,,0,0,0,0,0,0,0,0,0,0,0,0,,,,0,0,0,0,0,0,0,,0,0,0,0,,0,0,,0,0,0,0,0,0,0,0,0,0,13.6,21.6
00-0032419,J.Haeg,Joe Haeg,OT,OL,"https://static.www.nfl.com/image/private/f_auto,q_auto/league/r1dnsh9odto6vsiyzl9i",2017,REG,IND,5,0,0,0,0,0,0,0,0,0,0,0,0,,,0,,0,0,0,0,0,0,0,0,0,0,,0,0,0,0,0,0,0,0,0,0,0,0,0,0,,0,0,0,0,0,,0,0,0,0,1,0,0,0,0,0,0,0,0,0,0,0,0,0,0,0,0,0,0,0,0,4,20,0,0,0,0,0,0,0,0,0,0,0,0,0,,,0,0,0,0,0,0,0,0,0,0,0,0,,,,0,0,0,0,0,0,0,,0,0,0,0,,0,0,,0,0,0,0,0,0,0,0,0,0,0,0
00-0032420,B.Shell,Brandon Shell,OT,OL,"https://static.www.nfl.com/image/private/f_auto,q_auto/league/n7mmrzvdf8kcetps15ix",2017,REG,NYJ,3,0,0,0,0,0,0,0,0,0,0,0,0,,,0,,0,0,0,0,0,0,0,0,0,0,,0,0,0,0,0,0,0,0,0,0,0,0,0,0,,0,0,0,0,0,,0,0,0,0,1,0,0,0,0,0,0,0,0,0,0,0,0,0,0,0,0,0,0,0,0,2,15,0,0,0,0,0,0,0,0,0,0,0,0,0,,,0,0,0,0,0,0,0,0,0,0,0,0,,,,0,0,0,0,0,0,0,,0,0,0,0,,0,0,,0,0,0,0,0,0,0,0,0,0,0,0
00-0032422,K.Brothers,Kentrell Brothers,LB,LB,"https://static.www.nfl.com/image/private/f_auto,q_auto/league/op9zed2hki3v4rsjzwgi",2017,REG,MIN,8,0,0,0,0,0,0,0,0,0,0,0,0,,,0,,0,0,0,0,0,0,0,0,0,0,,0,0,0,0,0,0,0,0,0,0,0,0,0,0,,0,0,0,0,0,,0,0,0,0,9,0,4,0,0,0,0,0,0,0,0,0,0,0,0,0,0,0,0,0,0,0,0,0,0,0,0,0,0,0,0,0,0,0,0,0,,,0,0,0,0,0,0,0,0,0,0,0,0,,,,0,0,0,0,0,0,0,,0,0,0,0,,0,0,,0,0,0,0,0,0,0,0,0,0,0,0
00-0032423,T.Davis,Trevor Davis,WR,WR,"https://static.www.nfl.com/image/private/f_auto,q_auto/league/hinncjtjusiowdpefuj6",2017,REG,GB,15,0,0,0,0,0,0,0,0,0,0,0,0,,,0,,0,0,0,0,2,13,0,0,0,0,0.589744348544627,0,0,0,0,0,5,7,70,0,0,0,69,34,2,1.94808277039406,0,2,2,2,0,1.01449275362319,0.0126353790613718,0.0169076206812056,0.0307884030689017,0,5,0,0,0,0,0,0,0,0,0,0,0,0,0,0,0,0,0,0,0,0,0,0,0,0,0,0,0,24,289,31,707,0,0,0,0,,,0,0,0,0,0,0,0,0,0,0,0,0,,,,0,0,0,0,0,0,0,,0,0,0,0,,0,0,,0,0,0,0,0,0,0,0,0,0,8.3,13.3
00-0032424,D.Reader,DJ Reader,DT,DL,"https://static.www.nfl.com/image/upload/f_auto,q_auto/league/gbbbyrh2pgibo9w8ahd6",2017,REG,HOU,14,0,0,0,0,0,0,0,0,0,0,0,0,,,0,,0,0,0,0,0,0,0,0,0,0,,0,0,0,0,0,0,0,0,0,0,0,0,0,0,,0,0,0,0,0,,0,0,0,0,21,2,24,2,3,0,1,2,6,0,0,0,0,0,0,0,0,0,0,0,0,3,25,0,0,0,0,0,0,0,0,0,0,0,0,0,,,0,0,0,0,0,0,0,0,0,0,0,0,,,,0,0,0,0,0,0,0,,0,0,0,0,,0,0,,0,0,0,0,0,0,0,0,0,0,0,0
00-0032426,A.Collins,Alex Collins,RB,RB,"https://static.www.nfl.com/image/private/f_auto,q_auto/league/ddlhbm7zsi5o69wh6z5o",2017,REG,BAL,15,0,0,0,0,0,0,0,0,0,0,0,0,,,0,,0,0,0,0,212,973,6,2,2,51,-1.44429121767155,0,27,22,6,1,23,36,187,0,2,0,-3,190,8,-4.96736814256292,0,8,3,3,0,-62.3333333333333,0.0641711229946524,-0.000780843310775638,0.0957100941744357,0,0,0,0,0,0,0,0,0,0,0,0,0,0,0,0,0,1,0,0,0,0,2,15,4,0,0,4,2,0,0,2,50,0,0,0,0,,,0,0,0,0,0,0,0,0,0,0,0,0,,,,0,0,0,0,0,0,0,,0,0,0,0,,0,0,,0,0,0,0,0,0,0,0,0,0,148,171
00-0032428,T.Holmes,Tyrone Holmes,LB,LB,"https://static.www.nfl.com/image/private/f_auto,q_auto/league/ynp9hkrwy4vaeujvoxf7",2017,REG,CLE,3,0,0,0,0,0,0,0,0,0,0,0,0,,,0,,0,0,0,0,0,0,0,0,0,0,,0,0,0,0,0,0,0,0,0,0,0,0,0,0,,0,0,0,0,0,,0,0,0,0,1,0,2,0,0,0,0,0,0,0,0,0,0,0,0,0,0,0,0,0,0,0,0,0,0,0,0,0,0,0,0,0,0,0,0,0,,,0,0,0,0,0,0,0,0,0,0,0,0,,,,0,0,0,0,0,0,0,,0,0,0,0,,0,0,,0,0,0,0,0,0,0,0,0,0,0,0
00-0032429,J.Adams,Jerell Adams,TE,TE,"https://static.www.nfl.com/image/private/f_auto,q_auto/league/euwosft7xb84upuhbutp",2017,REG,NYG,9,0,0,0,0,0,0,0,0,0,0,0,0,,,0,,0,0,0,0,0,0,0,0,0,0,,0,0,0,0,0,8,11,92,0,0,0,80,28,5,3.18582663460185,0,4,1,1,0,1.15,0.0182421227197347,0.0182190844910043,0.040116543223305,0,3,0,1,0,0,0,0,0,0,0,0,0,0,0,0,0,0,0,0,0,0,3,20,0,0,0,0,0,0,0,0,0,0,0,0,0,,,0,0,0,0,0,0,0,0,0,0,0,0,,,,0,0,0,0,0,0,0,,0,0,0,0,,0,0,,0,0,0,0,0,0,0,0,0,0,9.2,17.2
00-0032430,D.Morgan,David Morgan,TE,TE,"https://static.www.nfl.com/image/private/f_auto,q_auto/league/vvmtt05lja1y2iulrwdp",2017,REG,MIN,9,0,0,0,0,0,0,0,0,0,0,0,0,,,0,,0,0,0,0,0,0,0,0,0,0,,0,0,0,0,0,10,12,95,1,0,0,73,57,5,9.42154658463551,0,4,3,1,0,1.3013698630137,0.0230326295585413,0.0182226660009985,0.0473048105385109,0,1,0,0,0,0,0,0,0,0,0,0,0,0,0,0,0,1,0,0,0,0,3,30,0,0,0,0,0,0,0,0,0,0,0,0,0,,,0,0,0,0,0,0,0,0,0,0,0,0,,,,0,0,0,0,0,0,0,,0,0,0,0,,0,0,,0,0,0,0,0,0,0,0,0,0,15.5,25.5
00-0032431,J.Rudock,Jake Rudock,QB,QB,"https://static.www.nfl.com/image/private/f_auto,q_auto/league/lb8pxfnrvchcoy8y3c1h",2017,REG,DET,3,3,5,24,0,1,0,0,0,0,18,20,1,-6.67054759594612,-9.39626514911652,0,1.33333333333333,1,0,0,0,0,0,0,0,0,0,-0.947,0,0,0,0,0,0,0,0,0,0,0,0,0,0,,0,0,0,0,0,,0,0,0,0,0,0,0,0,0,0,0,0,0,0,0,0,0,0,0,0,0,0,0,0,0,1,5,0,0,0,0,0,0,0,0,0,0,0,0,0,,,0,0,0,0,0,0,0,0,0,0,0,0,,,,0,0,0,0,0,0,0,,0,0,0,0,,0,0,,0,0,0,0,0,0,0,0,0,0,-1.04,-1.04
00-0032432,W.Schweitzer,Wes Schweitzer,G,OL,"https://static.www.nfl.com/image/private/f_auto,q_auto/league/yx1jsxusuk83sjwlwrie",2017,REG,ATL,5,0,0,0,0,0,0,0,0,0,0,0,0,,,0,,0,0,0,0,0,0,0,0,0,0,,0,0,0,0,0,0,0,0,0,0,0,0,0,0,,0,0,0,0,0,,0,0,0,0,0,0,0,0,0,0,0,0,0,0,0,0,0,0,0,0,1,0,0,0,0,6,45,0,0,0,0,0,0,0,0,0,0,0,0,0,,,0,0,0,0,0,0,0,0,0,0,0,0,,,,0,0,0,0,0,0,0,,0,0,0,0,,0,0,,0,0,0,0,0,0,0,0,0,0,0,0
00-0032433,K.Murphy,Kyle Murphy,OT,OL,"https://static.www.nfl.com/image/private/f_auto,q_auto/league/qrdnpgrboglqjy09uisc",2017,REG,GB,1,0,0,0,0,0,0,0,0,0,0,0,0,,,0,,0,0,0,0,0,0,0,0,0,0,,0,0,0,0,0,0,0,0,0,0,0,0,0,0,,0,0,0,0,0,,0,0,0,0,0,0,0,0,0,0,0,0,0,0,0,0,0,0,0,0,0,0,0,0,0,1,5,0,0,0,0,0,0,0,0,0,0,0,0,0,,,0,0,0,0,0,0,0,0,0,0,0,0,,,,0,0,0,0,0,0,0,,0,0,0,0,,0,0,,0,0,0,0,0,0,0,0,0,0,0,0
00-0032435,A.Zettel,Anthony Zettel,DE,DL,"https://static.www.nfl.com/image/private/f_auto,q_auto/league/zndpygopkeeczm8dtybi",2017,REG,DET,16,0,0,0,0,0,0,0,0,0,0,0,0,,,0,,0,0,0,0,0,0,0,0,0,0,,0,0,0,0,0,0,0,0,0,0,0,0,0,0,,0,0,0,0,0,,0,0,0,0,26,5,12,11,61,1,6.5,45.5,16,0,0,0,0,0,0,0,0,0,1,0,0,3,16,0,0,0,0,0,0,0,0,0,0,0,0,0,,,0,0,0,0,0,0,0,0,0,0,0,0,,,,0,0,0,0,0,0,0,,0,0,0,0,,0,0,,0,0,0,0,0,0,0,0,0,0,0,0
00-0032437,K.Grugier-Hill,Kamu Grugier-Hill,OLB,LB,"https://static.www.nfl.com/image/upload/f_auto,q_auto/league/sxfai8ftbojvsdl3wvem",2017,REG,PHI,12,0,0,0,0,0,0,0,0,0,0,0,0,,,0,,0,0,0,0,0,0,0,0,0,0,,0,0,0,0,0,0,0,0,0,0,0,0,0,0,,0,0,0,0,0,,0,0,0,0,18,1,3,1,2,1,0,0,1,0,0,0,0,0,0,0,0,0,0,0,0,3,25,0,0,0,0,0,0,0,0,0,0,0,0,0,,,0,0,0,0,0,0,0,0,0,0,0,0,,,,0,0,0,0,0,0,0,,0,0,0,0,,0,0,,0,0,0,0,0,0,0,0,0,0,0,0
00-0032438,M.Canady,Maurice Canady,CB,DB,"https://static.www.nfl.com/image/private/f_auto,q_auto/league/xknlzhrce0o36exq7k50",2017,REG,BAL,7,0,0,0,0,0,0,0,0,0,0,0,0,,,0,,0,0,0,0,0,0,0,0,0,0,,0,0,0,0,0,0,0,0,0,0,0,0,0,0,,0,0,0,0,0,,0,0,0,0,21,1,5,2,5,0,0,0,3,0,0,1,0,0,0,0,1,0,0,0,0,3,29,0,0,0,0,0,0,0,0,0,0,0,0,0,,,0,0,0,0,0,0,0,0,0,0,0,0,,,,0,0,0,0,0,0,0,,0,0,0,0,,0,0,,0,0,0,0,0,0,0,0,0,0,0,0
00-0032442,E.Roberts,Elandon Roberts,OLB,LB,"https://static.www.nfl.com/image/upload/f_auto,q_auto/league/niydmsknfdiu1zyivwso",2017,REG,NE,13,0,0,0,0,0,0,0,0,0,0,0,0,,,0,,0,0,0,0,0,0,0,0,0,0,,0,0,0,0,0,0,0,0,0,0,0,0,0,0,,0,0,0,0,0,,0,0,0,0,38,7,22,4,16,0,2,13,3,0,0,1,0,0,0,0,0,0,1,0,0,0,0,0,0,0,0,0,0,0,0,0,0,0,0,0,,,0,0,0,0,0,0,0,0,0,0,0,0,,,,0,0,0,0,0,0,0,,0,0,0,0,,0,0,,0,0,0,0,0,0,0,0,0,0,0,0
00-0032448,S.Weatherly,Stephen Weatherly,DE,DL,"https://static.www.nfl.com/image/private/f_auto,q_auto/league/jsunriybiepcfkdhq5ys",2017,REG,MIN,5,0,0,0,0,0,0,0,0,0,0,0,0,,,0,,0,0,0,0,0,0,0,0,0,0,,0,0,0,0,0,0,0,0,0,0,0,0,0,0,,0,0,0,0,0,,0,0,0,0,7,0,0,2,5,0,0,0,0,0,0,0,0,0,0,0,0,0,0,0,0,1,8,0,0,0,0,0,0,0,0,0,0,0,0,0,,,0,0,0,0,0,0,0,0,0,0,0,0,,,,0,0,0,0,0,0,0,,0,0,0,0,,0,0,,0,0,0,0,0,0,0,0,0,0,0,0
00-0032449,L.Edwards,Lachlan Edwards,P,SPEC,"https://static.www.nfl.com/image/private/f_auto,q_auto/league/a5k94hwnr5wayvwnkdbj",2017,REG,NYJ,16,1,1,31,0,0,0,0,0,0,6,25,1,2.48630293936003,28.4448504447937,0,5.16666666666667,1,1,1,0,0,0,0,0,0,0,,0,0,0,0,0,0,0,0,0,0,0,0,0,0,,0,0,0,0,0,,0,0,0,0,2,0,0,0,0,0,0,0,0,0,0,0,0,0,0,0,0,0,0,0,0,1,5,0,0,0,0,0,0,0,0,0,0,0,0,0,,,0,0,0,0,0,0,0,0,0,0,0,0,,,,0,0,0,0,0,0,0,,0,0,0,0,,94,0,70,4378,33,8,10,4,23,49,491,1,3807,1.24,1.24
00-0032450,D.Washington,Dwayne Washington,RB,RB,"https://static.www.nfl.com/image/private/f_auto,q_auto/league/h1nintlpbk2zyxerjpy4",2017,REG,DET,5,0,0,0,0,0,0,0,0,0,0,0,0,,,0,,0,0,0,0,20,44,0,0,0,1,-9.08874287371904,0,0,0,0,0,2,2,14,0,0,0,-3,17,1,1.64871881820727,0,1,0,0,0,-4.66666666666667,0.00353982300884956,-0.00065775049331287,0.00484930916795533,0,2,1,1,0,0,0,0,0,0,0,0,0,0,0,0,0,0,0,0,0,0,1,14,0,0,0,0,0,0,0,2,31,0,0,0,0,,,0,0,0,0,0,0,0,0,0,0,0,0,,,,0,0,0,0,0,0,0,,0,0,0,0,,0,0,,0,0,0,0,0,0,0,0,0,0,5.8,7.8
00-0032454,J.Kearse,Jayron Kearse,S,DB,"https://static.www.nfl.com/image/private/f_auto,q_auto/league/z2gtcioou83mkhnwte6w",2017,REG,MIN,9,0,0,0,0,0,0,0,0,0,0,0,0,,,0,,0,0,0,0,0,0,0,0,0,0,,0,0,0,0,0,0,0,0,0,0,0,0,0,0,,0,0,0,0,0,,0,0,0,0,8,1,4,1,2,0,0,0,0,0,0,0,0,0,0,0,0,0,0,0,0,1,15,0,0,0,0,0,0,0,0,0,0,0,0,0,,,0,0,0,0,0,0,0,0,0,0,0,0,,,,0,0,0,0,0,0,0,,0,0,0,0,,0,0,,0,0,0,0,0,0,0,0,0,0,0,0
00-0032455,A.Blythe,Austin Blythe,C,OL,"https://static.www.nfl.com/image/private/f_auto,q_auto/league/u6btrewtlie9dltfqkst",2017,REG,LA,2,0,0,0,0,0,0,0,0,0,0,0,0,,,0,,0,0,0,0,0,0,0,0,0,0,,0,0,0,0,0,0,0,0,0,0,0,0,0,0,,0,0,0,0,0,,0,0,0,0,0,0,0,0,0,0,0,0,0,0,0,0,0,0,0,0,1,0,0,0,0,1,5,0,0,0,0,0,0,0,0,0,0,0,0,0,,,0,0,0,0,0,0,0,0,0,0,0,0,,,,0,0,0,0,0,0,0,,0,0,0,0,,0,0,,0,0,0,0,0,0,0,0,0,0,0,0
00-0032459,A.Neary,Aaron Neary,C,OL,"https://static.www.nfl.com/image/private/f_auto,q_auto/league/odvmjxegwtwf1ybijlvm",2017,REG,LA,1,0,0,0,0,0,0,0,0,0,0,0,0,,,0,,0,0,0,0,0,0,0,0,0,0,,0,0,0,0,0,0,0,0,0,0,0,0,0,0,,0,0,0,0,0,,0,0,0,0,1,0,0,0,0,0,0,0,0,0,0,0,0,0,0,0,0,0,0,0,0,0,0,0,0,0,0,0,0,0,0,0,0,0,0,0,,,0,0,0,0,0,0,0,0,0,0,0,0,,,,0,0,0,0,0,0,0,,0,0,0,0,,0,0,,0,0,0,0,0,0,0,0,0,0,0,0
00-0032463,K.Peko,Kyle Peko,NT,DL,"https://static.www.nfl.com/image/upload/f_auto,q_auto/league/fjkxpymzwv4qn2qui5me",2017,REG,DEN,4,0,0,0,0,0,0,0,0,0,0,0,0,,,0,,0,0,0,0,0,0,0,0,0,0,,0,0,0,0,0,0,0,0,0,0,0,0,0,0,,0,0,0,0,0,,0,0,0,0,3,1,2,0,0,0,0,0,0,0,0,0,0,0,0,0,0,0,0,0,0,0,0,0,0,0,0,0,0,0,0,0,0,0,0,0,,,0,0,0,0,0,0,0,0,0,0,0,0,,,,0,0,0,0,0,0,0,,0,0,0,0,,0,0,,0,0,0,0,0,0,0,0,0,0,0,0
00-0032464,K.Raymond,Kalif Raymond,WR,WR,"https://static.www.nfl.com/image/upload/f_auto,q_auto/league/e5z8bskwg89hqtsjwwgj",2017,REG,NYG,8,0,0,0,0,0,0,0,0,0,0,0,0,,,0,,0,0,0,0,1,-1,0,0,0,0,-1.75998873030767,0,0,0,0,0,1,1,12,0,0,0,5,7,1,1.82117984094657,0,1,0,0,0,2.4,0.00201612903225806,0.00126871352448617,0.00391229301552742,0,1,1,1,0,0,0,0,0,0,0,0,0,0,5,0,0,4,0,0,0,0,0,0,0,5,0,5,1,18,99,14,271,0,0,0,0,,,0,0,0,0,0,0,0,0,0,0,0,0,,,,0,0,0,0,0,0,0,,0,0,0,0,,0,0,,0,0,0,0,0,0,0,0,0,0,1.1,2.1
00-0032470,S.Longa,Steve Longa,LB,LB,"https://static.www.nfl.com/image/private/f_auto,q_auto/league/trfch87w1qajmb3zmuki",2017,REG,DET,7,0,0,0,0,0,0,0,0,0,0,0,0,,,0,,0,0,0,0,0,0,0,0,0,0,,0,0,0,0,0,0,0,0,0,0,0,0,0,0,,0,0,0,0,0,,0,0,0,0,12,0,1,0,0,0,0,0,0,0,0,0,0,0,0,0,0,0,0,0,0,0,0,0,0,0,0,0,0,0,0,0,0,0,0,0,,,0,0,0,0,0,0,0,0,0,0,0,0,,,,0,0,0,0,0,0,0,,0,0,0,0,,0,0,,0,0,0,0,0,0,0,0,0,0,0,0
00-0032472,T.Madden,Tre Madden,FB,RB,"https://static.www.nfl.com/image/private/f_auto,q_auto/league/gxkbbtamw8l5tpecbssm",2017,REG,SEA,7,0,0,0,0,0,0,0,0,0,0,0,0,,,0,,0,0,0,0,0,0,0,0,0,0,,0,0,0,0,0,2,2,65,0,0,0,14,51,1,4.02947984496132,0,1,1,1,1,4.64285714285714,0.00380228136882129,0.00257400257400257,0.00750522385503374,0,3,0,3,0,0,0,0,0,0,0,0,0,0,0,0,0,0,0,0,0,0,2,20,0,0,0,0,0,0,0,0,0,0,0,0,0,,,0,0,0,0,0,0,0,0,0,0,0,0,,,,0,0,0,0,0,0,0,,0,0,0,0,,0,0,,0,0,0,0,0,0,0,0,0,0,6.5,8.5
00-0032475,T.McEvoy,Tanner McEvoy,WR,WR,"https://static.www.nfl.com/image/private/f_auto,q_auto/league/sllikin2krzlnyo7cdvt",2017,REG,SEA,10,0,1,0,0,1,0,0,0,0,32,0,0,-2.0763022955507,-31.2148898839951,0,0,0,0,0,0,0,0,0,0,0,0,,0,0,0,0,0,5,9,113,0,1,1,176,19,4,0.624238045046024,0,4,3,2,1,0.642045454545455,0.0171102661596958,0.0323588895017466,0.0483166218907664,0,4,0,0,0,0,1,0,0,0,0,0,0,0,0,0,0,0,0,0,0,0,2,15,1,0,0,1,1,0,0,0,0,0,0,0,0,,,0,0,0,0,0,0,0,0,0,0,0,0,,,,0,0,0,0,0,0,0,,0,0,0,0,,0,0,,0,0,0,0,0,0,0,0,0,0,7.3,12.3
00-0032479,T.Powell,Tyvis Powell,DB,DB,"https://static.www.nfl.com/image/private/f_auto,q_auto/league/vuvvlulmeuxbaqkbbdfo",2017,REG,SF,2,0,0,0,0,0,0,0,0,0,0,0,0,,,0,,0,0,0,0,0,0,0,0,0,0,,0,0,0,0,0,0,0,0,0,0,0,0,0,0,,0,0,0,0,0,,0,0,0,0,4,0,1,0,0,0,0,0,0,0,0,0,0,0,0,0,0,0,0,0,0,1,5,0,0,0,0,0,0,0,0,0,0,0,0,0,,,0,0,0,0,0,0,0,0,0,0,0,0,,,,0,0,0,0,0,0,0,,0,0,0,0,,0,0,,0,0,0,0,0,0,0,0,0,0,0,0
00-0032480,E.Yarbrough,Eddie Yarbrough,DE,DL,"https://static.www.nfl.com/image/private/f_auto,q_auto/league/rn1togyw4c7j7kkdrzqu",2017,REG,BUF,15,0,0,0,0,0,0,0,0,0,0,0,0,,,0,,0,0,0,0,0,0,0,0,0,0,,0,0,0,0,0,0,0,0,0,0,0,0,0,0,,0,0,0,0,0,,0,0,0,0,20,3,11,4,13,0,1,7,7,0,0,2,0,0,0,0,0,0,0,0,0,1,5,0,0,0,0,0,0,0,0,0,0,0,0,0,,,0,0,0,0,0,0,0,0,0,0,0,0,,,,0,0,0,0,0,0,0,,0,0,0,0,,0,0,,0,0,0,0,0,0,0,0,0,0,0,0
00-0032486,K.Canaday,Kameron Canaday,LS,SPEC,"https://static.www.nfl.com/image/private/f_auto,q_auto/league/jflavnooy257y8wzvicb",2017,REG,PIT,3,0,0,0,0,0,0,0,0,0,0,0,0,,,0,,0,0,0,0,0,0,0,0,0,0,,0,0,0,0,0,0,0,0,0,0,0,0,0,0,,0,0,0,0,0,,0,0,0,0,0,0,1,0,0,0,0,0,0,0,0,0,0,0,0,0,0,0,0,0,0,2,15,0,0,0,0,0,0,0,0,0,0,0,0,0,,,0,0,0,0,0,0,0,0,0,0,0,0,,,,0,0,0,0,0,0,0,,0,0,0,0,,0,0,,0,0,0,0,0,0,0,0,0,0,0,0
00-0032496,M.Farley,Matthias Farley,DB,DB,"https://static.www.nfl.com/image/private/f_auto,q_auto/league/yz4nj2cu0emfjudr3ofz",2017,REG,IND,16,0,0,0,0,0,0,0,0,0,0,0,0,,,0,,0,0,0,0,0,0,0,0,0,0,,0,0,0,0,0,0,0,0,0,0,0,0,0,0,,0,0,0,0,0,,0,0,0,0,60,0,38,4,13,1,0,0,3,2,9,7,0,0,0,0,0,0,1,0,0,0,0,0,0,0,0,0,0,0,0,0,0,0,0,0,,,0,0,0,0,0,0,0,0,0,0,0,0,,,,0,0,0,0,0,0,0,,0,0,0,0,,0,0,,0,0,0,0,0,0,0,0,0,0,0,0
00-0032497,R.Ferguson,Reid Ferguson,LS,SPEC,"https://static.www.nfl.com/image/upload/f_auto,q_auto/league/tarla9ric6f8tijjqrkz",2017,REG,BUF,2,0,0,0,0,0,0,0,0,0,0,0,0,,,0,,0,0,0,0,0,0,0,0,0,0,,0,0,0,0,0,0,0,0,0,0,0,0,0,0,,0,0,0,0,0,,0,0,0,0,0,0,1,0,0,0,0,0,0,0,0,0,0,0,0,0,0,0,0,0,0,1,10,0,0,0,0,0,0,0,0,0,0,0,0,0,,,0,0,0,0,0,0,0,0,0,0,0,0,,,,0,0,0,0,0,0,0,,0,0,0,0,,0,0,,0,0,0,0,0,0,0,0,0,0,0,0
00-0032517,B.Boddy-Calhoun,Briean Boddy-Calhoun,CB,DB,"https://static.www.nfl.com/image/private/f_auto,q_auto/league/ldpbges9aanuiwspwlgn",2017,REG,CLE,12,0,0,0,0,0,0,0,0,0,0,0,0,,,0,,0,0,0,0,0,0,0,0,0,0,,0,0,0,0,0,0,0,0,0,0,0,0,0,0,,0,0,0,0,0,,0,0,0,0,29,0,10,0,0,0,0,0,1,0,0,6,0,0,0,0,0,0,0,0,0,6,43,0,0,0,0,0,0,0,0,0,0,0,0,0,,,0,0,0,0,0,0,0,0,0,0,0,0,,,,0,0,0,0,0,0,0,,0,0,0,0,,0,0,,0,0,0,0,0,0,0,0,0,0,0,0
00-0032520,R.Hill,Rashod Hill,OT,OL,"https://static.www.nfl.com/image/private/f_auto,q_auto/league/whweu08errpvkp2cmthq",2017,REG,MIN,4,0,0,0,0,0,0,0,0,0,0,0,0,,,0,,0,0,0,0,0,0,0,0,0,0,,0,0,0,0,0,0,0,0,0,0,0,0,0,0,,0,0,0,0,0,,0,0,0,0,0,0,0,0,0,0,0,0,0,0,0,0,0,0,0,0,0,0,0,0,0,4,35,0,0,0,0,0,0,0,0,0,0,0,0,0,,,0,0,0,0,0,0,0,0,0,0,0,0,,,,0,0,0,0,0,0,0,,0,0,0,0,,0,0,,0,0,0,0,0,0,0,0,0,0,0,0
00-0032521,M.Hilton,Mike Hilton,CB,DB,"https://static.www.nfl.com/image/upload/f_auto,q_auto/league/uippdcskzxubvfqoqxlo",2017,REG,PIT,15,0,0,0,0,0,0,0,0,0,0,0,0,,,0,,0,0,0,0,0,0,0,0,0,0,,0,0,0,0,0,0,0,0,0,0,0,0,0,0,,0,0,0,0,0,,0,0,0,0,44,3,16,9,54,1,4,34,8,2,45,6,0,0,0,0,0,0,0,0,0,1,6,0,0,0,0,0,0,0,0,0,0,0,0,0,,,0,0,0,0,0,0,0,0,0,0,0,0,,,,0,0,0,0,0,0,0,,0,0,0,0,,0,0,,0,0,0,0,0,0,0,0,0,0,0,0
00-0032523,H.Krieger-Coble,Henry Krieger-Coble,TE,TE,"https://static.www.nfl.com/image/private/f_auto,q_auto/league/lrfveyhfonoyehr4aerg",2017,REG,IND,1,0,0,0,0,0,0,0,0,0,0,0,0,,,0,,0,0,0,0,0,0,0,0,0,0,,0,0,0,0,0,0,0,0,0,0,0,0,0,0,,0,0,0,0,0,,0,0,0,0,1,0,0,0,0,0,0,0,0,0,0,0,0,0,0,0,0,0,0,0,0,0,0,0,0,0,0,0,0,0,0,0,0,0,0,0,,,0,0,0,0,0,0,0,0,0,0,0,0,,,,0,0,0,0,0,0,0,,0,0,0,0,,0,0,,0,0,0,0,0,0,0,0,0,0,0,0
00-0032525,J.Wilson,Jarrod Wilson,FS,DB,"https://static.www.nfl.com/image/private/f_auto,q_auto/league/ubprv9h2dimzokxfgc3n",2017,REG,JAX,11,0,0,0,0,0,0,0,0,0,0,0,0,,,0,,0,0,0,0,0,0,0,0,0,0,,0,0,0,0,0,0,0,0,0,0,0,0,0,0,,0,0,0,0,0,,0,0,0,0,9,1,1,0,0,0,0,0,0,0,0,0,0,0,0,0,0,0,1,0,0,1,10,0,0,0,0,0,0,0,0,0,0,0,0,0,,,0,0,0,0,0,0,0,0,0,0,0,0,,,,0,0,0,0,0,0,0,,0,0,0,0,,0,0,,0,0,0,0,0,0,0,0,0,0,0,0
00-0032543,A.Erickson,Alex Erickson,WR,WR,"https://static.www.nfl.com/image/private/f_auto,q_auto/league/tnd77vbkyo8srrrkaisu",2017,REG,CIN,16,0,0,0,0,0,0,0,0,0,0,0,0,,,0,,0,0,0,0,5,16,0,0,0,1,-1.83459030999802,0,1,1,0,0,12,16,180,1,1,0,189,39,9,10.7672262622509,0,8,4,3,0,0.952380952380952,0.0327868852459016,0.0453346126169345,0.0809145567007066,0,3,0,0,0,0,0,0,0,0,0,0,0,0,4,0,0,4,0,0,0,0,0,0,3,3,0,6,1,39,278,32,663,0,0,0,0,,,0,0,0,0,0,0,0,0,0,0,0,0,,,,0,0,0,0,0,0,0,,0,0,0,0,,0,0,,0,0,0,0,0,0,0,0,0,0,25.6,37.6
00-0032549,A.Redmond,Alex Redmond,G,OL,"https://static.www.nfl.com/image/private/f_auto,q_auto/league/onus8zebyssb6pdazlfg",2017,REG,CIN,2,0,0,0,0,0,0,0,0,0,0,0,0,,,0,,0,0,0,0,0,0,0,0,0,0,,0,0,0,0,0,0,0,0,0,0,0,0,0,0,,0,0,0,0,0,,0,0,0,0,1,0,0,0,0,0,0,0,0,0,0,0,0,0,0,0,0,0,0,0,0,1,10,0,0,0,0,0,0,0,0,0,0,0,0,0,,,0,0,0,0,0,0,0,0,0,0,0,0,,,,0,0,0,0,0,0,0,,0,0,0,0,,0,0,,0,0,0,0,0,0,0,0,0,0,0,0
00-0032553,J.Billingsley,Jace Billingsley,WR,WR,"https://static.www.nfl.com/image/private/f_auto,q_auto/league/uiatvtldsd1bvq5jzwie",2017,REG,DET,1,0,0,0,0,0,0,0,0,0,0,0,0,,,0,,0,0,0,0,0,0,0,0,0,0,,0,0,0,0,0,0,0,0,0,0,0,0,0,0,,0,0,0,0,0,,0,0,0,0,1,1,0,0,0,0,0,0,0,0,0,0,0,0,0,0,0,0,0,0,0,0,0,0,0,0,0,0,0,0,0,0,0,0,0,0,,,0,0,0,0,0,0,0,0,0,0,0,0,,,,0,0,0,0,0,0,0,,0,0,0,0,,0,0,,0,0,0,0,0,0,0,0,0,0,0,0
00-0032560,Ch.Washington,Charles Washington,DB,DB,"https://static.www.nfl.com/image/private/f_auto,q_auto/league/tdkgm2yjdrw67v41lyxr",2017,REG,DET,8,0,0,0,0,0,0,0,0,0,0,0,0,,,0,,0,0,0,0,0,0,0,0,0,0,,0,0,0,0,0,0,0,0,0,0,0,0,0,0,,0,0,0,0,0,,0,0,0,0,11,0,3,1,3,0,0,0,0,0,0,0,0,0,0,0,0,0,0,0,0,0,0,0,0,0,0,0,0,0,0,0,0,0,0,0,,,0,0,0,0,0,0,0,0,0,0,0,0,,,,0,0,0,0,0,0,0,,0,0,0,0,,0,0,,0,0,0,0,0,0,0,0,0,0,0,0
00-0032566,T.Coley,Trevon Coley,DT,DL,"https://static.www.nfl.com/image/private/f_auto,q_auto/league/euwyfno3natk9lvhqsas",2017,REG,CLE,15,0,0,0,0,0,0,0,0,0,0,0,0,,,0,,0,0,0,0,0,0,0,0,0,0,,0,0,0,0,0,0,0,0,0,0,0,0,0,0,,0,0,0,0,0,,0,0,0,0,22,2,17,6,19,0,2,13,4,0,0,2,0,1,0,0,0,0,1,7,0,0,0,1,0,0,1,0,0,0,0,0,0,0,0,0,,,0,0,0,0,0,0,0,0,0,0,0,0,,,,0,0,0,0,0,0,0,,0,0,0,0,,0,0,,0,0,0,0,0,0,0,0,0,0,0,0
00-0032569,W.Lutz,Wil Lutz,K,SPEC,"https://static.www.nfl.com/image/upload/f_auto,q_auto/league/lcfurzhyjudmrwjxkgfs",2017,REG,NO,16,0,0,0,0,0,0,0,0,0,0,0,0,,,0,,0,0,0,0,1,4,0,0,0,0,-2.75698118953733,0,0,0,0,0,0,0,0,0,0,0,0,0,0,,0,0,0,0,0,,0,0,0,0,2,0,1,0,0,0,0,0,0,0,0,0,0,0,0,0,0,0,0,0,0,1,15,0,0,0,0,0,0,0,0,0,31,36,5,0,53,0.861111111111111,0,10,4,13,4,0,0,0,1,3,1,0,43;21;24;20;46;35;33;50;43;45;41;28;44;45;49;40;23;53;52;29;42;28;50;21;31;34;23;40;29;45;48,49;56;41;43;38,,1155,227,0,47,50,1,2,0.94,1,1,0,0,28,0,0,,0,0,0,0,0,0,0,0,0,0,0.4,0.4
00-0032573,P.Onwuasor,Patrick Onwuasor,ILB,LB,"https://static.www.nfl.com/image/private/f_auto,q_auto/league/fy2subrcuff9d8fbbozl",2017,REG,BAL,16,0,0,0,0,0,0,0,0,0,0,0,0,,,0,,0,0,0,0,0,0,0,0,0,0,,0,0,0,0,0,0,0,0,0,0,0,0,0,0,,0,0,0,0,0,,0,0,0,0,63,4,23,4,10,1,1,1,1,0,0,2,0,0,0,0,0,0,1,0,0,1,10,0,0,0,0,0,0,0,0,0,0,0,0,0,,,0,0,0,0,0,0,0,0,0,0,0,0,,,,0,0,0,0,0,0,0,,0,0,0,0,,0,0,,0,0,0,0,0,0,0,0,0,0,0,0
00-0032574,M.Pierce,Michael Pierce,DT,DL,"https://static.www.nfl.com/image/upload/f_auto,q_auto/league/k9oastt4cbi9gpksewri",2017,REG,BAL,15,0,0,0,0,0,0,0,0,0,0,0,0,,,0,,0,0,0,0,0,0,0,0,0,0,,0,0,0,0,0,0,0,0,0,0,0,0,0,0,,0,0,0,0,0,,0,0,0,0,32,0,17,2,8,0,1,5,3,0,0,0,0,0,0,0,0,0,2,0,0,1,15,0,0,0,0,0,0,0,0,0,0,0,0,0,,,0,0,0,0,0,0,0,0,0,0,0,0,,,,0,0,0,0,0,0,0,,0,0,0,0,,0,0,,0,0,0,0,0,0,0,0,0,0,0,0
00-0032577,D.Foster,D.J. Foster,RB,RB,"https://static.www.nfl.com/image/private/f_auto,q_auto/league/jjizp7deudsht2dqmzvq",2017,REG,ARI,7,0,0,0,0,0,0,0,0,0,0,0,0,,,0,,0,0,0,0,6,19,0,0,0,0,-3.0259147293947,0,0,0,0,0,17,28,133,0,0,0,88,79,8,-17.4226859907699,0,6,3,1,0,1.51136363636364,0.0472972972972973,0.0151541243327019,0.0815538329788373,0,0,0,0,0,0,0,0,0,0,0,0,0,0,0,0,0,0,0,0,0,0,0,0,0,0,0,0,0,0,0,8,184,0,0,0,0,,,0,0,0,0,0,0,0,0,0,0,0,0,,,,0,0,0,0,0,0,0,,0,0,0,0,,0,0,,0,0,0,0,0,0,0,0,0,0,15.2,32.2
00-0032580,J.Jones,Jonathan Jones,DB,DB,"https://static.www.nfl.com/image/upload/f_auto,q_auto/league/shh2jg4hjsp0xwlnchv1",2017,REG,NE,15,0,0,0,0,0,0,0,0,0,0,0,0,,,0,,0,0,0,0,0,0,0,0,0,0,,0,0,0,0,0,0,0,0,0,0,0,0,0,0,,0,0,0,0,0,,0,0,0,0,34,5,5,1,15,0,1,15,1,1,6,8,0,0,0,0,1,0,0,0,0,5,60,0,0,0,0,0,0,0,0,0,0,0,0,0,,,0,0,0,0,0,0,0,0,0,0,0,0,,,,0,0,0,0,0,0,0,,0,0,0,0,,0,0,,0,0,0,0,0,0,0,0,0,0,0,0
00-0032581,C.LeBlanc,Cre'von LeBlanc,CB,DB,"https://static.www.nfl.com/image/private/f_auto,q_auto/league/khkbxnxzsuvknlofejuq",2017,REG,CHI,8,0,0,0,0,0,0,0,0,0,0,0,0,,,0,,0,0,0,0,0,0,0,0,0,0,,0,0,0,0,0,0,0,0,0,0,0,0,0,0,,0,0,0,0,0,,0,0,0,0,14,0,3,1,10,1,1,10,1,0,0,3,0,0,0,0,0,0,0,0,0,1,15,0,0,0,0,0,0,0,0,0,0,0,0,0,,,0,0,0,0,0,0,0,0,0,0,0,0,,,,0,0,0,0,0,0,0,,0,0,0,0,,0,0,,0,0,0,0,0,0,0,0,0,0,0,0
00-0032584,N.Rose,Nick Rose,K,SPEC,"https://static.www.nfl.com/image/private/f_auto,q_auto/league/chmmra7hpcnoibks3uwu",2017,REG,LAC,10,0,0,0,0,0,0,0,0,0,0,0,0,,,0,,0,0,0,0,0,0,0,0,0,0,,0,0,0,0,0,0,0,0,0,0,0,0,0,0,,0,0,0,0,0,,0,0,0,0,0,0,0,0,0,0,0,0,0,0,0,0,0,0,0,0,0,0,0,0,0,0,0,0,0,0,0,0,0,0,0,0,11,14,1,2,55,0.785714285714286,0,6,3,1,1,0,0,0,0,1,0,0,27;38;42;28;28;21;55;38;28;33;25,47,36;50,363,47,86,23,26,2,1,0.884615384615385,0,0,0,0,,0,0,,0,0,0,0,0,0,0,0,0,0,0,0
00-0032592,S.Neasman,Sharrod Neasman,S,DB,"https://static.www.nfl.com/image/private/f_auto,q_auto/league/pckbvzn2atszhm8oi6x5",2017,REG,ATL,3,0,0,0,0,0,0,0,0,0,0,0,0,,,0,,0,0,0,0,0,0,0,0,0,0,,0,0,0,0,0,0,0,0,0,0,0,0,0,0,,0,0,0,0,0,,0,0,0,0,2,0,0,0,0,0,0,0,0,0,0,0,0,0,0,0,0,0,0,0,0,2,20,0,0,0,0,0,0,0,0,0,0,0,0,0,,,0,0,0,0,0,0,0,0,0,0,0,0,,,,0,0,0,0,0,0,0,,0,0,0,0,,0,0,,0,0,0,0,0,0,0,0,0,0,0,0
00-0032596,B.Poole,Brian Poole,CB,DB,"https://static.www.nfl.com/image/private/f_auto,q_auto/league/clcb7mu29xsk9fkzl2he",2017,REG,ATL,15,0,0,0,0,0,0,0,0,0,0,0,0,,,0,,0,0,0,0,0,0,0,0,0,0,,0,0,0,0,0,0,0,0,0,0,0,0,0,0,,0,0,0,0,0,,0,0,0,0,49,0,14,2,13,0,1,12,3,0,0,4,0,0,0,0,0,0,0,0,0,5,45,0,0,0,0,0,0,0,0,0,0,0,0,0,,,0,0,0,0,0,0,0,0,0,0,0,0,,,,0,0,0,0,0,0,0,,0,0,0,0,,0,0,,0,0,0,0,0,0,0,0,0,0,0,0
00-0032602,J.McKissic,J.D. McKissic,RB,RB,"https://static.www.nfl.com/image/private/f_auto,q_auto/league/zi77vkqwrmklt5ic6lc6",2017,REG,SEA,12,0,0,0,0,0,0,0,0,0,0,0,0,,,0,,0,0,0,0,46,187,1,0,0,8,-3.65629415956209,0,5,3,1,0,34,46,266,2,0,0,212,186,12,11.2310991164823,0,7,4,3,0,1.25471698113208,0.0874524714828897,0.0389777532634676,0.158463134508762,0,2,0,0,0,0,0,0,0,0,0,0,0,0,0,0,0,0,0,0,0,0,1,10,0,0,0,0,0,0,0,0,0,0,0,0,0,,,0,0,0,0,0,0,0,0,0,0,0,0,,,,0,0,0,0,0,0,0,,0,0,0,0,,0,0,,0,0,0,0,0,0,0,0,0,0,63.3,97.3
00-0032616,M.Koehn,Marshall Koehn,K,SPEC,"https://static.www.nfl.com/image/private/f_auto,q_auto/league/lam4hwehq5mngt0fvybu",2017,REG,CIN,1,0,0,0,0,0,0,0,0,0,0,0,0,,,0,,0,0,0,0,0,0,0,0,0,0,,0,0,0,0,0,0,0,0,0,0,0,0,0,0,,0,0,0,0,0,,0,0,0,0,1,0,0,0,0,0,0,0,0,0,0,0,0,0,0,0,0,0,0,0,0,0,0,0,0,0,0,0,0,0,0,0,0,0,0,0,,,0,0,0,0,0,0,0,0,0,0,0,0,,,,0,0,0,1,1,0,0,1,0,0,0,0,,0,0,,0,0,0,0,0,0,0,0,0,0,0,0
00-0032617,L.Pitts,Lafayette Pitts,CB,DB,"https://static.www.nfl.com/image/private/f_auto,q_auto/league/ybe0ixvgoqmc749ukmly",2017,REG,BUF,6,0,0,0,0,0,0,0,0,0,0,0,0,,,0,,0,0,0,0,0,0,0,0,0,0,,0,0,0,0,0,0,0,0,0,0,0,0,0,0,,0,0,0,0,0,,0,0,0,0,8,0,1,0,0,0,0,0,0,0,0,0,0,0,0,0,0,0,0,0,0,0,0,0,0,0,0,0,0,0,0,0,0,0,0,0,,,0,0,0,0,0,0,0,0,0,0,0,0,,,,0,0,0,0,0,0,0,,0,0,0,0,,0,0,,0,0,0,0,0,0,0,0,0,0,0,0
00-0032621,R.Scott,Rashawn Scott,WR,WR,"https://static.www.nfl.com/image/private/f_auto,q_auto/league/fsjkcs8es5hdpbcnyvbp",2017,REG,MIA,1,0,0,0,0,0,0,0,0,0,0,0,0,,,0,,0,0,0,0,0,0,0,0,0,0,,0,0,0,0,0,0,0,0,0,0,0,0,0,0,,0,0,0,0,0,,0,0,0,0,0,0,0,0,0,0,0,0,0,0,0,0,0,0,0,0,0,0,0,0,0,1,9,0,0,0,0,0,0,0,0,0,0,0,0,0,,,0,0,0,0,0,0,0,0,0,0,0,0,,,,0,0,0,0,0,0,0,,0,0,0,0,,0,0,,0,0,0,0,0,0,0,0,0,0,0,0
00-0032626,G.Allison,Geronimo Allison,WR,WR,"https://static.www.nfl.com/image/private/f_auto,q_auto/league/pngohl9rhrwyiaf7ywnz",2017,REG,GB,12,0,0,0,0,0,0,0,0,0,0,0,0,,,0,,0,0,0,0,0,0,0,0,0,0,,0,0,0,0,0,23,39,253,0,1,1,300,119,10,-4.67096678190236,0,7,2,1,1,0.843333333333333,0.0703971119133574,0.0735113942661113,0.157053643856314,0,2,0,0,0,0,0,0,0,0,0,0,0,0,1,0,0,0,0,0,0,0,1,10,1,1,1,2,1,1,0,0,0,0,0,0,0,,,0,0,0,0,0,0,0,0,0,0,0,0,,,,0,0,0,0,0,0,0,,0,0,0,0,,0,0,,0,0,0,0,0,0,0,0,0,0,23.3,46.3
00-0032627,J.Burgess,James Burgess,OLB,LB,"https://static.www.nfl.com/image/private/f_auto,q_auto/league/dy8lbh0fossmhjjqz9ee",2017,REG,CLE,14,0,0,0,0,0,0,0,0,0,0,0,0,,,0,,0,0,0,0,0,0,0,0,0,0,,0,0,0,0,0,0,0,0,0,0,0,0,0,0,,0,0,0,0,0,,0,0,0,0,49,0,26,12,42,1,4,23,7,0,0,3,0,0,0,0,0,0,0,0,0,2,25,0,0,0,0,0,0,0,0,0,0,0,0,0,,,0,0,0,0,0,0,0,0,0,0,0,0,,,,0,0,0,0,0,0,0,,0,0,0,0,,0,0,,0,0,0,0,0,0,0,0,0,0,0,0
00-0032628,K.Brice,Kentrell Brice,S,DB,"https://static.www.nfl.com/image/private/f_auto,q_auto/league/zrvzbjooaikcz6owdhhr",2017,REG,GB,6,0,0,0,0,0,0,0,0,0,0,0,0,,,0,,0,0,0,0,0,0,0,0,0,0,,0,0,0,0,0,0,0,0,0,0,0,0,0,0,,0,0,0,0,0,,0,0,0,0,18,1,4,0,0,0,0,0,1,1,11,3,0,0,0,0,0,0,0,0,0,2,19,0,0,0,0,0,0,0,0,0,0,0,0,0,,,0,0,0,0,0,0,0,0,0,0,0,0,,,,0,0,0,0,0,0,0,,0,0,0,0,,0,0,,0,0,0,0,0,0,0,0,0,0,0,0
00-0032630,J.Callahan,Joe Callahan,QB,QB,"https://static.www.nfl.com/image/private/f_auto,q_auto/league/n9nahsdhocngttt7hmdy",2017,REG,GB,1,5,7,11,0,0,0,0,0,0,50,9,1,-3.55425386974821,3.92951454435076,0,0.22,0,0,0,0,0,0,0,0,0,0,,0,0,0,0,0,0,0,0,0,0,0,0,0,0,,0,0,0,0,0,,0,0,0,0,0,0,0,0,0,0,0,0,0,0,0,0,0,0,0,0,0,0,0,0,0,0,0,0,0,0,0,0,0,0,0,0,0,0,0,0,,,0,0,0,0,0,0,0,0,0,0,0,0,,,,0,0,0,0,0,0,0,,0,0,0,0,,0,0,,0,0,0,0,0,0,0,0,0,0,0.44,0.44
00-0032633,R.Gilbert,Reggie Gilbert,DE,DL,"https://static.www.nfl.com/image/private/f_auto,q_auto/league/yu6a311soapqwhdtznru",2017,REG,GB,2,0,0,0,0,0,0,0,0,0,0,0,0,,,0,,0,0,0,0,0,0,0,0,0,0,,0,0,0,0,0,0,0,0,0,0,0,0,0,0,,0,0,0,0,0,,0,0,0,0,2,0,0,1,8,0,1,8,3,0,0,0,0,0,0,0,0,0,0,0,0,0,0,0,0,0,0,0,0,0,0,0,0,0,0,0,,,0,0,0,0,0,0,0,0,0,0,0,0,,,,0,0,0,0,0,0,0,,0,0,0,0,,0,0,,0,0,0,0,0,0,0,0,0,0,0,0
00-0032635,J.Hawkins,Josh Hawkins,CB,DB,"https://static.www.nfl.com/image/private/f_auto,q_auto/league/vwqmw9vzmukghuglz7nb",2017,REG,GB,11,0,0,0,0,0,0,0,0,0,0,0,0,,,0,,0,0,0,0,0,0,0,0,0,0,,0,0,0,0,0,0,0,0,0,0,0,0,0,0,,0,0,0,0,0,,0,0,0,0,27,1,10,0,0,1,0,0,0,0,0,6,0,0,0,0,0,0,0,0,0,3,91,0,0,0,0,0,0,0,0,0,0,0,0,0,,,0,0,0,0,0,0,0,0,0,0,0,0,,,,0,0,0,0,0,0,0,,0,0,0,0,,0,0,,0,0,0,0,0,0,0,0,0,0,0,0
00-0032637,A.Adams,Andrew Adams,DB,DB,"https://static.www.nfl.com/image/upload/f_auto,q_auto/league/vcek7tec4fmt3agbba2s",2017,REG,NYG,10,0,0,0,0,0,0,0,0,0,0,0,0,,,0,,0,0,0,0,0,0,0,0,0,0,,0,0,0,0,0,0,0,0,0,0,0,0,0,0,,0,0,0,0,0,,0,0,0,0,27,7,0,1,1,1,0,0,1,0,0,2,0,0,0,0,0,0,0,0,0,0,0,0,0,0,0,0,0,0,0,0,0,0,0,0,,,0,0,0,0,0,0,0,0,0,0,0,0,,,,0,0,0,0,0,0,0,,0,0,0,0,,0,0,,0,0,0,0,0,0,0,0,0,0,0,0
00-0032641,D.Deayon,Donte' Deayon,CB,DB,"https://static.www.nfl.com/image/private/f_auto,q_auto/league/v6br1z7iifzh2wjzwnx0",2017,REG,NYG,4,0,0,0,0,0,0,0,0,0,0,0,0,,,0,,0,0,0,0,0,0,0,0,0,0,,0,0,0,0,0,0,0,0,0,0,0,0,0,0,,0,0,0,0,0,,0,0,0,0,6,3,1,0,0,0,0,0,0,0,0,1,0,0,0,0,0,0,0,0,0,0,0,0,0,0,0,0,0,0,0,0,0,0,0,0,,,0,0,0,0,0,0,0,0,0,0,0,0,,,,0,0,0,0,0,0,0,,0,0,0,0,,0,0,,0,0,0,0,0,0,0,0,0,0,0,0
00-0032643,M.Hunter,Michael Hunter,CB,DB,"https://static.www.nfl.com/image/private/f_auto,q_auto/league/qtx7tb7nsosjhm8g63jd",2017,REG,NYG,1,0,0,0,0,0,0,0,0,0,0,0,0,,,0,,0,0,0,0,0,0,0,0,0,0,,0,0,0,0,0,0,0,0,0,0,0,0,0,0,,0,0,0,0,0,,0,0,0,0,0,0,0,0,0,0,0,0,0,0,0,0,0,0,0,0,0,0,0,0,0,1,15,0,0,0,0,0,0,0,0,0,0,0,0,0,,,0,0,0,0,0,0,0,0,0,0,0,0,,,,0,0,0,0,0,0,0,,0,0,0,0,,0,0,,0,0,0,0,0,0,0,0,0,0,0,0
00-0032649,B.Price,Brian Price,DT,DL,"https://static.www.nfl.com/image/private/f_auto,q_auto/league/vilaczl1x0zdvjvei9qv",2017,REG,DAL,5,0,0,0,0,0,0,0,0,0,0,0,0,,,0,,0,0,0,0,0,0,0,0,0,0,,0,0,0,0,0,0,0,0,0,0,0,0,0,0,,0,0,0,0,0,,0,0,0,0,5,0,3,0,0,0,0,0,1,0,0,1,0,0,0,0,0,0,0,0,0,0,0,0,0,0,0,0,0,0,0,0,0,0,0,0,,,0,0,0,0,0,0,0,0,0,0,0,0,,,,0,0,0,0,0,0,0,,0,0,0,0,,0,0,,0,0,0,0,0,0,0,0,0,0,0,0
00-0032650,R.Malleck,Ryan Malleck,TE,TE,"https://static.www.nfl.com/image/private/f_auto,q_auto/league/xnuuvtz6tqm6epo7j26n",2017,REG,HOU,1,0,0,0,0,0,0,0,0,0,0,0,0,,,0,,0,0,0,0,0,0,0,0,0,0,,0,0,0,0,0,1,1,3,0,0,0,1,2,0,0.0822288601193577,0,0,0,0,0,3,0.00193798449612403,0.000192159877017679,0.00304148865809842,0,0,0,0,0,0,0,0,0,0,0,0,0,0,0,0,0,0,0,0,0,0,0,0,0,0,0,0,0,0,0,0,0,0,0,0,0,,,0,0,0,0,0,0,0,0,0,0,0,0,,,,0,0,0,0,0,0,0,,0,0,0,0,,0,0,,0,0,0,0,0,0,0,0,0,0,0.3,1.3
00-0032655,R.Okwara,Romeo Okwara,DE,DL,"https://static.www.nfl.com/image/private/f_auto,q_auto/league/rkasbg8asew3pyozpkcu",2017,REG,NYG,4,0,0,0,0,0,0,0,0,0,0,0,0,,,0,,0,0,0,0,0,0,0,0,0,0,,0,0,0,0,0,0,0,0,0,0,0,0,0,0,,0,0,0,0,0,,0,0,0,0,1,0,2,0,0,0,0,0,2,0,0,0,0,0,0,0,0,0,0,0,0,0,0,0,0,0,0,0,0,0,0,0,0,0,0,0,,,0,0,0,0,0,0,0,0,0,0,0,0,,,,0,0,0,0,0,0,0,,0,0,0,0,,0,0,,0,0,0,0,0,0,0,0,0,0,0,0
00-0032656,D.Powe,Darius Powe,WR,WR,"https://static.www.nfl.com/image/private/f_auto,q_auto/league/gpvxfnsuraqhcxco9b0v",2017,REG,NYG,1,0,0,0,0,0,0,0,0,0,0,0,0,,,0,,0,0,0,0,0,0,0,0,0,0,,0,0,0,0,0,2,4,13,0,0,0,16,13,0,-5.37828908610391,0,0,0,0,0,0.8125,0.0066334991708126,0.00364381689820087,0.0125009205849595,0,0,0,0,0,0,0,0,0,0,0,0,0,0,0,0,0,0,0,0,0,0,0,0,0,0,0,0,0,0,0,0,0,0,0,0,0,,,0,0,0,0,0,0,0,0,0,0,0,0,,,,0,0,0,0,0,0,0,,0,0,0,0,,0,0,,0,0,0,0,0,0,0,0,0,0,1.3,3.3
00-0032659,R.Lewis,Roger Lewis,WR,WR,"https://static.www.nfl.com/image/private/f_auto,q_auto/league/zcs1ajefa2ioxvjxygvf",2017,REG,NYG,15,0,0,0,0,0,0,0,0,0,0,0,0,,,0,,0,0,0,0,0,0,0,0,0,0,,0,0,0,0,0,36,72,416,2,0,0,740,76,20,-10.9814473668293,0,17,9,6,0,0.562162162162162,0.119402985074627,0.16852653154179,0.297073049691193,0,3,1,0,0,0,0,0,0,0,0,0,0,0,0,0,0,0,0,0,0,0,4,42,0,0,0,0,0,0,0,0,0,0,0,0,0,,,0,0,0,0,0,0,0,0,0,0,0,0,,,,0,0,0,0,0,0,0,,0,0,0,0,,0,0,,0,0,0,0,0,0,0,0,0,0,53.6,89.6
00-0032661,B.Braunecker,Ben Braunecker,TE,TE,"https://static.www.nfl.com/image/private/f_auto,q_auto/league/rjixl9e7vu8gze8324ne",2017,REG,CHI,5,0,0,0,0,0,0,0,0,0,0,0,0,,,0,,0,0,0,0,0,0,0,0,0,0,,0,0,0,0,0,0,0,0,0,0,0,0,0,0,,0,0,0,0,0,,0,0,0,0,3,0,1,0,0,0,0,0,0,0,0,0,0,0,0,0,0,0,0,0,0,1,10,0,0,0,0,0,0,0,0,0,0,0,0,0,,,0,0,0,0,0,0,0,0,0,0,0,0,,,,0,0,0,0,0,0,0,,0,0,0,0,,0,0,,0,0,0,0,0,0,0,0,0,0,0,0
00-0032667,R.Robertson-Harris,Roy Robertson-Harris,DE,DL,"https://static.www.nfl.com/image/upload/f_auto,q_auto/league/lu3nlgnkltamn4jtdbtg",2017,REG,CHI,9,0,0,0,0,0,0,0,0,0,0,0,0,,,0,,0,0,0,0,0,0,0,0,0,0,,0,0,0,0,0,0,0,0,0,0,0,0,0,0,,0,0,0,0,0,,0,0,0,0,8,0,5,2,7,0,2,7,4,0,0,1,0,0,0,0,1,0,0,0,0,2,18,0,0,0,0,0,0,0,1,7,0,0,0,0,,,0,0,0,0,0,0,0,0,0,0,0,0,,,,0,0,0,0,0,0,0,,0,0,0,0,,0,0,,0,0,0,0,0,0,0,0,0,0,0,0
00-0032671,M.Fox,Morgan Fox,DE,DL,"https://static.www.nfl.com/image/upload/f_auto,q_auto/league/xq3ab5fr6dyyqc5ncjhq",2017,REG,LA,11,0,0,0,0,0,0,0,0,0,0,0,0,,,0,,0,0,0,0,0,0,0,0,0,0,,0,0,0,0,0,0,0,0,0,0,0,0,0,0,,0,0,0,0,0,,0,0,0,0,14,0,5,2,15,1,2.5,13.5,3,0,0,0,0,0,1,0,0,0,1,0,0,0,0,0,0,0,0,0,0,0,0,0,0,0,0,0,,,0,0,0,0,0,0,0,0,0,0,0,0,,,,0,0,0,0,0,0,0,,0,0,0,0,,0,0,,0,0,0,0,0,0,0,0,0,0,0,0
00-0032674,N.Grigsby,Nicholas Grigsby,LB,LB,"https://static.www.nfl.com/image/private/f_auto,q_auto/league/k5lxlrupptod8ewxewgx",2017,REG,NE,4,0,0,0,0,0,0,0,0,0,0,0,0,,,0,,0,0,0,0,0,0,0,0,0,0,,0,0,0,0,0,0,0,0,0,0,0,0,0,0,,0,0,0,0,0,,0,0,0,0,4,0,1,0,0,0,0,0,0,0,0,0,0,0,0,0,0,0,0,0,0,0,0,0,0,0,0,0,0,0,0,0,0,0,0,0,,,0,0,0,0,0,0,0,0,0,0,0,0,,,,0,0,0,0,0,0,0,,0,0,0,0,,0,0,,0,0,0,0,0,0,0,0,0,0,0,0
00-0032676,M.Jordan,Mike Jordan,CB,DB,"https://static.www.nfl.com/image/private/f_auto,q_auto/league/zr0lkivizdwvbm33rjcz",2017,REG,CLE,8,0,0,0,0,0,0,0,0,0,0,0,0,,,0,,0,0,0,0,0,0,0,0,0,0,,0,0,0,0,0,0,0,0,0,0,0,0,0,0,,0,0,0,0,0,,0,0,0,0,16,0,4,0,0,0,0,0,0,0,0,3,0,0,0,0,0,0,0,0,0,2,17,0,0,0,0,0,0,0,0,0,0,0,0,0,,,0,0,0,0,0,0,0,0,0,0,0,0,,,,0,0,0,0,0,0,0,,0,0,0,0,,0,0,,0,0,0,0,0,0,0,0,0,0,0,0
00-0032677,C.Littleton,Cory Littleton,ILB,LB,"https://static.www.nfl.com/image/private/f_auto,q_auto/league/co7mjepkzseqkecrhqz3",2017,REG,LA,14,0,0,0,0,0,0,0,0,0,0,0,0,,,0,,0,0,0,0,0,0,0,0,0,0,,0,0,0,0,0,0,0,0,0,0,0,0,0,0,,0,0,0,0,0,,0,0,0,0,20,2,14,2,7,1,1,6,3,1,2,4,0,0,0,19,0,0,0,0,0,2,18,0,0,0,0,0,0,0,0,0,0,0,0,0,,,0,0,0,0,0,0,0,0,0,0,0,0,,,,0,0,0,0,0,0,0,,0,0,0,0,,0,0,,0,0,0,0,0,0,0,0,0,0,0,0
00-0032688,R.Anderson,Robbie Chosen,WR,WR,"https://static.www.nfl.com/image/upload/f_auto,q_auto/league/kz2hbymqgrobo1uynciv",2017,REG,NYJ,16,0,0,0,0,0,0,0,0,0,0,0,0,,,0,,0,0,0,0,3,9,0,0,0,0,0.0160434315912426,0,0,0,0,0,63,114,941,7,0,0,1460,273,36,20.5952816162402,0,34,23,17,3,0.644520547945206,0.229838709677419,0.370464349149962,0.604083108921102,0,3,0,0,0,0,0,0,0,0,0,0,0,0,0,0,0,0,0,0,0,0,2,18,0,0,0,0,0,0,0,0,0,0,0,0,0,,,0,0,0,0,0,0,0,0,0,0,0,0,,,,0,0,0,0,0,0,0,,0,0,0,0,,0,0,,0,0,0,0,0,0,0,0,0,0,137,200
00-0032689,J.Vander Laan,Jason Vander Laan,TE,TE,"https://static.www.nfl.com/image/private/f_auto,q_auto/league/winf3jjamtmc6lm89qxk",2017,REG,IND,2,0,0,0,0,0,0,0,0,0,0,0,0,,,0,,0,0,0,0,0,0,0,0,0,0,,0,0,0,0,0,0,0,0,0,0,0,0,0,0,,0,0,0,0,0,,0,0,0,0,2,0,0,0,0,0,0,0,0,0,0,0,0,0,0,0,0,0,0,0,0,0,0,0,0,0,0,0,0,0,0,0,0,0,0,0,,,0,0,0,0,0,0,0,0,0,0,0,0,,,,0,0,0,0,0,0,0,,0,0,0,0,,0,0,,0,0,0,0,0,0,0,0,0,0,0,0
00-0032699,C.Pelon,Claude Pelon,DE,DL,"https://static.www.nfl.com/image/private/f_auto,q_auto/league/ya6xvqnjkqn9cf0tcqvb",2017,REG,NYJ,1,0,0,0,0,0,0,0,0,0,0,0,0,,,0,,0,0,0,0,0,0,0,0,0,0,,0,0,0,0,0,0,0,0,0,0,0,0,0,0,,0,0,0,0,0,,0,0,0,0,0,1,1,0,0,0,0,0,0,0,0,0,0,0,0,0,0,0,0,0,0,0,0,0,0,0,0,0,0,0,0,0,0,0,0,0,,,0,0,0,0,0,0,0,0,0,0,0,0,,,,0,0,0,0,0,0,0,,0,0,0,0,,0,0,,0,0,0,0,0,0,0,0,0,0,0,0
00-0032705,E.Eagan,Ed Eagan,WR,WR,"https://static.www.nfl.com/image/private/f_auto,q_auto/league/puhaayxubph3n4tkmksf",2017,REG,NYG,4,0,0,0,0,0,0,0,0,0,0,0,0,,,0,,0,0,0,0,0,0,0,0,0,0,,0,0,0,0,0,0,1,0,0,0,0,-2,0,0,-0.906252769753337,0,0,0,0,0,0,0.00165837479270315,-0.000455477112275108,0.00216872821046215,0,0,0,0,0,0,0,0,0,0,0,0,0,0,0,0,0,0,0,0,0,0,0,0,0,0,0,0,0,4,20,0,0,0,0,0,0,,,0,0,0,0,0,0,0,0,0,0,0,0,,,,0,0,0,0,0,0,0,,0,0,0,0,,0,0,,0,0,0,0,0,0,0,0,0,0,0,0
00-0032707,A.Jones,Andy Jones,WR,WR,"https://static.www.nfl.com/image/private/f_auto,q_auto/league/mdjom6h1xosrxbulj0gw",2017,REG,DET,1,0,0,0,0,0,0,0,0,0,0,0,0,,,0,,0,0,0,0,0,0,0,0,0,0,,0,0,0,0,0,0,0,0,0,0,0,0,0,0,,0,0,0,0,0,,0,0,0,0,1,0,0,0,0,0,0,0,0,0,0,0,0,0,0,0,0,0,0,0,0,0,0,0,0,0,0,0,0,0,0,0,0,0,0,0,,,0,0,0,0,0,0,0,0,0,0,0,0,,,,0,0,0,0,0,0,0,,0,0,0,0,,0,0,,0,0,0,0,0,0,0,0,0,0,0,0
00-0032708,D.King,Deon King,LB,LB,"https://static.www.nfl.com/image/private/f_auto,q_auto/league/jjelxzqdt1md8vs9lhob",2017,REG,CLE,2,0,0,0,0,0,0,0,0,0,0,0,0,,,0,,0,0,0,0,0,0,0,0,0,0,,0,0,0,0,0,0,0,0,0,0,0,0,0,0,,0,0,0,0,0,,0,0,0,0,1,0,1,0,0,0,0,0,0,0,0,0,0,0,0,0,0,0,0,0,0,0,0,0,0,0,0,0,0,0,0,0,0,0,0,0,,,0,0,0,0,0,0,0,0,0,0,0,0,,,,0,0,0,0,0,0,0,,0,0,0,0,,0,0,,0,0,0,0,0,0,0,0,0,0,0,0
00-0032724,B.Treggs,Bryce Treggs,WR,WR,"https://static.www.nfl.com/image/private/f_auto,q_auto/league/o0cfgtzur0b0zyar1iir",2017,REG,CLE,6,0,0,0,0,0,0,0,0,0,0,0,0,,,0,,0,0,0,0,1,6,0,0,0,0,0.272683444898576,0,0,0,0,0,5,18,79,0,0,0,278,3,4,-6.47709190030582,0,4,3,1,0,0.284172661870504,0.0318021201413428,0.0535851966075559,0.0852128178373033,0,0,0,0,0,0,0,0,0,0,0,0,0,0,1,0,0,0,0,0,0,0,1,15,0,1,0,1,1,5,24,0,0,0,0,0,0,,,0,0,0,0,0,0,0,0,0,0,0,0,,,,0,0,0,0,0,0,0,,0,0,0,0,,0,0,,0,0,0,0,0,0,0,0,0,0,8.5,13.5
00-0032725,S.Anderson,Stephen Anderson,TE,TE,"https://static.www.nfl.com/image/private/f_auto,q_auto/league/inufsxftnotmpeot1lh2",2017,REG,HOU,14,0,0,0,0,0,0,0,0,0,0,0,0,,,0,,0,0,0,0,0,0,0,0,0,0,,0,0,0,0,0,25,52,342,1,0,0,460,132,17,-10.1020705046088,0,17,9,5,1,0.743478260869565,0.10077519379845,0.0883935434281322,0.213038271097367,0,2,0,0,0,0,0,0,0,0,0,0,0,0,0,0,0,0,0,0,0,0,1,9,0,0,0,0,0,0,0,0,0,0,0,0,0,,,0,0,0,0,0,0,0,0,0,0,0,0,,,,0,0,0,0,0,0,0,,0,0,0,0,,0,0,,0,0,0,0,0,0,0,0,0,0,40.2,65.2
00-0032726,K.Fairbairn,Ka'imi Fairbairn,K,SPEC,"https://static.www.nfl.com/image/upload/f_auto,q_auto/league/nbrs7doetqydf2rzhjjl",2017,REG,HOU,16,0,0,0,0,0,0,0,0,0,0,0,0,,,0,,0,0,0,0,0,0,0,0,0,0,,0,0,0,0,0,0,0,0,0,0,0,0,0,0,,0,0,0,0,0,,0,0,0,0,1,0,0,0,0,0,0,0,0,0,0,0,0,0,0,0,0,0,0,0,0,0,0,0,0,0,0,0,0,0,0,0,20,25,5,0,55,0.8,0,3,8,6,3,0,0,1,2,1,1,0,26;42;39;40;31;36;50;40;33;40;31;34;25;36;37;23;42;55;52;46,39;34;48;27;52,,758,200,0,32,35,3,0,0.914285714285714,0,0,0,0,,0,0,,0,0,0,0,0,0,0,0,0,0,0,0
00-0032727,J.Heath,Joel Heath,DE,DL,"https://static.www.nfl.com/image/private/f_auto,q_auto/league/x4ry9gch7zg1aqmqg3y3",2017,REG,HOU,12,0,0,0,0,0,0,0,0,0,0,0,0,,,0,,0,0,0,0,0,0,0,0,0,0,,0,0,0,0,0,0,0,0,0,0,0,0,0,0,,0,0,0,0,0,,0,0,0,0,13,4,7,1,1,0,1,1,1,0,0,0,0,0,0,0,0,0,0,0,0,0,0,0,0,0,0,0,0,0,0,0,0,0,0,0,,,0,0,0,0,0,0,0,0,0,0,0,0,,,,0,0,0,0,0,0,0,,0,0,0,0,,0,0,,0,0,0,0,0,0,0,0,0,0,0,0
00-0032729,U.Kamalu,Ufomba Kamalu,DE,DL,"https://static.www.nfl.com/image/private/f_auto,q_auto/league/eovb4ldeknc4iampxsr1",2017,REG,HOU,6,0,0,0,0,0,0,0,0,0,0,0,0,,,0,,0,0,0,0,0,0,0,0,0,0,,0,0,0,0,0,0,0,0,0,0,0,0,0,0,,0,0,0,0,0,,0,0,0,0,5,0,1,3,15,0,2,13,3,0,0,0,0,0,0,0,0,0,0,0,0,0,0,0,0,0,0,0,0,0,0,0,0,0,0,0,,,0,0,0,0,0,0,0,0,0,0,0,0,,,,0,0,0,0,0,0,0,,0,0,0,0,,0,0,,0,0,0,0,0,0,0,0,0,0,0,0
00-0032730,E.Lee,Eric Lee,DE,DL,"https://static.www.nfl.com/image/private/f_auto,q_auto/league/ibro3xvxl8nnu1oour1f",2017,REG,NE,6,0,0,0,0,0,0,0,0,0,0,0,0,,,0,,0,0,0,0,0,0,0,0,0,0,,0,0,0,0,0,0,0,0,0,0,0,0,0,0,,0,0,0,0,0,,0,0,0,0,7,3,9,3,21,0,3.5,23.5,5,1,8,2,0,0,1,0,0,0,0,0,0,0,0,0,0,0,0,0,0,0,0,0,0,0,0,0,,,0,0,0,0,0,0,0,0,0,0,0,0,,,,0,0,0,0,0,0,0,,0,0,0,0,,0,0,,0,0,0,0,0,0,0,0,0,0,0,0
00-0032734,B.Scarlett,Brennan Scarlett,OLB,LB,"https://static.www.nfl.com/image/private/f_auto,q_auto/league/auygeb68uz5qs6kfieib",2017,REG,HOU,10,0,0,0,0,0,0,0,0,0,0,0,0,,,0,,0,0,0,0,0,0,0,0,0,0,,0,0,0,0,0,0,0,0,0,0,0,0,0,0,,0,0,0,0,0,,0,0,0,0,19,2,8,5,17,0,2,11,3,0,0,1,0,0,0,0,0,0,0,0,0,0,0,0,0,0,0,0,0,0,0,0,0,0,0,0,,,0,0,0,0,0,0,0,0,0,0,0,0,,,,0,0,0,0,0,0,0,,0,0,0,0,,0,0,,0,0,0,0,0,0,0,0,0,0,0,0
00-0032740,L.Thomas,Lawrence Thomas,FB,RB,"https://static.www.nfl.com/image/private/f_auto,q_auto/league/qpomdgxzqn27tors7yye",2017,REG,NYJ,8,0,0,0,0,0,0,0,0,0,0,0,0,,,0,,0,0,0,0,2,1,0,0,0,0,-2.20069632655941,0,0,0,0,0,6,7,43,0,0,0,12,33,1,1.61857487790985,0,1,0,0,0,3.58333333333333,0.0141129032258065,0.00304491245876681,0.0233007935598464,0,1,0,1,0,0,0,0,0,0,0,0,0,0,0,0,0,0,0,0,0,0,0,0,0,0,0,0,0,0,0,0,0,0,0,0,0,,,0,0,0,0,0,0,0,0,0,0,0,0,,,,0,0,0,0,0,0,0,,0,0,0,0,,0,0,,0,0,0,0,0,0,0,0,0,0,4.4,10.4
00-0032741,P.Barber,Peyton Barber,RB,RB,"https://static.www.nfl.com/image/private/f_auto,q_auto/league/yjcjcrdiztmfwjgcfbux",2017,REG,TB,14,0,0,0,0,0,0,0,0,0,0,0,0,,,0,,0,0,0,0,108,423,3,2,1,23,-3.70742426172365,0,4,4,1,0,16,19,114,0,0,0,18,113,4,-0.598278299788944,0,2,1,1,0,6.33333333333333,0.0318791946308725,0.00291639662994167,0.0498602695872679,0,6,0,0,0,0,0,0,0,0,0,0,0,0,0,0,0,1,0,0,0,0,2,10,1,1,0,2,1,0,0,0,0,0,0,0,0,,,0,0,0,0,0,0,0,0,0,0,0,0,,,,0,0,0,0,0,0,0,,0,0,0,0,,0,0,,0,0,0,0,0,0,0,0,0,0,69.7,85.7
00-0032745,A.Cross,Alan Cross,TE,TE,"https://static.www.nfl.com/image/private/f_auto,q_auto/league/flcn8rvasatcy4cuoe1k",2017,REG,TB,5,0,0,0,0,0,0,0,0,0,0,0,0,,,0,,0,0,0,0,0,0,0,0,0,0,,0,0,0,0,0,5,6,58,0,0,0,41,25,3,3.11518850177526,0,3,1,1,0,1.41463414634146,0.0100671140939597,0.00664290343486714,0.0197507035453466,0,0,0,1,0,0,0,0,0,0,0,0,0,0,0,0,0,0,0,0,0,0,1,10,0,0,0,0,0,0,0,0,0,0,0,0,0,,,0,0,0,0,0,0,0,0,0,0,0,0,,,,0,0,0,0,0,0,0,,0,0,0,0,,0,0,,0,0,0,0,0,0,0,0,0,0,5.8,10.8
00-0032749,I.Johnson,Isaiah Johnson,FS,DB,"https://static.www.nfl.com/image/private/f_auto,q_auto/league/yppra2mqcny4c62bh9c7",2017,REG,TB,3,0,0,0,0,0,0,0,0,0,0,0,0,,,0,,0,0,0,0,0,0,0,0,0,0,,0,0,0,0,0,0,0,0,0,0,0,0,0,0,,0,0,0,0,0,,0,0,0,0,4,0,0,0,0,0,0,0,0,0,0,0,0,0,0,0,0,0,1,7,1,0,0,0,0,0,0,0,0,0,0,0,0,0,0,0,,,0,0,0,0,0,0,0,0,0,0,0,0,,,,0,0,0,0,0,0,0,,0,0,0,0,,0,0,,0,0,0,0,0,0,0,0,0,0,0,0
00-0032758,V.Hargreaves III,Vernon Hargreaves III,CB,DB,"https://static.www.nfl.com/image/private/f_auto,q_auto/league/jgnipmfwa4tmyicvwdoh",2017,REG,TB,9,0,0,0,0,0,0,0,0,0,0,0,0,,,0,,0,0,0,0,0,0,0,0,0,0,,0,0,0,0,0,0,0,0,0,0,0,0,0,0,,0,0,0,0,0,,0,0,0,0,35,2,5,1,5,0,0,0,0,0,0,5,0,0,0,0,0,0,0,0,0,1,9,0,0,0,0,0,0,0,0,0,0,0,0,0,,,0,0,0,0,0,0,0,0,0,0,0,0,,,,0,0,0,0,0,0,0,,0,0,0,0,,0,0,,0,0,0,0,0,0,0,0,0,0,0,0
00-0032759,S.Rankins,Sheldon Rankins,DT,DL,"https://static.www.nfl.com/image/upload/f_auto,q_auto/league/ec78oc2cpukwczkzhyrw",2017,REG,NO,12,0,0,0,0,0,0,0,0,0,0,0,0,,,0,,0,0,0,0,0,0,0,0,0,0,,0,0,0,0,0,0,0,0,0,0,0,0,0,0,,0,0,0,0,0,,0,0,0,0,16,0,10,5,20,1,2,13,9,1,27,1,0,0,0,0,0,0,0,0,0,2,20,0,0,0,0,0,0,0,0,0,0,0,0,0,,,0,0,0,0,0,0,0,0,0,0,0,0,,,,0,0,0,0,0,0,0,,0,0,0,0,,0,0,,0,0,0,0,0,0,0,0,0,0,0,0
00-0032760,J.Doctson,Josh Doctson,WR,WR,"https://static.www.nfl.com/image/private/f_auto,q_auto/league/mkq3ycvjnr0ltb0yjczi",2017,REG,WAS,15,0,0,0,0,0,0,0,0,0,0,0,0,,,0,,0,0,0,0,1,-14,0,0,0,0,-2.23983315052465,0,0,0,0,0,35,78,502,6,0,0,1074,131,25,-5.43716336689337,0,24,8,6,2,0.467411545623836,0.146067415730337,0.258608235010836,0.40012688810309,0,0,0,0,0,0,0,0,0,0,0,0,0,0,0,0,0,0,0,0,0,0,3,21,0,0,0,0,0,0,0,0,0,0,0,0,0,,,0,0,0,0,0,0,0,0,0,0,0,0,,,,0,0,0,0,0,0,0,,0,0,0,0,,0,0,,0,0,0,0,0,0,0,0,0,0,84.8,119.8
00-0032761,R.Nkemdiche,Robert Nkemdiche,DT,DL,"https://static.www.nfl.com/image/private/f_auto,q_auto/league/jmkt9rqj574temt7bpfy",2017,REG,ARI,9,0,0,0,0,0,0,0,0,0,0,0,0,,,0,,0,0,0,0,0,0,0,0,0,0,,0,0,0,0,0,0,0,0,0,0,0,0,0,0,,0,0,0,0,0,,0,0,0,0,4,0,7,1,2,1,0,0,2,0,0,0,0,0,0,0,0,0,1,21,1,4,20,0,0,0,0,0,0,0,0,0,0,0,0,0,,,0,0,0,0,0,0,0,0,0,0,0,0,,,,0,0,0,0,0,0,0,,0,0,0,0,,0,0,,0,0,0,0,0,0,0,0,0,0,0,0
00-0032762,C.Jones,Chris Jones,DE,DL,"https://static.www.nfl.com/image/upload/f_auto,q_auto/league/yrka1thykkvkfo4ixrxc",2017,REG,KC,15,0,0,0,0,0,0,0,0,0,0,0,0,,,0,,0,0,0,0,0,0,0,0,0,0,,0,0,0,0,0,0,0,0,0,0,0,0,0,0,,0,0,0,0,0,,0,0,0,0,19,3,10,4,24,4,6.5,42,13,1,-3,7,0,0,0,0,0,0,0,0,0,2,20,0,0,0,0,0,0,0,0,0,0,0,0,0,,,0,0,0,0,0,0,0,0,0,0,0,0,,,,0,0,0,0,0,0,0,,0,0,0,0,,0,0,,0,0,0,0,0,0,0,0,0,0,0,0
00-0032763,A.Johnson,Austin Johnson,NT,DL,"https://static.www.nfl.com/image/upload/f_auto,q_auto/league/wmwnpt1s8wxxztkkqd0z",2017,REG,TEN,14,0,0,0,0,0,0,0,0,0,0,0,0,,,0,,0,0,0,0,0,0,0,0,0,0,,0,0,0,0,0,0,0,0,0,0,0,0,0,0,,0,0,0,0,0,,0,0,0,0,13,2,9,1,1,0,1,0,1,0,0,1,0,0,0,0,0,0,0,0,0,0,0,0,0,0,0,0,0,0,0,0,0,0,0,0,,,0,0,0,0,0,0,0,0,0,0,0,0,,,,0,0,0,0,0,0,0,,0,0,0,0,,0,0,,0,0,0,0,0,0,0,0,0,0,0,0
00-0032764,D.Henry,Derrick Henry,RB,RB,"https://static.www.nfl.com/image/upload/f_auto,q_auto/league/jxtikemnvpkw9r0ex2wv",2017,REG,TEN,16,0,0,0,0,0,0,0,0,0,0,0,0,,,0,,0,0,0,0,176,744,5,1,0,39,-14.0130329481722,0,20,13,5,2,11,17,136,1,0,0,28,125,4,4.2792770328072,0,4,1,1,1,4.85714285714286,0.0351239669421488,0.0064,0.0571659504132231,0,0,0,0,0,0,0,0,0,0,0,0,0,0,0,0,0,0,0,0,0,0,0,0,1,0,1,1,0,0,0,0,0,0,0,0,0,,,0,0,0,0,0,0,0,0,0,0,0,0,,,,0,0,0,0,0,0,0,,0,0,0,0,,0,0,,0,0,0,0,0,0,0,0,0,0,124,135
00-0032765,M.Thomas,Michael Thomas,WR,WR,"https://static.www.nfl.com/image/private/f_auto,q_auto/league/sxldsbuw65hfmkzqhw96",2017,REG,NO,16,0,0,0,0,0,0,0,0,0,0,0,0,,,0,,0,0,0,0,0,0,0,0,0,0,,0,0,0,0,0,104,149,1245,5,0,0,1418,425,70,62.138178875857,0,50,30,22,1,0.877997179125529,0.281663516068053,0.414983904009365,0.712984006908635,0,5,0,0,0,0,0,0,0,0,0,0,0,0,0,0,0,0,0,0,0,0,2,15,0,0,0,0,0,0,0,0,0,0,0,0,0,,,0,0,0,0,0,0,0,0,0,0,0,0,,,,0,0,0,0,0,0,0,,0,0,0,0,,0,0,,0,0,0,0,0,0,0,0,0,0,154.5,258.5
00-0032766,J.Spriggs,Jason Spriggs,OT,OL,"https://static.www.nfl.com/image/private/f_auto,q_auto/league/qds8oiiybnr1lgcajtob",2017,REG,GB,1,0,0,0,0,0,0,0,0,0,0,0,0,,,0,,0,0,0,0,0,0,0,0,0,0,,0,0,0,0,0,0,0,0,0,0,0,0,0,0,,0,0,0,0,0,,0,0,0,0,0,0,0,0,0,0,0,0,0,0,0,0,0,0,0,0,1,0,0,0,0,0,0,0,0,0,0,0,0,0,0,0,0,0,0,0,,,0,0,0,0,0,0,0,0,0,0,0,0,,,,0,0,0,0,0,0,0,,0,0,0,0,,0,0,,0,0,0,0,0,0,0,0,0,0,0,0
00-0032768,C.Whitehair,Cody Whitehair,G,OL,"https://static.www.nfl.com/image/upload/f_auto,q_auto/league/rp4zb2zxkhjosnuo6zer",2017,REG,CHI,10,0,0,0,0,0,0,0,0,0,0,0,0,,,0,,0,0,0,0,0,0,0,0,0,0,,0,0,0,0,0,0,0,0,0,0,0,0,0,0,,0,0,0,0,0,,0,0,0,0,1,0,0,0,0,0,0,0,0,0,0,0,0,0,0,0,0,0,0,0,0,8,70,0,2,0,2,0,0,0,0,0,0,0,0,0,,,0,0,0,0,0,0,0,0,0,0,0,0,,,,0,0,0,0,0,0,0,,0,0,0,0,,0,0,,0,0,0,0,0,0,0,0,0,0,0,0
00-0032769,B.Williams,Brandon Williams,CB,DB,"https://static.www.nfl.com/image/private/f_auto,q_auto/league/yv2dn79knkldpbjizvqe",2017,REG,ARI,2,0,0,0,0,0,0,0,0,0,0,0,0,,,0,,0,0,0,0,0,0,0,0,0,0,,0,0,0,0,0,0,0,0,0,0,0,0,0,0,,0,0,0,0,0,,0,0,0,0,0,0,2,0,0,0,0,0,0,0,0,0,0,0,0,0,0,0,0,0,0,0,0,0,0,0,0,0,0,0,0,0,0,0,0,0,,,0,0,0,0,0,0,0,0,0,0,0,0,,,,0,0,0,0,0,0,0,,0,0,0,0,,0,0,,0,0,0,0,0,0,0,0,0,0,0,0
00-0032771,P.Ehinger,Parker Ehinger,G,OL,"https://static.www.nfl.com/image/private/f_auto,q_auto/league/zhndfyv06empalrapux8",2017,REG,KC,1,0,0,0,0,0,0,0,0,0,0,0,0,,,0,,0,0,0,0,0,0,0,0,0,0,,0,0,0,0,0,0,0,0,0,0,0,0,0,0,,0,0,0,0,0,,0,0,0,0,0,0,0,0,0,0,0,0,0,0,0,0,0,0,0,0,0,0,0,0,0,1,5,0,0,0,0,0,0,0,0,0,0,0,0,0,,,0,0,0,0,0,0,0,0,0,0,0,0,,,,0,0,0,0,0,0,0,,0,0,0,0,,0,0,,0,0,0,0,0,0,0,0,0,0,0,0
00-0032772,R.Smith,Ryan Smith,CB,DB,"https://static.www.nfl.com/image/private/f_auto,q_auto/league/rr2dson0ucuhmzizbjry",2017,REG,TB,13,0,0,0,0,0,0,0,0,0,0,0,0,,,0,,0,0,0,0,0,0,0,0,0,0,,0,0,0,0,0,0,0,0,0,0,0,0,0,0,,0,0,0,0,0,,0,0,0,0,49,3,11,0,0,2,0,0,0,0,0,5,0,0,0,0,0,0,1,0,0,3,25,0,0,0,0,0,0,0,0,0,0,0,0,0,,,0,0,0,0,0,0,0,0,0,0,0,0,,,,0,0,0,0,0,0,0,,0,0,0,0,,0,0,,0,0,0,0,0,0,0,0,0,0,0,0
00-0032773,N.Kwiatkoski,Nick Kwiatkoski,ILB,LB,"https://static.www.nfl.com/image/private/f_auto,q_auto/league/y4kxbbep5gxsvsdjjdnf",2017,REG,CHI,10,0,0,0,0,0,0,0,0,0,0,0,0,,,0,,0,0,0,0,0,0,0,0,0,0,,0,0,0,0,0,0,0,0,0,0,0,0,0,0,,0,0,0,0,0,,0,0,0,0,36,1,12,2,19,1,2,16,3,0,0,2,0,0,0,0,0,0,0,0,0,1,15,0,0,0,0,0,0,0,0,0,0,0,0,0,,,0,0,0,0,0,0,0,0,0,0,0,0,,,,0,0,0,0,0,0,0,,0,0,0,0,,0,0,,0,0,0,0,0,0,0,0,0,0,0,0
00-0032774,D.Bush,Deon Bush,SAF,DB,"https://static.www.nfl.com/image/upload/f_auto,q_auto/league/v0inth9nfhbpq1ufqpmv",2017,REG,CHI,4,0,0,0,0,0,0,0,0,0,0,0,0,,,0,,0,0,0,0,0,0,0,0,0,0,,0,0,0,0,0,0,0,0,0,0,0,0,0,0,,0,0,0,0,0,,0,0,0,0,4,0,2,0,0,0,0,0,0,0,0,0,0,0,0,0,0,0,0,0,0,0,0,0,0,0,0,0,0,0,0,0,0,0,0,0,,,0,0,0,0,0,0,0,0,0,0,0,0,,,,0,0,0,0,0,0,0,,0,0,0,0,,0,0,,0,0,0,0,0,0,0,0,0,0,0,0
00-0032775,D.Robinson,Demarcus Robinson,WR,WR,"https://static.www.nfl.com/image/upload/f_auto,q_auto/league/aynbxqjpwz1vhpxbxvv8",2017,REG,KC,10,0,0,0,0,0,0,0,0,0,0,0,0,,,0,,0,0,0,0,0,0,0,0,0,0,,0,0,0,0,0,21,39,212,0,0,0,407,47,13,-2.90032942341787,0,9,4,1,0,0.520884520884521,0.0738636363636364,0.0969509290138161,0.178661104855126,0,1,0,0,0,0,0,0,0,0,0,0,0,0,0,0,0,0,0,0,0,0,1,15,0,0,0,0,0,1,-4,0,0,0,0,0,0,,,0,0,0,0,0,0,0,0,0,0,0,0,,,,0,0,0,0,0,0,0,,0,0,0,0,,0,0,,0,0,0,0,0,0,0,0,0,0,21.2,42.2
00-0032777,E.Boehm,Evan Boehm,G,OL,"https://static.www.nfl.com/image/private/f_auto,q_auto/league/r9fk00d9giloyndycrd0",2017,REG,ARI,3,0,0,0,0,0,0,0,0,0,0,0,0,,,0,,0,0,0,0,0,0,0,0,0,0,,0,0,0,0,0,0,0,0,0,0,0,0,0,0,,0,0,0,0,0,,0,0,0,0,0,0,1,0,0,0,0,0,0,0,0,0,0,0,0,0,0,0,0,0,0,4,35,0,0,0,0,0,0,0,0,0,0,0,0,0,,,0,0,0,0,0,0,0,0,0,0,0,0,,,,0,0,0,0,0,0,0,,0,0,0,0,,0,0,,0,0,0,0,0,0,0,0,0,0,0,0
00-0032779,C.Benenoch,Caleb Benenoch,G,OL,"https://static.www.nfl.com/image/private/f_auto,q_auto/league/aqawofzbc1jpvqbvuw2p",2017,REG,TB,2,0,0,0,0,0,0,0,0,0,0,0,0,,,0,,0,0,0,0,0,0,0,0,0,0,,0,0,0,0,0,0,0,0,0,0,0,0,0,0,,0,0,0,0,0,,0,0,0,0,1,0,0,0,0,0,0,0,0,0,0,0,0,0,0,0,1,0,0,0,0,2,15,0,0,0,0,0,0,0,0,0,0,0,0,0,,,0,0,0,0,0,0,0,0,0,0,0,0,,,,0,0,0,0,0,0,0,,0,0,0,0,,0,0,,0,0,0,0,0,0,0,0,0,0,0,0
00-0032780,Jo.Howard,Jordan Howard,RB,RB,"https://static.www.nfl.com/image/private/f_auto,q_auto/league/nbvb6bsrmjupmqrrf1n4",2017,REG,CHI,16,0,0,0,0,0,0,0,0,0,0,0,0,,,0,,0,0,0,0,276,1122,9,1,1,61,-14.7703011299105,0,32,24,5,3,23,32,125,0,0,0,-26,157,4,-8.00946924387245,0,4,0,0,0,-4.80769230769231,0.0683760683760684,-0.007456266131345,0.0973447162721611,0,0,0,0,0,0,0,0,0,0,0,0,0,0,0,0,0,1,0,0,0,0,0,0,1,0,0,1,1,0,0,0,0,0,0,0,0,,,0,0,0,0,0,0,0,0,0,0,0,0,,,,0,0,0,0,0,0,0,,0,0,0,0,,0,0,,0,0,0,0,0,0,0,0,0,0,176.7,199.7
00-0032781,M.Ioannidis,Matthew Ioannidis,DT,DL,"https://static.www.nfl.com/image/private/f_auto,q_auto/league/lpssqcmedzhumg82rpex",2017,REG,WAS,14,0,0,0,0,0,0,0,0,0,0,0,0,,,0,,0,0,0,0,0,0,0,0,0,0,,0,0,0,0,0,0,0,0,0,0,0,0,0,0,,0,0,0,0,0,,0,0,0,0,8,5,14,3,21,1,4.5,33.5,17,0,0,0,0,0,0,0,0,0,0,0,0,0,0,0,0,0,0,0,0,0,0,0,0,0,0,0,,,0,0,0,0,0,0,0,0,0,0,0,0,,,,0,0,0,0,0,0,0,,0,0,0,0,,0,0,,0,0,0,0,0,0,0,0,0,0,0,0
00-0032782,W.Smallwood,Wendell Smallwood,RB,RB,"https://static.www.nfl.com/image/private/f_auto,q_auto/league/r20rhl0c17ql8dtnl5kz",2017,REG,PHI,8,0,0,0,0,0,0,0,0,0,0,0,0,,,0,,0,0,0,0,47,174,1,0,0,9,-9.07684991369024,0,4,3,2,0,13,18,103,0,0,0,21,87,6,3.40596396892067,0,4,1,1,0,4.90476190476191,0.0323741007194245,0.00397802614131464,0.0513457693780569,0,2,0,0,0,0,1,0,0,0,0,0,0,0,0,0,0,0,0,0,0,0,1,15,0,0,0,0,0,0,0,4,93,0,0,0,0,,,0,0,0,0,0,0,0,0,0,0,0,0,,,,0,0,0,0,0,0,0,,0,0,0,0,,0,0,,0,0,0,0,0,0,0,0,0,0,33.7,46.7
00-0032783,L.Sims,LeShaun Sims,CB,DB,"https://static.www.nfl.com/image/private/f_auto,q_auto/league/nizdose3rdr06e8c4ubu",2017,REG,TEN,13,0,0,0,0,0,0,0,0,0,0,0,0,,,0,,0,0,0,0,0,0,0,0,0,0,,0,0,0,0,0,0,0,0,0,0,0,0,0,0,,0,0,0,0,0,,0,0,0,0,31,0,5,1,4,1,0,0,0,1,0,3,0,0,0,0,0,0,0,0,0,3,36,0,0,0,0,0,0,0,0,0,0,0,0,0,,,0,0,0,0,0,0,0,0,0,0,0,0,,,,0,0,0,0,0,0,0,,0,0,0,0,,0,0,,0,0,0,0,0,0,0,0,0,0,0,0
00-0032784,K.Hogan,Kevin Hogan,QB,QB,"https://static.www.nfl.com/image/private/f_auto,q_auto/league/cuyxl0uprwddruvea1ma",2017,REG,CLE,4,46,75,517,4,5,6,-35,1,0,688,234,21,-14.7180221522174,0.442376048178286,0,0.751453488372093,18,11,8,2,10,71,0,0,0,4,3.44652299833251,0,3,0,0,0,0,0,0,0,0,0,0,0,0,,0,0,0,0,0,,0,0,0,0,0,0,0,0,0,0,0,0,0,0,0,0,0,0,0,0,0,0,0,0,0,2,11,1,0,0,1,0,0,0,0,0,0,0,0,0,,,0,0,0,0,0,0,0,0,0,0,0,0,,,,0,0,0,0,0,0,0,,0,0,0,0,,0,0,,0,0,0,0,0,0,0,0,0,0,33.78,33.78
00-0032785,H.Vaitai,Halapoulivaati Vaitai,G,OL,"https://static.www.nfl.com/image/private/f_auto,q_auto/league/pfzazftnjpo529mvpo8e",2017,REG,PHI,6,0,0,0,0,0,0,0,0,0,0,0,0,,,0,,0,0,0,0,0,0,0,0,0,0,,0,0,0,0,0,0,0,0,0,0,0,0,0,0,,0,0,0,0,0,,0,0,0,0,1,0,0,0,0,0,0,0,0,0,0,0,0,0,0,0,0,0,0,0,0,6,50,0,0,0,0,0,0,0,0,0,0,0,0,0,,,0,0,0,0,0,0,0,0,0,0,0,0,,,,0,0,0,0,0,0,0,,0,0,0,0,,0,0,,0,0,0,0,0,0,0,0,0,0,0,0
00-0032786,M.Christian,Marqui Christian,DB,DB,"https://static.www.nfl.com/image/private/f_auto,q_auto/league/bk79sr1yjbieayejzi9a",2017,REG,LA,8,0,0,0,0,0,0,0,0,0,0,0,0,,,0,,0,0,0,0,0,0,0,0,0,0,,0,0,0,0,0,0,0,0,0,0,0,0,0,0,,0,0,0,0,0,,0,0,0,0,4,1,4,0,0,0,0,0,0,0,0,0,0,0,0,0,0,0,0,0,0,3,30,0,0,0,0,0,0,0,0,0,0,0,0,0,,,0,0,0,0,0,0,0,0,0,0,0,0,,,,0,0,0,0,0,0,0,,0,0,0,0,,0,0,,0,0,0,0,0,0,0,0,0,0,0,0
00-0032788,D.White,D.J. White,CB,DB,"https://static.www.nfl.com/image/private/f_auto,q_auto/league/yvcdnpypxznydswmpdnv",2017,REG,IND,1,0,0,0,0,0,0,0,0,0,0,0,0,,,0,,0,0,0,0,0,0,0,0,0,0,,0,0,0,0,0,0,0,0,0,0,0,0,0,0,,0,0,0,0,0,,0,0,0,0,3,0,0,0,0,0,0,0,0,0,0,0,0,0,0,0,0,0,0,0,0,0,0,0,0,0,0,0,0,0,0,0,0,0,0,0,,,0,0,0,0,0,0,0,0,0,0,0,0,,,,0,0,0,0,0,0,0,,0,0,0,0,,0,0,,0,0,0,0,0,0,0,0,0,0,0,0
00-0032789,D.Bond,Devante Bond,LB,LB,"https://static.www.nfl.com/image/private/f_auto,q_auto/league/viqme6jrrgc8cjtk9gii",2017,REG,TB,10,0,0,0,0,0,0,0,0,0,0,0,0,,,0,,0,0,0,0,0,0,0,0,0,0,,0,0,0,0,0,0,0,0,0,0,0,0,0,0,,0,0,0,0,0,,0,0,0,0,12,0,2,0,0,0,0,0,1,0,0,0,0,0,0,0,0,0,0,0,0,4,35,0,0,0,0,0,0,0,0,0,0,0,0,0,,,0,0,0,0,0,0,0,0,0,0,0,0,,,,0,0,0,0,0,0,0,,0,0,0,0,,0,0,,0,0,0,0,0,0,0,0,0,0,0,0
00-0032790,D.Houston-Carson,DeAndre Houston-Carson,DB,DB,"https://static.www.nfl.com/image/private/f_auto,q_auto/league/fxpb4ojlixre6s7tn5ru",2017,REG,CHI,6,0,0,0,0,0,0,0,0,0,0,0,0,,,0,,0,0,0,0,0,0,0,0,0,0,,0,0,0,0,0,0,0,0,0,0,0,0,0,0,,0,0,0,0,0,,0,0,0,0,10,0,0,0,0,2,0,0,0,0,0,0,0,0,0,0,0,0,0,0,0,1,10,0,0,0,0,0,0,0,0,0,0,0,0,0,,,0,0,0,0,0,0,0,0,0,0,0,0,,,,0,0,0,0,0,0,0,,0,0,0,0,,0,0,,0,0,0,0,0,0,0,0,0,0,0,0
00-0032791,J.Grant,Jakeem Grant,WR,WR,"https://static.www.nfl.com/image/private/f_auto,q_auto/league/f2ujcvb61rknhjyxcrsu",2017,REG,MIA,15,0,0,0,0,0,0,0,0,0,0,0,0,,,0,,0,0,0,0,3,12,0,0,0,0,-0.191896065021865,0,0,0,0,0,13,22,203,2,0,0,219,144,9,5.61736327564406,0,9,4,3,1,0.926940639269406,0.0374149659863946,0.0448402948402948,0.0875106553677982,0,0,0,1,0,0,0,0,0,0,0,0,0,0,1,0,0,2,-13,0,0,0,1,10,0,2,0,2,1,25,190,21,479,0,0,0,0,,,0,0,0,0,0,0,0,0,0,0,0,0,,,,0,0,0,0,0,0,0,,0,0,0,0,,0,0,,0,0,0,0,0,0,0,0,0,0,33.5,46.5
00-0032792,N.Sudfeld,Nate Sudfeld,QB,QB,"https://static.www.nfl.com/image/upload/f_auto,q_auto/league/l1acxbghxcms27qi59nq",2017,REG,PHI,1,19,23,134,0,0,3,-24,0,0,95,78,4,-11.1902408239548,14.6902355280789,0,1.41052631578947,6,1,0,0,1,22,0,0,0,1,2.48299313033931,0,1,1,1,0,0,0,0,0,0,0,0,0,0,,0,0,0,0,0,,0,0,0,0,0,0,0,0,0,0,0,0,0,0,0,0,0,0,0,0,0,0,0,-6,0,1,5,0,0,0,0,0,0,0,0,0,0,0,0,0,,,0,0,0,0,0,0,0,0,0,0,0,0,,,,0,0,0,0,0,0,0,,0,0,0,0,,0,0,,0,0,0,0,0,0,0,0,0,0,7.56,7.56
00-0032793,B.Countess,Blake Countess,CB,DB,"https://static.www.nfl.com/image/private/f_auto,q_auto/league/knjiy2v40nshxlcky4io",2017,REG,LA,12,0,0,0,0,0,0,0,0,0,0,0,0,,,0,,0,0,0,0,0,0,0,0,0,0,,0,0,0,0,0,0,0,0,0,0,0,0,0,0,,0,0,0,0,0,,0,0,0,1,17,2,6,1,2,0,0,0,0,1,19,1,0,0,0,16,0,0,0,0,0,3,28,0,0,0,0,0,0,0,0,0,0,0,0,0,,,0,0,0,0,0,0,0,0,0,0,0,0,,,,0,0,0,0,0,0,0,,0,0,0,0,,0,0,,0,0,0,0,0,0,0,0,0,0,6,6
00-0032794,D.Vitale,Danny Vitale,RB,RB,"https://static.www.nfl.com/image/private/f_auto,q_auto/league/x9z1hqodjhb8dio4dr1w",2017,REG,CLE,9,0,0,0,0,0,0,0,0,0,0,0,0,,,0,,0,0,0,0,0,0,0,0,0,0,,0,0,0,0,0,3,5,19,0,0,0,-5,25,1,-1.92311799689196,0,1,0,0,0,-3.8,0.0088339222614841,-0.000963762528912876,0.0125762496219871,0,7,0,1,0,0,0,0,0,0,0,0,0,0,0,0,0,0,0,0,0,0,0,0,0,0,0,0,0,0,0,1,18,0,0,0,0,,,0,0,0,0,0,0,0,0,0,0,0,0,,,,0,0,0,0,0,0,0,,0,0,0,0,,0,0,,0,0,0,0,0,0,0,0,0,0,1.9,4.9
00-0032795,C.Core,Cody Core,WR,WR,"https://static.www.nfl.com/image/private/f_auto,q_auto/league/pjgnazhwpfaznduhwf3g",2017,REG,CIN,7,0,0,0,0,0,0,0,0,0,0,0,0,,,0,,0,0,0,0,0,0,0,0,0,0,,0,0,0,0,0,0,4,0,0,0,0,132,0,0,-3.23808666993864,0,0,0,0,0,0,0.00819672131147541,0.0316622691292876,0.0344586703577144,0,4,0,0,0,0,0,0,0,0,0,0,0,0,0,0,0,0,0,0,0,0,3,30,0,0,0,0,0,0,0,0,0,0,0,0,0,,,0,0,0,0,0,0,0,0,0,0,0,0,,,,0,0,0,0,0,0,0,,0,0,0,0,,0,0,,0,0,0,0,0,0,0,0,0,0,0,0
00-0032797,J.Lucas,Jordan Lucas,S,DB,"https://static.www.nfl.com/image/private/f_auto,q_auto/league/gl7dbai456eibmbj22dh",2017,REG,MIA,4,0,0,0,0,0,0,0,0,0,0,0,0,,,0,,0,0,0,0,0,0,0,0,0,0,,0,0,0,0,0,0,0,0,0,0,0,0,0,0,,0,0,0,0,0,,0,0,0,0,4,0,2,0,0,0,0,0,0,0,0,0,0,0,0,0,0,0,0,0,0,1,15,0,0,0,0,0,0,0,0,0,0,0,0,0,,,0,0,0,0,0,0,0,0,0,0,0,0,,,,0,0,0,0,0,0,0,,0,0,0,0,,0,0,,0,0,0,0,0,0,0,0,0,0,0,0
00-0032798,H.Miller,Harlan Miller,CB,DB,"https://static.www.nfl.com/image/private/f_auto,q_auto/league/cqdntdasciynxbaqmdaz",2017,REG,ARI,2,0,0,0,0,0,0,0,0,0,0,0,0,,,0,,0,0,0,0,0,0,0,0,0,0,,0,0,0,0,0,0,0,0,0,0,0,0,0,0,,0,0,0,0,0,,0,0,0,0,4,0,2,0,0,0,0,0,0,0,0,0,0,0,0,0,0,0,1,0,0,0,0,0,0,0,0,0,0,0,0,0,0,0,0,0,,,0,0,0,0,0,0,0,0,0,0,0,0,,,,0,0,0,0,0,0,0,,0,0,0,0,,0,0,,0,0,0,0,0,0,0,0,0,0,0,0
00-0032799,A.Wallace,Aaron Wallace,LB,LB,"https://static.www.nfl.com/image/private/f_auto,q_auto/league/x3qredctw24swqsywyu1",2017,REG,TEN,1,0,0,0,0,0,0,0,0,0,0,0,0,,,0,,0,0,0,0,0,0,0,0,0,0,,0,0,0,0,0,0,0,0,0,0,0,0,0,0,,0,0,0,0,0,,0,0,0,0,1,0,0,0,0,0,0,0,0,0,0,0,0,0,0,0,0,0,0,0,0,0,0,0,0,0,0,0,0,0,0,0,0,0,0,0,,,0,0,0,0,0,0,0,0,0,0,0,0,,,,0,0,0,0,0,0,0,,0,0,0,0,,0,0,,0,0,0,0,0,0,0,0,0,0,0,0
00-0032803,J.Mills,Jalen Mills,CB,DB,"https://static.www.nfl.com/image/upload/f_auto,q_auto/league/yc4745ngoppgf1syjghl",2017,REG,PHI,15,0,0,0,0,0,0,0,0,0,0,0,0,,,0,,0,0,0,0,0,0,0,0,0,0,,0,0,0,0,0,0,0,0,0,0,0,0,0,0,,0,0,0,0,0,,0,0,0,0,49,2,13,1,1,0,0,0,0,3,53,14,1,0,0,0,0,0,0,0,0,7,91,0,0,0,0,0,0,0,0,0,0,0,0,0,,,0,0,0,0,0,0,0,0,0,0,0,0,,,,0,0,0,0,0,0,0,,0,0,0,0,,0,0,,0,0,0,0,0,0,0,0,0,0,0,0
00-0032804,D.Lasco,Daniel Lasco,RB,RB,"https://static.www.nfl.com/image/private/f_auto,q_auto/league/bqwslkxtdxyq5cihdvas",2017,REG,NO,1,0,0,0,0,0,0,0,0,0,0,0,0,,,0,,0,0,0,0,0,0,0,0,0,0,,0,0,0,0,0,0,0,0,0,0,0,0,0,0,,0,0,0,0,0,,0,0,0,0,1,0,0,0,0,0,0,0,0,0,0,0,0,0,0,0,0,0,0,0,0,0,0,0,0,0,0,0,0,0,0,0,0,0,0,0,,,0,0,0,0,0,0,0,0,0,0,0,0,,,,0,0,0,0,0,0,0,,0,0,0,0,,0,0,,0,0,0,0,0,0,0,0,0,0,0,0
00-0032807,C.Fejedelem,Clayton Fejedelem,DB,DB,"https://static.www.nfl.com/image/private/f_auto,q_auto/league/mlxzah8tensxhgwc7z3x",2017,REG,CIN,15,0,0,0,0,0,0,0,0,0,0,0,0,,,0,,0,0,0,0,0,0,0,0,0,0,,0,0,0,0,0,0,0,0,0,0,0,0,0,0,,0,0,0,0,0,,0,0,0,0,33,1,23,0,0,0,0,0,1,1,5,2,0,0,0,0,0,0,0,0,0,3,30,0,0,0,0,0,0,0,0,0,0,0,0,0,,,0,0,0,0,0,0,0,0,0,0,0,0,,,,0,0,0,0,0,0,0,,0,0,0,0,,0,0,,0,0,0,0,0,0,0,0,0,0,0,0
00-0032809,J.Walker,Joe Walker,LB,LB,"https://static.www.nfl.com/image/private/f_auto,q_auto/league/atg9crnzdxhx8cya6eh0",2017,REG,PHI,8,0,0,0,0,0,0,0,0,0,0,0,0,,,0,,0,0,0,0,0,0,0,0,0,0,,0,0,0,0,0,0,0,0,0,0,0,0,0,0,,0,0,0,0,0,,0,0,0,0,6,0,4,0,0,0,0,0,0,0,0,1,0,0,0,0,0,0,0,0,0,1,15,0,0,0,0,0,0,0,0,0,0,0,0,0,,,0,0,0,0,0,0,0,0,0,0,0,0,,,,0,0,0,0,0,0,0,,0,0,0,0,,0,0,,0,0,0,0,0,0,0,0,0,0,0,0
00-0032810,K.Reed,Kalan Reed,DB,DB,"https://static.www.nfl.com/image/private/f_auto,q_auto/league/fhy3cxo1m6c7rk9e2u3y",2017,REG,TEN,1,0,0,0,0,0,0,0,0,0,0,0,0,,,0,,0,0,0,0,0,0,0,0,0,0,,0,0,0,0,0,0,0,0,0,0,0,0,0,0,,0,0,0,0,0,,0,0,0,0,0,0,0,0,0,0,0,0,0,0,0,1,0,0,0,0,0,0,0,0,0,0,0,0,0,0,0,0,0,0,0,0,0,0,0,0,,,0,0,0,0,0,0,0,0,0,0,0,0,,,,0,0,0,0,0,0,0,,0,0,0,0,,0,0,,0,0,0,0,0,0,0,0,0,0,0,0
00-0032813,E.Penny,Elijhaa Penny,FB,RB,"https://static.www.nfl.com/image/private/f_auto,q_auto/league/jiebuu94lu81xzneqrsf",2017,REG,ARI,10,0,0,0,0,0,0,0,0,0,0,0,0,,,0,,0,0,0,0,31,124,2,0,0,7,3.0498611353687,0,2,1,0,0,4,6,38,0,0,0,-3,41,2,0.0517392595647834,0,1,1,0,0,-12.6666666666667,0.0101351351351351,-0.000516617874978474,0.0148410701902178,0,9,0,3,0,0,0,0,0,0,0,0,0,0,0,0,0,1,0,0,0,0,0,0,0,0,0,0,0,0,0,0,0,0,0,0,0,,,0,0,0,0,0,0,0,0,0,0,0,0,,,,0,0,0,0,0,0,0,,0,0,0,0,,0,0,,0,0,0,0,0,0,0,0,0,0,28.2,32.2
00-0032820,T.Smith,Terrance Smith,LB,LB,"https://static.www.nfl.com/image/private/f_auto,q_auto/league/i3yw5ounexmdl2ofyfx4",2017,REG,KC,8,0,0,0,0,0,0,0,0,0,0,0,0,,,0,,0,0,0,0,0,0,0,0,0,0,,0,0,0,0,0,0,0,0,0,0,0,0,0,0,,0,0,0,0,0,,0,0,0,0,10,0,1,0,0,0,0,0,0,1,7,2,0,0,0,0,0,0,0,0,0,3,30,0,0,0,0,0,0,0,0,0,0,0,0,0,,,0,0,0,0,0,0,0,0,0,0,0,0,,,,0,0,0,0,0,0,0,,0,0,0,0,,0,0,,0,0,0,0,0,0,0,0,0,0,0,0
00-0032827,L.Wester,Leonard Wester,OT,OL,"https://static.www.nfl.com/image/private/f_auto,q_auto/league/xqoisiggov46tdd9hand",2017,REG,TB,1,0,0,0,0,0,0,0,0,0,0,0,0,,,0,,0,0,0,0,0,0,0,0,0,0,,0,0,0,0,0,1,1,2,1,0,0,2,0,1,0.727882906270679,0,0,0,0,0,1,0.00167785234899329,0.000324044069993519,0.0027436093724854,0,0,0,0,0,0,0,0,0,0,0,0,0,0,0,0,0,0,0,0,0,0,0,0,0,0,0,0,0,0,0,0,0,0,0,0,0,,,0,0,0,0,0,0,0,0,0,0,0,0,,,,0,0,0,0,0,0,0,,0,0,0,0,,0,0,,0,0,0,0,0,0,0,0,0,0,6.2,7.2
00-0032839,H.Sharp,Hunter Sharp,WR,WR,"https://static.www.nfl.com/image/private/f_auto,q_auto/league/umjebkr4qrfxvw64towf",2017,REG,NYG,3,0,0,0,0,0,0,0,0,0,0,0,0,,,0,,0,0,0,0,0,0,0,0,0,0,,0,0,0,0,0,5,9,54,1,0,0,76,23,2,-0.088334662723355,0,2,2,1,0,0.710526315789474,0.0163339382940109,0.0160033691303432,0.0357032658322566,0,0,0,0,0,0,0,0,0,0,0,0,0,0,0,0,0,0,0,0,0,0,0,0,0,0,0,0,0,8,74,1,19,0,0,0,0,,,0,0,0,0,0,0,0,0,0,0,0,0,,,,0,0,0,0,0,0,0,,0,0,0,0,,0,0,,0,0,0,0,0,0,0,0,0,0,11.4,16.4
00-0032848,K.Peterson,Kevin Peterson,CB,DB,"https://static.www.nfl.com/image/private/f_auto,q_auto/league/zxah6cxxtk8knftopqym",2017,REG,LA,4,0,0,0,0,0,0,0,0,0,0,0,0,,,0,,0,0,0,0,0,0,0,0,0,0,,0,0,0,0,0,0,0,0,0,0,0,0,0,0,,0,0,0,0,0,,0,0,0,0,7,0,4,0,0,0,0,0,0,2,42,6,0,1,0,0,1,0,0,0,0,1,10,1,0,0,1,0,0,0,0,0,0,0,0,0,,,0,0,0,0,0,0,0,0,0,0,0,0,,,,0,0,0,0,0,0,0,,0,0,0,0,,0,0,,0,0,0,0,0,0,0,0,0,0,0,0
00-0032851,P.Robertson,Pete Robertson,LB,LB,"https://static.www.nfl.com/image/private/f_auto,q_auto/league/kqqci9hwgkl8aefdzlts",2017,REG,WAS,3,0,0,0,0,0,0,0,0,0,0,0,0,,,0,,0,0,0,0,0,0,0,0,0,0,,0,0,0,0,0,0,0,0,0,0,0,0,0,0,,0,0,0,0,0,,0,0,0,0,2,0,2,0,0,0,0,0,1,0,0,0,0,0,0,0,0,0,0,0,0,0,0,0,0,0,0,0,0,0,0,0,0,0,0,0,,,0,0,0,0,0,0,0,0,0,0,0,0,,,,0,0,0,0,0,0,0,,0,0,0,0,,0,0,,0,0,0,0,0,0,0,0,0,0,0,0
00-0032856,C.Smith,C.J. Smith,CB,DB,"https://static.www.nfl.com/image/private/f_auto,q_auto/league/bza527ybvn5t4xtkzbff",2017,REG,CLE,1,0,0,0,0,0,0,0,0,0,0,0,0,,,0,,0,0,0,0,0,0,0,0,0,0,,0,0,0,0,0,0,0,0,0,0,0,0,0,0,,0,0,0,0,0,,0,0,0,0,1,0,0,0,0,0,0,0,0,0,0,0,0,0,0,0,0,0,0,0,0,0,0,0,0,0,0,0,0,0,0,0,0,0,0,0,,,0,0,0,0,0,0,0,0,0,0,0,0,,,,0,0,0,0,0,0,0,,0,0,0,0,,0,0,,0,0,0,0,0,0,0,0,0,0,0,0
00-0032859,D.Vaeao,Destiny Vaeao,DT,DL,"https://static.www.nfl.com/image/private/f_auto,q_auto/league/kzqqke2kptj6ttrcqgen",2017,REG,PHI,9,0,0,0,0,0,0,0,0,0,0,0,0,,,0,,0,0,0,0,0,0,0,0,0,0,,0,0,0,0,0,0,0,0,0,0,0,0,0,0,,0,0,0,0,0,,0,0,0,0,7,0,3,0,0,0,0,0,0,0,0,1,0,0,0,0,0,0,0,0,0,3,15,0,0,0,0,0,0,0,0,0,0,0,0,0,,,0,0,0,0,0,0,0,0,0,0,0,0,,,,0,0,0,0,0,0,0,,0,0,0,0,,0,0,,0,0,0,0,0,0,0,0,0,0,0,0
00-0032870,A.Rosas,Aldrick Rosas,K,SPEC,"https://static.www.nfl.com/image/private/f_auto,q_auto/league/jyjstniyvbv82ihgml4w",2017,REG,NYG,16,0,0,0,0,0,0,0,0,0,0,0,0,,,0,,0,0,0,0,0,0,0,0,0,0,,0,0,0,0,0,0,0,0,0,0,0,0,0,0,,0,0,0,0,0,,0,0,0,0,3,0,0,0,0,0,0,0,0,0,0,0,0,0,0,0,0,0,0,0,0,0,0,0,0,0,0,0,0,0,0,0,18,25,5,2,52,0.72,0,8,3,4,3,0,0,0,2,3,0,0,25;25;41;30;25;51;40;50;47;42;26;23;30;52;39;28;23;29,43;47;45;34;33,49;48,626,202,97,20,23,1,2,0.869565217391304,1,1,0,0,23,0,0,,0,0,0,0,0,0,0,0,0,0,0,0
00-0032875,K.Crawley,Ken Crawley,CB,DB,"https://static.www.nfl.com/image/private/f_auto,q_auto/league/aobwnrjrxizyovaox0ma",2017,REG,NO,13,0,0,0,0,0,0,0,0,0,0,0,0,,,0,,0,0,0,0,0,0,0,0,0,0,,0,0,0,0,0,0,0,0,0,0,0,0,0,0,,0,0,0,0,0,,0,0,0,0,45,2,7,1,2,0,0,0,0,1,0,17,0,0,0,0,0,0,0,0,0,6,76,0,0,0,0,0,0,0,0,0,0,0,0,0,,,0,0,0,0,0,0,0,0,0,0,0,0,,,,0,0,0,0,0,0,0,,0,0,0,0,,0,0,,0,0,0,0,0,0,0,0,0,0,0,0
00-0032881,T.Lewis,Tommylee Lewis,WR,WR,"https://static.www.nfl.com/image/private/f_auto,q_auto/league/qvf3ud6rgqusejdd4f5u",2017,REG,NO,14,0,0,0,0,0,0,0,0,0,0,0,0,,,0,,0,0,0,0,2,14,0,0,0,0,0.312821169616655,0,0,0,0,0,10,15,116,1,0,0,152,52,4,1.67280376245493,0,4,3,2,1,0.763157894736842,0.0283553875236295,0.0444834650278022,0.0736715068049058,0,1,0,0,0,0,0,0,0,0,0,0,0,0,1,0,0,0,0,0,0,0,0,0,1,0,0,1,1,14,115,13,307,0,0,0,0,,,0,0,0,0,0,0,0,0,0,0,0,0,,,,0,0,0,0,0,0,0,,0,0,0,0,,0,0,,0,0,0,0,0,0,0,0,0,0,19,29
00-0032888,K.Joseph,Karl Joseph,FS,DB,"https://static.www.nfl.com/image/private/f_auto,q_auto/league/owp3ymcd9oo2veexzuhr",2017,REG,LV,15,0,0,0,0,0,0,0,0,0,0,0,0,,,0,,0,0,0,0,0,0,0,0,0,0,,0,0,0,0,0,0,0,0,0,0,0,0,0,0,,0,0,0,0,0,,0,0,0,0,51,7,21,1,4,1,1,7,1,1,-1,4,0,0,0,0,0,0,1,0,0,1,15,0,0,0,0,0,0,0,0,0,0,0,0,0,,,0,0,0,0,0,0,0,0,0,0,0,0,,,,0,0,0,0,0,0,0,,0,0,0,0,,0,0,,0,0,0,0,0,0,0,0,0,0,0,0
00-0032889,A.Robinson,A'Shawn Robinson,DT,DL,"https://static.www.nfl.com/image/upload/f_auto,q_auto/league/o2si1evbe2wsnwyrypjj",2017,REG,DET,15,0,0,0,0,0,0,0,0,0,0,0,0,,,0,,0,0,0,0,0,0,0,0,0,0,,0,0,0,0,0,0,0,0,0,0,0,0,0,0,,0,0,0,0,0,,0,0,0,0,31,1,21,4,7,1,0.5,4.5,6,1,2,6,1,0,0,0,0,0,0,0,0,3,25,0,0,0,0,0,0,0,0,0,0,0,0,0,,,0,0,0,0,0,0,0,0,0,0,0,0,,,,0,0,0,0,0,0,0,,0,0,0,0,,0,0,,0,0,0,0,0,0,0,0,0,0,0,0
00-0032890,J.Bradberry,James Bradberry,CB,DB,"https://static.www.nfl.com/image/private/f_auto,q_auto/league/aicnvekzwdh4mw66wh8g",2017,REG,CAR,16,0,0,0,0,0,0,0,0,0,0,0,0,,,0,,0,0,0,0,0,0,0,0,0,0,,0,0,0,0,0,0,0,0,0,0,0,0,0,0,,0,0,0,0,0,,0,0,0,0,65,1,19,2,8,1,1,7,1,2,3,10,0,0,0,0,0,0,0,0,0,5,42,0,0,0,0,0,0,0,0,0,0,0,0,0,,,0,0,0,0,0,0,0,0,0,0,0,0,,,,0,0,0,0,0,0,0,,0,0,0,0,,0,0,,0,0,0,0,0,0,0,0,0,0,0,0
00-0032891,D.Worley,Daryl Worley,CB,DB,"https://static.www.nfl.com/image/private/f_auto,q_auto/league/rxotapqf0dvdbnhkk5fl",2017,REG,CAR,15,0,0,0,0,0,0,0,0,0,0,0,0,,,0,,0,0,0,0,0,0,0,0,0,0,,0,0,0,0,0,0,0,0,0,0,0,0,0,0,,0,0,0,0,0,,0,0,0,0,50,0,14,4,15,0,1,2,1,2,0,10,0,0,0,0,0,0,0,0,0,5,53,0,0,0,0,0,0,0,0,0,0,0,0,0,,,0,0,0,0,0,0,0,0,0,0,0,0,,,,0,0,0,0,0,0,0,,0,0,0,0,,0,0,,0,0,0,0,0,0,0,0,0,0,0,0
00-0032892,N.Vigil,Nick Vigil,OLB,LB,"https://static.www.nfl.com/image/upload/f_auto,q_auto/league/wa0mujrluz8esidfvi8v",2017,REG,CIN,11,0,0,0,0,0,0,0,0,0,0,0,0,,,0,,0,0,0,0,0,0,0,0,0,0,,0,0,0,0,0,0,0,0,0,0,0,0,0,0,,0,0,0,0,0,,0,0,0,0,43,2,34,4,19,0,1,7,2,1,0,5,0,0,0,0,0,0,0,0,0,2,5,0,0,0,0,0,0,0,0,0,0,0,0,0,,,0,0,0,0,0,0,0,0,0,0,0,0,,,,0,0,0,0,0,0,0,,0,0,0,0,,0,0,,0,0,0,0,0,0,0,0,0,0,0,0
00-0032895,J.Brown,Jatavis Brown,OLB,LB,"https://static.www.nfl.com/image/private/f_auto,q_auto/league/scelbwnmjd63zpzfnca8",2017,REG,LAC,14,0,0,0,0,0,0,0,0,0,0,0,0,,,0,,0,0,0,0,0,0,0,0,0,0,,0,0,0,0,0,0,0,0,0,0,0,0,0,0,,0,0,0,0,0,,0,0,0,0,36,18,25,0,0,0,0,0,4,0,0,1,0,0,0,0,0,0,1,0,0,2,15,0,0,0,0,0,0,0,0,0,0,0,0,0,,,0,0,0,0,0,0,0,0,0,0,0,0,,,,0,0,0,0,0,0,0,,0,0,0,0,,0,0,,0,0,0,0,0,0,0,0,0,0,0,0
00-0032896,D.Kaser,Drew Kaser,P,SPEC,"https://static.www.nfl.com/image/private/f_auto,q_auto/league/eatoldmtetuqe0shydah",2017,REG,LAC,16,0,0,0,0,0,0,0,0,0,0,0,0,,,0,,0,0,0,0,0,0,0,0,0,0,,0,0,0,0,0,0,0,0,0,0,0,0,0,0,,0,0,0,0,0,,0,0,0,0,0,0,0,0,0,0,0,0,0,0,0,0,0,0,0,0,0,0,0,0,0,3,15,0,0,0,0,0,0,0,0,0,0,0,0,0,,,0,0,0,0,0,0,0,0,0,0,0,0,,,,0,0,0,1,3,2,0,0.333333333333333,0,0,0,0,,74,0,69,3558,27,4,7,9,6,48,319,0,3059,0,0
00-0032897,D.Watt,Derek Watt,FB,RB,"https://static.www.nfl.com/image/private/f_auto,q_auto/league/jrhk6npb7u3tmgzt7rwn",2017,REG,LAC,11,0,0,0,0,0,0,0,0,0,0,0,0,,,0,,0,0,0,0,6,24,0,0,0,2,-0.0105462993960828,0,1,1,0,0,2,3,35,0,0,0,7,30,2,1.69523051474243,0,2,1,1,0,5,0.00523560209424084,0.00146443514644351,0.00887850774387172,0,6,1,2,0,0,0,0,0,0,0,0,0,0,0,0,0,0,0,0,0,0,0,0,0,0,0,0,0,0,0,0,0,0,0,0,0,,,0,0,0,0,0,0,0,0,0,0,0,0,,,,0,0,0,0,0,0,0,,0,0,0,0,,0,0,,0,0,0,0,0,0,0,0,0,0,5.9,7.9
00-0032899,V.Alexander,Vadal Alexander,OT,OL,"https://static.www.nfl.com/image/private/f_auto,q_auto/league/fcow9dggikc4gishgfqx",2017,REG,LV,1,0,0,0,0,0,0,0,0,0,0,0,0,,,0,,0,0,0,0,0,0,0,0,0,0,,0,0,0,0,0,0,0,0,0,0,0,0,0,0,,0,0,0,0,0,,0,0,0,0,0,0,0,0,0,0,0,0,0,0,0,0,0,0,0,0,0,0,0,0,0,1,5,0,0,0,0,0,0,0,0,0,0,0,0,0,,,0,0,0,0,0,0,0,0,0,0,0,0,,,,0,0,0,0,0,0,0,,0,0,0,0,,0,0,,0,0,0,0,0,0,0,0,0,0,0,0
00-0032911,S.Pulley,Spencer Pulley,C,OL,"https://static.www.nfl.com/image/private/f_auto,q_auto/league/hvyebzfdomw94gdyce0g",2017,REG,LAC,4,0,0,0,0,0,0,0,0,0,0,0,0,,,0,,0,0,0,0,0,0,0,0,0,0,,0,0,0,0,0,0,0,0,0,0,0,0,0,0,,0,0,0,0,0,,0,0,0,0,1,0,0,0,0,0,0,0,0,0,0,0,0,0,0,0,0,-18,0,0,0,1,5,0,2,1,2,0,0,0,0,0,0,0,0,0,,,0,0,0,0,0,0,0,0,0,0,0,0,,,,0,0,0,0,0,0,0,,0,0,0,0,,0,0,,0,0,0,0,0,0,0,0,0,0,0,0
00-0032916,Tr.Williams,Trevor Williams,CB,DB,"https://static.www.nfl.com/image/private/f_auto,q_auto/league/iipazxtxtkluench4zvg",2017,REG,LAC,16,0,0,0,0,0,0,0,0,0,0,0,0,,,0,,0,0,0,0,0,0,0,0,0,0,,0,0,0,0,0,0,0,0,0,0,0,0,0,0,,0,0,0,0,0,,0,0,0,0,37,11,8,2,5,0,0,0,0,2,28,13,0,0,0,0,0,0,0,0,0,5,70,0,0,0,0,0,0,0,0,0,0,0,0,0,,,0,0,0,0,0,0,0,0,0,0,0,0,,,,0,0,0,0,0,0,0,,0,0,0,0,,0,0,,0,0,0,0,0,0,0,0,0,0,0,0
00-0032918,C.Ham,C.J. Ham,FB,RB,"https://static.www.nfl.com/image/upload/f_auto,q_auto/league/evssvutwjy6szq7dpelm",2017,REG,MIN,14,0,0,0,0,0,0,0,0,0,0,0,0,,,0,,0,0,0,0,7,13,1,0,0,5,3.00522288738284,0,0,0,0,0,7,8,68,0,0,0,-21,84,3,4.53116681403481,0,4,0,0,0,-3.23809523809524,0.0153550863723608,-0.00524213679480779,0.0193631338021758,0,9,0,5,0,0,0,0,0,0,0,0,0,0,0,0,0,0,0,0,0,0,0,0,0,0,0,0,0,0,0,0,0,0,0,0,0,,,0,0,0,0,0,0,0,0,0,0,0,0,,,,0,0,0,0,0,0,0,,0,0,0,0,,0,0,,0,0,0,0,0,0,0,0,0,0,14.1,21.1
00-0032921,Z.Sterup,Zach Sterup,OT,OL,"https://static.www.nfl.com/image/private/f_auto,q_auto/league/jfsvg9pns452nns95rcs",2017,REG,MIA,1,0,0,0,0,0,0,0,0,0,0,0,0,,,0,,0,0,0,0,0,0,0,0,0,0,,0,0,0,0,0,0,0,0,0,0,0,0,0,0,,0,0,0,0,0,,0,0,0,0,0,0,0,0,0,0,0,0,0,0,0,0,0,0,0,0,0,0,0,0,0,1,5,0,0,0,0,0,0,0,0,0,0,0,0,0,,,0,0,0,0,0,0,0,0,0,0,0,0,,,,0,0,0,0,0,0,0,,0,0,0,0,,0,0,,0,0,0,0,0,0,0,0,0,0,0,0
00-0032922,M.Evans,Marwin Evans,DB,DB,"https://static.www.nfl.com/image/private/f_auto,q_auto/league/ukehpvej1vrso1t4xubu",2017,REG,GB,12,0,0,0,0,0,0,0,0,0,0,0,0,,,0,,0,0,0,0,0,0,0,0,0,0,,0,0,0,0,0,0,0,0,0,0,0,0,0,0,,0,0,0,0,0,,0,0,0,0,20,0,3,0,0,1,0,0,0,0,0,0,0,0,0,0,0,0,0,0,0,4,42,0,0,0,0,0,0,0,0,0,0,0,0,0,,,0,0,0,0,0,0,0,0,0,0,0,0,,,,0,0,0,0,0,0,0,,0,0,0,0,,0,0,,0,0,0,0,0,0,0,0,0,0,0,0
00-0032926,K.Brent,K.J. Brent,WR,WR,"https://static.www.nfl.com/image/private/f_auto,q_auto/league/x2zn81ljacxncoqtnq1i",2017,REG,IND,1,0,0,0,0,0,0,0,0,0,0,0,0,,,0,,0,0,0,0,0,0,0,0,0,0,,0,0,0,0,0,0,1,0,0,0,0,13,0,0,-1.76774165546522,0,0,0,0,0,0,0.00211864406779661,0.00353452963567156,0.00565213684666501,0,0,0,0,0,0,0,0,0,0,0,0,0,0,0,0,0,0,0,0,0,0,0,0,0,0,0,0,0,0,0,0,0,0,0,0,0,,,0,0,0,0,0,0,0,0,0,0,0,0,,,,0,0,0,0,0,0,0,,0,0,0,0,,0,0,,0,0,0,0,0,0,0,0,0,0,0,0
00-0032929,J.Cowser,James Cowser,LB,LB,"https://static.www.nfl.com/image/private/f_auto,q_auto/league/i06akaulzk9snuwctxvw",2017,REG,LV,10,0,0,0,0,0,0,0,0,0,0,0,0,,,0,,0,0,0,0,0,0,0,0,0,0,,0,0,0,0,0,0,0,0,0,0,0,0,0,0,,0,0,0,0,0,,0,0,0,0,14,0,9,1,1,1,0,0,0,0,0,0,0,0,0,0,0,0,2,0,0,1,10,0,0,0,0,0,0,0,0,0,0,0,0,0,,,0,0,0,0,0,0,0,0,0,0,0,0,,,,0,0,0,0,0,0,0,,0,0,0,0,,0,0,,0,0,0,0,0,0,0,0,0,0,0,0
00-0032933,A.Hamilton,Antonio Hamilton,CB,DB,"https://static.www.nfl.com/image/upload/f_auto,q_auto/league/ezqh9yn3k2gnriphk8q8",2017,REG,LV,4,0,0,0,0,0,0,0,0,0,0,0,0,,,0,,0,0,0,0,0,0,0,0,0,0,,0,0,0,0,0,0,0,0,0,0,0,0,0,0,,0,0,0,0,0,,0,0,0,0,8,3,0,0,0,0,0,0,0,0,0,0,0,0,0,0,0,0,0,0,0,1,30,0,0,0,0,0,0,0,0,0,0,0,0,0,,,0,0,0,0,0,0,0,0,0,0,0,0,,,,0,0,0,0,0,0,0,,0,0,0,0,,0,0,,0,0,0,0,0,0,0,0,0,0,0,0
00-0032934,T.McRae,Tony McRae,CB,DB,"https://static.www.nfl.com/image/private/f_auto,q_auto/league/r6rbktbic8s9950hvevt",2017,REG,CIN,5,0,0,0,0,0,0,0,0,0,0,0,0,,,0,,0,0,0,0,0,0,0,0,0,0,,0,0,0,0,0,0,0,0,0,0,0,0,0,0,,0,0,0,0,0,,0,0,0,0,4,0,1,0,0,0,0,0,0,0,0,0,0,0,0,0,0,0,0,0,0,0,0,0,0,0,0,0,0,0,0,0,0,0,0,0,,,0,0,0,0,0,0,0,0,0,0,0,0,,,,0,0,0,0,0,0,0,,0,0,0,0,,0,0,,0,0,0,0,0,0,0,0,0,0,0,0
00-0032935,J.Holton,Johnny Holton,WR,WR,"https://static.www.nfl.com/image/private/f_auto,q_auto/league/has0upkyuzqewhty3pb2",2017,REG,LV,14,0,0,0,0,0,0,0,0,0,0,0,0,,,0,,0,0,0,0,0,0,0,0,0,0,,0,0,0,0,0,9,18,218,3,2,2,413,40,5,1.62148146517575,0,6,4,3,3,0.527845036319613,0.0326086956521739,0.0887218045112782,0.111018306636156,0,4,0,2,0,0,0,0,0,0,0,0,0,0,1,0,0,0,0,1,0,0,7,65,2,1,1,3,2,1,0,0,0,0,0,0,0,,,0,0,0,0,0,0,0,0,0,0,0,0,,,,0,0,0,0,0,0,0,,0,0,0,0,,0,0,,0,0,0,0,0,0,0,0,0,0,35.8,44.8
00-0032937,M.McCaffrey,Max McCaffrey,WR,WR,"https://static.www.nfl.com/image/private/f_auto,q_auto/league/zyapvh7o3oqxjr5li42b",2017,REG,JAX,2,0,0,0,0,0,0,0,0,0,0,0,0,,,0,,0,0,0,0,0,0,0,0,0,0,,0,0,0,0,0,1,1,4,0,0,0,-1,5,0,-0.186808686470613,0,0,0,0,0,0,0.00193423597678917,-0.000243961941937058,0.00273058060582781,0,0,0,0,0,0,0,0,0,0,0,0,0,0,0,0,0,0,0,0,0,0,0,0,0,0,0,0,0,1,0,0,0,0,0,0,0,,,0,0,0,0,0,0,0,0,0,0,0,0,,,,0,0,0,0,0,0,0,,0,0,0,0,,0,0,,0,0,0,0,0,0,0,0,0,0,0.4,1.4
00-0032938,D.Latham,Darius Latham,DT,DL,"https://static.www.nfl.com/image/private/f_auto,q_auto/league/h8rzufubvh6ywv17c4rn",2017,REG,LV,3,0,0,0,0,0,0,0,0,0,0,0,0,,,0,,0,0,0,0,0,0,0,0,0,0,,0,0,0,0,0,0,0,0,0,0,0,0,0,0,,0,0,0,0,0,,0,0,0,0,2,1,4,0,0,0,0,0,1,0,0,0,0,0,0,0,0,0,0,0,0,0,0,0,0,0,0,0,0,0,0,0,0,0,0,0,,,0,0,0,0,0,0,0,0,0,0,0,0,,,,0,0,0,0,0,0,0,,0,0,0,0,,0,0,,0,0,0,0,0,0,0,0,0,0,0,0
00-0032939,V.Bell,Vonn Bell,S,DB,"https://static.www.nfl.com/image/upload/f_auto,q_auto/league/sgfnqlbea65ktiiem6kp",2017,REG,NO,15,0,0,0,0,0,0,0,0,0,0,0,0,,,0,,0,0,0,0,0,0,0,0,0,0,,0,0,0,0,0,0,0,0,0,0,0,0,0,0,,0,0,0,0,0,,0,0,0,0,60,2,21,4,19,2,4.5,28.5,6,0,0,2,0,0,0,0,0,0,0,0,0,2,40,0,0,0,0,0,0,0,0,0,0,0,0,0,,,0,0,0,0,0,0,0,0,0,0,0,0,,,,0,0,0,0,0,0,0,,0,0,0,0,,0,0,,0,0,0,0,0,0,0,0,0,0,0,0
00-0032940,D.Washington,DeAndre Washington,RB,RB,"https://static.www.nfl.com/image/private/f_auto,q_auto/league/r89dcprs99qahleja3mz",2017,REG,LV,15,0,0,0,0,0,0,0,0,0,0,0,0,,,0,,0,0,0,0,57,153,2,1,0,9,-10.0462479039561,0,5,0,0,0,34,45,197,1,1,1,39,165,14,-13.3741274746015,0,9,0,0,0,5.05128205128205,0.0815217391304348,0.0083780880773362,0.128147270349788,0,4,0,0,0,0,0,0,0,0,0,0,0,0,0,0,0,2,0,0,0,0,0,0,2,0,0,2,1,0,0,5,86,0,0,0,0,,,0,0,0,0,0,0,0,0,0,0,0,0,,,,0,0,0,0,0,0,0,,0,0,0,0,,0,0,,0,0,0,0,0,0,0,0,0,0,51,85
00-0032942,K.Seymour,Kevon Seymour,CB,DB,"https://static.www.nfl.com/image/upload/f_auto,q_auto/league/krkiyzpkfb69x6dtt2bv",2017,REG,CAR,12,0,0,0,0,0,0,0,0,0,0,0,0,,,0,,0,0,0,0,0,0,0,0,0,0,,0,0,0,0,0,0,0,0,0,0,0,0,0,0,,0,0,0,0,0,,0,0,0,0,16,2,4,0,0,0,0,0,1,0,0,4,0,0,0,0,0,0,0,0,0,3,38,0,0,0,0,0,0,0,0,0,0,0,0,0,,,0,0,0,0,0,0,0,0,0,0,0,0,,,,0,0,0,0,0,0,0,,0,0,0,0,,0,0,,0,0,0,0,0,0,0,0,0,0,0,0
00-0032943,R.Dixon,Riley Dixon,P,SPEC,"https://static.www.nfl.com/image/upload/f_auto,q_auto/league/nkjfawzgxosjvjesf1ad",2017,REG,DEN,16,0,0,0,0,0,0,0,0,0,0,0,0,,,0,,0,0,0,0,0,0,0,0,0,0,,0,0,0,0,0,0,0,0,0,0,0,0,0,0,,0,0,0,0,0,,0,0,0,0,2,0,0,0,0,0,0,0,0,0,0,0,0,0,0,0,0,0,0,0,0,2,10,0,0,0,0,0,0,0,0,0,0,0,0,0,,,0,0,0,0,0,0,0,0,0,0,0,0,,,,0,0,0,0,0,0,0,,0,0,0,0,,73,2,60,3331,23,5,12,3,23,30,258,1,3013,0,0
00-0032946,D.Harris,De'Vante Harris,CB,DB,"https://static.www.nfl.com/image/private/f_auto,q_auto/league/o924u2snedogxnif9cvk",2017,REG,NO,7,0,0,0,0,0,0,0,0,0,0,0,0,,,0,,0,0,0,0,0,0,0,0,0,0,,0,0,0,0,0,0,0,0,0,0,0,0,0,0,,0,0,0,0,0,,0,0,0,0,15,0,3,0,0,0,0,0,0,0,0,2,0,0,0,0,0,0,0,0,0,1,6,0,0,0,0,0,0,0,0,0,0,0,0,0,,,0,0,0,0,0,0,0,0,0,0,0,0,,,,0,0,0,0,0,0,0,,0,0,0,0,,0,0,,0,0,0,0,0,0,0,0,0,0,0,0
00-0032950,C.Wentz,Carson Wentz,QB,QB,"https://static.www.nfl.com/image/upload/f_auto,q_auto/league/ot6wu9gw3cgcdb2cx6is",2017,REG,PHI,13,265,440,3296,33,7,28,-162,4,1,4359,1232,160,97.9583911352984,0.414583507344263,4,0.756136728607479,144,59,40,9,64,299,0,5,2,26,14.9189689244522,0,12,9,3,0,0,0,0,0,0,0,0,0,0,,0,0,0,0,0,,0,0,0,0,1,0,0,0,0,0,0,0,0,0,0,0,0,0,0,0,4,-23,0,0,0,3,36,5,4,1,9,3,0,0,0,0,0,0,0,0,,,0,0,0,0,0,0,0,0,0,0,0,0,,,,0,0,0,0,0,0,0,,0,0,0,0,,0,0,,0,0,0,0,0,0,0,0,0,0,281.74,281.74
00-0032951,L.Treadwell,Laquon Treadwell,WR,WR,"https://static.www.nfl.com/image/upload/f_auto,q_auto/league/b6hu3zlkauy5tcrseyv2",2017,REG,MIN,13,0,0,0,0,0,0,0,0,0,0,0,0,,,0,,0,0,0,0,0,0,0,0,0,0,,0,0,0,0,0,20,35,200,0,1,0,416,58,12,-8.25269255620058,0,10,3,2,0,0.480769230769231,0.0671785028790787,0.103844233649526,0.173458717873286,0,2,0,0,0,0,1,0,0,0,0,0,0,0,0,0,0,0,0,0,0,0,4,40,1,0,1,1,0,0,0,0,0,0,0,0,0,,,0,0,0,0,0,0,0,0,0,0,0,0,,,,0,0,0,0,0,0,0,,0,0,0,0,,0,0,,0,0,0,0,0,0,0,0,0,0,20,40
00-0032952,N.Spence,Noah Spence,DE,DL,"https://static.www.nfl.com/image/private/f_auto,q_auto/league/vxxxto3x9ynxu48plg4e",2017,REG,TB,5,0,0,0,0,0,0,0,0,0,0,0,0,,,0,,0,0,0,0,0,0,0,0,0,0,,0,0,0,0,0,0,0,0,0,0,0,0,0,0,,0,0,0,0,0,,0,0,0,0,5,0,4,1,4,1,1,11,1,0,0,0,0,0,0,0,0,0,0,0,0,0,0,0,0,0,0,0,0,0,0,0,0,0,0,0,,,0,0,0,0,0,0,0,0,0,0,0,0,,,,0,0,0,0,0,0,0,,0,0,0,0,,0,0,,0,0,0,0,0,0,0,0,0,0,0,0
00-0032954,I.Seumalo,Isaac Seumalo,G,OL,"https://static.www.nfl.com/image/upload/f_auto,q_auto/league/ffnqudvi1hv5rymj20d1",2017,REG,PHI,3,0,0,0,0,0,0,0,0,0,0,0,0,,,0,,0,0,0,0,0,0,0,0,0,0,,0,0,0,0,0,0,0,0,0,0,0,0,0,0,,0,0,0,0,0,,0,0,0,0,1,0,0,0,0,0,0,0,0,0,0,0,0,0,0,0,0,0,0,0,0,3,20,0,0,0,0,0,0,0,0,0,0,0,0,0,,,0,0,0,0,0,0,0,0,0,0,0,0,,,,0,0,0,0,0,0,0,,0,0,0,0,,0,0,,0,0,0,0,0,0,0,0,0,0,0,0
00-0032955,K.Fackrell,Kyler Fackrell,LB,LB,"https://static.www.nfl.com/image/private/f_auto,q_auto/league/stc6dn3vpwl5vagaf8tx",2017,REG,GB,13,0,0,0,0,0,0,0,0,0,0,0,0,,,0,,0,0,0,0,0,0,0,0,0,0,,0,0,0,0,0,0,0,0,0,0,0,0,0,0,,0,0,0,0,0,,0,0,0,0,20,2,6,5,30,0,3,12,7,0,0,0,0,0,0,0,0,0,1,0,0,1,10,0,0,0,0,0,0,0,1,11,0,0,0,0,,,0,0,0,0,0,0,0,0,0,0,0,0,,,,0,0,0,0,0,0,0,,0,0,0,0,,0,0,,0,0,0,0,0,0,0,0,0,0,0,0
00-0032956,A.Janovich,Andy Janovich,FB,RB,"https://static.www.nfl.com/image/private/f_auto,q_auto/league/kf26fsuyxdvkloora0ox",2017,REG,DEN,12,0,0,0,0,0,0,0,0,0,0,0,0,,,0,,0,0,0,0,6,12,1,0,0,3,0.931695814651903,0,0,0,0,0,4,6,35,0,0,0,26,24,2,0.946607999154367,0,2,1,0,0,1.34615384615385,0.0108892921960073,0.005474836807749,0.0201663240594352,0,5,0,2,0,0,0,0,0,0,0,0,0,0,0,0,0,0,0,0,0,0,1,5,0,0,0,0,0,0,0,1,10,0,0,0,0,,,0,0,0,0,0,0,0,0,0,0,0,0,,,,0,0,0,0,0,0,0,,0,0,0,0,,0,0,,0,0,0,0,0,0,0,0,0,0,10.7,14.7
00-0032958,W.Parks,Will Parks,S,DB,"https://static.www.nfl.com/image/private/f_auto,q_auto/league/lfhinmy4ca72xl7c9ead",2017,REG,DEN,15,0,0,0,0,0,0,0,0,0,0,0,0,,,0,,0,0,0,0,0,0,0,0,0,0,,0,0,0,0,0,0,0,0,0,0,0,0,0,0,,0,0,0,0,0,,0,0,0,0,35,1,15,2,7,0,0,0,1,1,0,4,0,0,0,0,0,0,0,0,0,4,41,0,0,0,0,0,0,0,0,0,0,0,0,0,,,0,0,0,0,0,0,0,0,0,0,0,0,,,,0,0,0,0,0,0,0,,0,0,0,0,,0,0,,0,0,0,0,0,0,0,0,0,0,0,0
00-0032959,C.Peake,Charone Peake,WR,WR,"https://static.www.nfl.com/image/private/f_auto,q_auto/league/ocgnemo0vbro2gvjsbgb",2017,REG,NYJ,1,0,0,0,0,0,0,0,0,0,0,0,0,,,0,,0,0,0,0,0,0,0,0,0,0,,0,0,0,0,0,1,1,3,0,0,0,2,1,1,0.901105146622285,0,0,0,0,0,1.5,0.00201612903225806,0.000507485409794469,0.00337943333524322,0,0,1,0,0,0,0,0,0,0,0,0,0,0,0,0,0,0,0,0,0,0,0,0,0,0,0,0,0,0,0,0,0,0,0,0,0,,,0,0,0,0,0,0,0,0,0,0,0,0,,,,0,0,0,0,0,0,0,,0,0,0,0,,0,0,,0,0,0,0,0,0,0,0,0,0,0.3,1.3
00-0032964,B.Marshall,Byron Marshall,RB,RB,"https://static.www.nfl.com/image/private/f_auto,q_auto/league/sdfnye7daaffwtre1mbl",2017,REG,WAS,4,0,0,0,0,0,0,0,0,0,0,0,0,,,0,,0,0,0,0,9,32,0,0,0,1,-2.30564219853841,0,1,0,0,0,6,8,36,0,0,0,-15,51,0,-9.24341217486653,0,2,0,0,0,-2.4,0.0149812734082397,-0.00361184685769323,0.0199436173119743,0,0,0,0,0,0,0,0,0,0,0,0,0,0,0,0,0,0,0,0,0,0,0,0,0,0,0,0,0,0,0,4,89,0,0,0,0,,,0,0,0,0,0,0,0,0,0,0,0,0,,,,0,0,0,0,0,0,0,,0,0,0,0,,0,0,,0,0,0,0,0,0,0,0,0,0,6.8,12.8
00-0032965,R.Stanley,Ronnie Stanley,OT,OL,"https://static.www.nfl.com/image/upload/f_auto,q_auto/league/j91t0jvkrdhfmeoeeryr",2017,REG,BAL,4,0,0,0,0,0,0,0,0,0,0,0,0,,,0,,0,0,0,0,0,0,0,0,0,0,,0,0,0,0,0,0,0,0,0,0,0,0,0,0,,0,0,0,0,0,,0,0,0,0,0,0,0,0,0,0,0,0,0,0,0,0,0,0,0,0,0,0,0,0,0,5,30,0,0,0,0,0,0,0,0,0,0,0,0,0,,,0,0,0,0,0,0,0,0,0,0,0,0,,,,0,0,0,0,0,0,0,,0,0,0,0,,0,0,,0,0,0,0,0,0,0,0,0,0,0,0
00-0032966,C.Coleman,Corey Coleman,WR,WR,"https://static.www.nfl.com/image/private/f_auto,q_auto/league/yawvrg2sh7ryru2z2kwe",2017,REG,CLE,9,0,0,0,0,0,0,0,0,0,0,0,0,,,0,,0,0,0,0,0,0,0,0,0,0,,0,0,0,0,0,23,58,305,2,0,0,785,58,17,-10.2435321329561,0,14,11,4,1,0.388535031847134,0.102473498233216,0.151310717039322,0.259627749277348,0,1,0,0,0,0,0,0,0,0,0,0,0,0,0,0,0,0,0,0,0,0,3,25,0,0,0,0,0,0,0,0,0,0,0,0,0,,,0,0,0,0,0,0,0,0,0,0,0,0,,,,0,0,0,0,0,0,0,,0,0,0,0,,0,0,,0,0,0,0,0,0,0,0,0,0,42.5,65.5
00-0032967,V.Butler,Vernon Butler,DT,DL,"https://static.www.nfl.com/image/private/f_auto,q_auto/league/spxzurteytkysxgspmze",2017,REG,CAR,10,0,0,0,0,0,0,0,0,0,0,0,0,,,0,,0,0,0,0,0,0,0,0,0,0,,0,0,0,0,0,0,0,0,0,0,0,0,0,0,,0,0,0,0,0,,0,0,0,0,8,0,5,1,4,0,0,0,2,0,0,1,0,0,0,0,0,0,0,0,0,3,35,0,0,0,0,0,0,0,0,0,0,0,0,0,,,0,0,0,0,0,0,0,0,0,0,0,0,,,,0,0,0,0,0,0,0,,0,0,0,0,,0,0,,0,0,0,0,0,0,0,0,0,0,0,0
00-0032968,M.Jack,Myles Jack,MLB,LB,"https://static.www.nfl.com/image/private/f_auto,q_auto/league/snqammtqrlvcsml5kbx2",2017,REG,JAX,16,0,0,0,0,0,0,0,0,0,0,0,0,,,0,,0,0,0,0,0,0,0,0,0,0,,0,0,0,0,0,0,0,0,0,0,0,0,0,0,,0,0,0,0,0,,0,0,0,0,63,3,24,5,11,0,2,11.5,5,0,0,3,0,0,0,0,0,0,1,81,1,3,45,0,0,0,0,0,0,0,0,0,0,0,0,0,,,0,0,0,0,0,0,0,0,0,0,0,0,,,,0,0,0,0,0,0,0,,0,0,0,0,,0,0,,0,0,0,0,0,0,0,0,0,0,0,0
00-0032969,N.Martin,Nick Martin,C,OL,"https://static.www.nfl.com/image/private/f_auto,q_auto/league/e2vj7s5hlbsjd5le7xvo",2017,REG,HOU,4,0,0,0,0,0,0,0,0,0,0,0,0,,,0,,0,0,0,0,0,0,0,0,0,0,,0,0,0,0,0,0,0,0,0,0,0,0,0,0,,0,0,0,0,0,,0,0,0,0,1,0,1,0,0,0,0,0,0,0,0,0,0,0,0,0,0,0,0,0,0,3,30,0,0,0,0,0,0,0,0,0,0,0,0,0,,,0,0,0,0,0,0,0,0,0,0,0,0,,,,0,0,0,0,0,0,0,,0,0,0,0,,0,0,,0,0,0,0,0,0,0,0,0,0,0,0
00-0032970,J.Jenkins,Jordan Jenkins,DE,DL,"https://static.www.nfl.com/image/private/f_auto,q_auto/league/dwdlmnbznpvpudy545ft",2017,REG,NYJ,15,0,0,0,0,0,0,0,0,0,0,0,0,,,0,,0,0,0,0,0,0,0,0,0,0,,0,0,0,0,0,0,0,0,0,0,0,0,0,0,,0,0,0,0,0,,0,0,0,0,30,2,17,4,16,1,3,16,9,0,0,2,0,0,0,0,0,0,2,0,0,5,35,0,0,0,0,0,0,0,1,7,0,0,0,0,,,0,0,0,0,0,0,0,0,0,0,0,0,,,,0,0,0,0,0,0,0,,0,0,0,0,,0,0,,0,0,0,0,0,0,0,0,0,0,0,0
00-0032971,J.Simmons,Justin Simmons,FS,DB,"https://static.www.nfl.com/image/upload/f_auto,q_auto/league/hepfele9gi8zbjin8kbf",2017,REG,DEN,12,0,0,0,0,0,0,0,0,0,0,0,0,,,0,,0,0,0,0,0,0,0,0,0,0,,0,0,0,0,0,0,0,0,0,0,0,0,0,0,,0,0,0,0,0,,0,0,0,0,48,2,19,3,9,0,1,6,2,2,65,5,1,0,0,0,0,0,0,0,0,2,20,0,0,0,0,0,0,0,0,0,0,0,0,0,,,0,0,0,0,0,0,0,0,0,0,0,0,,,,0,0,0,0,0,0,0,,0,0,0,0,,0,0,,0,0,0,0,0,0,0,0,0,0,0,0
00-0032972,D.Booker,Devontae Booker,RB,RB,"https://static.www.nfl.com/image/private/f_auto,q_auto/league/y5fw68qxcmxykv1uchlo",2017,REG,DEN,13,0,0,0,0,0,0,0,0,0,0,0,0,,,0,,0,0,0,0,79,299,1,1,0,11,-4.48092729813652,0,5,3,1,0,30,38,275,0,1,1,76,231,13,2.34025588403512,0,12,7,4,0,3.61842105263158,0.0689655172413793,0.0160033691303432,0.114650634253309,0,2,0,0,0,0,0,0,0,0,0,0,0,0,0,0,0,1,0,0,0,0,1,5,2,0,0,2,1,0,0,14,276,0,0,0,0,,,0,0,0,0,0,0,0,0,0,0,0,0,,,,0,0,0,0,0,0,0,,0,0,0,0,,0,0,,0,0,0,0,0,0,0,0,0,0,61.4,91.4
00-0032977,R.Higgins,Rashard Higgins,WR,WR,"https://static.www.nfl.com/image/private/f_auto,q_auto/league/mdn4he3iuc2mwx3cfvfj",2017,REG,CLE,14,0,0,0,0,0,0,0,0,0,0,0,0,,,0,,0,0,0,0,1,4,0,0,0,0,-0.15543838776648,0,0,0,0,0,27,50,312,2,1,1,464,142,13,-16.0156356517105,0,10,6,4,1,0.672413793103448,0.088339222614841,0.0894371626831149,0.195114847800442,0,6,0,0,0,0,0,0,0,0,0,0,0,0,0,0,0,0,0,0,0,0,2,20,1,0,0,1,1,0,0,0,0,0,0,0,0,,,0,0,0,0,0,0,0,0,0,0,0,0,,,,0,0,0,0,0,0,0,,0,0,0,0,,0,0,,0,0,0,0,0,0,0,0,0,0,41.6,68.6
00-0032979,S.Wright,Scooby Wright,LB,LB,"https://static.www.nfl.com/image/private/f_auto,q_auto/league/qnapnmngshwmhb3bfaa5",2017,REG,ARI,4,0,0,0,0,0,0,0,0,0,0,0,0,,,0,,0,0,0,0,0,0,0,0,0,0,,0,0,0,0,0,0,0,0,0,0,0,0,0,0,,0,0,0,0,0,,0,0,0,0,4,1,0,0,0,0,0,0,0,0,0,0,0,0,0,0,0,0,0,0,0,0,0,0,0,0,0,0,0,0,0,0,0,0,0,0,,,0,0,0,0,0,0,0,0,0,0,0,0,,,,0,0,0,0,0,0,0,,0,0,0,0,,0,0,,0,0,0,0,0,0,0,0,0,0,0,0
00-0032980,M.Johnson,Marcus Johnson,WR,WR,"https://static.www.nfl.com/image/private/f_auto,q_auto/league/pwq2yi4ewqtsx6buynay",2017,REG,PHI,6,0,0,0,0,0,0,0,0,0,0,0,0,,,0,,0,0,0,0,0,0,0,0,0,0,,0,0,0,0,0,5,8,45,0,0,0,138,7,3,0.614939748717006,0,2,2,0,0,0.326086956521739,0.0143884892086331,0.0261413146429248,0.039881654062997,0,0,0,0,0,0,0,0,0,0,0,0,0,0,0,0,0,0,0,0,0,0,0,0,1,0,0,1,1,0,0,0,0,0,0,0,0,,,0,0,0,0,0,0,0,0,0,0,0,0,,,,0,0,0,0,0,0,0,,0,0,0,0,,0,0,,0,0,0,0,0,0,0,0,0,0,4.5,9.5
00-0032983,D.Alexander,Dominique Alexander,ILB,LB,"https://static.www.nfl.com/image/private/f_auto,q_auto/league/hwssumwi1fafajr2wrie",2017,REG,CLE,1,0,0,0,0,0,0,0,0,0,0,0,0,,,0,,0,0,0,0,0,0,0,0,0,0,,0,0,0,0,0,0,0,0,0,0,0,0,0,0,,0,0,0,0,0,,0,0,0,0,1,0,0,0,0,0,0,0,0,0,0,0,0,0,0,0,0,0,0,0,0,0,0,0,0,0,0,0,0,0,0,0,0,0,0,0,,,0,0,0,0,0,0,0,0,0,0,0,0,,,,0,0,0,0,0,0,0,,0,0,0,0,,0,0,,0,0,0,0,0,0,0,0,0,0,0,0
00-0032994,J.Cash,Jeremy Cash,LB,LB,"https://static.www.nfl.com/image/private/f_auto,q_auto/league/xu8xheiqixhulhijitji",2017,REG,CAR,1,0,0,0,0,0,0,0,0,0,0,0,0,,,0,,0,0,0,0,0,0,0,0,0,0,,0,0,0,0,0,0,0,0,0,0,0,0,0,0,,0,0,0,0,0,,0,0,0,0,0,0,0,0,0,0,0,0,0,0,0,0,0,0,0,0,0,0,0,0,0,1,10,0,0,0,0,0,0,0,0,0,0,0,0,0,,,0,0,0,0,0,0,0,0,0,0,0,0,,,,0,0,0,0,0,0,0,,0,0,0,0,,0,0,,0,0,0,0,0,0,0,0,0,0,0,0
00-0032998,J.Norris,Jared Norris,LB,LB,"https://static.www.nfl.com/image/private/f_auto,q_auto/league/yjolxd0hrcomhpzjlvfg",2017,REG,CAR,4,0,0,0,0,0,0,0,0,0,0,0,0,,,0,,0,0,0,0,0,0,0,0,0,0,,0,0,0,0,0,0,0,0,0,0,0,0,0,0,,0,0,0,0,0,,0,0,0,0,3,1,0,0,0,0,0,0,0,0,0,0,0,0,0,0,0,0,0,0,0,0,0,0,0,0,0,0,0,0,0,0,0,0,0,0,,,0,0,0,0,0,0,0,0,0,0,0,0,,,,0,0,0,0,0,0,0,,0,0,0,0,,0,0,,0,0,0,0,0,0,0,0,0,0,0,0
00-0033001,T.Elston,Trae Elston,SAF,DB,"https://static.www.nfl.com/image/private/f_auto,q_auto/league/ybly9uc25qbmjuiep4dj",2017,REG,BUF,8,0,0,0,0,0,0,0,0,0,0,0,0,,,0,,0,0,0,0,0,0,0,0,0,0,,0,0,0,0,0,0,0,0,0,0,0,0,0,0,,0,0,0,0,0,,0,0,0,0,10,0,9,0,0,0,0,0,0,1,22,1,0,0,0,0,0,0,0,0,0,3,49,0,0,0,0,0,0,0,0,0,0,0,0,0,,,0,0,0,0,0,0,0,0,0,0,0,0,,,,0,0,0,0,0,0,0,,0,0,0,0,,0,0,,0,0,0,0,0,0,0,0,0,0,0,0
00-0033006,J.Mickens,Jaydon Mickens,WR,WR,"https://static.www.nfl.com/image/private/f_auto,q_auto/league/edjmdcnmfcqucsqym7ku",2017,REG,JAX,10,0,0,0,0,0,0,0,0,0,0,0,0,,,0,,0,0,0,0,0,0,0,0,0,0,,0,0,0,0,0,6,11,77,2,0,0,82,39,4,3.66929253036506,0,3,1,1,1,0.939024390243902,0.0212765957446809,0.0200048792388387,0.0459183090842084,1,4,0,0,0,0,0,0,0,0,0,0,0,0,3,0,0,2,0,0,0,0,1,11,0,4,0,4,2,27,287,2,20,0,0,0,0,,,0,0,0,0,0,0,0,0,0,0,0,0,,,,0,0,0,0,0,0,0,,0,0,0,0,,0,0,,0,0,0,0,0,0,0,0,0,0,25.7,31.7
00-0033009,T.Boyd,Tyler Boyd,WR,WR,"https://static.www.nfl.com/image/upload/f_auto,q_auto/league/ttifog0hjxprlhkagugu",2017,REG,CIN,10,0,0,0,0,0,0,0,0,0,0,0,0,,,0,,0,0,0,0,0,0,0,0,0,0,,0,0,0,0,0,22,32,225,2,0,0,205,91,14,4.93572602627062,0,7,2,1,1,1.09756097560976,0.0655737704918033,0.0491724634204845,0.132781380132044,0,1,0,0,0,0,0,0,0,0,0,0,0,0,0,0,0,0,0,0,0,0,0,0,0,0,0,0,0,0,0,0,0,0,0,0,0,,,0,0,0,0,0,0,0,0,0,0,0,0,,,,0,0,0,0,0,0,0,,0,0,0,0,,0,0,,0,0,0,0,0,0,0,0,0,0,34.5,56.5
00-0033010,S.Day,Sheldon Day,DT,DL,"https://static.www.nfl.com/image/upload/f_auto,q_auto/league/cxw7fnka7letqbn7e1h3",2017,REG,SF,10,0,0,0,0,0,0,0,0,0,0,0,0,,,0,,0,0,0,0,0,0,0,0,0,0,,0,0,0,0,0,0,0,0,0,0,0,0,0,0,,0,0,0,0,0,,0,0,0,0,10,3,6,4,21,0,2,15,4,0,0,2,0,0,0,0,0,0,0,0,0,1,5,0,0,0,0,0,0,0,0,0,0,0,0,0,,,0,0,0,0,0,0,0,0,0,0,0,0,,,,0,0,0,0,0,0,0,,0,0,0,0,,0,0,,0,0,0,0,0,0,0,0,0,0,0,0
00-0033011,C.McGovern,Connor McGovern,G,OL,"https://static.www.nfl.com/image/upload/f_auto,q_auto/league/ldgfrqc1yt4lkktp1iky",2017,REG,DEN,4,0,0,0,0,0,0,0,0,0,0,0,0,,,0,,0,0,0,0,0,0,0,0,0,0,,0,0,0,0,0,0,0,0,0,0,0,0,0,0,,0,0,0,0,0,,0,0,0,0,2,0,0,0,0,0,0,0,0,0,0,0,0,0,0,0,0,0,0,0,0,3,23,0,0,0,0,0,0,0,0,0,0,0,0,0,,,0,0,0,0,0,0,0,0,0,0,0,0,,,,0,0,0,0,0,0,0,,0,0,0,0,,0,0,,0,0,0,0,0,0,0,0,0,0,0,0
00-0033024,B.Jackson,Branden Jackson,DE,DL,"https://static.www.nfl.com/image/private/f_auto,q_auto/league/ydvedksku8rgbypzukzr",2017,REG,SEA,8,0,0,0,0,0,0,0,0,0,0,0,0,,,0,,0,0,0,0,0,0,0,0,0,0,,0,0,0,0,0,0,0,0,0,0,0,0,0,0,,0,0,0,0,0,,0,0,0,0,6,1,4,1,12,0,0.5,4,2,0,0,1,0,0,0,0,0,0,0,0,0,0,0,0,0,0,0,0,0,0,0,0,0,0,0,0,,,0,0,0,0,0,0,0,0,0,0,0,0,,,,0,0,0,0,0,0,0,,0,0,0,0,,0,0,,0,0,0,0,0,0,0,0,0,0,0,0
00-0033025,J.Richard,Jalen Richard,RB,RB,"https://static.www.nfl.com/image/private/f_auto,q_auto/league/evmn0ccnvk73tukpmk5f",2017,REG,LV,16,0,0,0,0,0,0,0,0,0,0,0,0,,,0,,0,0,0,0,56,275,1,1,1,10,-7.7943338273908,0,6,4,2,1,27,36,256,1,0,0,55,227,13,9.43637036082779,0,11,4,3,0,4.65454545454545,0.0652173913043478,0.0118152524167562,0.106096763648251,0,1,0,0,0,0,0,0,0,0,0,0,0,0,6,0,0,3,0,0,0,0,2,7,3,5,1,8,3,26,155,8,90,0,0,0,0,,,0,0,0,0,0,0,0,0,0,0,0,0,,,,0,0,0,0,0,0,0,,0,0,0,0,,0,0,,0,0,0,0,0,0,0,0,0,0,63.1,90.1
00-0033037,A.Washington,Adolphus Washington,DT,DL,"https://static.www.nfl.com/image/private/f_auto,q_auto/league/h7mrljv0qnfi3twxtdfb",2017,REG,BUF,12,0,0,0,0,0,0,0,0,0,0,0,0,,,0,,0,0,0,0,0,0,0,0,0,0,,0,0,0,0,0,0,0,0,0,0,0,0,0,0,,0,0,0,0,0,,0,0,0,0,15,7,11,5,13,0,1,6,1,0,0,2,0,0,0,0,0,0,0,0,0,7,45,0,0,0,0,0,0,0,0,0,0,0,0,0,,,0,0,0,0,0,0,0,0,0,0,0,0,,,,0,0,0,0,0,0,0,,0,0,0,0,,0,0,,0,0,0,0,0,0,0,0,0,0,0,0
00-0033038,E.Murray,Eric Murray,S,DB,"https://static.www.nfl.com/image/upload/f_auto,q_auto/league/owvt87ldq6ygpyq7ub4h",2017,REG,KC,14,0,0,0,0,0,0,0,0,0,0,0,0,,,0,,0,0,0,0,0,0,0,0,0,0,,0,0,0,0,0,0,0,0,0,0,0,0,0,0,,0,0,0,0,0,,0,0,0,0,28,3,5,2,13,0,1,9,1,0,0,5,0,0,0,0,0,0,0,0,0,7,46,0,0,0,0,0,0,0,0,0,0,0,0,0,,,0,0,0,0,0,0,0,0,0,0,0,0,,,,0,0,0,0,0,0,0,,0,0,0,0,,0,0,,0,0,0,0,0,0,0,0,0,0,0,0
00-0033040,T.Hill,Tyreek Hill,WR,WR,"https://static.www.nfl.com/image/upload/f_auto,q_auto/league/gg73gnfivrn80oyqwazl",2017,REG,KC,15,0,1,0,0,1,0,0,0,0,9,0,0,-5.1403229686548,-35.2782219648361,0,0,0,0,0,0,17,59,0,0,0,3,-4.65732433978701,0,3,3,0,0,75,105,1183,7,0,0,1214,455,41,55.8354978465595,0,38,18,15,9,0.974464579901153,0.198863636363636,0.289185326345879,0.50072518298757,1,1,0,0,0,0,0,0,0,0,0,0,0,0,2,0,0,2,0,0,0,0,1,5,0,2,0,2,0,25,204,0,0,0,0,0,0,,,0,0,0,0,0,0,0,0,0,0,0,0,,,,0,0,0,0,0,0,0,,0,0,0,0,,0,0,,0,0,0,0,0,0,0,0,0,0,170.2,245.2
00-0033043,A.Traylor,Austin Traylor,TE,TE,"https://static.www.nfl.com/image/private/f_auto,q_auto/league/mxmi7iepd10ie7bn4hqm",2017,REG,DEN,5,0,0,0,0,0,0,0,0,0,0,0,0,,,0,,0,0,0,0,0,0,0,0,0,0,,0,0,0,0,0,8,13,100,0,0,0,122,42,6,4.32002091949107,0,5,1,1,0,0.819672131147541,0.0235934664246824,0.0256896188671299,0.0533729328440145,0,2,0,0,0,0,0,0,0,0,0,0,0,0,0,0,0,0,0,0,0,0,0,0,0,0,0,0,0,0,0,0,0,0,0,0,0,,,0,0,0,0,0,0,0,0,0,0,0,0,,,,0,0,0,0,0,0,0,,0,0,0,0,,0,0,,0,0,0,0,0,0,0,0,0,0,10,18
00-0033045,E.Elliott,Ezekiel Elliott,RB,RB,"https://static.www.nfl.com/image/upload/f_auto,q_auto/league/d4yr6htg4dbs0bgcfqnd",2017,REG,DAL,10,0,0,0,0,0,0,0,0,0,0,0,0,,,0,,0,0,0,0,242,983,7,1,1,55,-4.98543067562764,0,21,14,5,0,26,38,269,2,0,0,8,281,6,-7.28003082758629,0,8,5,5,1,33.625,0.0783505154639175,0.00202891199594218,0.118946011593036,0,0,0,0,0,0,0,0,0,0,0,0,0,0,0,0,0,0,0,0,0,0,0,0,1,0,0,1,1,0,0,0,0,0,0,0,0,,,0,0,0,0,0,0,0,0,0,0,0,0,,,,0,0,0,0,0,0,0,,0,0,0,0,,0,0,,0,0,0,0,0,0,0,0,0,0,177.2,203.2
00-0033046,J.Ward,Jihad Ward,LB,LB,"https://static.www.nfl.com/image/upload/f_auto,q_auto/league/btmkbywpoicg8fcgvfhc",2017,REG,LV,2,0,0,0,0,0,0,0,0,0,0,0,0,,,0,,0,0,0,0,0,0,0,0,0,0,,0,0,0,0,0,0,0,0,0,0,0,0,0,0,,0,0,0,0,0,,0,0,0,0,1,0,1,1,9,0,1,9,1,0,0,0,0,0,0,0,0,0,0,0,0,0,0,0,0,0,0,0,0,0,0,0,0,0,0,0,,,0,0,0,0,0,0,0,0,0,0,0,0,,,,0,0,0,0,0,0,0,,0,0,0,0,,0,0,,0,0,0,0,0,0,0,0,0,0,0,0
00-0033047,A.Brown,Anthony Brown,CB,DB,"https://static.www.nfl.com/image/upload/f_auto,q_auto/league/b0di12hyti7dtrbs9stm",2017,REG,DAL,16,0,0,0,0,0,0,0,0,0,0,0,0,,,0,,0,0,0,0,0,0,0,0,0,0,,0,0,0,0,0,0,0,0,0,0,0,0,0,0,,0,0,0,0,0,,0,0,0,0,42,5,9,3,17,1,1,14,2,2,16,11,0,0,0,0,0,0,0,0,0,8,75,0,0,0,0,0,0,0,0,0,0,0,0,0,,,0,0,0,0,0,0,0,0,0,0,0,0,,,,0,0,0,0,0,0,0,,0,0,0,0,,0,0,,0,0,0,0,0,0,0,0,0,0,0,0
00-0033048,K.Frazier,Kavon Frazier,FS,DB,"https://static.www.nfl.com/image/private/f_auto,q_auto/league/zlngayivg3rgxfrw91ry",2017,REG,DAL,12,0,0,0,0,0,0,0,0,0,0,0,0,,,0,,0,0,0,0,0,0,0,0,0,0,,0,0,0,0,0,0,0,0,0,0,0,0,0,0,,0,0,0,0,0,,0,0,0,0,22,1,10,2,7,1,0,0,0,0,0,0,0,0,0,0,0,0,0,0,0,0,0,0,0,0,0,0,0,0,0,0,0,0,0,0,,,0,0,0,0,0,0,0,0,0,0,0,0,,,,0,0,0,0,0,0,0,,0,0,0,0,,0,0,,0,0,0,0,0,0,0,0,0,0,0,0
00-0033050,X.Howard,Xavien Howard,CB,DB,"https://static.www.nfl.com/image/upload/f_auto,q_auto/league/jbebiqcxa5rrf9ihaxkp",2017,REG,MIA,16,0,0,0,0,0,0,0,0,0,0,0,0,,,0,,0,0,0,0,0,0,0,0,0,0,,0,0,0,0,0,0,0,0,0,0,0,0,0,0,,0,0,0,0,0,,0,0,0,0,38,4,6,3,19,0,1,11,1,4,71,13,1,0,0,0,0,0,0,0,0,8,98,0,0,0,0,0,0,0,0,0,0,0,0,0,,,0,0,0,0,0,0,0,0,0,0,0,0,,,,0,0,0,0,0,0,0,,0,0,0,0,,0,0,,0,0,0,0,0,0,0,0,0,0,0,0
00-0033051,D.Onyemata,David Onyemata,DT,DL,"https://static.www.nfl.com/image/upload/f_auto,q_auto/league/zzqx9ig8ltlva2uo0cgd",2017,REG,NO,15,0,0,0,0,0,0,0,0,0,0,0,0,,,0,,0,0,0,0,0,0,0,0,0,0,,0,0,0,0,0,0,0,0,0,0,0,0,0,0,,0,0,0,0,0,,0,0,0,0,18,0,20,4,13,0,2,10,5,0,0,1,0,0,0,0,0,0,0,0,0,4,30,0,0,0,0,0,0,0,0,0,0,0,0,0,,,0,0,0,0,0,0,0,0,0,0,0,0,,,,0,0,0,0,0,0,0,,0,0,0,0,,0,0,,0,0,0,0,0,0,0,0,0,0,0,0
00-0033052,J.Smith,Jaylon Smith,MLB,LB,"https://static.www.nfl.com/image/upload/f_auto,q_auto/league/gsbqo2w6mf7wubadhflr",2017,REG,DAL,16,0,0,0,0,0,0,0,0,0,0,0,0,,,0,,0,0,0,0,0,0,0,0,0,0,,0,0,0,0,0,0,0,0,0,0,0,0,0,0,,0,0,0,0,0,,0,0,0,0,48,2,31,3,8,2,1,13,2,0,0,2,0,0,0,0,0,0,0,0,0,0,0,0,0,0,0,0,0,0,0,0,0,0,0,0,,,0,0,0,0,0,0,0,0,0,0,0,0,,,,0,0,0,0,0,0,0,,0,0,0,0,,0,0,,0,0,0,0,0,0,0,0,0,0,0,0
00-0033053,S.Davis,Sean Davis,FS,DB,"https://static.www.nfl.com/image/private/f_auto,q_auto/league/cgdqsnsrxngtnqoncype",2017,REG,PIT,16,0,0,0,0,0,0,0,0,0,0,0,0,,,0,,0,0,0,0,0,0,0,0,0,0,,0,0,0,0,0,0,0,0,0,0,0,0,0,0,,0,0,0,0,0,,0,0,0,0,69,2,21,7,26,1,1,12,2,3,76,8,0,0,0,0,0,0,0,0,0,5,76,0,0,0,0,0,0,0,0,0,0,0,0,0,,,0,0,0,0,0,0,0,0,0,0,0,0,,,,0,0,0,0,0,0,0,,0,0,0,0,,0,0,,0,0,0,0,0,0,0,0,0,0,0,0
00-0033055,J.Ramsey,Jalen Ramsey,CB,DB,"https://static.www.nfl.com/image/upload/f_auto,q_auto/league/pjozgun3xstol72jfoow",2017,REG,JAX,16,0,0,0,0,0,0,0,0,0,0,0,0,,,0,,0,0,0,0,0,0,0,0,0,0,,0,0,0,0,0,0,0,0,0,0,0,0,0,0,,0,0,0,0,0,,0,0,0,0,51,1,11,2,8,0,0,0,0,4,34,17,0,0,0,0,0,0,0,0,0,1,15,0,0,0,0,0,0,0,0,0,0,0,0,0,,,0,0,0,0,0,0,0,0,0,0,0,0,,,,0,0,0,0,0,0,0,,0,0,0,0,,0,0,,0,0,0,0,0,0,0,0,0,0,0,0
00-0033056,C.James,Cory James,OLB,LB,"https://static.www.nfl.com/image/private/f_auto,q_auto/league/ljm30j7hkqmzexnrohgz",2017,REG,LV,9,0,0,0,0,0,0,0,0,0,0,0,0,,,0,,0,0,0,0,0,0,0,0,0,0,,0,0,0,0,0,0,0,0,0,0,0,0,0,0,,0,0,0,0,0,,0,0,0,0,35,7,14,6,22,1,0,0,0,0,0,1,0,0,0,0,0,0,0,0,0,1,10,0,0,0,0,0,0,0,0,0,0,0,0,0,,,0,0,0,0,0,0,0,0,0,0,0,0,,,,0,0,0,0,0,0,0,,0,0,0,0,,0,0,,0,0,0,0,0,0,0,0,0,0,0,0
00-0033057,J.Conklin,Jack Conklin,OT,OL,"https://static.www.nfl.com/image/upload/f_auto,q_auto/league/n8bh3p91qk6myrjqmast",2017,REG,TEN,4,0,0,0,0,0,0,0,0,0,0,0,0,,,0,,0,0,0,0,0,0,0,0,0,0,,0,0,0,0,0,0,0,0,0,0,0,0,0,0,,0,0,0,0,0,,0,0,0,0,1,0,0,0,0,0,0,0,0,0,0,0,0,0,0,0,0,0,0,0,0,6,45,0,0,0,0,0,0,0,0,0,0,0,0,0,,,0,0,0,0,0,0,0,0,0,0,0,0,,,,0,0,0,0,0,0,0,,0,0,0,0,,0,0,,0,0,0,0,0,0,0,0,0,0,0,0
00-0033058,R.Ragland,Reggie Ragland,ILB,LB,"https://static.www.nfl.com/image/private/f_auto,q_auto/league/yyprvaghhgtf41mpuazp",2017,REG,KC,10,0,0,0,0,0,0,0,0,0,0,0,0,,,0,,0,0,0,0,0,0,0,0,0,0,,0,0,0,0,0,0,0,0,0,0,0,0,0,0,,0,0,0,0,0,,0,0,0,0,29,2,13,4,7,0,0,0,0,0,0,0,0,0,0,0,0,0,0,0,0,0,0,0,0,0,0,0,0,0,0,0,0,0,0,0,,,0,0,0,0,0,0,0,0,0,0,0,0,,,,0,0,0,0,0,0,0,,0,0,0,0,,0,0,,0,0,0,0,0,0,0,0,0,0,0,0
00-0033059,T.Green,T.J. Green,DB,DB,"https://static.www.nfl.com/image/private/f_auto,q_auto/league/xlab3zv5zsx18dor6vu2",2017,REG,IND,11,0,0,0,0,0,0,0,0,0,0,0,0,,,0,,0,0,0,0,0,0,0,0,0,0,,0,0,0,0,0,0,0,0,0,0,0,0,0,0,,0,0,0,0,0,,0,0,0,0,31,0,14,3,4,0,0,0,1,0,0,1,0,0,0,0,0,0,0,0,0,2,23,0,0,0,0,0,0,0,0,0,0,0,0,0,,,0,0,0,0,0,0,0,0,0,0,0,0,,,,0,0,0,0,0,0,0,,0,0,0,0,,0,0,,0,0,0,0,0,0,0,0,0,0,0,0
00-0033060,L.Carroo,Leonte Carroo,WR,WR,"https://static.www.nfl.com/image/private/f_auto,q_auto/league/rtyecvs5rx9awmpdk4c8",2017,REG,MIA,4,0,0,0,0,0,0,0,0,0,0,0,0,,,0,,0,0,0,0,0,0,0,0,0,0,,0,0,0,0,0,7,14,69,0,0,0,116,11,4,-5.90249020843983,0,3,1,1,0,0.594827586206897,0.0238095238095238,0.0237510237510238,0.0523400023400023,0,0,0,0,0,0,0,0,0,0,0,0,0,0,0,0,0,0,0,0,0,0,2,20,0,0,0,0,0,0,0,0,0,0,0,0,0,,,0,0,0,0,0,0,0,0,0,0,0,0,,,,0,0,0,0,0,0,0,,0,0,0,0,,0,0,,0,0,0,0,0,0,0,0,0,0,6.9,13.9
00-0033064,A.Gotsis,Adam Gotsis,DE,DL,"https://static.www.nfl.com/image/upload/f_auto,q_auto/league/vos0byevm4wxvjrb6pd7",2017,REG,DEN,14,0,0,0,0,0,0,0,0,0,0,0,0,,,0,,0,0,0,0,0,0,0,0,0,0,,0,0,0,0,0,0,0,0,0,0,0,0,0,0,,0,0,0,0,0,,0,0,0,0,25,3,13,4,10,0,2,4,5,0,0,4,0,0,0,0,0,0,1,0,0,1,5,0,0,0,0,0,0,0,0,0,0,0,0,0,,,0,0,0,0,0,0,0,0,0,0,0,0,,,,0,0,0,0,0,0,0,,0,0,0,0,,0,0,,0,0,0,0,0,0,0,0,0,0,0,0
00-0033065,L.Clark,Le'Raven Clark,OT,OL,"https://static.www.nfl.com/image/private/f_auto,q_auto/league/lotwkrfevdanwpj6bfff",2017,REG,IND,2,0,0,0,0,0,0,0,0,0,0,0,0,,,0,,0,0,0,0,0,0,0,0,0,0,,0,0,0,0,0,0,0,0,0,0,0,0,0,0,,0,0,0,0,0,,0,0,0,0,0,0,0,0,0,0,0,0,0,0,0,0,0,0,0,0,0,0,0,0,0,1,10,0,0,0,0,0,0,0,0,0,0,0,0,0,,,0,0,0,0,0,0,0,0,0,0,0,0,,,,0,0,0,0,0,0,0,,0,0,0,0,,0,0,,0,0,0,0,0,0,0,0,0,0,0,0
00-0033066,A.Billings,Andrew Billings,DT,DL,"https://static.www.nfl.com/image/upload/f_auto,q_auto/league/rfxthtnhruxgqnofnuzg",2017,REG,CIN,7,0,0,0,0,0,0,0,0,0,0,0,0,,,0,,0,0,0,0,0,0,0,0,0,0,,0,0,0,0,0,0,0,0,0,0,0,0,0,0,,0,0,0,0,0,,0,0,0,0,9,0,4,2,6,0,0,0,1,0,0,0,0,0,0,0,0,0,0,0,0,2,20,0,0,0,0,0,0,0,0,0,0,0,0,0,,,0,0,0,0,0,0,0,0,0,0,0,0,,,,0,0,0,0,0,0,0,,0,0,0,0,,0,0,,0,0,0,0,0,0,0,0,0,0,0,0
00-0033069,B.Miller,Braxton Miller,WR,WR,"https://static.www.nfl.com/image/private/f_auto,q_auto/league/ya38kjppomtdyqbq5cyg",2017,REG,HOU,10,0,0,0,0,0,0,0,0,0,0,0,0,,,0,,0,0,0,0,1,1,0,0,0,0,-0.698323410004377,0,0,0,0,0,19,29,162,1,0,0,239,61,7,-0.125712704375232,0,6,2,1,1,0.677824267782427,0.0562015503875969,0.0459262106072252,0.116450673006453,0,1,0,0,0,0,0,0,0,0,0,0,0,0,0,0,0,0,0,0,0,0,1,8,0,0,0,0,0,3,12,0,0,0,0,0,0,,,0,0,0,0,0,0,0,0,0,0,0,0,,,,0,0,0,0,0,0,0,,0,0,0,0,,0,0,,0,0,0,0,0,0,0,0,0,0,22.3,41.3
00-0033070,J.Elliott,Javien Elliott,CB,DB,"https://static.www.nfl.com/image/private/f_auto,q_auto/league/gm9ulvkcgkcwmtejco2y",2017,REG,TB,4,0,0,0,0,0,0,0,0,0,0,0,0,,,0,,0,0,0,0,0,0,0,0,0,0,,0,0,0,0,0,0,0,0,0,0,0,0,0,0,,0,0,0,0,0,,0,0,0,0,4,1,0,0,0,0,0,0,0,0,0,0,0,0,0,0,0,0,0,0,0,0,0,0,0,0,0,0,0,0,0,0,0,0,0,0,,,0,0,0,0,0,0,0,0,0,0,0,0,,,,0,0,0,0,0,0,0,,0,0,0,0,,0,0,,0,0,0,0,0,0,0,0,0,0,0,0
00-0033072,L.Floyd,Leonard Floyd,DE,DL,"https://static.www.nfl.com/image/upload/f_auto,q_auto/league/hmojdd6skft3sfhs59ma",2017,REG,CHI,10,0,0,0,0,0,0,0,0,0,0,0,0,,,0,,0,0,0,0,0,0,0,0,0,0,,0,0,0,0,0,0,0,0,0,0,0,0,0,0,,0,0,0,0,0,,0,0,0,0,24,0,10,8,32,0,4.5,31,12,0,0,2,0,0,1,0,0,0,1,21,0,2,10,0,0,0,0,0,0,0,0,0,0,0,0,0,,,0,0,0,0,0,0,0,0,0,0,0,0,,,,0,0,0,0,0,0,0,,0,0,0,0,,0,0,,0,0,0,0,0,0,0,0,0,0,0,0
00-0033073,E.Ogbah,Emmanuel Ogbah,DE,DL,"https://static.www.nfl.com/image/upload/f_auto,q_auto/league/uaj08gf9lrokgxgrbgcn",2017,REG,CLE,10,0,0,0,0,0,0,0,0,0,0,0,0,,,0,,0,0,0,0,0,0,0,0,0,0,,0,0,0,0,0,0,0,0,0,0,0,0,0,0,,0,0,0,0,0,,0,0,0,0,17,1,11,5,20,2,4,18,5,0,0,6,0,0,0,0,0,0,1,0,0,1,5,0,0,0,0,0,0,0,0,0,0,0,0,0,,,0,0,0,0,0,0,0,0,0,0,0,0,,,,0,0,0,0,0,0,0,,0,0,0,0,,0,0,,0,0,0,0,0,0,0,0,0,0,0,0
00-0033074,K.Dodd,Kevin Dodd,OLB,LB,"https://static.www.nfl.com/image/private/f_auto,q_auto/league/c565rzyubz9ugdhpkn6l",2017,REG,TEN,6,0,0,0,0,0,0,0,0,0,0,0,0,,,0,,0,0,0,0,0,0,0,0,0,0,,0,0,0,0,0,0,0,0,0,0,0,0,0,0,,0,0,0,0,0,,0,0,0,0,3,1,3,0,0,0,0,0,1,0,0,0,0,0,0,0,0,0,0,0,0,0,0,0,0,0,0,0,0,0,0,0,0,0,0,0,,,0,0,0,0,0,0,0,0,0,0,0,0,,,,0,0,0,0,0,0,0,,0,0,0,0,,0,0,,0,0,0,0,0,0,0,0,0,0,0,0
00-0033075,C.Tapper,Charles Tapper,DE,DL,"https://static.www.nfl.com/image/private/f_auto,q_auto/league/d3xa1qlktssuzkxerz2p",2017,REG,DAL,2,0,0,0,0,0,0,0,0,0,0,0,0,,,0,,0,0,0,0,0,0,0,0,0,0,,0,0,0,0,0,0,0,0,0,0,0,0,0,0,,0,0,0,0,0,,0,0,0,0,2,0,1,1,9,0,1,9,1,0,0,0,0,0,0,0,0,0,0,0,0,0,0,0,0,0,0,0,0,0,0,0,0,0,0,0,,,0,0,0,0,0,0,0,0,0,0,0,0,,,,0,0,0,0,0,0,0,,0,0,0,0,,0,0,,0,0,0,0,0,0,0,0,0,0,0,0
00-0033076,D.Kindred,Derrick Kindred,CB,DB,"https://static.www.nfl.com/image/private/f_auto,q_auto/league/xiwa1wri68fwnbuvn3qp",2017,REG,CLE,14,0,0,0,0,0,0,0,0,0,0,0,0,,,0,,0,0,0,0,0,0,0,0,0,0,,0,0,0,0,0,0,0,0,0,0,0,0,0,0,,0,0,0,0,0,,0,0,0,0,43,0,14,10,29,0,0,0,2,1,30,6,0,0,0,0,0,0,0,0,0,1,5,0,0,0,0,0,0,0,0,0,0,0,0,0,,,0,0,0,0,0,0,0,0,0,0,0,0,,,,0,0,0,0,0,0,0,,0,0,0,0,,0,0,,0,0,0,0,0,0,0,0,0,0,0,0
00-0033077,D.Prescott,Dak Prescott,QB,QB,"https://static.www.nfl.com/image/upload/f_auto,q_auto/league/blixemm3s9sa4gmqk5yn",2017,REG,DAL,16,308,490,3324,22,13,32,-185,4,3,3942,1358,162,-32.1133015656068,-0.240988364729149,0,0.843226788432268,123,53,34,8,57,357,6,0,0,29,32.9967857122538,0,19,10,1,0,0,0,0,0,0,0,0,0,0,,0,0,0,0,0,,0,0,0,0,0,0,0,0,0,0,0,0,0,0,0,0,0,0,0,0,1,0,0,0,0,0,0,4,0,0,4,3,0,0,0,0,0,0,0,0,,,0,0,0,0,0,0,0,0,0,0,0,0,,,,0,0,0,0,0,0,0,,0,0,0,0,,0,0,,0,0,0,0,0,0,0,0,0,0,260.66,260.66
00-0033079,R.Louis,Ricardo Louis,WR,WR,"https://static.www.nfl.com/image/private/f_auto,q_auto/league/p5rkm45lscifejppmrb7",2017,REG,CLE,14,0,0,0,0,0,0,0,0,0,0,0,0,,,0,,0,0,0,0,0,0,0,0,0,0,,0,0,0,0,0,27,61,357,0,0,0,753,82,18,-16.2971397281761,0,14,8,7,0,0.474103585657371,0.107773851590106,0.145142636854279,0.263260623183154,0,5,0,0,0,0,0,0,0,0,0,0,0,0,0,0,0,0,0,0,0,0,2,14,0,0,0,0,0,0,0,0,0,0,0,0,0,,,0,0,0,0,0,0,0,0,0,0,0,0,,,,0,0,0,0,0,0,0,,0,0,0,0,,0,0,,0,0,0,0,0,0,0,0,0,0,35.7,62.7
00-0033080,S.DeValve,Seth DeValve,TE,TE,"https://static.www.nfl.com/image/private/f_auto,q_auto/league/nrihd72oevgvvbhb8l6g",2017,REG,CLE,16,0,0,0,0,0,0,0,0,0,0,0,0,,,0,,0,0,0,0,0,0,0,0,0,0,,0,0,0,0,0,33,58,395,1,1,1,501,171,18,-3.67763579542846,0,13,10,7,1,0.788423153692615,0.102473498233216,0.0965690053970702,0.221308551127772,0,3,1,1,0,0,0,0,0,0,0,0,0,0,0,0,0,0,0,0,0,0,4,35,1,0,0,1,1,0,0,0,0,0,0,0,0,,,0,0,0,0,0,0,0,0,0,0,0,0,,,,0,0,0,0,0,0,0,,0,0,0,0,,0,0,,0,0,0,0,0,0,0,0,0,0,43.5,76.5
00-0033082,L.Patrick,Lucas Patrick,G,OL,"https://static.www.nfl.com/image/upload/f_auto,q_auto/league/gpkpw7ira7e2yi26vold",2017,REG,GB,1,0,0,0,0,0,0,0,0,0,0,0,0,,,0,,0,0,0,0,0,0,0,0,0,0,,0,0,0,0,0,0,0,0,0,0,0,0,0,0,,0,0,0,0,0,,0,0,0,0,0,0,0,0,0,0,0,0,0,0,0,0,0,0,0,0,0,0,0,0,0,1,5,0,0,0,0,0,0,0,0,0,0,0,0,0,,,0,0,0,0,0,0,0,0,0,0,0,0,,,,0,0,0,0,0,0,0,,0,0,0,0,,0,0,,0,0,0,0,0,0,0,0,0,0,0,0
00-0033083,D.Thompson,Darian Thompson,DB,DB,"https://static.www.nfl.com/image/private/f_auto,q_auto/league/nfzpwopmrdccg8or1hj4",2017,REG,NYG,15,0,0,0,0,0,0,0,0,0,0,0,0,,,0,,0,0,0,0,0,0,0,0,0,0,,0,0,0,0,0,0,0,0,0,0,0,0,0,0,,0,0,0,0,0,,0,0,0,0,45,16,14,2,7,0,0,0,2,1,0,6,0,0,0,0,0,0,0,0,0,2,47,0,0,0,0,0,0,0,0,0,0,0,0,0,,,0,0,0,0,0,0,0,0,0,0,0,0,,,,0,0,0,0,0,0,0,,0,0,0,0,,0,0,,0,0,0,0,0,0,0,0,0,0,0,0
00-0033084,K.Fuller,Kendall Fuller,CB,DB,"https://static.www.nfl.com/image/upload/f_auto,q_auto/league/pdznqfqyrrwcjdrjb3s5",2017,REG,WAS,16,0,0,0,0,0,0,0,0,0,0,0,0,,,0,,0,0,0,0,0,0,0,0,0,0,,0,0,0,0,0,0,0,0,0,0,0,0,0,0,,0,0,0,0,0,,0,0,0,0,39,4,12,2,5,1,0,0,0,4,4,10,0,0,0,0,0,0,0,0,0,3,24,0,0,0,0,0,0,0,1,12,0,0,0,0,,,0,0,0,0,0,0,0,0,0,0,0,0,,,,0,0,0,0,0,0,0,,0,0,0,0,,0,0,,0,0,0,0,0,0,0,0,0,0,0,0
00-0033087,M.Bundy,Marquis Bundy,WR,WR,"https://static.www.nfl.com/image/private/f_auto,q_auto/league/rqo12vl8mog1hptvk3im",2017,REG,NYG,1,0,0,0,0,0,0,0,0,0,0,0,0,,,0,,0,0,0,0,0,0,0,0,0,0,,0,0,0,0,0,0,3,0,0,0,0,20,0,0,-2.52761956617218,0,0,0,0,0,0,0.00497512437810945,0.00455477112275108,0.0106510263530899,0,0,0,0,0,0,0,0,0,0,0,0,0,0,0,0,0,0,0,0,0,0,0,0,0,0,0,0,0,0,0,0,0,0,0,0,0,,,0,0,0,0,0,0,0,0,0,0,0,0,,,,0,0,0,0,0,0,0,,0,0,0,0,,0,0,,0,0,0,0,0,0,0,0,0,0,0,0
00-0033090,H.Henry,Hunter Henry,TE,TE,"https://static.www.nfl.com/image/upload/f_auto,q_auto/league/l0fsrutz9fwbohx10lcf",2017,REG,LAC,12,0,0,0,0,0,0,0,0,0,0,0,0,,,0,,0,0,0,0,0,0,0,0,0,0,,0,0,0,0,0,45,62,579,4,0,0,534,221,32,38.9372609612861,0,27,12,8,0,1.08426966292135,0.108202443280977,0.111715481171548,0.24050450174155,0,0,0,0,0,0,0,0,0,0,0,0,0,0,0,0,0,1,0,0,0,0,0,0,0,0,0,0,0,0,0,0,0,0,0,0,0,,,0,0,0,0,0,0,0,0,0,0,0,0,,,,0,0,0,0,0,0,0,,0,0,0,0,,0,0,,0,0,0,0,0,0,0,0,0,0,81.9,126.9
00-0033091,K.Russell,KeiVarae Russell,CB,DB,"https://static.www.nfl.com/image/private/f_auto,q_auto/league/salh9f7cjif8mjbbpced",2017,REG,CIN,3,0,0,0,0,0,0,0,0,0,0,0,0,,,0,,0,0,0,0,0,0,0,0,0,0,,0,0,0,0,0,0,0,0,0,0,0,0,0,0,,0,0,0,0,0,,0,0,0,0,9,0,0,0,0,0,0,0,0,0,0,0,0,0,0,0,0,0,0,0,0,1,5,0,0,0,0,0,0,0,0,0,0,0,0,0,,,0,0,0,0,0,0,0,0,0,0,0,0,,,,0,0,0,0,0,0,0,,0,0,0,0,,0,0,,0,0,0,0,0,0,0,0,0,0,0,0
00-0033093,J.Bullard,Jonathan Bullard,DE,DL,"https://static.www.nfl.com/image/upload/f_auto,q_auto/league/z0iwn1oavvemgjupnkep",2017,REG,CHI,12,0,0,0,0,0,0,0,0,0,0,0,0,,,0,,0,0,0,0,0,0,0,0,0,0,,0,0,0,0,0,0,0,0,0,0,0,0,0,0,,0,0,0,0,0,,0,0,0,0,17,1,8,2,6,1,1,4,2,0,0,2,0,0,0,0,0,0,0,0,0,1,5,0,0,0,0,0,0,0,0,0,0,0,0,0,,,0,0,0,0,0,0,0,0,0,0,0,0,,,,0,0,0,0,0,0,0,,0,0,0,0,,0,0,,0,0,0,0,0,0,0,0,0,0,0,0
00-0033094,M.Hall,Marvin Hall,WR,WR,"https://static.www.nfl.com/image/private/f_auto,q_auto/league/dgyruyvyeuy4cwxhysox",2017,REG,ATL,6,0,0,0,0,0,0,0,0,0,0,0,0,,,0,,0,0,0,0,0,0,0,0,0,0,,0,0,0,0,0,2,9,60,1,0,0,144,0,2,-1.3842374762753,0,2,2,2,1,0.416666666666667,0.0174081237911025,0.030188679245283,0.0472442611583519,0,2,0,0,0,0,0,0,0,0,0,0,0,0,0,0,0,0,0,0,0,0,0,0,0,0,0,0,0,0,0,0,0,0,0,0,0,,,0,0,0,0,0,0,0,0,0,0,0,0,,,,0,0,0,0,0,0,0,,0,0,0,0,,0,0,,0,0,0,0,0,0,0,0,0,0,12,14
00-0033095,G.Griffin,Garrett Griffin,TE,TE,"https://static.www.nfl.com/image/private/f_auto,q_auto/league/ss70hidq9xcteze3rdeg",2017,REG,NO,2,0,0,0,0,0,0,0,0,0,0,0,0,,,0,,0,0,0,0,0,0,0,0,0,0,,0,0,0,0,0,1,1,4,0,0,0,4,0,0,0.038114589639008,0,0,0,0,0,1,0.00189035916824197,0.00117061750073164,0.00365497100287509,0,0,0,0,0,0,0,0,0,0,0,0,0,0,0,0,0,0,0,0,0,0,0,0,0,0,0,0,0,0,0,2,23,0,0,0,0,,,0,0,0,0,0,0,0,0,0,0,0,0,,,,0,0,0,0,0,0,0,,0,0,0,0,,0,0,,0,0,0,0,0,0,0,0,0,0,0.4,1.4
00-0033096,S.Lawson,Shaq Lawson,DE,DL,"https://static.www.nfl.com/image/private/f_auto,q_auto/league/p2vm0nb8vtpc9urat9zo",2017,REG,BUF,10,0,0,0,0,0,0,0,0,0,0,0,0,,,0,,0,0,0,0,0,0,0,0,0,0,,0,0,0,0,0,0,0,0,0,0,0,0,0,0,,0,0,0,0,0,,0,0,0,0,13,4,16,3,11,1,4,9,5,0,0,2,0,0,0,0,0,0,0,0,0,2,20,0,0,0,0,0,0,0,0,0,0,0,0,0,,,0,0,0,0,0,0,0,0,0,0,0,0,,,,0,0,0,0,0,0,0,,0,0,0,0,,0,0,,0,0,0,0,0,0,0,0,0,0,0,0
00-0033097,S.Coleman,Shon Coleman,OT,OL,"https://static.www.nfl.com/image/private/f_auto,q_auto/league/eikezwqcwd7wiuzp2m38",2017,REG,CLE,6,0,0,0,0,0,0,0,0,0,0,0,0,,,0,,0,0,0,0,0,0,0,0,0,0,,0,0,0,0,0,0,0,0,0,0,0,0,0,0,,0,0,0,0,0,,0,0,0,0,2,0,0,0,0,0,0,0,0,0,0,0,0,0,0,0,0,0,0,0,0,10,90,0,0,0,0,0,0,0,0,0,0,0,0,0,,,0,0,0,0,0,0,0,0,0,0,0,0,,,,0,0,0,0,0,0,0,,0,0,0,0,,0,0,,0,0,0,0,0,0,0,0,0,0,0,0
00-0033103,A.Burns,Artie Burns,CB,DB,"https://static.www.nfl.com/image/upload/f_auto,q_auto/league/jxdtjdgthvex3gzb4mdd",2017,REG,PIT,16,0,0,0,0,0,0,0,0,0,0,0,0,,,0,,0,0,0,0,0,0,0,0,0,0,,0,0,0,0,0,0,0,0,0,0,0,0,0,0,,0,0,0,0,0,,0,0,0,0,44,3,7,2,2,0,0,0,1,1,0,13,0,0,0,0,0,0,2,0,0,8,106,0,0,0,0,0,0,0,0,0,0,0,0,0,,,0,0,0,0,0,0,0,0,0,0,0,0,,,,0,0,0,0,0,0,0,,0,0,0,0,,0,0,,0,0,0,0,0,0,0,0,0,0,0,0
00-0033104,C.Kessler,Cody Kessler,QB,QB,"https://static.www.nfl.com/image/private/f_auto,q_auto/league/gkvutiyutml2atftmu09",2017,REG,CLE,3,11,23,126,0,1,6,-48,0,0,228,69,6,-15.2889663635792,-7.52023323015733,0,0.552631578947369,5,2,2,0,1,-1,0,0,0,0,0,0,0,0,0,0,0,0,0,0,0,0,0,0,0,,0,0,0,0,0,,0,0,0,0,0,0,0,0,0,0,0,0,0,0,0,0,0,0,0,0,0,0,0,0,0,0,0,0,0,0,0,0,0,0,0,0,0,0,0,0,,,0,0,0,0,0,0,0,0,0,0,0,0,,,,0,0,0,0,0,0,0,,0,0,0,0,,0,0,,0,0,0,0,0,0,0,0,0,0,2.94,2.94
00-0033106,J.Goff,Jared Goff,QB,QB,"https://static.www.nfl.com/image/upload/f_auto,q_auto/league/yggfwr4ak4po9byj0qor",2017,REG,LA,15,296,477,3804,28,7,25,-172,7,2,3770,2000,176,95.7423669056005,-0.907517861582831,0,1.00901856763926,146,78,54,12,28,51,1,1,1,3,-11.0870676504136,0,1,1,1,0,0,0,0,0,0,0,0,0,0,,0,0,0,0,0,,0,0,0,0,1,0,0,0,0,0,0,0,0,0,0,0,0,0,0,0,0,0,0,0,0,5,33,7,1,0,8,3,0,0,0,0,0,0,0,0,,,0,0,0,0,0,0,0,0,0,0,0,0,,,,0,0,0,0,0,0,0,,0,0,0,0,,0,0,,0,0,0,0,0,0,0,0,0,0,255.26,255.26
00-0033107,W.Jackson,William Jackson,CB,DB,"https://static.www.nfl.com/image/private/f_auto,q_auto/league/ecy3oh2pt5nx8cxwcspc",2017,REG,CIN,13,0,0,0,0,0,0,0,0,0,0,0,0,,,0,,0,0,0,0,0,0,0,0,0,0,,0,0,0,0,0,0,0,0,0,0,0,0,0,0,,0,0,0,0,0,,0,0,0,0,20,1,6,1,7,0,1,7,1,1,75,14,1,1,0,0,0,0,0,0,0,7,52,0,1,0,1,1,1,0,0,0,0,0,0,0,,,0,0,0,0,0,0,0,0,0,0,0,0,,,,0,0,0,0,0,0,0,,0,0,0,0,,0,0,,0,0,0,0,0,0,0,0,0,0,0,0
00-0033108,P.Lynch,Paxton Lynch,QB,QB,"https://static.www.nfl.com/image/private/f_auto,q_auto/league/no5luyrz446ildiztu6t",2017,REG,DEN,2,30,45,295,2,3,9,-51,2,1,379,119,15,-19.6837436146107,3.83593850665622,0,0.778364116094987,12,6,4,0,5,30,0,0,0,2,1.23102992097847,0,1,0,0,0,0,0,0,0,0,0,0,0,0,,0,0,0,0,0,,0,0,0,0,0,0,0,0,0,0,0,0,0,0,0,0,0,0,0,0,1,0,0,0,0,1,5,2,0,0,2,1,0,0,0,0,0,0,0,0,,,0,0,0,0,0,0,0,0,0,0,0,0,,,,0,0,0,0,0,0,0,,0,0,0,0,,0,0,,0,0,0,0,0,0,0,0,0,0,14.8,14.8
00-0033109,J.Hargrave,Javon Hargrave,NT,DL,"https://static.www.nfl.com/image/upload/f_auto,q_auto/league/ql5febs5kjgtrpj555ex",2017,REG,PIT,13,0,0,0,0,0,0,0,0,0,0,0,0,,,0,,0,0,0,0,0,0,0,0,0,0,,0,0,0,0,0,0,0,0,0,0,0,0,0,0,,0,0,0,0,0,,0,0,0,0,15,6,11,3,17,1,2,16,4,0,0,1,0,0,0,0,0,0,0,0,0,0,0,0,0,0,0,0,0,0,0,0,0,0,0,0,,,0,0,0,0,0,0,0,0,0,0,0,0,,,,0,0,0,0,0,0,0,,0,0,0,0,,0,0,,0,0,0,0,0,0,0,0,0,0,0,0
00-0033110,T.Higbee,Tyler Higbee,TE,TE,"https://static.www.nfl.com/image/upload/f_auto,q_auto/league/x1d4osiefibd04df6gow",2017,REG,LA,14,0,0,0,0,0,0,0,0,0,0,0,0,,,0,,0,0,0,0,0,0,0,0,0,0,,0,0,0,0,0,25,45,295,1,0,0,482,77,12,1.24044388256209,0,10,5,5,0,0.612033195020747,0.0882352941176471,0.118894918598915,0.215579384195711,0,2,0,0,0,0,0,0,0,0,0,0,0,0,0,0,0,0,0,0,0,0,5,30,0,0,0,0,0,0,0,0,0,0,0,0,0,,,0,0,0,0,0,0,0,0,0,0,0,0,,,,0,0,0,0,0,0,0,,0,0,0,0,,0,0,,0,0,0,0,0,0,0,0,0,0,35.5,60.5
00-0033111,P.Cooper,Pharoh Cooper,WR,WR,"https://static.www.nfl.com/image/private/f_auto,q_auto/league/mnsqfcfqiehw5aocr1lg",2017,REG,LA,16,0,0,0,0,0,0,0,0,0,0,0,0,,,0,,0,0,0,0,1,6,0,0,0,1,0.749561898468528,0,0,0,0,0,11,19,84,0,0,0,138,54,3,-10.9019057442643,0,2,2,1,0,0.608695652173913,0.0372549019607843,0.0340404538727183,0.0797106706520793,1,0,0,0,0,0,0,0,0,0,0,0,0,0,2,0,0,1,0,0,0,0,2,20,2,1,1,3,1,32,399,34,932,0,0,0,0,,,0,0,0,0,0,0,0,0,0,0,0,0,,,,0,0,0,0,0,0,0,,0,0,0,0,,0,0,,0,0,0,0,0,0,0,0,0,0,15,26
00-0033113,J.Forrest,Josh Forrest,LB,LB,"https://static.www.nfl.com/image/private/f_auto,q_auto/league/zatxmx13zhcq1ynr151z",2017,REG,SEA,1,0,0,0,0,0,0,0,0,0,0,0,0,,,0,,0,0,0,0,0,0,0,0,0,0,,0,0,0,0,0,0,0,0,0,0,0,0,0,0,,0,0,0,0,0,,0,0,0,0,0,0,0,0,0,0,0,0,0,0,0,0,0,0,0,0,0,0,0,0,0,1,10,0,0,0,0,0,0,0,0,0,0,0,0,0,,,0,0,0,0,0,0,0,0,0,0,0,0,,,,0,0,0,0,0,0,0,,0,0,0,0,,0,0,,0,0,0,0,0,0,0,0,0,0,0,0
00-0033114,M.Thomas,Mike Thomas,WR,WR,"https://static.www.nfl.com/image/private/f_auto,q_auto/league/sytj4awk8kseyootqzec",2017,REG,LA,6,0,0,0,0,0,0,0,0,0,0,0,0,,,0,,0,0,0,0,0,0,0,0,0,0,,0,0,0,0,0,5,7,93,0,1,0,103,29,4,2.18729437972479,0,3,2,1,1,0.902912621359223,0.0137254901960784,0.025407005426739,0.038373139092835,0,1,0,0,0,0,0,0,0,0,0,0,0,0,0,0,0,0,0,0,0,0,2,15,1,0,1,1,0,0,0,1,15,0,0,0,0,,,0,0,0,0,0,0,0,0,0,0,0,0,,,,0,0,0,0,0,0,0,,0,0,0,0,,0,0,,0,0,0,0,0,0,0,0,0,0,9.3,14.3
00-0033117,B.Kaufusi,Bronson Kaufusi,TE,TE,"https://static.www.nfl.com/image/private/f_auto,q_auto/league/u65wow5psi79iegrpvck",2017,REG,BAL,3,0,0,0,0,0,0,0,0,0,0,0,0,,,0,,0,0,0,0,0,0,0,0,0,0,,0,0,0,0,0,0,0,0,0,0,0,0,0,0,,0,0,0,0,0,,0,0,0,0,2,0,3,0,0,0,0,0,0,0,0,0,0,0,0,0,0,0,0,0,0,0,0,0,0,0,0,0,0,0,0,0,0,0,0,0,,,0,0,0,0,0,0,0,0,0,0,0,0,,,,0,0,0,0,0,0,0,,0,0,0,0,,0,0,,0,0,0,0,0,0,0,0,0,0,0,0
00-0033118,K.Drake,Kenyan Drake,RB,RB,"https://static.www.nfl.com/image/private/f_auto,q_auto/league/rp5apwel9vuk49b4lykn",2017,REG,MIA,16,0,0,0,0,0,0,0,0,0,0,0,0,,,0,,0,0,0,0,133,644,3,2,2,24,-12.6580841948306,1,16,12,7,3,32,48,239,1,0,0,31,214,7,-3.76119480721536,0,10,2,1,1,7.70967741935484,0.0816326530612245,0.00634725634725635,0.126892059034916,0,5,0,1,0,0,0,0,0,0,0,0,0,0,0,0,0,0,0,0,0,0,2,10,2,0,0,2,2,0,0,7,147,0,0,0,0,,,0,0,0,0,0,0,0,0,0,0,0,0,,,,0,0,0,0,0,0,0,,0,0,0,0,,0,0,,0,0,0,0,0,0,0,0,0,0,110.3,142.3
00-0033119,J.Brissett,Jacoby Brissett,QB,QB,"https://static.www.nfl.com/image/upload/f_auto,q_auto/league/rdxowm5dvpbb8p3aazbc",2017,REG,IND,16,276,469,3098,13,7,52,-305,5,2,3513,1574,143,-44.972195397621,-4.45443925484687,0,0.881867349843439,119,51,32,9,63,260,4,3,1,14,-2.25364621694527,0,9,7,1,0,0,0,0,0,0,0,0,0,0,,0,0,0,0,0,,0,0,0,0,0,0,0,0,0,0,0,0,0,0,0,0,0,0,0,0,5,-13,0,0,0,2,21,5,3,0,8,3,0,0,0,0,0,0,0,0,,,0,0,0,0,0,0,0,0,0,0,0,0,,,,0,0,0,0,0,0,0,,0,0,0,0,,0,0,,0,0,0,0,0,0,0,0,0,0,205.92,205.92
00-0033120,K.Clark,Kenny Clark,NT,DL,"https://static.www.nfl.com/image/upload/f_auto,q_auto/league/ydhhuuqdppcs8vzi6v7d",2017,REG,GB,15,0,0,0,0,0,0,0,0,0,0,0,0,,,0,,0,0,0,0,0,0,0,0,0,0,,0,0,0,0,0,0,0,0,0,0,0,0,0,0,,0,0,0,0,0,,0,0,0,0,27,5,23,6,24,2,4.5,26.5,6,0,0,1,0,0,0,0,0,0,0,0,0,4,20,0,0,0,0,0,0,0,0,0,0,0,0,0,,,0,0,0,0,0,0,0,0,0,0,0,0,,,,0,0,0,0,0,0,0,,0,0,0,0,,0,0,,0,0,0,0,0,0,0,0,0,0,0,0
00-0033121,B.Goodson,B.J. Goodson,MLB,LB,"https://static.www.nfl.com/image/private/f_auto,q_auto/league/fr8gkejeypcoopk47dh0",2017,REG,NYG,7,0,0,0,0,0,0,0,0,0,0,0,0,,,0,,0,0,0,0,0,0,0,0,0,0,,0,0,0,0,0,0,0,0,0,0,0,0,0,0,,0,0,0,0,0,,0,0,0,0,33,4,16,2,6,1,0,0,0,0,0,2,0,0,0,0,0,0,0,0,0,2,19,0,0,0,0,0,0,0,0,0,0,0,0,0,,,0,0,0,0,0,0,0,0,0,0,0,0,,,,0,0,0,0,0,0,0,,0,0,0,0,,0,0,,0,0,0,0,0,0,0,0,0,0,0,0
00-0033122,S.Calhoun,Shilique Calhoun,DE,DL,"https://static.www.nfl.com/image/private/f_auto,q_auto/league/tvcov6agqqyirxylwaaa",2017,REG,LV,7,0,0,0,0,0,0,0,0,0,0,0,0,,,0,,0,0,0,0,0,0,0,0,0,0,,0,0,0,0,0,0,0,0,0,0,0,0,0,0,,0,0,0,0,0,,0,0,0,0,2,2,4,0,0,0,0,0,3,0,0,0,0,0,0,0,0,0,0,0,0,4,35,0,0,0,0,0,0,0,0,0,0,0,0,0,,,0,0,0,0,0,0,0,0,0,0,0,0,,,,0,0,0,0,0,0,0,,0,0,0,0,,0,0,,0,0,0,0,0,0,0,0,0,0,0,0
00-0033123,Y.Ngakoue,Yannick Ngakoue,DE,DL,"https://static.www.nfl.com/image/upload/f_auto,q_auto/league/ivskxqgndid0umkimrdw",2017,REG,JAX,16,0,0,0,0,0,0,0,0,0,0,0,0,,,0,,0,0,0,0,0,0,0,0,0,0,,0,0,0,0,0,0,0,0,0,0,0,0,0,0,,0,0,0,0,0,,0,0,0,0,24,0,6,10,54,6,12,85,23,0,0,0,0,0,0,0,0,0,2,67,1,6,80,0,0,0,0,0,0,0,0,0,0,0,0,0,,,0,0,0,0,0,0,0,0,0,0,0,0,,,,0,0,0,0,0,0,0,,0,0,0,0,,0,0,,0,0,0,0,0,0,0,0,0,0,0,0
00-0033125,J.Schobert,Joe Schobert,MLB,LB,"https://static.www.nfl.com/image/private/f_auto,q_auto/league/expy1fbbfzmswqd0f77r",2017,REG,CLE,16,0,0,0,0,0,0,0,0,0,0,0,0,,,0,,0,0,0,0,0,0,0,0,0,0,,0,0,0,0,0,0,0,0,0,0,0,0,0,0,,0,0,0,0,0,,0,0,0,0,82,5,57,3,6,3,3,18,7,1,8,4,0,0,0,0,0,0,0,0,0,1,15,0,0,0,0,0,0,0,0,0,0,0,0,0,,,0,0,0,0,0,0,0,0,0,0,0,0,,,,0,0,0,0,0,0,0,,0,0,0,0,,0,0,,0,0,0,0,0,0,0,0,0,0,0,0
00-0033127,W.Fuller V,Will Fuller,WR,WR,"https://static.www.nfl.com/image/private/f_auto,q_auto/league/dgemxvhu8ffqmvmqczks",2017,REG,HOU,10,0,0,0,0,0,0,0,0,0,0,0,0,,,0,,0,0,0,0,2,9,0,0,0,0,-0.118656117003411,0,0,0,0,0,28,50,423,7,0,0,794,99,21,11.601080227258,0,15,8,7,2,0.532745591939547,0.0968992248062016,0.152574942352037,0.252151296855728,0,1,0,0,0,0,0,0,0,0,0,0,0,0,0,0,0,0,0,0,0,0,1,5,0,0,0,0,0,9,135,0,0,0,0,0,0,,,0,0,0,0,0,0,0,0,0,0,0,0,,,,0,0,0,0,0,0,0,,0,0,0,0,,0,0,,0,0,0,0,0,0,0,0,0,0,85.2,113.2
00-0033129,C.Nassib,Carl Nassib,LB,LB,"https://static.www.nfl.com/image/private/f_auto,q_auto/league/luelmcumocbaqvp20gyr",2017,REG,CLE,14,0,0,0,0,0,0,0,0,0,0,0,0,,,0,,0,0,0,0,0,0,0,0,0,0,,0,0,0,0,0,0,0,0,0,0,0,0,0,0,,0,0,0,0,0,,0,0,0,0,18,1,13,8,28,0,3,14,8,0,0,5,0,0,0,0,0,0,0,0,0,5,27,0,0,0,0,0,0,0,0,0,0,0,0,0,,,0,0,0,0,0,0,0,0,0,0,0,0,,,,0,0,0,0,0,0,0,,0,0,0,0,,0,0,,0,0,0,0,0,0,0,0,0,0,0,0
00-0033131,M.Collins,Maliek Collins,DT,DL,"https://static.www.nfl.com/image/upload/f_auto,q_auto/league/tjyv74ytq62fprrfnjrv",2017,REG,DAL,14,0,0,0,0,0,0,0,0,0,0,0,0,,,0,,0,0,0,0,0,0,0,0,0,0,,0,0,0,0,0,0,0,0,0,0,0,0,0,0,,0,0,0,0,0,,0,0,0,0,9,1,12,3,13,0,2.5,15,9,0,0,0,0,0,0,0,0,0,2,6,0,7,65,0,0,0,0,0,0,0,0,0,0,0,0,0,,,0,0,0,0,0,0,0,0,0,0,0,0,,,,0,0,0,0,0,0,0,,0,0,0,0,,0,0,,0,0,0,0,0,0,0,0,0,0,0,0
00-0033132,K.Byard,Kevin Byard,FS,DB,"https://static.www.nfl.com/image/upload/f_auto,q_auto/league/ymu0jcrm7clsyhhvmcki",2017,REG,TEN,16,0,0,0,0,0,0,0,0,0,0,0,0,,,0,,0,0,0,0,0,0,0,0,0,0,,0,0,0,0,0,0,0,0,0,0,0,0,0,0,,0,0,0,0,0,,0,0,0,0,58,4,25,3,7,0,0,0,3,8,130,16,0,0,0,0,0,0,2,6,0,1,15,0,0,0,0,0,0,0,0,0,0,0,0,0,,,0,0,0,0,0,0,0,0,0,0,0,0,,,,0,0,0,0,0,0,0,,0,0,0,0,,0,0,,0,0,0,0,0,0,0,0,0,0,0,0
00-0033138,S.Ficken,Sam Ficken,K,SPEC,"https://static.www.nfl.com/image/private/f_auto,q_auto/league/mbrrrcrgypbjsbxxdxki",2017,REG,LA,2,0,0,0,0,0,0,0,0,0,0,0,0,,,0,,0,0,0,0,0,0,0,0,0,0,,0,0,0,0,0,0,0,0,0,0,0,0,0,0,,0,0,0,0,0,,0,0,0,0,0,0,1,0,0,0,0,0,0,0,0,0,0,0,0,0,0,0,0,0,0,0,0,0,0,0,0,0,0,0,0,0,2,3,1,0,23,0.666666666666667,0,2,0,0,0,0,0,0,1,0,0,0,23;21,36,,44,36,0,4,5,1,0,0.8,0,0,0,0,,0,0,,0,0,0,0,0,0,0,0,0,0,0,0
00-0033147,D.Lee,Darron Lee,ILB,LB,"https://static.www.nfl.com/image/private/f_auto,q_auto/league/bktkirlcaspsszlijiri",2017,REG,NYJ,15,0,0,0,0,0,0,0,0,0,0,0,0,,,0,,0,0,0,0,0,0,0,0,0,0,,0,0,0,0,0,0,0,0,0,0,0,0,0,0,,0,0,0,0,0,,0,0,0,0,63,4,27,9,44,2,3,19,6,0,0,3,0,0,0,0,0,0,0,0,0,6,70,0,0,0,0,0,0,0,0,0,0,0,0,0,,,0,0,0,0,0,0,0,0,0,0,0,0,,,,0,0,0,0,0,0,0,,0,0,0,0,,0,0,,0,0,0,0,0,0,0,0,0,0,0,0
00-0033156,J.Bosa,Joey Bosa,DE,DL,"https://static.www.nfl.com/image/upload/f_auto,q_auto/league/soo7a4n5mxia4iky4so8",2017,REG,LAC,16,0,0,0,0,0,0,0,0,0,0,0,0,,,0,,0,0,0,0,0,0,0,0,0,0,,0,0,0,0,0,0,0,0,0,0,0,0,0,0,,0,0,0,0,0,,0,0,0,0,44,10,16,10,48,4,12.5,66,21,0,0,1,0,0,0,0,0,0,1,0,0,8,79,0,0,0,0,0,0,0,0,0,0,0,0,0,,,0,0,0,0,0,0,0,0,0,0,0,0,,,,0,0,0,0,0,0,0,,0,0,0,0,,0,0,,0,0,0,0,0,0,0,0,0,0,0,0
00-0033185,A.Bighill,Adam Bighill,LB,LB,"https://static.www.nfl.com/image/private/f_auto,q_auto/league/cu4zea7zqrs3svd3zqfk",2017,REG,NO,1,0,0,0,0,0,0,0,0,0,0,0,0,,,0,,0,0,0,0,0,0,0,0,0,0,,0,0,0,0,0,0,0,0,0,0,0,0,0,0,,0,0,0,0,0,,0,0,0,0,1,0,0,0,0,0,0,0,0,0,0,0,0,0,0,0,0,0,0,0,0,0,0,0,0,0,0,0,0,0,0,0,0,0,0,0,,,0,0,0,0,0,0,0,0,0,0,0,0,,,,0,0,0,0,0,0,0,,0,0,0,0,,0,0,,0,0,0,0,0,0,0,0,0,0,0,0
00-0033210,D.Hart,Derek Hart,LS,SPEC,"https://static.www.nfl.com/image/private/f_auto,q_auto/league/uzt8ulwdzhpnvcdghbpq",2017,REG,GB,1,0,0,0,0,0,0,0,0,0,0,0,0,,,0,,0,0,0,0,0,0,0,0,0,0,,0,0,0,0,0,0,0,0,0,0,0,0,0,0,,0,0,0,0,0,,0,0,0,0,0,0,1,0,0,0,0,0,0,0,0,0,0,0,0,0,0,0,0,0,0,0,0,0,0,0,0,0,0,0,0,0,0,0,0,0,,,0,0,0,0,0,0,0,0,0,0,0,0,,,,0,0,0,0,0,0,0,,0,0,0,0,,0,0,,0,0,0,0,0,0,0,0,0,0,0,0
00-0033234,C.Odom,Chris Odom,DE,DL,"https://static.www.nfl.com/image/private/f_auto,q_auto/league/wflgpp28trivhcw4fy0e",2017,REG,GB,4,0,0,0,0,0,0,0,0,0,0,0,0,,,0,,0,0,0,0,0,0,0,0,0,0,,0,0,0,0,0,0,0,0,0,0,0,0,0,0,,0,0,0,0,0,,0,0,0,0,2,1,3,1,4,0,0,0,0,0,0,0,0,0,0,0,0,0,0,0,0,0,0,0,0,0,0,0,0,0,0,0,0,0,0,0,,,0,0,0,0,0,0,0,0,0,0,0,0,,,,0,0,0,0,0,0,0,,0,0,0,0,,0,0,,0,0,0,0,0,0,0,0,0,0,0,0
00-0033242,J.Grace,Jermaine Grace,LB,LB,"https://static.www.nfl.com/image/private/f_auto,q_auto/league/wqafr046qgtrk2ad5smu",2017,REG,IND,2,0,0,0,0,0,0,0,0,0,0,0,0,,,0,,0,0,0,0,0,0,0,0,0,0,,0,0,0,0,0,0,0,0,0,0,0,0,0,0,,0,0,0,0,0,,0,0,0,0,2,1,0,0,0,0,0,0,0,0,0,0,0,0,0,0,0,0,0,0,0,0,0,0,0,0,0,0,0,0,0,0,0,0,0,0,,,0,0,0,0,0,0,0,0,0,0,0,0,,,,0,0,0,0,0,0,0,,0,0,0,0,,0,0,,0,0,0,0,0,0,0,0,0,0,0,0
00-0033253,T.Catalina,Tyler Catalina,G,OL,"https://static.www.nfl.com/image/private/f_auto,q_auto/league/pjuhnnnkljx3936vtxh5",2017,REG,WAS,2,0,0,0,0,0,0,0,0,0,0,0,0,,,0,,0,0,0,0,0,0,0,0,0,0,,0,0,0,0,0,0,0,0,0,0,0,0,0,0,,0,0,0,0,0,,0,0,0,0,0,0,0,0,0,0,0,0,0,0,0,0,0,0,0,0,0,0,0,0,0,2,25,0,0,0,0,0,0,0,0,0,0,0,0,0,,,0,0,0,0,0,0,0,0,0,0,0,0,,,,0,0,0,0,0,0,0,,0,0,0,0,,0,0,,0,0,0,0,0,0,0,0,0,0,0,0
00-0033254,B.Banks,Brandon Banks,DE,DL,"https://static.www.nfl.com/image/private/f_auto,q_auto/league/ugumsdejedfjeemhgzon",2017,REG,WAS,1,0,0,0,0,0,0,0,0,0,0,0,0,,,0,,0,0,0,0,0,0,0,0,0,0,,0,0,0,0,0,0,0,0,0,0,0,0,0,0,,0,0,0,0,0,,0,0,0,0,0,1,0,0,0,0,0,0,0,0,0,0,0,0,0,0,0,0,0,0,0,0,0,0,0,0,0,0,0,0,0,0,0,0,0,0,,,0,0,0,0,0,0,0,0,0,0,0,0,,,,0,0,0,0,0,0,0,,0,0,0,0,,0,0,,0,0,0,0,0,0,0,0,0,0,0,0
00-0033256,D.Bond,Deyshawn Bond,C,OL,"https://static.www.nfl.com/image/private/f_auto,q_auto/league/b2i2rpw6gdfzle5dnkew",2017,REG,IND,2,0,0,0,0,0,0,0,0,0,0,0,0,,,0,,0,0,0,0,0,0,0,0,0,0,,0,0,0,0,0,0,0,0,0,0,0,0,0,0,,0,0,0,0,0,,0,0,0,0,0,0,0,0,0,0,0,0,0,0,0,0,0,0,0,0,0,0,0,0,0,1,5,0,1,0,1,0,0,0,0,0,0,0,0,0,,,0,0,0,0,0,0,0,0,0,0,0,0,,,,0,0,0,0,0,0,0,,0,0,0,0,,0,0,,0,0,0,0,0,0,0,0,0,0,0,0
00-0033258,D.Daniels,Darrell Daniels,TE,TE,"https://static.www.nfl.com/image/private/f_auto,q_auto/league/uite1keyl09qsvofsqzf",2017,REG,IND,7,0,0,0,0,0,0,0,0,0,0,0,0,,,0,,0,0,0,0,0,0,0,0,0,0,,0,0,0,0,0,3,13,26,0,0,0,95,16,2,-9.74875103594968,0,1,0,0,0,0.273684210526316,0.0275423728813559,0.0258292550299076,0.0593940378429692,0,2,0,0,0,0,0,0,0,0,0,0,0,0,0,0,0,0,0,0,0,0,1,5,0,0,0,0,0,0,0,0,0,0,0,0,0,,,0,0,0,0,0,0,0,0,0,0,0,0,,,,0,0,0,0,0,0,0,,0,0,0,0,,0,0,,0,0,0,0,0,0,0,0,0,0,2.6,5.6
00-0033260,T.Hennessy,Thomas Hennessy,LS,SPEC,"https://static.www.nfl.com/image/upload/f_auto,q_auto/league/dzwef96yf2ovfdcppbmo",2017,REG,NYJ,3,0,0,0,0,0,0,0,0,0,0,0,0,,,0,,0,0,0,0,0,0,0,0,0,0,,0,0,0,0,0,0,0,0,0,0,0,0,0,0,,0,0,0,0,0,,0,0,0,0,2,0,2,0,0,1,0,0,0,0,0,0,0,0,0,0,0,0,0,0,0,0,0,0,0,0,0,0,0,0,0,0,0,0,0,0,,,0,0,0,0,0,0,0,0,0,0,0,0,,,,0,0,0,0,0,0,0,,0,0,0,0,,0,0,,0,0,0,0,0,0,0,0,0,0,0,0
00-0033266,J.Natson,JoJo Natson,WR,WR,"https://static.www.nfl.com/image/private/f_auto,q_auto/league/ctmojzcskxm2rhyotsxo",2017,REG,NYJ,7,0,0,0,0,0,0,0,0,0,0,0,0,,,0,,0,0,0,0,1,15,0,0,0,1,1.63827564707026,0,1,1,0,0,2,5,18,0,0,0,85,4,1,-0.0898759301926475,0,1,1,0,0,0.211764705882353,0.0100806451612903,0.0215681299162649,0.0302186586833209,0,0,0,0,0,0,0,0,0,0,0,0,0,0,1,0,0,1,0,0,0,0,0,0,0,1,0,1,0,16,38,16,325,0,0,0,0,,,0,0,0,0,0,0,0,0,0,0,0,0,,,,0,0,0,0,0,0,0,,0,0,0,0,,0,0,,0,0,0,0,0,0,0,0,0,0,3.3,5.3
00-0033269,R.Sanchez,Rigoberto Sanchez,P,SPEC,"https://static.www.nfl.com/image/upload/f_auto,q_auto/league/io2gctkkefyopm7m7mnj",2017,REG,IND,16,0,0,0,0,0,0,0,0,0,0,0,0,,,0,,0,0,0,0,0,0,0,0,0,0,,0,0,0,0,0,0,0,0,0,0,0,0,0,0,,0,0,0,0,0,,0,0,0,0,2,0,0,0,0,0,0,0,0,0,0,0,0,0,0,0,0,0,0,0,0,0,0,0,0,0,0,0,0,0,0,0,0,0,0,0,,,0,0,0,0,0,0,0,0,0,0,0,0,,,,0,0,0,0,0,0,0,,0,0,0,0,,84,1,61,3764,28,16,19,3,27,19,80,0,3624,0,0
00-0033274,F.Smithson,Fish Smithson,DB,DB,"https://static.www.nfl.com/image/private/f_auto,q_auto/league/qgjpoamz8eoulf1wj1em",2017,REG,WAS,1,0,0,0,0,0,0,0,0,0,0,0,0,,,0,,0,0,0,0,0,0,0,0,0,0,,0,0,0,0,0,0,0,0,0,0,0,0,0,0,,0,0,0,0,0,,0,0,0,0,0,0,1,0,0,0,0,0,0,0,0,0,0,0,0,0,0,0,0,0,0,0,0,0,0,0,0,0,0,0,0,0,0,0,0,0,,,0,0,0,0,0,0,0,0,0,0,0,0,,,,0,0,0,0,0,0,0,,0,0,0,0,,0,0,,0,0,0,0,0,0,0,0,0,0,0,0
00-0033277,K.Kalis,Kyle Kalis,C,OL,"https://static.www.nfl.com/image/private/f_auto,q_auto/league/o0sqrcmlc5e6maiyklcf",2017,REG,IND,2,0,0,0,0,0,0,0,0,0,0,0,0,,,0,,0,0,0,0,0,0,0,0,0,0,,0,0,0,0,0,0,0,0,0,0,0,0,0,0,,0,0,0,0,0,,0,0,0,0,0,0,0,0,0,0,0,0,0,0,0,0,0,0,0,0,0,0,0,0,0,5,40,0,0,0,0,0,0,0,0,0,0,0,0,0,,,0,0,0,0,0,0,0,0,0,0,0,0,,,,0,0,0,0,0,0,0,,0,0,0,0,,0,0,,0,0,0,0,0,0,0,0,0,0,0,0
00-0033280,C.McCaffrey,Christian McCaffrey,RB,RB,"https://static.www.nfl.com/image/upload/f_auto,q_auto/league/resjdwihunsqckohcorj",2017,REG,CAR,16,0,0,0,0,0,0,0,0,0,0,0,0,,,0,,0,0,0,0,117,435,2,1,1,21,-12.8969981161645,0,8,4,1,1,80,113,651,5,0,0,245,593,36,11.4041175081116,0,26,10,7,0,2.65714285714286,0.229674796747968,0.0576741996233522,0.384884134858298,0,2,0,2,0,0,0,0,0,0,0,0,0,0,1,0,0,1,0,0,0,0,0,0,1,1,0,2,1,22,162,3,58,0,0,0,0,,,0,0,0,0,0,0,0,0,0,0,0,0,,,,0,0,0,0,0,0,0,,0,0,0,0,,0,0,,0,0,0,0,0,0,0,0,0,0,148.6,228.6
00-0033281,M.Humphrey,Marlon Humphrey,CB,DB,"https://static.www.nfl.com/image/upload/f_auto,q_auto/league/zru6ellib9fzob6zq5c3",2017,REG,BAL,13,0,0,0,0,0,0,0,0,0,0,0,0,,,0,,0,0,0,0,0,0,0,0,0,0,,0,0,0,0,0,0,0,0,0,0,0,0,0,0,,0,0,0,0,0,,0,0,0,0,30,0,4,1,5,0,0,0,0,2,33,11,0,0,0,0,0,0,0,0,0,2,34,0,0,0,0,0,0,0,0,0,0,0,0,0,,,0,0,0,0,0,0,0,0,0,0,0,0,,,,0,0,0,0,0,0,0,,0,0,0,0,,0,0,,0,0,0,0,0,0,0,0,0,0,0,0
00-0033282,C.Samuel,Curtis Samuel,WR,WR,"https://static.www.nfl.com/image/upload/f_auto,q_auto/league/vyibrxegz375ntjby5zs",2017,REG,CAR,8,0,0,0,0,0,0,0,0,0,0,0,0,,,0,,0,0,0,0,4,64,0,0,0,3,3.91508796520066,0,3,2,1,0,15,26,115,0,0,0,256,41,6,-3.59446134229718,0,4,2,2,0,0.44921875,0.0528455284552846,0.0602636534839925,0.121452850121722,0,1,0,1,0,0,0,0,0,0,0,0,0,0,0,0,0,0,0,0,0,0,2,15,0,0,0,0,0,0,0,10,221,0,0,0,0,,,0,0,0,0,0,0,0,0,0,0,0,0,,,,0,0,0,0,0,0,0,,0,0,0,0,,0,0,,0,0,0,0,0,0,0,0,0,0,17.9,32.9
00-0033283,T.Bowser,Tyus Bowser,LB,LB,"https://static.www.nfl.com/image/upload/f_auto,q_auto/league/ya9ueczkdruaxw1vnijr",2017,REG,BAL,10,0,0,0,0,0,0,0,0,0,0,0,0,,,0,,0,0,0,0,0,0,0,0,0,0,,0,0,0,0,0,0,0,0,0,0,0,0,0,0,,0,0,0,0,0,,0,0,0,0,9,0,2,3,13,0,3,13,4,1,27,3,0,0,0,0,0,0,0,0,0,3,19,0,0,0,0,0,0,0,0,0,0,0,0,0,,,0,0,0,0,0,0,0,0,0,0,0,0,,,,0,0,0,0,0,0,0,,0,0,0,0,,0,0,,0,0,0,0,0,0,0,0,0,0,0,0
00-0033288,G.Kittle,George Kittle,TE,TE,"https://static.www.nfl.com/image/upload/f_auto,q_auto/league/ztz3xqjaqgok9m4nylgs",2017,REG,SF,15,0,0,0,0,0,0,0,0,0,0,0,0,,,0,,0,0,0,0,0,0,0,0,0,0,,0,0,0,0,0,43,63,515,2,0,0,434,265,22,14.0183305016148,0,20,13,8,1,1.18663594470046,0.105175292153589,0.0901162790697674,0.220844333579221,0,1,0,0,0,0,0,0,0,0,0,0,0,0,0,0,0,0,0,0,0,0,3,15,0,0,0,0,0,0,0,0,0,0,0,0,0,,,0,0,0,0,0,0,0,0,0,0,0,0,,,,0,0,0,0,0,0,0,,0,0,0,0,,0,0,,0,0,0,0,0,0,0,0,0,0,63.5,106.5
00-0033290,J.Eluemunor,Jermaine Eluemunor,G,OL,"https://static.www.nfl.com/image/upload/f_auto,q_auto/league/xqlquhcisz9ykfedvele",2017,REG,BAL,1,0,0,0,0,0,0,0,0,0,0,0,0,,,0,,0,0,0,0,0,0,0,0,0,0,,0,0,0,0,0,0,0,0,0,0,0,0,0,0,,0,0,0,0,0,,0,0,0,0,0,0,0,0,0,0,0,0,0,0,0,0,0,0,0,0,0,0,0,0,0,2,10,0,0,0,0,0,0,0,0,0,0,0,0,0,,,0,0,0,0,0,0,0,0,0,0,0,0,,,,0,0,0,0,0,0,0,,0,0,0,0,,0,0,,0,0,0,0,0,0,0,0,0,0,0,0
00-0033292,T.Taylor,Trent Taylor,WR,WR,"https://static.www.nfl.com/image/upload/f_auto,q_auto/league/ei3usgh5l8gikdvksulr",2017,REG,SF,15,0,0,0,0,0,0,0,0,0,0,0,0,,,0,,0,0,0,0,0,0,0,0,0,0,,0,0,0,0,0,43,60,430,2,0,0,408,190,27,11.4783204387443,0,22,5,2,0,1.05392156862745,0.10016694490818,0.0847176079734219,0.209552742943666,0,2,0,0,0,0,0,0,0,0,0,0,0,0,1,0,0,0,0,0,0,0,2,20,1,0,0,1,1,30,281,1,8,0,0,0,0,,,0,0,0,0,0,0,0,0,0,0,0,0,,,,0,0,0,0,0,0,0,,0,0,0,0,,0,0,,0,0,0,0,0,0,0,0,0,0,55,98
00-0033293,A.Jones,Aaron Jones,RB,RB,"https://static.www.nfl.com/image/upload/f_auto,q_auto/league/bktkfvgfwujkdbzkcfim",2017,REG,GB,10,0,0,0,0,0,0,0,0,0,0,0,0,,,0,,0,0,0,0,81,448,4,0,0,21,9.96764462895226,0,12,10,6,1,9,18,22,0,0,0,-5,30,2,-6.94352700943518,0,0,0,0,0,-4.4,0.0324909747292419,-0.00122518990443519,0.0478788291607582,0,0,0,0,0,0,0,0,0,0,0,0,0,0,0,0,0,0,0,0,0,0,0,0,0,0,0,0,0,0,0,0,0,0,0,0,0,,,0,0,0,0,0,0,0,0,0,0,0,0,,,,0,0,0,0,0,0,0,,0,0,0,0,,0,0,,0,0,0,0,0,0,0,0,0,0,71,80
00-0033294,C.Clark,Chuck Clark,SAF,DB,"https://static.www.nfl.com/image/upload/f_auto,q_auto/league/yv3fcxrrkt1c0tavgpq7",2017,REG,BAL,11,0,0,0,0,0,0,0,0,0,0,0,0,,,0,,0,0,0,0,0,0,0,0,0,0,,0,0,0,0,0,0,0,0,0,0,0,0,0,0,,0,0,0,0,0,,0,0,0,0,12,0,1,0,0,0,0,0,0,0,0,2,0,0,0,0,0,0,0,0,0,2,11,0,0,0,0,0,0,0,0,0,0,0,0,0,,,0,0,0,0,0,0,0,0,0,0,0,0,,,,0,0,0,0,0,0,0,,0,0,0,0,,0,0,,0,0,0,0,0,0,0,0,0,0,0,0
00-0033295,E.McGuire,Elijah McGuire,RB,RB,"https://static.www.nfl.com/image/private/f_auto,q_auto/league/hf6svwovhi83xfee214j",2017,REG,NYJ,15,0,0,0,0,0,0,0,0,0,0,0,0,,,0,,0,0,0,0,88,315,1,1,1,14,-19.0766920959804,1,8,4,1,1,17,26,177,1,0,0,78,142,9,2.2140822054999,0,8,3,2,0,2.26923076923077,0.0524193548387097,0.0197919309819843,0.0924833839454535,0,1,0,0,0,0,0,0,0,0,0,0,0,0,0,0,0,0,0,0,0,0,0,0,2,0,0,2,2,1,10,4,83,0,0,0,0,,,0,0,0,0,0,0,0,0,0,0,0,0,,,,0,0,0,0,0,0,0,,0,0,0,0,,0,0,,0,0,0,0,0,0,0,0,0,0,61.2,78.2
00-0033296,A.Armah,Alex Armah,RB,RB,"https://static.www.nfl.com/image/private/f_auto,q_auto/league/pvbqmdwlukehpxovupsg",2017,REG,CAR,3,0,0,0,0,0,0,0,0,0,0,0,0,,,0,,0,0,0,0,0,0,0,0,0,0,,0,0,0,0,0,0,0,0,0,0,0,0,0,0,,0,0,0,0,0,,0,0,0,0,0,0,2,0,0,0,0,0,0,0,0,0,0,0,0,0,0,0,0,0,0,1,5,0,0,0,0,0,0,0,0,0,0,0,0,0,,,0,0,0,0,0,0,0,0,0,0,0,0,,,,0,0,0,0,0,0,0,,0,0,0,0,,0,0,,0,0,0,0,0,0,0,0,0,0,0,0
00-0033297,D.Jones,D.J. Jones,DT,DL,"https://static.www.nfl.com/image/upload/f_auto,q_auto/league/ft4g8bxpn85mshqvp4lj",2017,REG,SF,5,0,0,0,0,0,0,0,0,0,0,0,0,,,0,,0,0,0,0,0,0,0,0,0,0,,0,0,0,0,0,0,0,0,0,0,0,0,0,0,,0,0,0,0,0,,0,0,0,0,8,0,2,1,2,0,0,0,0,0,0,1,0,0,0,0,0,0,0,0,0,0,0,0,0,0,0,0,0,0,0,0,0,0,0,0,,,0,0,0,0,0,0,0,0,0,0,0,0,,,,0,0,0,0,0,0,0,,0,0,0,0,,0,0,,0,0,0,0,0,0,0,0,0,0,0,0
00-0033302,A.Colbert,Adrian Colbert,FS,DB,"https://static.www.nfl.com/image/upload/f_auto,q_auto/league/f96eyatbjt9mayqg7znh",2017,REG,SF,11,0,0,0,0,0,0,0,0,0,0,0,0,,,0,,0,0,0,0,0,0,0,0,0,0,,0,0,0,0,0,0,0,0,0,0,0,0,0,0,,0,0,0,0,0,,0,0,0,0,32,2,3,0,0,2,0,0,0,0,0,5,0,0,0,0,0,0,1,0,0,0,0,0,0,0,0,0,0,0,0,0,0,0,0,0,,,0,0,0,0,0,0,0,0,0,0,0,0,,,,0,0,0,0,0,0,0,,0,0,0,0,,0,0,,0,0,0,0,0,0,0,0,0,0,0,0
00-0033303,H.Butker,Harrison Butker,K,SPEC,"https://static.www.nfl.com/image/upload/f_auto,q_auto/league/ove4pmnrtqtuyta6rrlc",2017,REG,KC,13,0,0,0,0,0,0,0,0,0,0,0,0,,,0,,0,0,0,0,0,0,0,0,0,0,,0,0,0,0,0,0,0,0,0,0,0,0,0,0,,0,0,0,0,0,,0,0,0,0,0,0,0,0,0,0,0,0,0,0,0,0,0,0,0,0,0,0,0,0,0,0,0,0,0,0,0,0,0,0,0,0,38,42,4,0,53,0.904761904761905,0,8,16,10,4,0,0,0,1,2,1,0,26;32;43;35;42;41;35;49;46;33;53;39;37;25;32;43;51;42;38;31;31;23;45;36;53;29;33;40;31;24;51;31;32;21;29;49;20;30,46;38;52;46,,1381,182,0,28,28,0,0,1,1,1,0,0,30,0,0,,0,0,0,0,0,0,0,0,0,0,0,0
00-0033304,D.Mays,Devante Mays,RB,RB,"https://static.www.nfl.com/image/private/f_auto,q_auto/league/vkoqrkhn2aec7xg1mnih",2017,REG,GB,2,0,0,0,0,0,0,0,0,0,0,0,0,,,0,,0,0,0,0,4,1,0,2,1,0,-6.66791111137718,0,0,0,0,0,3,3,0,0,0,0,-5,5,0,-2.94336064701201,0,0,0,0,0,0,0.00541516245487365,-0.00122518990443519,0.00726511074920584,0,0,0,0,0,0,0,0,0,0,0,0,0,0,0,0,0,0,0,0,0,0,0,0,2,0,0,2,1,0,0,0,0,0,0,0,0,,,0,0,0,0,0,0,0,0,0,0,0,0,,,,0,0,0,0,0,0,0,,0,0,0,0,,0,0,,0,0,0,0,0,0,0,0,0,0,-1.9,1.1
00-0033306,V.Bolden,Victor Bolden,WR,WR,"https://static.www.nfl.com/image/private/f_auto,q_auto/league/kmdby2vcvsafzpkpsp5l",2017,REG,SF,8,0,0,0,0,0,0,0,0,0,0,0,0,,,0,,0,0,0,0,0,0,0,0,0,0,,0,0,0,0,0,0,0,0,0,0,0,0,0,0,,0,0,0,0,0,,0,0,0,0,1,0,0,0,0,1,0,0,0,0,0,0,0,0,0,0,0,0,0,0,0,0,0,0,0,0,0,0,4,23,19,396,0,0,0,0,,,0,0,0,0,0,0,0,0,0,0,0,0,,,,0,0,0,0,0,0,0,,0,0,0,0,,0,0,,0,0,0,0,0,0,0,0,0,0,0,0
00-0033307,K.Bourne,Kendrick Bourne,WR,WR,"https://static.www.nfl.com/image/upload/f_auto,q_auto/league/rroh157jvpywprbfn3vx",2017,REG,SF,10,0,0,0,0,0,0,0,0,0,0,0,0,,,0,,0,0,0,0,0,0,0,0,0,0,,0,0,0,0,0,16,34,257,0,0,0,392,114,12,7.81491942567493,0,13,5,3,1,0.655612244897959,0.0567612687813022,0.0813953488372093,0.142118647358,0,1,0,0,0,0,1,0,0,0,0,0,0,0,0,0,0,0,0,0,0,0,3,17,0,0,0,0,0,0,0,0,0,0,0,0,0,,,0,0,0,0,0,0,0,0,0,0,0,0,,,,0,0,0,0,0,0,0,,0,0,0,0,,0,0,,0,0,0,0,0,0,0,0,0,0,25.7,41.7
00-0033308,M.Breida,Matt Breida,RB,RB,"https://static.www.nfl.com/image/private/f_auto,q_auto/league/rc4m1xw0xmtsrxswd0bg",2017,REG,SF,16,0,0,0,0,0,0,0,0,0,0,0,0,,,0,,0,0,0,0,105,465,2,1,0,22,0.408529586711666,0,17,10,2,0,21,36,180,1,0,0,44,160,9,-2.47465145232439,0,7,2,2,0,4.09090909090909,0.0601001669449082,0.00913621262458472,0.0965455992545716,0,0,0,0,0,0,0,0,0,0,0,0,0,0,0,0,0,1,0,0,0,0,2,20,1,0,0,1,0,0,0,5,83,0,0,0,0,,,0,0,0,0,0,0,0,0,0,0,0,0,,,,0,0,0,0,0,0,0,,0,0,0,0,,0,0,,0,0,0,0,0,0,0,0,0,0,82.5,103.5
00-0033315,C.Hikutini,Cole Hikutini,TE,TE,"https://static.www.nfl.com/image/private/f_auto,q_auto/league/termkvfwqk7v5b38icnf",2017,REG,SF,2,0,0,0,0,0,0,0,0,0,0,0,0,,,0,,0,0,0,0,0,0,0,0,0,0,,0,0,0,0,0,2,3,15,0,0,0,13,2,2,2.36378705751849,0,1,0,0,0,1.15384615384615,0.00500834724540902,0.00269933554817276,0.00940205575183445,0,0,0,0,0,0,0,0,0,0,0,0,0,0,0,0,0,0,0,0,0,0,0,0,0,0,0,0,0,0,0,0,0,0,0,0,0,,,0,0,0,0,0,0,0,0,0,0,0,0,,,,0,0,0,0,0,0,0,,0,0,0,0,,0,0,,0,0,0,0,0,0,0,0,0,0,1.5,3.5
00-0033316,L.Jerome,Lorenzo Jerome,DB,DB,"https://static.www.nfl.com/image/private/f_auto,q_auto/league/jrv7fzgczflhees3lmek",2017,REG,SF,3,0,0,0,0,0,0,0,0,0,0,0,0,,,0,,0,0,0,0,0,0,0,0,0,0,,0,0,0,0,0,0,0,0,0,0,0,0,0,0,,0,0,0,0,0,,0,0,0,0,2,0,1,0,0,0,0,0,1,0,0,0,0,0,0,0,0,0,0,0,0,0,0,0,0,0,0,0,0,0,0,0,0,0,0,0,,,0,0,0,0,0,0,0,0,0,0,0,0,,,,0,0,0,0,0,0,0,,0,0,0,0,,0,0,,0,0,0,0,0,0,0,0,0,0,0,0
00-0033324,T.Bower,Tashawn Bower,DE,DL,"https://static.www.nfl.com/image/private/f_auto,q_auto/league/h6ioogkk8kw2ik3vfdjd",2017,REG,MIN,1,0,0,0,0,0,0,0,0,0,0,0,0,,,0,,0,0,0,0,0,0,0,0,0,0,,0,0,0,0,0,0,0,0,0,0,0,0,0,0,,0,0,0,0,0,,0,0,0,0,1,0,0,1,7,0,1,7,1,0,0,0,0,0,0,0,0,0,0,0,0,0,0,0,0,0,0,0,0,0,0,0,0,0,0,0,,,0,0,0,0,0,0,0,0,0,0,0,0,,,,0,0,0,0,0,0,0,,0,0,0,0,,0,0,,0,0,0,0,0,0,0,0,0,0,0,0
00-0033336,E.Wilson,Eric Wilson,LB,LB,"https://static.www.nfl.com/image/upload/f_auto,q_auto/league/ita0jmgsuikjagrpuqqb",2017,REG,MIN,7,0,0,0,0,0,0,0,0,0,0,0,0,,,0,,0,0,0,0,0,0,0,0,0,0,,0,0,0,0,0,0,0,0,0,0,0,0,0,0,,0,0,0,0,0,,0,0,0,0,5,0,3,0,0,1,0,0,0,0,0,0,0,0,0,0,0,0,0,0,0,1,15,0,0,0,0,0,0,0,0,0,0,0,0,0,,,0,0,0,0,0,0,0,0,0,0,0,0,,,,0,0,0,0,0,0,0,,0,0,0,0,,0,0,,0,0,0,0,0,0,0,0,0,0,0,0
00-0033337,B.Bell,Brandon Bell,LB,LB,"https://static.www.nfl.com/image/private/f_auto,q_auto/league/a3bcjd5biuujvwjmfv1a",2017,REG,CIN,2,0,0,0,0,0,0,0,0,0,0,0,0,,,0,,0,0,0,0,0,0,0,0,0,0,,0,0,0,0,0,0,0,0,0,0,0,0,0,0,,0,0,0,0,0,,0,0,0,0,6,0,4,0,0,0,0,0,0,0,0,0,0,0,0,0,0,0,0,0,0,1,10,0,0,0,0,0,0,0,0,0,0,0,0,0,,,0,0,0,0,0,0,0,0,0,0,0,0,,,,0,0,0,0,0,0,0,,0,0,0,0,,0,0,,0,0,0,0,0,0,0,0,0,0,0,0
00-0033338,C.Carter,Cethan Carter,TE,TE,"https://static.www.nfl.com/image/private/f_auto,q_auto/league/soxu9ft40rqaizt9yizp",2017,REG,CIN,6,0,0,0,0,0,0,0,0,0,0,0,0,,,0,,0,0,0,0,0,0,0,0,0,0,,0,0,0,0,0,0,1,0,0,0,0,21,0,0,-0.470731758046895,0,0,0,0,0,0,0.00204918032786885,0.00503717917965939,0.00659979591756485,0,7,0,2,0,0,0,0,0,0,0,0,0,0,0,0,0,0,0,0,0,0,1,10,0,0,0,0,0,0,0,1,0,0,0,0,0,,,0,0,0,0,0,0,0,0,0,0,0,0,,,,0,0,0,0,0,0,0,,0,0,0,0,,0,0,,0,0,0,0,0,0,0,0,0,0,0,0
00-0033339,D.Cox,Demetrious Cox,DB,DB,"https://static.www.nfl.com/image/private/f_auto,q_auto/league/ebdkciltclovtxu8xewq",2017,REG,CAR,1,0,0,0,0,0,0,0,0,0,0,0,0,,,0,,0,0,0,0,0,0,0,0,0,0,,0,0,0,0,0,0,0,0,0,0,0,0,0,0,,0,0,0,0,0,,0,0,0,0,3,1,0,0,0,0,0,0,0,0,0,0,0,0,0,0,0,0,0,0,0,0,0,0,0,0,0,0,0,0,0,0,0,0,0,0,,,0,0,0,0,0,0,0,0,0,0,0,0,,,,0,0,0,0,0,0,0,,0,0,0,0,,0,0,,0,0,0,0,0,0,0,0,0,0,0,0
00-0033344,H.Nickerson,Hardy Nickerson,MLB,LB,"https://static.www.nfl.com/image/private/f_auto,q_auto/league/w2uuz8nnm26wdpzs5e0d",2017,REG,CIN,6,0,0,0,0,0,0,0,0,0,0,0,0,,,0,,0,0,0,0,0,0,0,0,0,0,,0,0,0,0,0,0,0,0,0,0,0,0,0,0,,0,0,0,0,0,,0,0,0,0,12,0,6,0,0,0,0,0,0,0,0,1,0,0,0,0,0,0,0,0,0,0,0,0,0,0,0,0,0,0,0,0,0,0,0,0,,,0,0,0,0,0,0,0,0,0,0,0,0,,,,0,0,0,0,0,0,0,,0,0,0,0,,0,0,,0,0,0,0,0,0,0,0,0,0,0,0
00-0033350,D.Brown,Donatello Brown,DB,DB,"https://static.www.nfl.com/image/private/f_auto,q_auto/league/t1cca7iow9hsl3bjxehk",2017,REG,GB,1,0,0,0,0,0,0,0,0,0,0,0,0,,,0,,0,0,0,0,0,0,0,0,0,0,,0,0,0,0,0,0,0,0,0,0,0,0,0,0,,0,0,0,0,0,,0,0,0,0,0,0,0,0,0,0,0,0,0,0,0,0,0,1,0,0,0,0,0,0,0,0,0,0,1,0,1,1,1,0,0,0,0,0,0,0,,,0,0,0,0,0,0,0,0,0,0,0,0,,,,0,0,0,0,0,0,0,,0,0,0,0,,0,0,,0,0,0,0,0,0,0,0,0,0,0,0
00-0033352,M.Clark,Michael Clark,WR,WR,"https://static.www.nfl.com/image/private/f_auto,q_auto/league/uypcdxyyoqmxmfmded1r",2017,REG,GB,2,0,0,0,0,0,0,0,0,0,0,0,0,,,0,,0,0,0,0,0,0,0,0,0,0,,0,0,0,0,0,4,14,41,0,0,0,234,11,2,-12.77603476285,0,2,1,0,0,0.175213675213675,0.0252707581227437,0.0573388875275668,0.0780433584534123,0,0,0,0,0,0,0,0,0,0,0,0,0,0,0,0,0,0,0,0,0,0,1,5,0,0,0,0,0,0,0,0,0,0,0,0,0,,,0,0,0,0,0,0,0,0,0,0,0,0,,,,0,0,0,0,0,0,0,,0,0,0,0,,0,0,,0,0,0,0,0,0,0,0,0,0,4.1,8.1
00-0033357,T.Hill,Taysom Hill,TE,TE,"https://static.www.nfl.com/image/upload/f_auto,q_auto/league/q8itjlocg5do60qat4l3",2017,REG,NO,3,0,0,0,0,0,0,0,0,0,0,0,0,,,0,,0,0,0,0,0,0,0,0,0,0,,0,0,0,0,0,0,0,0,0,0,0,0,0,0,,0,0,0,0,0,,0,0,0,0,4,0,0,0,0,0,0,0,0,0,0,0,0,0,0,0,0,0,0,0,0,0,0,0,0,0,0,0,0,0,0,0,0,0,0,0,,,0,0,0,0,0,0,0,0,0,0,0,0,,,,0,0,0,0,0,0,0,,0,0,0,0,,0,0,,0,0,0,0,0,0,0,0,0,0,0,0
00-0033362,L.Pipkins,Lenzy Pipkins,CB,DB,"https://static.www.nfl.com/image/private/f_auto,q_auto/league/u4z9slvuf86l3muyuztf",2017,REG,GB,5,0,0,0,0,0,0,0,0,0,0,0,0,,,0,,0,0,0,0,0,0,0,0,0,0,,0,0,0,0,0,0,0,0,0,0,0,0,0,0,,0,0,0,0,0,,0,0,0,0,11,0,4,1,6,0,0,0,0,0,0,1,0,0,0,0,0,0,0,0,0,2,15,0,0,0,0,0,0,0,0,0,0,0,0,0,,,0,0,0,0,0,0,0,0,0,0,0,0,,,,0,0,0,0,0,0,0,,0,0,0,0,,0,0,,0,0,0,0,0,0,0,0,0,0,0,0
00-0033364,J.Vogel,Justin Vogel,P,SPEC,"https://static.www.nfl.com/image/private/f_auto,q_auto/league/w7egvcnbx84zz2gifd5s",2017,REG,GB,16,0,0,0,0,0,0,0,0,0,0,0,0,,,0,,0,0,0,0,0,0,0,0,0,0,,0,0,0,0,0,0,0,0,0,0,0,0,0,0,,0,0,0,0,0,,0,0,0,0,1,0,0,0,0,0,0,0,0,0,0,0,0,0,0,0,0,0,0,0,0,1,5,0,0,0,0,0,0,0,0,0,0,0,0,0,,,0,0,0,0,0,0,0,0,0,0,0,0,,,,0,0,0,0,0,0,0,,0,0,0,0,,71,0,62,3155,19,8,8,2,24,29,164,0,2951,0,0
00-0033376,P.Ricard,Patrick Ricard,RB,RB,"https://static.www.nfl.com/image/upload/f_auto,q_auto/league/l5nzsaigpp87jl5h5mtc",2017,REG,BAL,6,0,0,0,0,0,0,0,0,0,0,0,0,,,0,,0,0,0,0,0,0,0,0,0,0,,0,0,0,0,0,4,4,12,2,0,0,2,10,2,0.712397525378037,0,0,0,0,0,6,0.0071301247771836,0.000520562207183759,0.011059580710804,0,3,0,2,2,7,0,0,0,0,0,0,0,0,0,0,0,0,0,0,0,0,0,0,0,0,0,0,0,0,0,0,0,0,0,0,0,,,0,0,0,0,0,0,0,0,0,0,0,0,,,,0,0,0,0,0,0,0,,0,0,0,0,,0,0,,0,0,0,0,0,0,0,0,0,0,13.2,17.2
00-0033381,A.Butler,Adam Butler,DT,DL,"https://static.www.nfl.com/image/upload/f_auto,q_auto/league/t9cxogz67nugvjyqif73",2017,REG,NE,10,0,0,0,0,0,0,0,0,0,0,0,0,,,0,,0,0,0,0,0,0,0,0,0,0,,0,0,0,0,0,0,0,0,0,0,0,0,0,0,,0,0,0,0,0,,0,0,0,0,9,2,8,2,20,0,2,20,2,0,0,0,0,0,0,0,0,0,0,0,0,1,5,0,0,0,0,0,0,0,0,0,0,0,0,0,,,0,0,0,0,0,0,0,0,0,0,0,0,,,,0,0,0,0,0,0,0,,0,0,0,0,,0,0,,0,0,0,0,0,0,0,0,0,0,0,0
00-0033384,L.Daniels,LeShun Daniels,RB,RB,"https://static.www.nfl.com/image/private/f_auto,q_auto/league/bcpvourhqp6qdgcs8wdy",2017,REG,WAS,2,0,0,0,0,0,0,0,0,0,0,0,0,,,0,,0,0,0,0,3,14,0,0,0,0,-0.650126972643193,0,0,0,0,0,0,0,0,0,0,0,0,0,0,,0,0,0,0,0,,0,0,0,0,0,0,0,0,0,0,0,0,0,0,0,0,0,0,0,0,0,0,0,0,0,0,0,0,0,0,0,0,0,0,0,0,0,0,0,0,,,0,0,0,0,0,0,0,0,0,0,0,0,,,,0,0,0,0,0,0,0,,0,0,0,0,,0,0,,0,0,0,0,0,0,0,0,0,0,1.4,1.4
00-0033387,J.Hollister,Jacob Hollister,TE,TE,"https://static.www.nfl.com/image/private/f_auto,q_auto/league/qdny7ap8ly1ozectd8zu",2017,REG,NE,13,0,0,0,0,0,0,0,0,0,0,0,0,,,0,,0,0,0,0,1,5,0,0,0,0,0.0419960442814045,0,0,0,0,0,4,11,42,0,0,0,91,5,2,-5.50680349548639,0,2,1,0,0,0.461538461538462,0.0188356164383562,0.0169902912621359,0.0401466285410294,0,1,0,3,0,0,0,0,0,0,0,0,0,0,0,0,0,0,0,1,0,0,0,0,0,0,0,0,0,0,0,0,0,0,0,0,0,,,0,0,0,0,0,0,0,0,0,0,0,0,,,,0,0,0,0,0,0,0,,0,0,0,0,,0,0,,0,0,0,0,0,0,0,0,0,0,4.7,8.7
00-0033392,H.Langi,Harvey Langi,LB,LB,"https://static.www.nfl.com/image/private/f_auto,q_auto/league/aydxopdtyvmbju00gmyt",2017,REG,NE,1,0,0,0,0,0,0,0,0,0,0,0,0,,,0,,0,0,0,0,0,0,0,0,0,0,,0,0,0,0,0,0,0,0,0,0,0,0,0,0,,0,0,0,0,0,,0,0,0,0,1,0,0,0,0,0,0,0,0,0,0,0,0,0,0,0,0,0,0,0,0,1,15,0,0,0,0,0,0,0,0,0,0,0,0,0,,,0,0,0,0,0,0,0,0,0,0,0,0,,,,0,0,0,0,0,0,0,,0,0,0,0,,0,0,,0,0,0,0,0,0,0,0,0,0,0,0
00-0033393,K.Moore II,Kenny Moore II,CB,DB,"https://static.www.nfl.com/image/private/f_auto,q_auto/league/ji3hdoi86xonnhxlr6gl",2017,REG,IND,12,0,0,0,0,0,0,0,0,0,0,0,0,,,0,,0,0,0,0,0,0,0,0,0,0,,0,0,0,0,0,0,0,0,0,0,0,0,0,0,,0,0,0,0,0,,0,0,0,0,29,2,6,1,3,1,0,0,0,1,25,5,0,0,0,0,0,0,0,0,0,2,30,0,0,0,0,0,0,0,0,0,0,0,0,0,,,0,0,0,0,0,0,0,0,0,0,0,0,,,,0,0,0,0,0,0,0,,0,0,0,0,,0,0,,0,0,0,0,0,0,0,0,0,0,0,0
00-0033399,C.Allen,Chase Allen,OLB,LB,"https://static.www.nfl.com/image/private/f_auto,q_auto/league/y4voean9wlrkoagwdh6h",2017,REG,MIA,11,0,0,0,0,0,0,0,0,0,0,0,0,,,0,,0,0,0,0,0,0,0,0,0,0,,0,0,0,0,0,0,0,0,0,0,0,0,0,0,,0,0,0,0,0,,0,0,0,0,23,6,11,1,4,1,0,0,0,0,0,0,0,0,0,0,0,0,0,0,0,1,5,0,0,0,0,0,0,0,0,0,0,0,0,0,,,0,0,0,0,0,0,0,0,0,0,0,0,,,,0,0,0,0,0,0,0,,0,0,0,0,,0,0,,0,0,0,0,0,0,0,0,0,0,0,0
00-0033400,M.Haack,Matt Haack,P,SPEC,"https://static.www.nfl.com/image/upload/f_auto,q_auto/league/q0pk8i0ehgn4bccwbmme",2017,REG,MIA,16,0,1,0,0,1,0,0,0,0,21,0,0,-1.32096196059138,-36.8389844894409,0,0,0,0,0,0,0,0,0,0,0,0,,0,0,0,0,0,0,0,0,0,0,0,0,0,0,,0,0,0,0,0,,0,0,0,0,1,0,0,0,0,0,0,0,0,0,0,0,0,0,0,0,0,0,0,0,0,1,5,0,0,0,0,0,0,0,0,0,0,0,0,0,,,0,0,0,0,0,0,0,0,0,0,0,0,,,,0,0,0,0,0,0,0,,0,0,0,0,,83,0,64,3695,30,6,17,5,20,35,220,0,3375,-2,-2
00-0033403,C.Malveaux,Cameron Malveaux,DE,DL,"https://static.www.nfl.com/image/private/f_auto,q_auto/league/ymrrstfoqczhqxbdpyyg",2017,REG,MIA,3,0,0,0,0,0,0,0,0,0,0,0,0,,,0,,0,0,0,0,0,0,0,0,0,0,,0,0,0,0,0,0,0,0,0,0,0,0,0,0,,0,0,0,0,0,,0,0,0,0,4,0,1,3,14,0,1,8,1,0,0,0,0,0,0,0,0,0,0,0,0,0,0,0,0,0,0,0,0,0,0,0,0,0,0,0,,,0,0,0,0,0,0,0,0,0,0,0,0,,,,0,0,0,0,0,0,0,,0,0,0,0,,0,0,,0,0,0,0,0,0,0,0,0,0,0,0
00-0033405,T.McTyer,Torry McTyer,CB,DB,"https://static.www.nfl.com/image/private/f_auto,q_auto/league/fihkqpnzwigqms2mh2sx",2017,REG,MIA,3,0,0,0,0,0,0,0,0,0,0,0,0,,,0,,0,0,0,0,0,0,0,0,0,0,,0,0,0,0,0,0,0,0,0,0,0,0,0,0,,0,0,0,0,0,,0,0,0,0,1,0,1,0,0,0,0,0,0,0,0,0,0,0,0,0,0,0,0,0,0,1,10,0,0,0,0,0,0,0,0,0,0,0,0,0,,,0,0,0,0,0,0,0,0,0,0,0,0,,,,0,0,0,0,0,0,0,,0,0,0,0,,0,0,,0,0,0,0,0,0,0,0,0,0,0,0
00-0033408,B.Cox,Bryan Cox,DE,DL,"https://static.www.nfl.com/image/private/f_auto,q_auto/league/zxgfupgdi3ahviuehis6",2017,REG,CAR,6,0,0,0,0,0,0,0,0,0,0,0,0,,,0,,0,0,0,0,0,0,0,0,0,0,,0,0,0,0,0,0,0,0,0,0,0,0,0,0,,0,0,0,0,0,,0,0,0,0,4,0,2,2,5,0,0,0,3,0,0,0,0,0,0,0,0,0,1,15,0,0,0,0,0,0,0,0,0,0,1,13,0,0,0,0,,,0,0,0,0,0,0,0,0,0,0,0,0,,,,0,0,0,0,0,0,0,,0,0,0,0,,0,0,,0,0,0,0,0,0,0,0,0,0,0,0
00-0033413,D.Smith,De'Veon Smith,RB,RB,"https://static.www.nfl.com/image/private/f_auto,q_auto/league/kcu2rs5ripjvgiskb9er",2017,REG,MIA,1,0,0,0,0,0,0,0,0,0,0,0,0,,,0,,0,0,0,0,0,0,0,0,0,0,,0,0,0,0,0,3,3,27,0,0,0,8,19,1,1.17684362834552,0,2,0,0,0,3.375,0.00510204081632653,0.00163800163800164,0.00879966237109094,0,0,0,0,0,0,0,0,0,0,0,0,0,0,0,0,0,0,0,0,0,0,0,0,0,0,0,0,0,0,0,0,0,0,0,0,0,,,0,0,0,0,0,0,0,0,0,0,0,0,,,,0,0,0,0,0,0,0,,0,0,0,0,,0,0,,0,0,0,0,0,0,0,0,0,0,2.7,5.7
00-0033415,M.Smith,Maurice Smith,DB,DB,"https://static.www.nfl.com/image/private/f_auto,q_auto/league/yvsmkslmdrtwhpw6qm4d",2017,REG,MIA,3,0,0,0,0,0,0,0,0,0,0,0,0,,,0,,0,0,0,0,0,0,0,0,0,0,,0,0,0,0,0,0,0,0,0,0,0,0,0,0,,0,0,0,0,0,,0,0,0,0,1,0,0,0,0,0,0,0,0,0,0,1,0,0,0,0,0,0,0,0,0,2,20,0,0,0,0,0,0,0,0,0,0,0,0,0,,,0,0,0,0,0,0,0,0,0,0,0,0,,,,0,0,0,0,0,0,0,,0,0,0,0,,0,0,,0,0,0,0,0,0,0,0,0,0,0,0
00-0033420,D.Payne,Donald Payne,LB,LB,"https://static.www.nfl.com/image/private/f_auto,q_auto/league/udy31xwrgnqagb3o7atd",2017,REG,JAX,8,0,0,0,0,0,0,0,0,0,0,0,0,,,0,,0,0,0,0,0,0,0,0,0,0,,0,0,0,0,0,0,0,0,0,0,0,0,0,0,,0,0,0,0,0,,0,0,0,0,10,0,3,0,0,0,0,0,0,0,0,0,0,0,0,0,0,0,0,0,0,2,15,0,0,0,0,0,0,0,0,0,0,0,0,0,,,0,0,0,0,0,0,0,0,0,0,0,0,,,,0,0,0,0,0,0,0,,0,0,0,0,,0,0,,0,0,0,0,0,0,0,0,0,0,0,0
00-0033421,A.Auclair,Antony Auclair,TE,TE,"https://static.www.nfl.com/image/private/f_auto,q_auto/league/qkktgjw9l0ntyfiobegs",2017,REG,TB,4,0,0,0,0,0,0,0,0,0,0,0,0,,,0,,0,0,0,0,0,0,0,0,0,0,,0,0,0,0,0,2,2,25,0,0,0,5,20,2,1.85297694633482,0,2,0,0,0,5,0.00335570469798658,0.000810110174983798,0.00560063416946852,0,2,0,0,0,0,0,0,0,0,0,0,0,0,0,0,0,0,0,0,0,0,2,10,0,0,0,0,0,0,0,0,0,0,0,0,0,,,0,0,0,0,0,0,0,0,0,0,0,0,,,,0,0,0,0,0,0,0,,0,0,0,0,,0,0,,0,0,0,0,0,0,0,0,0,0,2.5,4.5
00-0033424,R.Bullough,Riley Bullough,LB,LB,"https://static.www.nfl.com/image/private/f_auto,q_auto/league/bmwxoltaqyevwdhgcpcl",2017,REG,TB,2,0,0,0,0,0,0,0,0,0,0,0,0,,,0,,0,0,0,0,0,0,0,0,0,0,,0,0,0,0,0,0,0,0,0,0,0,0,0,0,,0,0,0,0,0,,0,0,0,0,1,0,1,0,0,0,0,0,0,0,0,0,0,0,0,0,0,0,0,0,0,0,0,0,0,0,0,0,0,0,0,0,0,0,0,0,,,0,0,0,0,0,0,0,0,0,0,0,0,,,,0,0,0,0,0,0,0,,0,0,0,0,,0,0,,0,0,0,0,0,0,0,0,0,0,0,0
00-0033430,G.Mabin,Greg Mabin,CB,DB,"https://static.www.nfl.com/image/private/f_auto,q_auto/league/kx7eaysqokv69ecev8s0",2017,REG,SF,5,0,0,0,0,0,0,0,0,0,0,0,0,,,0,,0,0,0,0,0,0,0,0,0,0,,0,0,0,0,0,0,0,0,0,0,0,0,0,0,,0,0,0,0,0,,0,0,0,0,1,0,1,0,0,0,0,0,0,0,0,1,0,0,0,0,0,0,0,0,0,3,35,0,0,0,0,0,0,0,0,0,0,0,0,0,,,0,0,0,0,0,0,0,0,0,0,0,0,,,,0,0,0,0,0,0,0,,0,0,0,0,,0,0,,0,0,0,0,0,0,0,0,0,0,0,0
00-0033434,B.Wilson,Bobo Wilson,WR,WR,"https://static.www.nfl.com/image/private/f_auto,q_auto/league/dxmqeel8jwf3yokvtg9a",2017,REG,TB,3,0,0,0,0,0,0,0,0,0,0,0,0,,,0,,0,0,0,0,3,8,0,0,0,0,-0.585262252483517,0,0,0,0,0,1,1,18,1,0,0,18,0,1,2.39465456607286,0,1,1,0,0,1,0.00167785234899329,0.00291639662994167,0.0045582561644491,0,1,0,0,0,0,0,0,0,0,0,0,0,0,0,0,0,0,0,0,0,0,0,0,0,0,0,0,0,0,0,0,0,0,0,0,0,,,0,0,0,0,0,0,0,0,0,0,0,0,,,,0,0,0,0,0,0,0,,0,0,0,0,,0,0,,0,0,0,0,0,0,0,0,0,0,8.6,9.6
00-0033445,N.Morrow,Nicholas Morrow,LB,LB,"https://static.www.nfl.com/image/upload/f_auto,q_auto/league/cqugkutgtlbtxjiadzzq",2017,REG,LV,15,0,0,0,0,0,0,0,0,0,0,0,0,,,0,,0,0,0,0,0,0,0,0,0,0,,0,0,0,0,0,0,0,0,0,0,0,0,0,0,,0,0,0,0,0,,0,0,0,0,32,8,20,5,15,0,0,0,2,0,0,4,0,0,0,0,0,0,0,0,0,4,35,0,0,0,0,0,0,0,0,0,0,0,0,0,,,0,0,0,0,0,0,0,0,0,0,0,0,,,,0,0,0,0,0,0,0,,0,0,0,0,,0,0,,0,0,0,0,0,0,0,0,0,0,0,0
00-0033449,I.Whitney,Isaac Whitney,WR,WR,"https://static.www.nfl.com/image/private/f_auto,q_auto/league/tyahdtrxhbrg9iywby3y",2017,REG,LV,1,0,0,0,0,0,0,0,0,0,0,0,0,,,0,,0,0,0,0,0,0,0,0,0,0,,0,0,0,0,0,0,1,0,0,0,0,50,0,0,-1.08780767722055,0,0,0,0,0,0,0.00181159420289855,0.0107411385606874,0.010236188296829,0,0,0,0,0,0,0,0,0,0,0,0,0,0,0,0,0,0,0,0,0,0,0,0,0,0,0,0,0,0,0,0,0,0,0,0,0,,,0,0,0,0,0,0,0,0,0,0,0,0,,,,0,0,0,0,0,0,0,,0,0,0,0,,0,0,,0,0,0,0,0,0,0,0,0,0,0,0
00-0033450,X.Woodson-Luster,Xavier Woodson-Luster,LB,LB,"https://static.www.nfl.com/image/private/f_auto,q_auto/league/rssnaqmql21mpob0co9y",2017,REG,LV,6,0,0,0,0,0,0,0,0,0,0,0,0,,,0,,0,0,0,0,0,0,0,0,0,0,,0,0,0,0,0,0,0,0,0,0,0,0,0,0,,0,0,0,0,0,,0,0,0,0,4,1,6,0,0,0,0,0,0,0,0,0,0,0,0,0,0,0,0,0,0,2,19,0,0,0,0,0,0,0,0,0,0,0,0,0,,,0,0,0,0,0,0,0,0,0,0,0,0,,,,0,0,0,0,0,0,0,,0,0,0,0,,0,0,,0,0,0,0,0,0,0,0,0,0,0,0
00-0033453,X.Coleman,Xavier Coleman,CB,DB,"https://static.www.nfl.com/image/private/f_auto,q_auto/league/kjaoqz46ckvg4f1n2h93",2017,REG,NYJ,1,0,0,0,0,0,0,0,0,0,0,0,0,,,0,,0,0,0,0,0,0,0,0,0,0,,0,0,0,0,0,0,0,0,0,0,0,0,0,0,,0,0,0,0,0,,0,0,0,0,0,0,0,0,0,0,0,0,0,0,0,0,0,0,0,0,0,0,0,0,0,1,10,0,0,0,0,0,0,0,0,0,0,0,0,0,,,0,0,0,0,0,0,0,0,0,0,0,0,,,,0,0,0,0,0,0,0,,0,0,0,0,,0,0,,0,0,0,0,0,0,0,0,0,0,0,0
00-0033460,J.Ross,John Ross,WR,WR,"https://static.www.nfl.com/image/upload/f_auto,q_auto/league/olf4tixsulbplr0hkas5",2017,REG,CIN,3,0,0,0,0,0,0,0,0,0,0,0,0,,,0,,0,0,0,0,1,12,0,1,1,0,-7.21468568069395,0,1,1,0,0,0,2,0,0,0,0,46,0,0,-2.86857717484236,0,0,0,0,0,0,0.00409836065573771,0.0110338210602063,0.013871215725751,0,0,0,0,0,0,0,0,0,0,0,0,0,0,0,0,0,0,0,0,0,0,0,0,1,0,0,1,1,0,0,0,0,0,0,0,0,,,0,0,0,0,0,0,0,0,0,0,0,0,,,,0,0,0,0,0,0,0,,0,0,0,0,,0,0,,0,0,0,0,0,0,0,0,0,0,-0.8,-0.8
00-0033462,C.Tankersley,Cordrea Tankersley,CB,DB,"https://static.www.nfl.com/image/private/f_auto,q_auto/league/t5uetfpxlf0bge6kues2",2017,REG,MIA,11,0,0,0,0,0,0,0,0,0,0,0,0,,,0,,0,0,0,0,0,0,0,0,0,0,,0,0,0,0,0,0,0,0,0,0,0,0,0,0,,0,0,0,0,0,,0,0,0,0,24,0,7,1,2,0,0,0,0,0,0,7,0,0,0,0,0,0,0,0,0,2,38,0,0,0,0,0,0,0,0,0,0,0,0,0,,,0,0,0,0,0,0,0,0,0,0,0,0,,,,0,0,0,0,0,0,0,,0,0,0,0,,0,0,,0,0,0,0,0,0,0,0,0,0,0,0
00-0033463,C.Lawson,Carl Lawson,DE,DL,"https://static.www.nfl.com/image/upload/f_auto,q_auto/league/fv6hftu35bcjuenhupde",2017,REG,CIN,13,0,0,0,0,0,0,0,0,0,0,0,0,,,0,,0,0,0,0,0,0,0,0,0,0,,0,0,0,0,0,0,0,0,0,0,0,0,0,0,,0,0,0,0,0,,0,0,0,0,10,0,6,8,43,0,8.5,57,21,0,0,0,0,0,0,0,0,0,0,0,0,7,54,0,0,0,0,0,0,0,0,0,0,0,0,0,,,0,0,0,0,0,0,0,0,0,0,0,0,,,,0,0,0,0,0,0,0,,0,0,0,0,,0,0,,0,0,0,0,0,0,0,0,0,0,0,0
00-0033464,J.Chesson,Jehu Chesson,WR,WR,"https://static.www.nfl.com/image/private/f_auto,q_auto/league/nmn44gw214duhlpzasyi",2017,REG,KC,6,0,0,0,0,0,0,0,0,0,0,0,0,,,0,,0,0,0,0,0,0,0,0,0,0,,0,0,0,0,0,2,4,18,0,0,0,10,15,2,-0.460588679357898,0,1,0,0,0,1.8,0.00757575757575758,0.00238208670795617,0.0130310970592057,0,5,0,0,0,0,0,0,0,0,0,0,0,0,0,0,0,0,0,0,0,0,0,0,0,0,0,0,0,0,0,3,65,0,0,0,0,,,0,0,0,0,0,0,0,0,0,0,0,0,,,,0,0,0,0,0,0,0,,0,0,0,0,,0,0,,0,0,0,0,0,0,0,0,0,0,1.8,3.8
00-0033466,I.McKenzie,Isaiah McKenzie,WR,WR,"https://static.www.nfl.com/image/upload/f_auto,q_auto/league/gy6grhpxsegfgklfadte",2017,REG,DEN,11,0,0,0,0,0,0,0,0,0,0,0,0,,,0,,0,0,0,0,1,4,0,0,0,0,-0.183822321239859,0,0,0,0,0,4,13,29,0,0,0,203,10,2,-13.4134028241388,0,1,0,0,0,0.142857142857143,0.0235934664246824,0.0427458412297326,0.0653122884978364,0,2,0,0,0,0,0,0,0,0,0,0,0,0,6,0,0,3,0,0,0,0,0,0,1,5,1,6,2,21,183,3,50,0,0,0,0,,,0,0,0,0,0,0,0,0,0,0,0,0,,,,0,0,0,0,0,0,0,,0,0,0,0,,0,0,,0,0,0,0,0,0,0,0,0,0,3.3,7.3
00-0033467,B.Allen,Brian Allen,CB,DB,"https://static.www.nfl.com/image/private/f_auto,q_auto/league/co2kv5csfudl7jo2z4hz",2017,REG,PIT,3,0,0,0,0,0,0,0,0,0,0,0,0,,,0,,0,0,0,0,0,0,0,0,0,0,,0,0,0,0,0,0,0,0,0,0,0,0,0,0,,0,0,0,0,0,,0,0,0,0,0,0,2,0,0,0,0,0,0,0,0,0,0,0,0,0,0,0,0,0,0,2,16,0,0,0,0,0,0,0,0,0,0,0,0,0,,,0,0,0,0,0,0,0,0,0,0,0,0,,,,0,0,0,0,0,0,0,,0,0,0,0,,0,0,,0,0,0,0,0,0,0,0,0,0,0,0
00-0033468,U.Eligwe,Ukeme Eligwe,LB,LB,"https://static.www.nfl.com/image/private/f_auto,q_auto/league/flpi3tdgr4mjn9wjfain",2017,REG,KC,5,0,0,0,0,0,0,0,0,0,0,0,0,,,0,,0,0,0,0,0,0,0,0,0,0,,0,0,0,0,0,0,0,0,0,0,0,0,0,0,,0,0,0,0,0,,0,0,0,0,5,0,0,1,1,0,1,1,2,0,0,0,0,0,0,0,0,0,0,0,0,2,10,0,0,0,0,0,0,0,0,0,0,0,0,0,,,0,0,0,0,0,0,0,0,0,0,0,0,,,,0,0,0,0,0,0,0,,0,0,0,0,,0,0,,0,0,0,0,0,0,0,0,0,0,0,0
00-0033469,V.Taylor,Vincent Taylor,DT,DL,"https://static.www.nfl.com/image/private/f_auto,q_auto/league/wbhxbvig9a5u742ydron",2017,REG,MIA,10,0,0,0,0,0,0,0,0,0,0,0,0,,,0,,0,0,0,0,0,0,0,0,0,0,,0,0,0,0,0,0,0,0,0,0,0,0,0,0,,0,0,0,0,0,,0,0,0,0,7,4,7,1,5,0,0,0,1,0,0,1,0,0,0,0,0,0,0,0,0,0,0,0,0,0,0,0,0,0,0,0,0,0,0,0,,,0,0,0,0,0,0,0,0,0,0,0,0,,,,0,0,0,0,0,0,0,,0,0,0,0,,0,0,,0,0,0,0,0,0,0,0,0,0,0,0
00-0033470,L.McQuay,Leon McQuay III,DB,DB,"https://static.www.nfl.com/image/private/f_auto,q_auto/league/xpkipiqboq2mcb9kjgbr",2017,REG,KC,1,0,0,0,0,0,0,0,0,0,0,0,0,,,0,,0,0,0,0,0,0,0,0,0,0,,0,0,0,0,0,0,0,0,0,0,0,0,0,0,,0,0,0,0,0,,0,0,0,0,3,0,1,0,0,0,0,0,0,0,0,1,0,0,0,0,0,0,0,0,0,0,0,0,0,0,0,0,0,0,1,0,0,0,0,0,,,0,0,0,0,0,0,0,0,0,0,0,0,,,,0,0,0,0,0,0,0,,0,0,0,0,,0,0,,0,0,0,0,0,0,0,0,0,0,0,0
00-0033477,L.Lewis,LaTroy Lewis,LB,LB,"https://static.www.nfl.com/image/private/f_auto,q_auto/league/f54isiv7dk1wflhklukx",2017,REG,HOU,2,0,0,0,0,0,0,0,0,0,0,0,0,,,0,,0,0,0,0,0,0,0,0,0,0,,0,0,0,0,0,0,0,0,0,0,0,0,0,0,,0,0,0,0,0,,0,0,0,0,3,0,0,1,11,0,1,11,1,0,0,0,0,0,0,0,0,0,0,0,0,0,0,0,0,0,0,0,0,0,0,0,0,0,0,0,,,0,0,0,0,0,0,0,0,0,0,0,0,,,,0,0,0,0,0,0,0,,0,0,0,0,,0,0,,0,0,0,0,0,0,0,0,0,0,0,0
00-0033503,A.Maulet,Arthur Maulet,CB,DB,"https://static.www.nfl.com/image/upload/f_auto,q_auto/league/aubd7y8fpt8tdx3tci9t",2017,REG,NO,3,0,0,0,0,0,0,0,0,0,0,0,0,,,0,,0,0,0,0,0,0,0,0,0,0,,0,0,0,0,0,0,0,0,0,0,0,0,0,0,,0,0,0,0,0,,0,0,0,0,1,0,0,0,0,0,0,0,0,0,0,0,0,0,0,0,0,0,0,0,0,3,23,0,0,0,0,0,0,0,0,0,0,0,0,0,,,0,0,0,0,0,0,0,0,0,0,0,0,,,,0,0,0,0,0,0,0,,0,0,0,0,,0,0,,0,0,0,0,0,0,0,0,0,0,0,0
00-0033512,D.Kazee,Damontae Kazee,S,DB,"https://static.www.nfl.com/image/upload/f_auto,q_auto/league/cz9f72l19xvvmplddbxd",2017,REG,ATL,8,0,0,0,0,0,0,0,0,0,0,0,0,,,0,,0,0,0,0,0,0,0,0,0,0,,0,0,0,0,0,0,0,0,0,0,0,0,0,0,,0,0,0,0,0,,0,0,0,0,14,0,9,0,0,2,0,0,0,0,0,0,0,0,0,0,0,0,0,0,0,1,15,0,0,0,0,0,0,0,0,0,0,0,0,0,,,0,0,0,0,0,0,0,0,0,0,0,0,,,,0,0,0,0,0,0,0,,0,0,0,0,,0,0,,0,0,0,0,0,0,0,0,0,0,0,0
00-0033514,E.Byrd,Emanuel Byrd,TE,TE,"https://static.www.nfl.com/image/private/f_auto,q_auto/league/zjib7pwkvetor37oqw8v",2017,REG,GB,1,0,0,0,0,0,0,0,0,0,0,0,0,,,0,,0,0,0,0,0,0,0,0,0,0,,0,0,0,0,0,2,2,31,0,0,0,4,27,1,2.0484105538344,0,1,1,1,0,7.75,0.0036101083032491,0.00098015192354815,0.00610126880135735,0,0,0,0,0,0,0,0,0,0,0,0,0,0,0,0,0,0,0,0,0,0,0,0,0,0,0,0,0,0,0,0,0,0,0,0,0,,,0,0,0,0,0,0,0,0,0,0,0,0,,,,0,0,0,0,0,0,0,,0,0,0,0,,0,0,,0,0,0,0,0,0,0,0,0,0,3.1,5.1
00-0033520,J.Clark,Jeremy Clark,CB,DB,"https://static.www.nfl.com/image/private/f_auto,q_auto/league/jfofcykhdbcfobhxb6di",2017,REG,NYJ,1,0,0,0,0,0,0,0,0,0,0,0,0,,,0,,0,0,0,0,0,0,0,0,0,0,,0,0,0,0,0,0,0,0,0,0,0,0,0,0,,0,0,0,0,0,,0,0,0,0,0,0,0,0,0,0,0,0,0,0,0,0,0,0,0,0,0,0,0,0,0,1,10,0,0,0,0,0,0,0,0,0,0,0,0,0,,,0,0,0,0,0,0,0,0,0,0,0,0,,,,0,0,0,0,0,0,0,,0,0,0,0,,0,0,,0,0,0,0,0,0,0,0,0,0,0,0
00-0033523,J.Allen,Jonathan Allen,DE,DL,"https://static.www.nfl.com/image/upload/f_auto,q_auto/league/pri0osdjdsziyqrd14ar",2017,REG,WAS,5,0,0,0,0,0,0,0,0,0,0,0,0,,,0,,0,0,0,0,0,0,0,0,0,0,,0,0,0,0,0,0,0,0,0,0,0,0,0,0,,0,0,0,0,0,,0,0,0,0,2,1,7,0,0,0,1,7,6,0,0,0,0,0,0,0,0,0,0,0,0,0,0,0,0,0,0,0,0,0,0,0,0,0,0,0,,,0,0,0,0,0,0,0,0,0,0,0,0,,,,0,0,0,0,0,0,0,,0,0,0,0,,0,0,,0,0,0,0,0,0,0,0,0,0,0,0
00-0033524,K.King,Kevin King,CB,DB,"https://static.www.nfl.com/image/upload/f_auto,q_auto/league/gtqricr7gub4urjpyadn",2017,REG,GB,8,0,0,0,0,0,0,0,0,0,0,0,0,,,0,,0,0,0,0,0,0,0,0,0,0,,0,0,0,0,0,0,0,0,0,0,0,0,0,0,,0,0,0,0,0,,0,0,0,0,20,2,6,1,4,0,0,0,0,0,0,5,0,0,0,0,0,0,0,0,0,1,6,0,0,0,0,0,0,0,0,0,0,0,0,0,,,0,0,0,0,0,0,0,0,0,0,0,0,,,,0,0,0,0,0,0,0,,0,0,0,0,,0,0,,0,0,0,0,0,0,0,0,0,0,0,0
00-0033525,R.Anderson,Ryan Anderson,LB,LB,"https://static.www.nfl.com/image/private/f_auto,q_auto/league/iau3htiaozodmarp7pxe",2017,REG,WAS,9,0,0,0,0,0,0,0,0,0,0,0,0,,,0,,0,0,0,0,0,0,0,0,0,0,,0,0,0,0,0,0,0,0,0,0,0,0,0,0,,0,0,0,0,0,,0,0,0,0,8,4,3,1,1,0,0,0,2,0,0,0,0,0,0,0,0,0,0,0,0,3,20,0,0,0,0,0,0,0,0,0,0,0,0,0,,,0,0,0,0,0,0,0,0,0,0,0,0,,,,0,0,0,0,0,0,0,,0,0,0,0,,0,0,,0,0,0,0,0,0,0,0,0,0,0,0
00-0033526,S.Perine,Samaje Perine,RB,RB,"https://static.www.nfl.com/image/upload/f_auto,q_auto/league/ur3jv6biq0pefkrgpzty",2017,REG,WAS,13,0,0,0,0,0,0,0,0,0,0,0,0,,,0,,0,0,0,0,175,603,1,2,2,22,-36.5925772753695,0,13,5,1,0,22,24,182,1,0,0,-23,206,9,10.3094513512333,0,7,4,2,0,-7.91304347826087,0.0449438202247191,-0.00553816518179629,0.0635390147098213,0,0,0,0,0,0,0,0,0,0,0,0,0,0,0,0,0,1,0,0,0,0,0,0,2,0,0,2,2,0,0,2,48,0,0,0,0,,,0,0,0,0,0,0,0,0,0,0,0,0,,,,0,0,0,0,0,0,0,,0,0,0,0,,0,0,,0,0,0,0,0,0,0,0,0,0,86.5,108.5
00-0033527,M.Nicholson,Montae Nicholson,FS,DB,"https://static.www.nfl.com/image/private/f_auto,q_auto/league/w4e02zchgpekedkd9qph",2017,REG,WAS,7,0,0,0,0,0,0,0,0,0,0,0,0,,,0,,0,0,0,0,0,0,0,0,0,0,,0,0,0,0,0,0,0,0,0,0,0,0,0,0,,0,0,0,0,0,,0,0,0,0,18,0,6,0,0,0,0,0,0,1,0,2,0,0,0,0,0,0,0,0,0,1,15,0,0,0,0,0,0,0,0,0,0,0,0,0,,,0,0,0,0,0,0,0,0,0,0,0,0,,,,0,0,0,0,0,0,0,,0,0,0,0,,0,0,,0,0,0,0,0,0,0,0,0,0,0,0
00-0033528,J.Sprinkle,Jeremy Sprinkle,TE,TE,"https://static.www.nfl.com/image/private/f_auto,q_auto/league/cncqiyqmj7ohm5k70bog",2017,REG,WAS,3,0,0,0,0,0,0,0,0,0,0,0,0,,,0,,0,0,0,0,0,0,0,0,0,0,,0,0,0,0,0,2,3,13,1,0,0,20,3,1,1.51357024384197,0,0,0,0,0,0.65,0.00561797752808989,0.00481579581025765,0.0117980233593152,0,0,0,0,0,0,0,0,0,0,0,0,0,0,0,0,0,0,0,0,0,0,0,0,0,0,0,0,0,0,0,0,0,0,0,0,0,,,0,0,0,0,0,0,0,0,0,0,0,0,,,,0,0,0,0,0,0,0,,0,0,0,0,,0,0,,0,0,0,0,0,0,0,0,0,0,7.3,9.3
00-0033529,C.Roullier,Chase Roullier,C,OL,"https://static.www.nfl.com/image/private/f_auto,q_auto/league/voxaxvxnn0khqrdeouzs",2017,REG,WAS,4,0,0,0,0,0,0,0,0,0,0,0,0,,,0,,0,0,0,0,0,0,0,0,0,0,,0,0,0,0,0,0,0,0,0,0,0,0,0,0,,0,0,0,0,0,,0,0,0,0,3,0,1,0,0,0,0,0,0,0,0,0,0,0,0,0,0,0,0,0,0,0,0,0,0,0,0,0,0,0,0,0,0,0,0,0,,,0,0,0,0,0,0,0,0,0,0,0,0,,,,0,0,0,0,0,0,0,,0,0,0,0,,0,0,,0,0,0,0,0,0,0,0,0,0,0,0
00-0033531,C.Holba,Colin Holba,LS,SPEC,"https://static.www.nfl.com/image/private/f_auto,q_auto/league/ihrvxtjgkuxosczbbges",2017,REG,JAX,1,0,0,0,0,0,0,0,0,0,0,0,0,,,0,,0,0,0,0,0,0,0,0,0,0,,0,0,0,0,0,0,0,0,0,0,0,0,0,0,,0,0,0,0,0,,0,0,0,0,0,0,1,0,0,0,0,0,0,0,0,0,0,0,0,0,0,0,0,0,0,1,5,0,0,0,0,0,0,0,0,0,0,0,0,0,,,0,0,0,0,0,0,0,0,0,0,0,0,,,,0,0,0,0,0,0,0,,0,0,0,0,,0,0,,0,0,0,0,0,0,0,0,0,0,0,0
00-0033532,J.Harvey-Clemons,Josh Harvey-Clemons,LB,LB,"https://static.www.nfl.com/image/private/f_auto,q_auto/league/rhwo4c2k5gb9rnoqjlfy",2017,REG,WAS,8,0,0,0,0,0,0,0,0,0,0,0,0,,,0,,0,0,0,0,0,0,0,0,0,0,,0,0,0,0,0,0,0,0,0,0,0,0,0,0,,0,0,0,0,0,,0,0,0,0,8,1,7,0,0,0,0.5,4.5,1,0,0,1,0,0,0,0,0,0,0,0,0,2,12,0,0,0,0,0,0,0,0,0,0,0,0,0,,,0,0,0,0,0,0,0,0,0,0,0,0,,,,0,0,0,0,0,0,0,,0,0,0,0,,0,0,,0,0,0,0,0,0,0,0,0,0,0,0
00-0033533,J.Holsey,Joshua Holsey,CB,DB,"https://static.www.nfl.com/image/private/f_auto,q_auto/league/b4utvrqhua5527jgmnbe",2017,REG,WAS,5,0,0,0,0,0,0,0,0,0,0,0,0,,,0,,0,0,0,0,0,0,0,0,0,0,,0,0,0,0,0,0,0,0,0,0,0,0,0,0,,0,0,0,0,0,,0,0,0,0,2,0,0,0,0,0,0,0,0,0,0,0,0,0,0,0,1,0,0,0,0,3,20,0,0,0,0,0,0,0,0,0,0,0,0,0,,,0,0,0,0,0,0,0,0,0,0,0,0,,,,0,0,0,0,0,0,0,,0,0,0,0,,0,0,,0,0,0,0,0,0,0,0,0,0,0,0
00-0033535,D.Ross,Daniel Ross,DT,DL,"https://static.www.nfl.com/image/private/f_auto,q_auto/league/pterda9pcgokkccqrurt",2017,REG,DAL,3,0,0,0,0,0,0,0,0,0,0,0,0,,,0,,0,0,0,0,0,0,0,0,0,0,,0,0,0,0,0,0,0,0,0,0,0,0,0,0,,0,0,0,0,0,,0,0,0,0,4,0,1,2,5,0,1,1,2,0,0,0,0,1,0,0,0,0,1,6,0,0,0,1,0,0,1,1,0,0,0,0,0,0,0,0,,,0,0,0,0,0,0,0,0,0,0,0,0,,,,0,0,0,0,0,0,0,,0,0,0,0,,0,0,,0,0,0,0,0,0,0,0,0,0,0,0
00-0033536,M.Williams,Mike Williams,WR,WR,"https://static.www.nfl.com/image/upload/f_auto,q_auto/league/atprqcuqsl4spdak76fy",2017,REG,LAC,9,0,0,0,0,0,0,0,0,0,0,0,0,,,0,,0,0,0,0,0,0,0,0,0,0,,0,0,0,0,0,11,23,95,0,0,0,262,11,7,-14.1767031297357,0,3,1,1,0,0.362595419847328,0.0401396160558464,0.0548117154811716,0.0985776249205897,0,1,0,0,0,0,0,0,0,0,0,0,0,0,0,0,0,0,0,0,0,0,0,0,0,0,0,0,0,0,0,0,0,0,0,0,0,,,0,0,0,0,0,0,0,0,0,0,0,0,,,,0,0,0,0,0,0,0,,0,0,0,0,,0,0,,0,0,0,0,0,0,0,0,0,0,9.5,20.5
00-0033537,D.Watson,Deshaun Watson,QB,QB,"https://static.www.nfl.com/image/private/f_auto,q_auto/league/otfs2docj6eahaebo5xn",2017,REG,HOU,7,126,204,1699,19,8,19,-116,2,1,2242,677,84,23.7518821184929,2.25913881665409,1,0.757805530776093,63,37,28,4,36,269,2,1,0,14,17.3502447619928,1,7,5,1,1,0,0,0,0,0,0,0,0,0,,0,0,0,0,0,,0,0,0,0,2,0,0,0,0,0,0,0,0,0,0,0,0,0,0,0,0,0,0,0,0,1,5,2,1,1,3,1,0,0,0,0,0,0,0,0,,,0,0,0,0,0,0,0,0,0,0,0,0,,,,0,0,0,0,0,0,0,,0,0,0,0,,0,0,,0,0,0,0,0,0,0,0,0,0,168.86,168.86
00-0033538,G.Bolles,Garett Bolles,OT,OL,"https://static.www.nfl.com/image/upload/f_auto,q_auto/league/dpgttf9sbcrvmqvohqtn",2017,REG,DEN,8,0,0,0,0,0,0,0,0,0,0,0,0,,,0,,0,0,0,0,0,0,0,0,0,0,,0,0,0,0,0,0,0,0,0,0,0,0,0,0,,0,0,0,0,0,,0,0,0,0,3,0,0,0,0,0,0,0,0,0,0,0,0,0,0,0,0,0,0,0,0,12,106,0,0,0,0,0,0,0,0,0,0,0,0,0,,,0,0,0,0,0,0,0,0,0,0,0,0,,,,0,0,0,0,0,0,0,,0,0,0,0,,0,0,,0,0,0,0,0,0,0,0,0,0,0,0
00-0033539,J.Davis,Jarrad Davis,MLB,LB,"https://static.www.nfl.com/image/private/f_auto,q_auto/league/aojjnufhksozv3ztodf2",2017,REG,DET,14,0,0,0,0,0,0,0,0,0,0,0,0,,,0,,0,0,0,0,0,0,0,0,0,0,,0,0,0,0,0,0,0,0,0,0,0,0,0,0,,0,0,0,0,0,,0,0,0,0,62,3,31,4,15,1,2,18,4,1,12,3,0,0,0,0,0,0,1,16,0,4,52,0,0,0,0,0,0,0,0,0,0,0,0,0,,,0,0,0,0,0,0,0,0,0,0,0,0,,,,0,0,0,0,0,0,0,,0,0,0,0,,0,0,,0,0,0,0,0,0,0,0,0,0,0,0
00-0033540,T.McKinley,Takk McKinley,DE,DL,"https://static.www.nfl.com/image/upload/f_auto,q_auto/league/bkkszbovn5ncxprku7rh",2017,REG,ATL,12,0,0,0,0,0,0,0,0,0,0,0,0,,,0,,0,0,0,0,0,0,0,0,0,0,,0,0,0,0,0,0,0,0,0,0,0,0,0,0,,0,0,0,0,0,,0,0,0,0,14,1,5,7,26,2,6,42,10,0,0,1,0,0,0,0,0,0,1,0,0,3,25,0,0,0,0,0,0,0,0,0,0,0,0,0,,,0,0,0,0,0,0,0,0,0,0,0,0,,,,0,0,0,0,0,0,0,,0,0,0,0,,0,0,,0,0,0,0,0,0,0,0,0,0,0,0
00-0033541,T.Charlton,Taco Charlton,DE,DL,"https://static.www.nfl.com/image/private/f_auto,q_auto/league/vfj6yqbgzkb09odi6xfc",2017,REG,DAL,13,0,0,0,0,0,0,0,0,0,0,0,0,,,0,,0,0,0,0,0,0,0,0,0,0,,0,0,0,0,0,0,0,0,0,0,0,0,0,0,,0,0,0,0,0,,0,0,0,0,15,0,4,3,8,1,3,14,7,0,0,1,0,0,0,0,0,0,0,0,0,0,0,0,0,0,0,0,0,0,0,0,0,0,0,0,,,0,0,0,0,0,0,0,0,0,0,0,0,,,,0,0,0,0,0,0,0,,0,0,0,0,,0,0,,0,0,0,0,0,0,0,0,0,0,0,0
00-0033543,S.Jones,Sidney Jones,CB,DB,"https://static.www.nfl.com/image/private/f_auto,q_auto/league/qsxywzc7mfcj0ibjjevc",2017,REG,PHI,1,0,0,0,0,0,0,0,0,0,0,0,0,,,0,,0,0,0,0,0,0,0,0,0,0,,0,0,0,0,0,0,0,0,0,0,0,0,0,0,,0,0,0,0,0,,0,0,0,0,2,0,0,0,0,0,0,0,0,0,0,0,0,0,0,0,0,0,0,0,0,0,0,0,0,0,0,0,0,0,0,0,0,0,0,0,,,0,0,0,0,0,0,0,0,0,0,0,0,,,,0,0,0,0,0,0,0,,0,0,0,0,,0,0,,0,0,0,0,0,0,0,0,0,0,0,0
00-0033544,Q.Wilson,Quincy Wilson,CB,DB,"https://static.www.nfl.com/image/private/f_auto,q_auto/league/pipqzxkm6qoogm43ks4t",2017,REG,IND,7,0,0,0,0,0,0,0,0,0,0,0,0,,,0,,0,0,0,0,0,0,0,0,0,0,,0,0,0,0,0,0,0,0,0,0,0,0,0,0,,0,0,0,0,0,,0,0,0,0,19,0,3,2,4,0,0,0,0,1,33,6,0,0,0,0,0,0,0,0,0,3,14,0,0,0,0,0,0,0,0,0,0,0,0,0,,,0,0,0,0,0,0,0,0,0,0,0,0,,,,0,0,0,0,0,0,0,,0,0,0,0,,0,0,,0,0,0,0,0,0,0,0,0,0,0,0
00-0033545,T.Tabor,Teez Tabor,CB,DB,"https://static.www.nfl.com/image/private/f_auto,q_auto/league/xrcqxkph85tilwfbkctv",2017,REG,DET,6,0,0,0,0,0,0,0,0,0,0,0,0,,,0,,0,0,0,0,0,0,0,0,0,0,,0,0,0,0,0,0,0,0,0,0,0,0,0,0,,0,0,0,0,0,,0,0,0,0,11,1,2,0,0,0,0,0,1,0,0,0,0,0,0,0,0,0,0,0,0,0,0,0,0,0,0,0,0,0,0,0,0,0,0,0,,,0,0,0,0,0,0,0,0,0,0,0,0,,,,0,0,0,0,0,0,0,,0,0,0,0,,0,0,,0,0,0,0,0,0,0,0,0,0,0,0
00-0033546,D.Tomlinson,Dalvin Tomlinson,DE,DL,"https://static.www.nfl.com/image/upload/f_auto,q_auto/league/al9wtdcyop0h56lby8ba",2017,REG,NYG,15,0,0,0,0,0,0,0,0,0,0,0,0,,,0,,0,0,0,0,0,0,0,0,0,0,,0,0,0,0,0,0,0,0,0,0,0,0,0,0,,0,0,0,0,0,,0,0,0,0,17,13,20,1,9,0,1,9,1,0,0,1,0,0,0,0,0,0,0,0,0,0,0,0,0,0,0,0,0,0,0,0,0,0,0,0,,,0,0,0,0,0,0,0,0,0,0,0,0,,,,0,0,0,0,0,0,0,,0,0,0,0,,0,0,,0,0,0,0,0,0,0,0,0,0,0,0
00-0033547,Z.Cunningham,Zach Cunningham,ILB,LB,"https://static.www.nfl.com/image/upload/f_auto,q_auto/league/gxugy1m0xlxbyk8dv5rr",2017,REG,HOU,16,0,0,0,0,0,0,0,0,0,0,0,0,,,0,,0,0,0,0,0,0,0,0,0,0,,0,0,0,0,0,0,0,0,0,0,0,0,0,0,,0,0,0,0,0,,0,0,0,0,41,6,42,4,8,1,1.5,7.5,2,0,0,6,0,0,0,0,0,0,0,0,0,2,20,0,0,0,0,0,0,0,0,0,0,0,0,0,,,0,0,0,0,0,0,0,0,0,0,0,0,,,,0,0,0,0,0,0,0,,0,0,0,0,,0,0,,0,0,0,0,0,0,0,0,0,0,0,0
00-0033548,C.Awuzie,Chidobe Awuzie,CB,DB,"https://static.www.nfl.com/image/upload/f_auto,q_auto/league/qmjzimecbg4ftseg8myr",2017,REG,DAL,8,0,0,0,0,0,0,0,0,0,0,0,0,,,0,,0,0,0,0,0,0,0,0,0,0,,0,0,0,0,0,0,0,0,0,0,0,0,0,0,,0,0,0,0,0,,0,0,0,0,14,0,11,0,0,1,0,0,0,1,0,7,0,0,0,0,0,0,0,0,0,3,20,0,0,0,0,0,0,0,0,0,0,0,0,0,,,0,0,0,0,0,0,0,0,0,0,0,0,,,,0,0,0,0,0,0,0,,0,0,0,0,,0,0,,0,0,0,0,0,0,0,0,0,0,0,0
00-0033549,D.Riley,Duke Riley,MLB,LB,"https://static.www.nfl.com/image/upload/f_auto,q_auto/league/qupmregt7cnl5jgzvuug",2017,REG,ATL,11,0,0,0,0,0,0,0,0,0,0,0,0,,,0,,0,0,0,0,0,0,0,0,0,0,,0,0,0,0,0,0,0,0,0,0,0,0,0,0,,0,0,0,0,0,,0,0,0,0,15,0,15,0,0,0,0,0,0,0,0,0,0,0,0,0,0,0,0,0,0,0,0,0,0,0,0,0,0,0,0,0,0,0,0,0,,,0,0,0,0,0,0,0,0,0,0,0,0,,,,0,0,0,0,0,0,0,,0,0,0,0,,0,0,,0,0,0,0,0,0,0,0,0,0,0,0
00-0033551,R.Douglas,Rasul Douglas,CB,DB,"https://static.www.nfl.com/image/upload/f_auto,q_auto/league/f2ac9dmdbhc6rvgllcbt",2017,REG,PHI,11,0,0,0,0,0,0,0,0,0,0,0,0,,,0,,0,0,0,0,0,0,0,0,0,0,,0,0,0,0,0,0,0,0,0,0,0,0,0,0,,0,0,0,0,0,,0,0,0,0,23,0,2,0,0,0,0,0,0,2,7,11,0,0,0,0,0,0,0,0,0,3,20,0,0,0,0,0,0,0,0,0,0,0,0,0,,,0,0,0,0,0,0,0,0,0,0,0,0,,,,0,0,0,0,0,0,0,,0,0,0,0,,0,0,,0,0,0,0,0,0,0,0,0,0,0,0
00-0033552,B.Langley,Brendan Langley,WR,WR,"https://static.www.nfl.com/image/private/f_auto,q_auto/league/qjmrqb7cxkgylpgll8ty",2017,REG,DEN,5,0,0,0,0,0,0,0,0,0,0,0,0,,,0,,0,0,0,0,0,0,0,0,0,0,,0,0,0,0,0,0,0,0,0,0,0,0,0,0,,0,0,0,0,0,,0,0,0,0,3,0,0,0,0,0,0,0,0,0,0,0,0,0,0,0,0,0,0,0,0,2,8,0,0,0,0,0,1,6,6,183,0,0,0,0,,,0,0,0,0,0,0,0,0,0,0,0,0,,,,0,0,0,0,0,0,0,,0,0,0,0,,0,0,,0,0,0,0,0,0,0,0,0,0,0,0
00-0033553,J.Conner,James Conner,RB,RB,"https://static.www.nfl.com/image/upload/f_auto,q_auto/league/g5yjordcmt76j0saytzb",2017,REG,PIT,12,0,0,0,0,0,0,0,0,0,0,0,0,,,0,,0,0,0,0,32,144,0,0,0,4,-0.302159898361424,0,6,2,1,0,0,1,0,0,0,0,-4,0,0,-0.45651018503122,0,0,0,0,0,0,0.00170940170940171,-0.000762921991226397,0.00203005717024409,0,0,0,0,0,0,0,0,0,0,0,0,0,0,0,0,0,0,0,0,0,0,0,0,0,0,0,0,0,0,0,0,0,0,0,0,0,,,0,0,0,0,0,0,0,0,0,0,0,0,,,,0,0,0,0,0,0,0,,0,0,0,0,,0,0,,0,0,0,0,0,0,0,0,0,0,14.4,14.4
00-0033554,T.Thompson,Tedric Thompson,FS,DB,"https://static.www.nfl.com/image/private/f_auto,q_auto/league/cuci9w8pzqjqgneph8eh",2017,REG,SEA,5,0,0,0,0,0,0,0,0,0,0,0,0,,,0,,0,0,0,0,0,0,0,0,0,0,,0,0,0,0,0,0,0,0,0,0,0,0,0,0,,0,0,0,0,0,,0,0,0,0,2,0,2,0,0,0,0,0,0,0,0,0,0,0,0,0,0,0,2,0,0,1,15,0,0,0,0,0,0,0,0,0,0,0,0,0,,,0,0,0,0,0,0,0,0,0,0,0,0,,,,0,0,0,0,0,0,0,,0,0,0,0,,0,0,,0,0,0,0,0,0,0,0,0,0,0,0
00-0033555,M.Hollins,Mack Hollins,WR,WR,"https://static.www.nfl.com/image/upload/f_auto,q_auto/league/qbz7whjzsittudcecezw",2017,REG,PHI,12,0,0,0,0,0,0,0,0,0,0,0,0,,,0,,0,0,0,0,0,0,0,0,0,0,,0,0,0,0,0,16,22,226,1,0,0,277,43,8,11.7181739705266,0,8,4,3,1,0.815884476534296,0.039568345323741,0.0524720591021027,0.0960829593570834,0,4,0,1,0,0,0,0,0,0,0,0,0,0,0,0,0,0,0,1,-16,0,1,10,0,0,0,0,0,0,0,0,0,0,0,0,0,,,0,0,0,0,0,0,0,0,0,0,0,0,,,,0,0,0,0,0,0,0,,0,0,0,0,,0,0,,0,0,0,0,0,0,0,0,0,0,28.6,44.6
00-0033556,T.Cohen,Tarik Cohen,RB,RB,"https://static.www.nfl.com/image/private/f_auto,q_auto/league/pm0uewrl0ugotlc5wbpc",2017,REG,CHI,16,1,2,21,1,0,0,0,0,0,49,0,1,3.06926596071571,19.6936547756195,0,0.428571428571429,1,1,1,0,87,370,2,2,1,17,-12.2779813254892,0,11,8,4,1,53,71,353,1,0,0,157,303,9,-15.0626609488082,0,10,3,2,1,2.2484076433121,0.151709401709402,0.0450243762546602,0.259081165942365,1,1,0,0,0,0,0,0,0,0,0,0,0,0,1,0,0,0,0,0,0,0,1,0,3,0,0,3,2,29,272,26,583,0,0,0,0,,,0,0,0,0,0,0,0,0,0,0,0,0,,,,0,0,0,0,0,0,0,,0,0,0,0,,0,0,,0,0,0,0,0,0,0,0,0,0,99.14,152.14
00-0033557,J.Reeves-Maybin,Jalen Reeves-Maybin,LB,LB,"https://static.www.nfl.com/image/upload/f_auto,q_auto/league/oczccxuvy4ltvjy4fhmu",2017,REG,DET,11,0,0,0,0,0,0,0,0,0,0,0,0,,,0,,0,0,0,0,0,0,0,0,0,0,,0,0,0,0,0,0,0,0,0,0,0,0,0,0,,0,0,0,0,0,,0,0,0,0,25,0,5,3,7,1,0.5,4.5,1,0,0,2,0,0,0,0,0,0,0,0,0,4,26,0,0,0,0,0,0,0,0,0,0,0,0,0,,,0,0,0,0,0,0,0,0,0,0,0,0,,,,0,0,0,0,0,0,0,,0,0,0,0,,0,0,,0,0,0,0,0,0,0,0,0,0,0,0
00-0033559,M.Roberts,Michael Roberts,TE,TE,"https://static.www.nfl.com/image/private/f_auto,q_auto/league/budz2kcuoa7xbjfrfurg",2017,REG,DET,6,0,0,0,0,0,0,0,0,0,0,0,0,,,0,,0,0,0,0,0,0,0,0,0,0,,0,0,0,0,0,4,7,46,0,0,0,48,12,2,1.91129407056724,0,2,1,1,0,0.958333333333333,0.0123893805309735,0.0105240078930059,0.0259508763215643,0,0,0,1,0,0,0,0,0,0,0,0,0,0,0,0,0,0,0,0,0,0,0,0,0,0,0,0,0,0,0,0,0,0,0,0,0,,,0,0,0,0,0,0,0,0,0,0,0,0,,,,0,0,0,0,0,0,0,,0,0,0,0,,0,0,,0,0,0,0,0,0,0,0,0,0,4.6,8.6
00-0033560,J.Davenport,Julie'n Davenport,OT,OL,"https://static.www.nfl.com/image/upload/f_auto,q_auto/league/vtf8xuyok7a7q9ksuxnh",2017,REG,HOU,4,0,0,0,0,0,0,0,0,0,0,0,0,,,0,,0,0,0,0,0,0,0,0,0,0,,0,0,0,0,0,0,0,0,0,0,0,0,0,0,,0,0,0,0,0,,0,0,0,0,0,0,0,0,0,0,0,0,0,0,0,0,0,0,0,0,1,0,0,0,0,4,28,0,0,0,0,0,0,0,0,0,0,0,0,0,,,0,0,0,0,0,0,0,0,0,0,0,0,,,,0,0,0,0,0,0,0,,0,0,0,0,,0,0,,0,0,0,0,0,0,0,0,0,0,0,0
00-0033562,R.Switzer,Ryan Switzer,WR,WR,"https://static.www.nfl.com/image/private/f_auto,q_auto/league/s7w7b3uxhppii72mttcu",2017,REG,DAL,16,0,0,0,0,0,0,0,0,0,0,0,0,,,0,,0,0,0,0,4,5,0,0,0,0,-2.10763392224908,0,0,0,0,0,6,7,41,0,0,0,33,18,4,3.16150659054983,0,1,0,0,0,1.24242424242424,0.0144329896907217,0.00836926198326148,0.0275079679243655,1,0,0,0,0,0,0,0,0,0,0,0,0,0,1,0,0,0,0,0,0,0,0,0,0,1,0,1,1,29,256,24,600,0,0,0,0,,,0,0,0,0,0,0,0,0,0,0,0,0,,,,0,0,0,0,0,0,0,,0,0,0,0,,0,0,,0,0,0,0,0,0,0,0,0,0,10.6,16.6
00-0033563,C.Watkins,Carlos Watkins,DE,DL,"https://static.www.nfl.com/image/upload/f_auto,q_auto/league/ehyurz829tzomfafkjxb",2017,REG,HOU,9,0,0,0,0,0,0,0,0,0,0,0,0,,,0,,0,0,0,0,0,0,0,0,0,0,,0,0,0,0,0,0,0,0,0,0,0,0,0,0,,0,0,0,0,0,,0,0,0,0,9,0,12,3,9,0,0,0,0,0,0,1,0,0,0,0,0,0,0,0,0,1,15,0,0,0,0,0,0,0,0,0,0,0,0,0,,,0,0,0,0,0,0,0,0,0,0,0,0,,,,0,0,0,0,0,0,0,,0,0,0,0,,0,0,,0,0,0,0,0,0,0,0,0,0,0,0
00-0033566,D.King,Desmond King,DB,DB,"https://static.www.nfl.com/image/upload/f_auto,q_auto/league/bqwzwewlpjcgm8zgvcs9",2017,REG,LAC,16,0,0,0,0,0,0,0,0,0,0,0,0,,,0,,0,0,0,0,0,0,0,0,0,0,,0,0,0,0,0,0,0,0,0,0,0,0,0,0,,0,0,0,0,0,,0,0,0,0,46,20,10,5,21,0,4,11,6,1,90,5,1,0,0,0,0,0,0,0,0,2,32,0,0,0,0,0,1,2,17,353,0,0,0,0,,,0,0,0,0,0,0,0,0,0,0,0,0,,,,0,0,0,0,0,0,0,,0,0,0,0,,0,0,,0,0,0,0,0,0,0,0,0,0,0,0
00-0033567,B.Hill,Brian Hill,RB,RB,"https://static.www.nfl.com/image/private/f_auto,q_auto/league/bsgtdhaylnpxdhfxtx0y",2017,REG,CIN,4,0,0,0,0,0,0,0,0,0,0,0,0,,,0,,0,0,0,0,11,37,0,0,0,2,-1.40463256207295,0,1,0,0,0,2,2,36,0,0,0,4,32,1,1.04674433969194,0,1,1,1,0,9,0.00409836065573771,0.000959462700887503,0.00681916487422781,0,3,0,0,0,0,0,0,0,0,0,0,0,0,0,0,0,0,0,0,0,0,1,15,0,0,0,0,0,0,0,0,0,0,0,0,0,,,0,0,0,0,0,0,0,0,0,0,0,0,,,,0,0,0,0,0,0,0,,0,0,0,0,,0,0,,0,0,0,0,0,0,0,0,0,0,7.3,9.3
00-0033568,N.Hairston,Nate Hairston,CB,DB,"https://static.www.nfl.com/image/private/f_auto,q_auto/league/frbu4og5nodhqzb6wxaa",2017,REG,IND,14,0,0,0,0,0,0,0,0,0,0,0,0,,,0,,0,0,0,0,0,0,0,0,0,0,,0,0,0,0,0,0,0,0,0,0,0,0,0,0,,0,0,0,0,0,,0,0,0,0,26,0,9,2,12,0,2,12,3,1,21,5,0,0,1,0,0,0,0,0,0,2,19,0,0,0,0,0,0,0,0,0,0,0,0,0,,,0,0,0,0,0,0,0,0,0,0,0,0,,,,0,0,0,0,0,0,0,,0,0,0,0,,0,0,,0,0,0,0,0,0,0,0,0,0,0,0
00-0033570,A.Walker,Anthony Walker,MLB,LB,"https://static.www.nfl.com/image/upload/f_auto,q_auto/league/kschvtoxhs5s7ulew3oe",2017,REG,IND,6,0,0,0,0,0,0,0,0,0,0,0,0,,,0,,0,0,0,0,0,0,0,0,0,0,,0,0,0,0,0,0,0,0,0,0,0,0,0,0,,0,0,0,0,0,,0,0,0,0,11,0,11,1,4,0,0,0,0,0,0,0,0,0,0,0,0,0,0,0,0,0,0,0,0,0,0,0,0,0,0,0,0,0,0,0,,,0,0,0,0,0,0,0,0,0,0,0,0,,,,0,0,0,0,0,0,0,,0,0,0,0,,0,0,,0,0,0,0,0,0,0,0,0,0,0,0
00-0033571,M.Milano,Matt Milano,OLB,LB,"https://static.www.nfl.com/image/upload/f_auto,q_auto/league/ikmvrrbegypwn8wejcge",2017,REG,BUF,12,0,0,0,0,0,0,0,0,0,0,0,0,,,0,,0,0,0,0,0,0,0,0,0,0,,0,0,0,0,0,0,0,0,0,0,0,0,0,0,,0,0,0,0,0,,0,0,0,0,26,6,17,2,6,1,0,0,2,1,15,2,0,0,0,0,0,0,1,40,1,1,5,0,0,0,0,0,0,0,0,0,0,0,0,0,,,0,0,0,0,0,0,0,0,0,0,0,0,,,,0,0,0,0,0,0,0,,0,0,0,0,,0,0,,0,0,0,0,0,0,0,0,0,0,0,0
00-0033572,J.Agnew,Jamal Agnew,WR,WR,"https://static.www.nfl.com/image/upload/f_auto,q_auto/league/buapoaxrvjzwsr4l34mq",2017,REG,DET,13,0,0,0,0,0,0,0,0,0,0,0,0,,,0,,0,0,0,0,2,9,0,0,0,1,0.318634313764051,0,0,0,0,0,2,2,18,0,0,0,-6,24,1,1.06080538674723,0,1,0,0,0,0,0.00353982300884956,-0.00131550098662574,0.00438888382263632,2,9,1,0,0,0,0,0,0,0,0,0,0,0,3,0,0,3,0,0,0,0,2,37,0,3,0,3,0,29,447,11,196,0,0,0,0,,,0,0,0,0,0,0,0,0,0,0,0,0,,,,0,0,0,0,0,0,0,,0,0,0,0,,0,0,,0,0,0,0,0,0,0,0,0,0,14.7,16.7
00-0033573,S.Gibson,Shelton Gibson,WR,WR,"https://static.www.nfl.com/image/private/f_auto,q_auto/league/ooeitkt377s485zhchsi",2017,REG,PHI,2,0,0,0,0,0,0,0,0,0,0,0,0,,,0,,0,0,0,0,0,0,0,0,0,0,,0,0,0,0,0,2,3,11,0,0,0,23,-3,0,-3.86213809755282,0,0,0,0,0,0.478260869565217,0.00539568345323741,0.0043568857738208,0.0111433452215307,0,1,0,0,0,0,0,0,0,0,0,0,0,0,0,0,0,0,0,0,0,0,0,0,0,0,0,0,0,0,0,0,0,0,0,0,0,,,0,0,0,0,0,0,0,0,0,0,0,0,,,,0,0,0,0,0,0,0,,0,0,0,0,,0,0,,0,0,0,0,0,0,0,0,0,0,1.1,3.1
00-0033574,A.Moss,Avery Moss,DE,DL,"https://static.www.nfl.com/image/private/f_auto,q_auto/league/m85q3unm5joefky38kzi",2017,REG,NYG,6,0,0,0,0,0,0,0,0,0,0,0,0,,,0,,0,0,0,0,0,0,0,0,0,0,,0,0,0,0,0,0,0,0,0,0,0,0,0,0,,0,0,0,0,0,,0,0,0,0,3,7,4,0,0,1,0,0,5,0,0,2,0,0,0,0,0,0,0,0,0,0,0,0,0,0,0,0,0,0,0,0,0,0,0,0,,,0,0,0,0,0,0,0,0,0,0,0,0,,,,0,0,0,0,0,0,0,,0,0,0,0,,0,0,,0,0,0,0,0,0,0,0,0,0,0,0
00-0033575,T.Decoud,Treston Decoud,DB,DB,"https://static.www.nfl.com/image/private/f_auto,q_auto/league/ac5eu8oloukdvqpwcezk",2017,REG,HOU,5,0,0,0,0,0,0,0,0,0,0,0,0,,,0,,0,0,0,0,0,0,0,0,0,0,,0,0,0,0,0,0,0,0,0,0,0,0,0,0,,0,0,0,0,0,,0,0,0,0,6,0,1,0,0,0,0,0,0,0,0,1,0,0,0,0,1,0,0,0,0,1,5,0,0,0,0,0,0,0,0,0,0,0,0,0,,,0,0,0,0,0,0,0,0,0,0,0,0,,,,0,0,0,0,0,0,0,,0,0,0,0,,0,0,,0,0,0,0,0,0,0,0,0,0,0,0
00-0033576,E.Saubert,Eric Saubert,TE,TE,"https://static.www.nfl.com/image/upload/f_auto,q_auto/league/ojoapzazehxdd01fadz6",2017,REG,ATL,3,0,0,0,0,0,0,0,0,0,0,0,0,,,0,,0,0,0,0,0,0,0,0,0,0,,0,0,0,0,0,0,0,0,0,0,0,0,0,0,,0,0,0,0,0,,0,0,0,0,1,0,0,0,0,0,0,0,0,0,0,0,0,0,0,0,0,0,0,0,0,2,10,0,0,0,0,0,0,0,0,0,0,0,0,0,,,0,0,0,0,0,0,0,0,0,0,0,0,,,,0,0,0,0,0,0,0,,0,0,0,0,,0,0,,0,0,0,0,0,0,0,0,0,0,0,0
00-0033577,N.Gerry,Nate Gerry,LB,LB,"https://static.www.nfl.com/image/private/f_auto,q_auto/league/kycyq8uo5pwncligrbt2",2017,REG,PHI,5,0,0,0,0,0,0,0,0,0,0,0,0,,,0,,0,0,0,0,0,0,0,0,0,0,,0,0,0,0,0,0,0,0,0,0,0,0,0,0,,0,0,0,0,0,,0,0,0,0,3,0,2,0,0,0,0,0,0,0,0,1,0,0,0,0,0,0,0,0,0,0,0,0,0,0,0,0,0,0,0,0,0,0,0,0,,,0,0,0,0,0,0,0,0,0,0,0,0,,,,0,0,0,0,0,0,0,,0,0,0,0,,0,0,,0,0,0,0,0,0,0,0,0,0,0,0
00-0033578,S.Tevi,Sam Tevi,OT,OL,"https://static.www.nfl.com/image/private/f_auto,q_auto/league/jm4v9amvyif39x6lovtl",2017,REG,LAC,1,0,0,0,0,0,0,0,0,0,0,0,0,,,0,,0,0,0,0,0,0,0,0,0,0,,0,0,0,0,0,0,0,0,0,0,0,0,0,0,,0,0,0,0,0,,0,0,0,0,0,0,0,0,0,0,0,0,0,0,0,0,0,0,0,0,0,0,0,0,0,2,15,0,0,0,0,0,0,0,0,0,0,0,0,0,,,0,0,0,0,0,0,0,0,0,0,0,0,,,,0,0,0,0,0,0,0,,0,0,0,0,,0,0,,0,0,0,0,0,0,0,0,0,0,0,0
00-0033579,X.Woods,Xavier Woods,FS,DB,"https://static.www.nfl.com/image/upload/f_auto,q_auto/league/of7kdkfale5fnuz6u8gr",2017,REG,DAL,14,0,0,0,0,0,0,0,0,0,0,0,0,,,0,,0,0,0,0,0,0,0,0,0,0,,0,0,0,0,0,0,0,0,0,0,0,0,0,0,,0,0,0,0,0,,0,0,0,0,30,3,9,1,2,0,0,0,4,1,7,3,0,0,0,0,0,0,1,6,0,1,13,0,0,0,0,0,0,0,0,0,0,0,0,0,,,0,0,0,0,0,0,0,0,0,0,0,0,,,,0,0,0,0,0,0,0,,0,0,0,0,,0,0,,0,0,0,0,0,0,0,0,0,0,0,0
00-0033580,T.Vallejo,Tanner Vallejo,ILB,LB,"https://static.www.nfl.com/image/private/f_auto,q_auto/league/yuami4bsadm32py6yhlr",2017,REG,BUF,5,0,0,0,0,0,0,0,0,0,0,0,0,,,0,,0,0,0,0,0,0,0,0,0,0,,0,0,0,0,0,0,0,0,0,0,0,0,0,0,,0,0,0,0,0,,0,0,0,0,3,0,2,0,0,0,0,0,0,0,0,0,0,0,0,0,0,0,0,0,0,0,0,0,0,0,0,0,0,0,0,0,0,0,0,0,,,0,0,0,0,0,0,0,0,0,0,0,0,,,,0,0,0,0,0,0,0,,0,0,0,0,,0,0,,0,0,0,0,0,0,0,0,0,0,0,0
00-0033581,D.Henderson,De'Angelo Henderson Sr.,RB,RB,"https://static.www.nfl.com/image/private/f_auto,q_auto/league/jgr8ujycflajknnwxlnr",2017,REG,DEN,3,0,0,0,0,0,0,0,0,0,0,0,0,,,0,,0,0,0,0,7,13,0,0,0,2,-5.41857623262331,0,0,0,0,0,2,2,36,1,0,0,1,35,1,2.87556857574964,0,1,1,1,0,36,0.00362976406533575,0.000210570646451885,0.00559204555051995,0,2,0,0,0,0,0,0,0,0,0,0,0,0,0,0,0,0,0,0,0,0,0,0,0,0,0,0,0,0,0,2,59,0,0,0,0,,,0,0,0,0,0,0,0,0,0,0,0,0,,,,0,0,0,0,0,0,0,,0,0,0,0,,0,0,,0,0,0,0,0,0,0,0,0,0,10.9,12.9
00-0033582,J.Ledbetter,Jeremiah Ledbetter,DT,DL,"https://static.www.nfl.com/image/upload/f_auto,q_auto/league/tmrdn5vftop0py2dwzn2",2017,REG,DET,13,0,0,0,0,0,0,0,0,0,0,0,0,,,0,,0,0,0,0,0,0,0,0,0,0,,0,0,0,0,0,0,0,0,0,0,0,0,0,0,,0,0,0,0,0,,0,0,0,0,6,0,8,0,0,0,0.5,1.5,4,0,0,0,0,0,0,0,0,0,0,0,0,0,0,0,0,0,0,0,0,0,0,0,0,0,0,0,,,0,0,0,0,0,0,0,0,0,0,0,0,,,,0,0,0,0,0,0,0,,0,0,0,0,,0,0,,0,0,0,0,0,0,0,0,0,0,0,0
00-0033584,E.Qualls,Elijah Qualls,DT,DL,"https://static.www.nfl.com/image/private/f_auto,q_auto/league/jjnaydu3vo5wxpav0s07",2017,REG,PHI,4,0,0,0,0,0,0,0,0,0,0,0,0,,,0,,0,0,0,0,0,0,0,0,0,0,,0,0,0,0,0,0,0,0,0,0,0,0,0,0,,0,0,0,0,0,,0,0,0,0,3,0,1,0,0,0,0,0,1,0,0,0,0,0,0,0,0,0,0,0,0,2,10,0,0,0,0,0,0,0,0,0,0,0,0,0,,,0,0,0,0,0,0,0,0,0,0,0,0,,,,0,0,0,0,0,0,0,,0,0,0,0,,0,0,,0,0,0,0,0,0,0,0,0,0,0,0
00-0033587,J.Myrick,Jalen Myrick,CB,DB,"https://static.www.nfl.com/image/private/f_auto,q_auto/league/jaaap6eks5n0na6glovq",2017,REG,JAX,2,0,0,0,0,0,0,0,0,0,0,0,0,,,0,,0,0,0,0,0,0,0,0,0,0,,0,0,0,0,0,0,0,0,0,0,0,0,0,0,,0,0,0,0,0,,0,0,0,0,0,0,0,0,0,0,0,0,0,0,0,1,0,0,0,0,0,0,0,0,0,1,5,0,0,0,0,0,0,0,1,18,0,0,0,0,,,0,0,0,0,0,0,0,0,0,0,0,0,,,,0,0,0,0,0,0,0,,0,0,0,0,,0,0,,0,0,0,0,0,0,0,0,0,0,0,0
00-0033588,I.Rochell,Isaac Rochell,DE,DL,"https://static.www.nfl.com/image/private/f_auto,q_auto/league/pltdnt3jewadxdfzhso3",2017,REG,LAC,3,0,0,0,0,0,0,0,0,0,0,0,0,,,0,,0,0,0,0,0,0,0,0,0,0,,0,0,0,0,0,0,0,0,0,0,0,0,0,0,,0,0,0,0,0,,0,0,0,0,3,1,0,1,4,0,1,4,1,0,0,0,0,0,0,0,0,0,0,0,0,0,0,0,0,0,0,0,0,0,0,0,0,0,0,0,,,0,0,0,0,0,0,0,0,0,0,0,0,,,,0,0,0,0,0,0,0,,0,0,0,0,,0,0,,0,0,0,0,0,0,0,0,0,0,0,0
00-0033591,N.Brown,Noah Brown,WR,WR,"https://static.www.nfl.com/image/upload/f_auto,q_auto/league/nv6ix0p8965yiugsuhwh",2017,REG,DAL,7,0,0,0,0,0,0,0,0,0,0,0,0,,,0,,0,0,0,0,0,0,0,0,0,0,,0,0,0,0,0,4,9,33,0,0,0,59,22,3,-2.99829990847502,0,2,0,0,0,0.559322033898305,0.0185567010309278,0.0149632259700735,0.0383093097254432,0,0,0,0,0,0,0,0,0,0,0,0,0,0,0,0,0,0,0,0,0,0,0,0,0,0,0,0,0,0,0,0,0,0,0,0,0,,,0,0,0,0,0,0,0,0,0,0,0,0,,,,0,0,0,0,0,0,0,,0,0,0,0,,0,0,,0,0,0,0,0,0,0,0,0,0,3.3,7.3
00-0033592,K.Fuller,Kyle Fuller,G,OL,"https://static.www.nfl.com/image/private/f_auto,q_auto/league/bzgk8lg7fiakaeo7sbkn",2017,REG,HOU,1,0,0,0,0,0,0,0,0,0,0,0,0,,,0,,0,0,0,0,0,0,0,0,0,0,,0,0,0,0,0,0,0,0,0,0,0,0,0,0,,0,0,0,0,0,,0,0,0,0,0,0,0,0,0,0,0,0,0,0,0,0,0,0,0,0,0,0,0,0,0,1,5,0,0,0,0,0,0,0,0,0,0,0,0,0,,,0,0,0,0,0,0,0,0,0,0,0,0,,,,0,0,0,0,0,0,0,,0,0,0,0,,0,0,,0,0,0,0,0,0,0,0,0,0,0,0
00-0033594,C.Carson,Chris Carson,RB,RB,"https://static.www.nfl.com/image/private/f_auto,q_auto/league/zxjqunrgf4j8p2eg4xyl",2017,REG,SEA,4,0,0,0,0,0,0,0,0,0,0,0,0,,,0,,0,0,0,0,49,208,0,0,0,11,-4.31930923264008,0,6,4,1,0,7,8,59,1,0,0,17,46,3,4.43124905473087,0,2,0,0,0,3.47058823529412,0.0152091254752852,0.00312557455414598,0.0250015904008299,0,0,0,0,0,0,0,0,0,0,0,0,0,0,0,0,0,0,0,0,0,0,0,0,0,0,0,0,0,0,0,0,0,0,0,0,0,,,0,0,0,0,0,0,0,0,0,0,0,0,,,,0,0,0,0,0,0,0,,0,0,0,0,,0,0,,0,0,0,0,0,0,0,0,0,0,32.7,39.7
00-0033596,M.Dayes,Matt Dayes,RB,RB,"https://static.www.nfl.com/image/private/f_auto,q_auto/league/gf7t1ooy0mqwgszd7ihi",2017,REG,CLE,13,0,0,0,0,0,0,0,0,0,0,0,0,,,0,,0,0,0,0,5,13,0,0,0,1,-0.211537934577791,0,0,0,0,0,4,5,29,0,0,0,7,22,1,-1.94281560188392,0,1,0,0,0,4.14285714285714,0.0088339222614841,0.00134926754047803,0.0141953706705608,0,7,1,0,0,0,0,0,0,0,0,0,0,0,0,0,0,0,0,0,0,0,0,0,0,0,0,0,0,0,0,18,437,0,0,0,0,,,0,0,0,0,0,0,0,0,0,0,0,0,,,,0,0,0,0,0,0,0,,0,0,0,0,,0,0,,0,0,0,0,0,0,0,0,0,0,4.2,8.2
00-0033598,E.Ankou,Eli Ankou,DT,DL,"https://static.www.nfl.com/image/upload/f_auto,q_auto/league/vo3rcoaq6owinjqnlzis",2017,REG,JAX,8,0,0,0,0,0,0,0,0,0,0,0,0,,,0,,0,0,0,0,0,0,0,0,0,0,,0,0,0,0,0,0,0,0,0,0,0,0,0,0,,0,0,0,0,0,,0,0,0,0,8,0,7,1,7,0,1.5,8,2,0,0,0,0,0,0,0,0,0,0,0,0,0,0,0,0,0,0,0,0,0,0,0,0,0,0,0,,,0,0,0,0,0,0,0,0,0,0,0,0,,,,0,0,0,0,0,0,0,,0,0,0,0,,0,0,,0,0,0,0,0,0,0,0,0,0,0,0
00-0033604,K.Hogan,Krishawn Hogan,WR,WR,"https://static.www.nfl.com/image/private/f_auto,q_auto/league/wxw9mclsvbju33ixnqz9",2017,REG,IND,2,0,0,0,0,0,0,0,0,0,0,0,0,,,0,,0,0,0,0,0,0,0,0,0,0,,0,0,0,0,0,0,0,0,0,0,0,0,0,0,,0,0,0,0,0,,0,0,0,0,1,0,0,0,0,0,0,0,0,0,0,0,0,1,0,0,1,0,0,0,0,0,0,1,0,0,1,0,0,-8,0,0,0,0,0,0,,,0,0,0,0,0,0,0,0,0,0,0,0,,,,0,0,0,0,0,0,0,,0,0,0,0,,0,0,,0,0,0,0,0,0,0,0,0,0,0,0
00-0033611,R.Seals-Jones,Ricky Seals-Jones,TE,TE,"https://static.www.nfl.com/image/private/f_auto,q_auto/league/nqwpbsutfe0anvjkqeux",2017,REG,ARI,8,0,0,0,0,0,0,0,0,0,0,0,0,,,0,,0,0,0,0,0,0,0,0,0,0,,0,0,0,0,0,12,28,201,3,0,0,319,74,10,3.52221065550111,0,9,6,5,0,0.630094043887147,0.0472972972972973,0.0549337007060444,0.109399536440177,0,2,0,1,0,0,0,0,0,0,0,0,0,0,0,0,0,0,0,0,0,0,2,20,0,0,0,0,0,0,0,0,0,0,0,0,0,,,0,0,0,0,0,0,0,0,0,0,0,0,,,,0,0,0,0,0,0,0,,0,0,0,0,,0,0,,0,0,0,0,0,0,0,0,0,0,38.1,50.1
00-0033631,R.Coward,Rashaad Coward,G,OL,"https://static.www.nfl.com/image/private/f_auto,q_auto/league/vv57egvcnsvqvmaeg9qj",2017,REG,CHI,1,0,0,0,0,0,0,0,0,0,0,0,0,,,0,,0,0,0,0,0,0,0,0,0,0,,0,0,0,0,0,0,0,0,0,0,0,0,0,0,,0,0,0,0,0,,0,0,0,0,0,0,0,0,0,0,0,0,1,0,0,0,0,0,0,0,0,0,0,0,0,0,0,0,0,0,0,0,0,0,0,0,0,0,0,0,,,0,0,0,0,0,0,0,0,0,0,0,0,,,,0,0,0,0,0,0,0,,0,0,0,0,,0,0,,0,0,0,0,0,0,0,0,0,0,0,0
00-0033633,T.Gentry,Tanner Gentry,WR,WR,"https://static.www.nfl.com/image/private/f_auto,q_auto/league/ykdkdfncfuiirn9qsrk9",2017,REG,CHI,4,0,0,0,0,0,0,0,0,0,0,0,0,,,0,,0,0,0,0,0,0,0,0,0,0,,0,0,0,0,0,3,6,35,0,0,0,71,1,2,0.0134055341477506,0,2,0,0,0,0.492957746478873,0.0128205128205128,0.0203613421279036,0.0334837087203018,0,0,0,0,0,0,0,0,0,0,0,0,0,0,0,0,0,0,0,0,0,0,2,17,0,0,0,0,0,0,0,0,0,0,0,0,0,,,0,0,0,0,0,0,0,0,0,0,0,0,,,,0,0,0,0,0,0,0,,0,0,0,0,,0,0,,0,0,0,0,0,0,0,0,0,0,3.5,6.5
00-0033635,I.Irving,Isaiah Irving,LB,LB,"https://static.www.nfl.com/image/private/f_auto,q_auto/league/owwicdfynajnrzvnpjsn",2017,REG,CHI,2,0,0,0,0,0,0,0,0,0,0,0,0,,,0,,0,0,0,0,0,0,0,0,0,0,,0,0,0,0,0,0,0,0,0,0,0,0,0,0,,0,0,0,0,0,,0,0,0,0,5,0,0,0,0,0,0,0,0,0,0,0,0,0,0,0,0,0,1,0,0,0,0,0,0,0,0,0,0,0,0,0,0,0,0,0,,,0,0,0,0,0,0,0,0,0,0,0,0,,,,0,0,0,0,0,0,0,,0,0,0,0,,0,0,,0,0,0,0,0,0,0,0,0,0,0,0
00-0033642,B.Bello,B.J. Bello,LB,LB,"https://static.www.nfl.com/image/private/f_auto,q_auto/league/qcodwdsis92iva0h2wft",2017,REG,CLE,7,0,0,0,0,0,0,0,0,0,0,0,0,,,0,,0,0,0,0,0,0,0,0,0,0,,0,0,0,0,0,0,0,0,0,0,0,0,0,0,,0,0,0,0,0,,0,0,0,0,5,0,1,0,0,0,0,0,1,0,0,0,0,0,0,0,0,0,0,0,0,2,9,0,0,0,0,0,0,0,0,0,0,0,0,0,,,0,0,0,0,0,0,0,0,0,0,0,0,,,,0,0,0,0,0,0,0,,0,0,0,0,,0,0,,0,0,0,0,0,0,0,0,0,0,0,0
00-0033649,K.Nacua,Kai Nacua,DB,DB,"https://static.www.nfl.com/image/private/f_auto,q_auto/league/vdesbkgnajybqizumaww",2017,REG,CLE,5,0,0,0,0,0,0,0,0,0,0,0,0,,,0,,0,0,0,0,0,0,0,0,0,0,,0,0,0,0,0,0,0,0,0,0,0,0,0,0,,0,0,0,0,0,,0,0,0,0,12,0,2,0,0,0,0,0,1,0,0,0,0,0,0,0,0,0,0,0,0,1,15,0,0,0,0,0,0,0,0,0,0,0,0,0,,,0,0,0,0,0,0,0,0,0,0,0,0,,,,0,0,0,0,0,0,0,,0,0,0,0,,0,0,,0,0,0,0,0,0,0,0,0,0,0,0
00-0033659,J.Jones,Joe Jones,LB,LB,"https://static.www.nfl.com/image/private/f_auto,q_auto/league/sxvgaf3z5h6n9kb9rs5y",2017,REG,DEN,3,0,0,0,0,0,0,0,0,0,0,0,0,,,0,,0,0,0,0,0,0,0,0,0,0,,0,0,0,0,0,0,0,0,0,0,0,0,0,0,,0,0,0,0,0,,0,0,0,0,4,0,0,0,0,0,0,0,0,0,0,0,0,0,0,0,0,0,0,0,0,0,0,0,0,0,0,0,0,0,0,0,0,0,0,0,,,0,0,0,0,0,0,0,0,0,0,0,0,,,,0,0,0,0,0,0,0,,0,0,0,0,,0,0,,0,0,0,0,0,0,0,0,0,0,0,0
00-0033661,L.Neal,Lewis Neal,DE,DL,"https://static.www.nfl.com/image/private/f_auto,q_auto/league/or8oifknr02amxvfizjm",2017,REG,DAL,5,0,0,0,0,0,0,0,0,0,0,0,0,,,0,,0,0,0,0,0,0,0,0,0,0,,0,0,0,0,0,0,0,0,0,0,0,0,0,0,,0,0,0,0,0,,0,0,0,0,3,0,5,1,2,0,0,0,2,0,0,0,0,0,0,0,0,0,0,0,0,0,0,0,0,0,0,0,0,0,0,0,0,0,0,0,,,0,0,0,0,0,0,0,0,0,0,0,0,,,,0,0,0,0,0,0,0,,0,0,0,0,,0,0,,0,0,0,0,0,0,0,0,0,0,0,0
00-0033662,C.Rush,Cooper Rush,QB,QB,"https://static.www.nfl.com/image/upload/f_auto,q_auto/league/mwrtykpswz7nbfisqlmj",2017,REG,DAL,2,1,3,2,0,0,0,0,0,0,1,6,0,-4.33477132365806,-39.2009178797404,0,2,0,0,0,0,2,13,0,0,0,1,-2.8594975725282,0,1,1,0,0,0,0,0,0,0,0,0,0,0,,0,0,0,0,0,,0,0,0,0,0,0,0,0,0,0,0,0,0,0,0,0,0,0,0,0,0,0,0,0,0,0,0,0,0,0,0,0,0,0,0,0,0,0,0,0,,,0,0,0,0,0,0,0,0,0,0,0,0,,,,0,0,0,0,0,0,0,,0,0,0,0,,0,0,,0,0,0,0,0,0,0,0,0,0,1.38,1.38
00-0033668,T.Jarrett,Tyrique Jarrett,DT,DL,"https://static.www.nfl.com/image/private/f_auto,q_auto/league/hngvbekvzu3yufkxc6pr",2017,REG,DEN,1,0,0,0,0,0,0,0,0,0,0,0,0,,,0,,0,0,0,0,0,0,0,0,0,0,,0,0,0,0,0,0,0,0,0,0,0,0,0,0,,0,0,0,0,0,,0,0,0,0,0,0,1,0,0,0,0,0,0,0,0,0,0,0,0,0,0,0,0,0,0,0,0,0,0,0,0,0,0,0,0,0,0,0,0,0,,,0,0,0,0,0,0,0,0,0,0,0,0,,,,0,0,0,0,0,0,0,,0,0,0,0,,0,0,,0,0,0,0,0,0,0,0,0,0,0,0
00-0033671,M.Rios,Marcus Rios,CB,DB,"https://static.www.nfl.com/image/private/f_auto,q_auto/league/mlamkfsk8aoabpky98nq",2017,REG,DEN,3,0,0,0,0,0,0,0,0,0,0,0,0,,,0,,0,0,0,0,0,0,0,0,0,0,,0,0,0,0,0,0,0,0,0,0,0,0,0,0,,0,0,0,0,0,,0,0,0,0,5,0,0,0,0,0,0,0,0,0,0,1,0,0,0,0,0,0,0,0,0,1,5,0,0,0,0,0,0,0,0,0,0,0,0,0,,,0,0,0,0,0,0,0,0,0,0,0,0,,,,0,0,0,0,0,0,0,,0,0,0,0,,0,0,,0,0,0,0,0,0,0,0,0,0,0,0
00-0033675,Dy.Thomas,Dymonte Thomas,DB,DB,"https://static.www.nfl.com/image/private/f_auto,q_auto/league/yagsyf7snulkeqjf4vvz",2017,REG,DEN,2,0,0,0,0,0,0,0,0,0,0,0,0,,,0,,0,0,0,0,0,0,0,0,0,0,,0,0,0,0,0,0,0,0,0,0,0,0,0,0,,0,0,0,0,0,,0,0,0,0,4,0,4,0,0,0,0,0,0,0,0,0,0,0,0,0,0,0,0,0,0,0,0,0,0,0,0,0,0,0,0,0,0,0,0,0,,,0,0,0,0,0,0,0,0,0,0,0,0,,,,0,0,0,0,0,0,0,,0,0,0,0,,0,0,,0,0,0,0,0,0,0,0,0,0,0,0
00-0033678,J.Garcia-Williams,Jerrol Garcia-Williams,LB,LB,"https://static.www.nfl.com/image/private/f_auto,q_auto/league/sgjg6z0xguy93r73loud",2017,REG,DEN,4,0,0,0,0,0,0,0,0,0,0,0,0,,,0,,0,0,0,0,0,0,0,0,0,0,,0,0,0,0,0,0,0,0,0,0,0,0,0,0,,0,0,0,0,0,,0,0,0,0,2,0,0,0,0,0,0,0,0,0,0,0,0,0,0,0,0,0,0,0,0,3,22,0,0,0,0,0,0,0,0,0,0,0,0,0,,,0,0,0,0,0,0,0,0,0,0,0,0,,,,0,0,0,0,0,0,0,,0,0,0,0,,0,0,,0,0,0,0,0,0,0,0,0,0,0,0
00-0033681,K.Cole,Keelan Cole,WR,WR,"https://static.www.nfl.com/image/private/f_auto,q_auto/league/djdjurxk3b6y347zirvz",2017,REG,JAX,16,0,0,0,0,0,0,0,0,0,0,0,0,,,0,,0,0,0,0,0,0,0,0,0,0,,0,0,0,0,0,42,83,748,3,2,1,1038,299,32,2.83198045882352,0,28,13,11,4,0.720616570327553,0.160541586073501,0.253232495730666,0.418075126121718,0,2,0,0,0,0,0,0,0,0,0,0,0,0,0,0,0,1,0,0,0,0,2,15,2,0,1,2,1,0,0,2,26,0,0,0,0,,,0,0,0,0,0,0,0,0,0,0,0,0,,,,0,0,0,0,0,0,0,,0,0,0,0,,0,0,,0,0,0,0,0,0,0,0,0,0,90.8,132.8
00-0033693,C.Phillips,Carroll Phillips,DE,DL,"https://static.www.nfl.com/image/private/f_auto,q_auto/league/ovrd2ovwq8yrfntnjgi4",2017,REG,JAX,1,0,0,0,0,0,0,0,0,0,0,0,0,,,0,,0,0,0,0,0,0,0,0,0,0,,0,0,0,0,0,0,0,0,0,0,0,0,0,0,,0,0,0,0,0,,0,0,0,0,0,0,0,0,0,0,0,0,0,0,0,0,0,0,0,0,0,0,0,0,0,1,15,0,0,0,0,0,0,0,0,0,0,0,0,0,,,0,0,0,0,0,0,0,0,0,0,0,0,,,,0,0,0,0,0,0,0,,0,0,0,0,,0,0,,0,0,0,0,0,0,0,0,0,0,0,0
00-0033697,M.Davis,Michael Davis,CB,DB,"https://static.www.nfl.com/image/upload/f_auto,q_auto/league/bh8fcv8fcihcx1munujm",2017,REG,LAC,13,0,0,0,0,0,0,0,0,0,0,0,0,,,0,,0,0,0,0,0,0,0,0,0,0,,0,0,0,0,0,0,0,0,0,0,0,0,0,0,,0,0,0,0,0,,0,0,0,0,12,2,4,0,0,0,0,0,0,0,0,1,0,0,0,0,0,0,0,0,0,1,5,0,0,0,0,0,0,0,2,36,0,0,0,0,,,0,0,0,0,0,0,0,0,0,0,0,0,,,,0,0,0,0,0,0,0,,0,0,0,0,,0,0,,0,0,0,0,0,0,0,0,0,0,0,0
00-0033699,A.Ekeler,Austin Ekeler,RB,RB,"https://static.www.nfl.com/image/upload/f_auto,q_auto/league/sldndpn2zwt4uhkj2zks",2017,REG,LAC,14,0,0,0,0,0,0,0,0,0,0,0,0,,,0,,0,0,0,0,47,260,2,1,1,12,0.171488608029904,0,7,4,3,0,27,35,279,3,1,1,40,246,12,4.57121771743783,0,13,4,3,0,6.975,0.0610820244328098,0.00836820083682008,0.0974807772349887,0,13,2,4,0,0,0,0,0,0,0,0,0,0,0,0,0,0,0,0,0,0,0,0,2,0,0,2,2,0,0,5,85,0,0,0,0,,,0,0,0,0,0,0,0,0,0,0,0,0,,,,0,0,0,0,0,0,0,,0,0,0,0,,0,0,,0,0,0,0,0,0,0,0,0,0,79.9,106.9
00-0033700,N.Harris,Nigel Harris,LB,LB,"https://static.www.nfl.com/image/private/f_auto,q_auto/league/yesowlqmb1bvwwhh3jpr",2017,REG,NYG,6,0,0,0,0,0,0,0,0,0,0,0,0,,,0,,0,0,0,0,0,0,0,0,0,0,,0,0,0,0,0,0,0,0,0,0,0,0,0,0,,0,0,0,0,0,,0,0,0,0,3,6,3,0,0,0,0,0,0,0,0,0,0,0,0,0,0,0,0,0,0,0,0,0,0,0,0,0,0,0,0,0,0,0,0,0,,,0,0,0,0,0,0,0,0,0,0,0,0,,,,0,0,0,0,0,0,0,,0,0,0,0,,0,0,,0,0,0,0,0,0,0,0,0,0,0,0
00-0033702,Y.Koo,Younghoe Koo,K,SPEC,"https://static.www.nfl.com/image/upload/f_auto,q_auto/league/d6k1yzhzj3mikcheisnm",2017,REG,LAC,4,0,0,0,0,0,0,0,0,0,0,0,0,,,0,,0,0,0,0,0,0,0,0,0,0,,0,0,0,0,0,0,0,0,0,0,0,0,0,0,,0,0,0,0,0,,0,0,0,0,0,0,0,0,0,0,0,0,0,0,0,0,0,0,0,0,0,0,0,0,0,0,0,0,0,0,0,0,0,0,0,0,3,6,2,1,41,0.5,0,2,0,1,0,0,0,0,0,2,0,0,41;29;28,43;44,44,98,87,44,9,9,0,0,1,0,1,1,0,44,0,0,,0,0,0,0,0,0,0,0,0,0,0,0
00-0033704,J.Onwualu,James Onwualu,LB,LB,"https://static.www.nfl.com/image/private/f_auto,q_auto/league/zttnrevngwfvoyf0semh",2017,REG,LAC,6,0,0,0,0,0,0,0,0,0,0,0,0,,,0,,0,0,0,0,0,0,0,0,0,0,,0,0,0,0,0,0,0,0,0,0,0,0,0,0,,0,0,0,0,0,,0,0,0,0,5,1,2,0,0,0,0,0,0,0,0,0,0,0,0,0,0,0,0,0,0,0,0,0,0,0,0,0,0,0,0,0,0,0,0,0,,,0,0,0,0,0,0,0,0,0,0,0,0,,,,0,0,0,0,0,0,0,,0,0,0,0,,0,0,,0,0,0,0,0,0,0,0,0,0,0,0
00-0033716,C.Munson,Calvin Munson,LB,LB,"https://static.www.nfl.com/image/private/f_auto,q_auto/league/gsavlqgk7u4z9pobxxwo",2017,REG,NYG,13,0,0,0,0,0,0,0,0,0,0,0,0,,,0,,0,0,0,0,0,0,0,0,0,0,,0,0,0,0,0,0,0,0,0,0,0,0,0,0,,0,0,0,0,0,,0,0,0,0,23,13,24,3,9,1,2,5,2,0,0,0,0,0,0,0,0,0,0,0,0,1,10,0,0,0,0,0,0,0,0,0,0,0,0,0,,,0,0,0,0,0,0,0,0,0,0,0,0,,,,0,0,0,0,0,0,0,,0,0,0,0,,0,0,,0,0,0,0,0,0,0,0,0,0,0,0
00-0033717,T.Rudolph,Travis Rudolph,WR,WR,"https://static.www.nfl.com/image/private/f_auto,q_auto/league/o0iahve7ehmall8yuskh",2017,REG,NYG,6,0,0,0,0,0,0,0,0,0,0,0,0,,,0,,0,0,0,0,0,0,0,0,0,0,,0,0,0,0,0,8,21,101,0,0,0,168,43,4,-8.48487622763775,0,4,2,1,0,0.601190476190476,0.0348258706467662,0.0382600774311091,0.0790208601719256,0,1,0,0,0,0,0,0,0,0,0,0,0,0,0,0,0,0,0,0,0,0,0,0,0,0,0,0,0,0,0,0,0,0,0,0,0,,,0,0,0,0,0,0,0,0,0,0,0,0,,,,0,0,0,0,0,0,0,,0,0,0,0,,0,0,,0,0,0,0,0,0,0,0,0,0,10.1,18.1
00-0033719,S.Smith,Shane Smith,FB,RB,"https://static.www.nfl.com/image/private/f_auto,q_auto/league/umxhqumkqcogte0rt8b8",2017,REG,NYG,4,0,0,0,0,0,0,0,0,0,0,0,0,,,0,,0,0,0,0,0,0,0,0,0,0,,0,0,0,0,0,0,0,0,0,0,0,0,0,0,,0,0,0,0,0,,0,0,0,0,3,1,1,1,11,0,0,0,0,0,0,0,0,0,0,0,0,0,0,0,0,0,0,0,0,0,0,0,0,0,0,0,0,0,0,0,,,0,0,0,0,0,0,0,0,0,0,0,0,,,,0,0,0,0,0,0,0,,0,0,0,0,,0,0,,0,0,0,0,0,0,0,0,0,0,0,0
00-0033725,C.Clement,Corey Clement,RB,RB,"https://static.www.nfl.com/image/private/f_auto,q_auto/league/rrbdxl0frmnyr1qcgexd",2017,REG,PHI,15,0,0,0,0,0,0,0,0,0,0,0,0,,,0,,0,0,0,0,74,321,4,0,0,19,5.18181690626675,1,10,6,2,0,10,15,123,2,0,0,-5,128,6,8.96283542684255,0,5,3,3,0,-24.6,0.0269784172661871,-0.000947149081265391,0.0398046215423948,0,4,0,2,0,0,0,0,0,0,0,0,0,0,0,0,0,1,0,0,0,0,0,0,0,0,0,0,0,0,0,2,49,0,0,0,0,,,0,0,0,0,0,0,0,0,0,0,0,0,,,,0,0,0,0,0,0,0,,0,0,0,0,,0,0,,0,0,0,0,0,0,0,0,0,0,82.4,92.4
00-0033738,O.Peters,Otha Peters,LB,LB,"https://static.www.nfl.com/image/private/f_auto,q_auto/league/vq6tnfum29terdoe0axo",2017,REG,WAS,3,0,0,0,0,0,0,0,0,0,0,0,0,,,0,,0,0,0,0,0,0,0,0,0,0,,0,0,0,0,0,0,0,0,0,0,0,0,0,0,,0,0,0,0,0,,0,0,0,0,1,1,1,0,0,0,0,0,0,0,0,0,0,0,0,0,0,0,0,0,0,0,0,0,0,0,0,0,0,0,0,0,0,0,0,0,,,0,0,0,0,0,0,0,0,0,0,0,0,,,,0,0,0,0,0,0,0,,0,0,0,0,,0,0,,0,0,0,0,0,0,0,0,0,0,0,0
00-0033744,C.Wheeler,Chad Wheeler,OT,OL,"https://static.www.nfl.com/image/private/f_auto,q_auto/league/jfvbmxmv1f8as1u3ai7x",2017,REG,NYG,1,0,0,0,0,0,0,0,0,0,0,0,0,,,0,,0,0,0,0,0,0,0,0,0,0,,0,0,0,0,0,0,0,0,0,0,0,0,0,0,,0,0,0,0,0,,0,0,0,0,1,0,0,0,0,0,0,0,0,0,0,0,0,0,0,0,0,0,0,0,0,0,0,0,0,0,0,0,0,0,0,0,0,0,0,0,,,0,0,0,0,0,0,0,0,0,0,0,0,,,,0,0,0,0,0,0,0,,0,0,0,0,,0,0,,0,0,0,0,0,0,0,0,0,0,0,0
00-0033746,A.Barrett,Alex Barrett,DE,DL,"https://static.www.nfl.com/image/upload/f_auto,q_auto/league/ckui91mrqawzzbz9jjxa",2017,REG,DET,1,0,0,0,0,0,0,0,0,0,0,0,0,,,0,,0,0,0,0,0,0,0,0,0,0,,0,0,0,0,0,0,0,0,0,0,0,0,0,0,,0,0,0,0,0,,0,0,0,0,0,0,1,0,0,0,0,0,0,0,0,0,0,0,0,0,0,0,0,0,0,0,0,0,0,0,0,0,0,0,0,0,0,0,0,0,,,0,0,0,0,0,0,0,0,0,0,0,0,,,,0,0,0,0,0,0,0,,0,0,0,0,,0,0,,0,0,0,0,0,0,0,0,0,0,0,0
00-0033748,T.Green,Tion Green,RB,RB,"https://static.www.nfl.com/image/private/f_auto,q_auto/league/i7qsig5m3dmdkubkl97k",2017,REG,DET,5,0,0,0,0,0,0,0,0,0,0,0,0,,,0,,0,0,0,0,42,165,2,0,0,9,-0.131765497702872,0,4,2,1,0,2,2,14,0,0,0,0,14,0,0.965572490356863,0,0,0,0,0,0,0.00353982300884956,0,0.00530973451327434,0,0,0,0,0,0,0,0,0,0,0,0,0,0,0,0,0,0,0,0,0,0,0,0,0,0,0,0,0,0,0,0,0,0,0,0,0,,,0,0,0,0,0,0,0,0,0,0,0,0,,,,0,0,0,0,0,0,0,,0,0,0,0,,0,0,,0,0,0,0,0,0,0,0,0,0,29.9,31.9
00-0033758,J.Valoaga,Jeremiah Valoaga,DE,DL,"https://static.www.nfl.com/image/private/f_auto,q_auto/league/qrc0wgu3aegkzcxnnjsb",2017,REG,DET,7,0,0,0,0,0,0,0,0,0,0,0,0,,,0,,0,0,0,0,0,0,0,0,0,0,,0,0,0,0,0,0,0,0,0,0,0,0,0,0,,0,0,0,0,0,,0,0,0,0,4,1,0,2,10,0,1,6,5,0,0,0,0,0,0,0,0,0,0,0,0,1,15,0,0,0,0,0,0,0,0,0,0,0,0,0,,,0,0,0,0,0,0,0,0,0,0,0,0,,,,0,0,0,0,0,0,0,,0,0,0,0,,0,0,,0,0,0,0,0,0,0,0,0,0,0,0
00-0033760,J.Davis,Justin Davis,RB,RB,"https://static.www.nfl.com/image/private/f_auto,q_auto/league/lxkhwmzny52eexsdyqnq",2017,REG,LA,1,0,0,0,0,0,0,0,0,0,0,0,0,,,0,,0,0,0,0,1,1,0,0,0,0,-0.357370262499899,0,0,0,0,0,0,0,0,0,0,0,0,0,0,,0,0,0,0,0,,0,0,0,0,0,0,0,0,0,0,0,0,0,0,0,0,0,0,0,0,0,0,0,0,0,0,0,0,0,0,0,0,0,0,0,0,0,0,0,0,,,0,0,0,0,0,0,0,0,0,0,0,0,,,,0,0,0,0,0,0,0,,0,0,0,0,,0,0,,0,0,0,0,0,0,0,0,0,0,0.1,0.1
00-0033763,E.Baylis,Evan Baylis,TE,TE,"https://static.www.nfl.com/image/private/f_auto,q_auto/league/gvuwzjpchrlbmmce3haw",2017,REG,HOU,1,0,0,0,0,0,0,0,0,0,0,0,0,,,0,,0,0,0,0,0,0,0,0,0,0,,0,0,0,0,0,0,0,0,0,0,0,0,0,0,,0,0,0,0,0,,0,0,0,0,0,0,0,0,0,0,0,0,0,0,0,0,0,0,0,0,0,0,0,0,0,1,5,0,0,0,0,0,0,0,0,0,0,0,0,0,,,0,0,0,0,0,0,0,0,0,0,0,0,,,,0,0,0,0,0,0,0,,0,0,0,0,,0,0,,0,0,0,0,0,0,0,0,0,0,0,0
00-0033765,D.Cole,Dylan Cole,LB,LB,"https://static.www.nfl.com/image/private/f_auto,q_auto/league/wgsh2du4mjwkidx86ue5",2017,REG,HOU,11,0,0,0,0,0,0,0,0,0,0,0,0,,,0,,0,0,0,0,0,0,0,0,0,0,,0,0,0,0,0,0,0,0,0,0,0,0,0,0,,0,0,0,0,0,,0,0,0,0,14,2,16,3,6,0,1,1,2,2,28,3,1,0,0,0,0,0,0,0,0,0,0,0,0,0,0,0,0,0,0,0,0,0,0,0,,,0,0,0,0,0,0,0,0,0,0,0,0,,,,0,0,0,0,0,0,0,,0,0,0,0,,0,0,,0,0,0,0,0,0,0,0,0,0,0,0
00-0033770,J.Hardee,Justin Hardee,DB,DB,"https://static.www.nfl.com/image/upload/f_auto,q_auto/league/mcsbislogexqzusejqkn",2017,REG,NO,7,0,0,0,0,0,0,0,0,0,0,0,0,,,0,,0,0,0,0,0,0,0,0,0,0,,0,0,0,0,0,0,0,0,0,0,0,0,0,0,,0,0,0,0,0,,0,0,0,1,8,0,1,0,0,0,0,0,0,0,0,0,0,0,0,7,0,0,0,0,0,2,20,0,0,0,0,0,0,0,0,0,0,0,0,0,,,0,0,0,0,0,0,0,0,0,0,0,0,,,,0,0,0,0,0,0,0,,0,0,0,0,,0,0,,0,0,0,0,0,0,0,0,0,0,6,6
00-0033771,R.Hatley,Rickey Hatley,NT,DL,"https://static.www.nfl.com/image/private/f_auto,q_auto/league/trnaj3eno9mq2pdaana4",2017,REG,BUF,1,0,0,0,0,0,0,0,0,0,0,0,0,,,0,,0,0,0,0,0,0,0,0,0,0,,0,0,0,0,0,0,0,0,0,0,0,0,0,0,,0,0,0,0,0,,0,0,0,0,1,0,0,0,0,0,0,0,0,0,0,0,0,0,0,0,0,0,0,0,0,0,0,0,0,0,0,0,0,0,0,0,0,0,0,0,,,0,0,0,0,0,0,0,0,0,0,0,0,,,,0,0,0,0,0,0,0,,0,0,0,0,,0,0,,0,0,0,0,0,0,0,0,0,0,0,0
00-0033776,G.President,Gimel President,LB,LB,"https://static.www.nfl.com/image/private/f_auto,q_auto/league/ztakfnhixsu9drlgkhcv",2017,REG,HOU,2,0,0,0,0,0,0,0,0,0,0,0,0,,,0,,0,0,0,0,0,0,0,0,0,0,,0,0,0,0,0,0,0,0,0,0,0,0,0,0,,0,0,0,0,0,,0,0,0,0,1,0,2,0,0,0,0,0,0,0,0,0,0,0,0,0,0,0,0,0,0,0,0,0,0,0,0,0,0,0,0,0,0,0,0,0,,,0,0,0,0,0,0,0,0,0,0,0,0,,,,0,0,0,0,0,0,0,,0,0,0,0,,0,0,,0,0,0,0,0,0,0,0,0,0,0,0
00-0033782,D.Walker,DeMarcus Walker,DE,DL,"https://static.www.nfl.com/image/upload/f_auto,q_auto/league/srytj7u2ver5a0lnanpg",2017,REG,DEN,7,0,0,0,0,0,0,0,0,0,0,0,0,,,0,,0,0,0,0,0,0,0,0,0,0,,0,0,0,0,0,0,0,0,0,0,0,0,0,0,,0,0,0,0,0,,0,0,0,0,6,1,0,1,7,0,1,7,5,0,0,0,0,0,0,0,0,0,0,0,0,0,0,0,0,0,0,0,0,0,0,0,0,0,0,0,,,0,0,0,0,0,0,0,0,0,0,0,0,,,,0,0,0,0,0,0,0,,0,0,0,0,,0,0,,0,0,0,0,0,0,0,0,0,0,0,0
00-0033783,A.Witherspoon,Ahkello Witherspoon,CB,DB,"https://static.www.nfl.com/image/upload/f_auto,q_auto/league/ub7code8rbhomboifmob",2017,REG,SF,12,0,0,0,0,0,0,0,0,0,0,0,0,,,0,,0,0,0,0,0,0,0,0,0,0,,0,0,0,0,0,0,0,0,0,0,0,0,0,0,,0,0,0,0,0,,0,0,0,0,26,2,4,0,0,1,0,0,0,2,42,7,0,0,0,0,0,0,0,0,0,1,5,0,0,0,0,0,0,0,0,0,0,0,0,0,,,0,0,0,0,0,0,0,0,0,0,0,0,,,,0,0,0,0,0,0,0,,0,0,0,0,,0,0,,0,0,0,0,0,0,0,0,0,0,0,0
00-0033784,E.Jackson,Eddie Jackson,FS,DB,"https://static.www.nfl.com/image/upload/f_auto,q_auto/league/ixwxc8m6qpilrwnuxfff",2017,REG,CHI,16,0,0,0,0,0,0,0,0,0,0,0,0,,,0,,0,0,0,0,0,0,0,0,0,0,,0,0,0,0,0,0,0,0,0,0,0,0,0,0,,0,0,0,0,0,,0,0,0,0,52,3,18,1,1,1,0,0,0,2,82,6,1,0,0,0,0,0,3,75,1,0,0,0,0,0,0,0,2,6,0,0,0,0,0,0,,,0,0,0,0,0,0,0,0,0,0,0,0,,,,0,0,0,0,0,0,0,,0,0,0,0,,0,0,,0,0,0,0,0,0,0,0,0,0,0,0
00-0033786,R.Glasgow,Ryan Glasgow,DT,DL,"https://static.www.nfl.com/image/private/f_auto,q_auto/league/qxyqhewjyd25spdtqojg",2017,REG,CIN,14,0,0,0,0,0,0,0,0,0,0,0,0,,,0,,0,0,0,0,0,0,0,0,0,0,,0,0,0,0,0,0,0,0,0,0,0,0,0,0,,0,0,0,0,0,,0,0,0,0,12,0,11,3,7,0,0,0,0,0,0,0,0,0,0,0,1,0,0,0,0,1,7,0,0,0,0,0,0,0,0,0,0,0,0,0,,,0,0,0,0,0,0,0,0,0,0,0,0,,,,0,0,0,0,0,0,0,,0,0,0,0,,0,0,,0,0,0,0,0,0,0,0,0,0,0,0
00-0033787,J.Elliott,Jake Elliott,K,SPEC,"https://static.www.nfl.com/image/upload/f_auto,q_auto/league/v35j7b3tofdn0kfskdhj",2017,REG,PHI,15,0,0,0,0,0,0,0,0,0,0,0,0,,,0,,0,0,0,0,0,0,0,0,0,0,,0,0,0,0,0,0,0,0,0,0,0,0,0,0,,0,0,0,0,0,,0,0,0,0,1,0,0,0,0,0,0,0,0,0,0,0,0,0,0,0,0,0,0,0,0,0,0,0,0,0,0,0,0,0,0,0,26,31,5,0,61,0.838709677419355,0,5,4,12,4,1,0,0,3,1,1,0,34;40;46;61;45;40;53;47;36;28;50;48;50;42;40;51;45;45;26;22;41;33;28;20;35;48,30;52;45;34;33,,1054,194,0,39,42,3,0,0.928571428571429,1,1,0,0,61,0,0,,0,0,0,0,0,0,0,0,0,0,0,0
00-0033788,W.Holden,Will Holden,G,OL,"https://static.www.nfl.com/image/private/f_auto,q_auto/league/piu0pe2y9rrejygsifav",2017,REG,ARI,2,0,0,0,0,0,0,0,0,0,0,0,0,,,0,,0,0,0,0,0,0,0,0,0,0,,0,0,0,0,0,0,0,0,0,0,0,0,0,0,,0,0,0,0,0,,0,0,0,0,1,0,0,0,0,0,0,0,0,0,0,0,0,0,0,0,0,0,0,0,0,1,10,0,0,0,0,0,0,0,0,0,0,0,0,0,,,0,0,0,0,0,0,0,0,0,0,0,0,,,,0,0,0,0,0,0,0,,0,0,0,0,,0,0,,0,0,0,0,0,0,0,0,0,0,0,0
00-0033790,J.Evans,Jordan Evans,OLB,LB,"https://static.www.nfl.com/image/private/f_auto,q_auto/league/aemtussu71w2bxnsvo8g",2017,REG,CIN,10,0,0,0,0,0,0,0,0,0,0,0,0,,,0,,0,0,0,0,0,0,0,0,0,0,,0,0,0,0,0,0,0,0,0,0,0,0,0,0,,0,0,0,0,0,,0,0,0,0,27,0,11,3,5,0,0,0,1,0,0,2,0,0,0,0,0,0,0,0,0,0,0,0,0,0,0,0,0,0,0,0,0,0,0,0,,,0,0,0,0,0,0,0,0,0,0,0,0,,,,0,0,0,0,0,0,0,,0,0,0,0,,0,0,,0,0,0,0,0,0,0,0,0,0,0,0
00-0033791,B.Wilson,Brandon Wilson,DB,DB,"https://static.www.nfl.com/image/private/f_auto,q_auto/league/qivxnok733r3757ruzqy",2017,REG,CIN,4,0,0,0,0,0,0,0,0,0,0,0,0,,,0,,0,0,0,0,0,0,0,0,0,0,,0,0,0,0,0,0,0,0,0,0,0,0,0,0,,0,0,0,0,0,,0,0,0,0,4,0,1,0,0,0,0,0,0,0,0,0,0,0,0,0,0,0,0,0,0,1,10,0,0,0,0,0,0,0,0,0,0,0,0,0,,,0,0,0,0,0,0,0,0,0,0,0,0,,,,0,0,0,0,0,0,0,,0,0,0,0,,0,0,,0,0,0,0,0,0,0,0,0,0,0,0
00-0033792,R. Ford,Rudy Ford,FS,DB,"https://static.www.nfl.com/image/private/f_auto,q_auto/league/lcxikptlx1eo7hom7hcu",2017,REG,ARI,5,0,0,0,0,0,0,0,0,0,0,0,0,,,0,,0,0,0,0,0,0,0,0,0,0,,0,0,0,0,0,0,0,0,0,0,0,0,0,0,,0,0,0,0,0,,0,0,0,0,4,1,0,0,0,0,0,0,0,0,0,0,0,0,0,0,0,0,0,0,0,1,10,0,0,0,0,0,0,0,0,0,0,0,0,0,,,0,0,0,0,0,0,0,0,0,0,0,0,,,,0,0,0,0,0,0,0,,0,0,0,0,,0,0,,0,0,0,0,0,0,0,0,0,0,0,0
00-0033796,M.Williams,Marquez Williams,FB,RB,"https://static.www.nfl.com/image/private/f_auto,q_auto/league/djpqgwvw0xzixqzz6b4l",2017,REG,CLE,1,0,0,0,0,0,0,0,0,0,0,0,0,,,0,,0,0,0,0,0,0,0,0,0,0,,0,0,0,0,0,0,1,0,0,0,0,1,0,0,-0.435534881427884,0,0,0,0,0,0,0.00176678445229682,0.000192752505782575,0.00278510343249303,0,0,0,0,0,0,0,0,0,0,0,0,0,0,0,0,0,0,0,0,0,0,0,0,0,0,0,0,0,0,0,0,0,0,0,0,0,,,0,0,0,0,0,0,0,0,0,0,0,0,,,,0,0,0,0,0,0,0,,0,0,0,0,,0,0,,0,0,0,0,0,0,0,0,0,0,0,0
00-0033819,J.Carter,Jamal Carter,LB,LB,"https://static.www.nfl.com/image/private/f_auto,q_auto/league/gyjxq3slaahy3ey9xp2j",2017,REG,DEN,8,0,0,0,0,0,0,0,0,0,0,0,0,,,0,,0,0,0,0,0,0,0,0,0,0,,0,0,0,0,0,0,0,0,0,0,0,0,0,0,,0,0,0,0,0,,0,0,0,0,9,0,2,0,0,0,0,0,0,0,0,1,0,0,0,0,0,0,0,0,0,2,15,0,0,0,0,0,0,0,0,0,0,0,0,0,,,0,0,0,0,0,0,0,0,0,0,0,0,,,,0,0,0,0,0,0,0,,0,0,0,0,,0,0,,0,0,0,0,0,0,0,0,0,0,0,0
00-0033826,J.Hill,Jaylen Hill,CB,DB,"https://static.www.nfl.com/image/private/f_auto,q_auto/league/bx9xoxvogvnhlbtdxhak",2017,REG,BAL,3,0,0,0,0,0,0,0,0,0,0,0,0,,,0,,0,0,0,0,0,0,0,0,0,0,,0,0,0,0,0,0,0,0,0,0,0,0,0,0,,0,0,0,0,0,,0,0,0,0,2,0,1,0,0,0,0,0,0,0,0,1,0,0,0,0,1,0,0,0,0,0,0,0,0,0,0,0,0,0,0,0,0,0,0,0,,,0,0,0,0,0,0,0,0,0,0,0,0,,,,0,0,0,0,0,0,0,,0,0,0,0,,0,0,,0,0,0,0,0,0,0,0,0,0,0,0
00-0033838,T.Edmunds,Trey Edmunds,RB,RB,"https://static.www.nfl.com/image/private/f_auto,q_auto/league/xuzfvi2xmfnlkmlbqun3",2017,REG,NO,7,0,0,0,0,0,0,0,0,0,0,0,0,,,0,,0,0,0,0,9,48,1,0,0,1,-1.47676391978633,0,1,1,1,1,0,0,0,0,0,0,0,0,0,,0,0,0,0,0,,0,0,0,0,7,0,0,0,0,0,0,0,0,0,0,0,0,0,0,0,0,0,0,0,0,1,8,0,0,0,0,0,0,0,3,65,0,0,0,0,,,0,0,0,0,0,0,0,0,0,0,0,0,,,,0,0,0,0,0,0,0,,0,0,0,0,,0,0,,0,0,0,0,0,0,0,0,0,0,10.8,10.8
00-0033839,D.Westbrook,Dede Westbrook,WR,WR,"https://static.www.nfl.com/image/private/f_auto,q_auto/league/jjlxw2ircxecpx3ipeax",2017,REG,JAX,7,0,0,0,0,0,0,0,0,0,0,0,0,,,0,,0,0,0,0,0,0,0,0,0,0,,0,0,0,0,0,27,51,339,1,1,0,609,99,15,2.89784271192219,0,15,9,6,0,0.556650246305419,0.0986460348162476,0.148572822639668,0.251970028072139,0,1,0,0,0,0,0,0,0,0,0,0,0,0,0,0,0,0,0,0,0,0,3,30,1,0,1,1,0,1,19,0,0,0,0,0,0,,,0,0,0,0,0,0,0,0,0,0,0,0,,,,0,0,0,0,0,0,0,,0,0,0,0,,0,0,,0,0,0,0,0,0,0,0,0,0,39.9,66.9
00-0033840,C.Hansen,Chad Hansen,WR,WR,"https://static.www.nfl.com/image/private/f_auto,q_auto/league/vnqylrclnnacn5lymvrk",2017,REG,NYJ,8,0,0,0,0,0,0,0,0,0,0,0,0,,,0,,0,0,0,0,0,0,0,0,0,0,,0,0,0,0,0,9,17,94,0,0,0,172,22,6,1.50832335889572,0,5,2,1,0,0.546511627906977,0.0342741935483871,0.0436437452423243,0.0819619119922076,0,2,0,0,0,0,0,0,0,0,0,0,0,0,0,0,0,0,0,0,0,0,1,10,0,0,0,0,0,0,0,0,0,0,0,0,0,,,0,0,0,0,0,0,0,0,0,0,0,0,,,,0,0,0,0,0,0,0,,0,0,0,0,,0,0,,0,0,0,0,0,0,0,0,0,0,9.4,18.4
00-0033841,B.Brown,Blair Brown,LB,LB,"https://static.www.nfl.com/image/private/f_auto,q_auto/league/wbuez5fj6artsvlzksvq",2017,REG,JAX,9,0,0,0,0,0,0,0,0,0,0,0,0,,,0,,0,0,0,0,0,0,0,0,0,0,,0,0,0,0,0,0,0,0,0,0,0,0,0,0,,0,0,0,0,0,,0,0,0,0,11,0,4,0,0,0,0.5,3,1,0,0,0,0,0,0,0,0,0,0,0,0,3,24,0,0,0,0,0,0,0,0,0,0,0,0,0,,,0,0,0,0,0,0,0,0,0,0,0,0,,,,0,0,0,0,0,0,0,,0,0,0,0,,0,0,,0,0,0,0,0,0,0,0,0,0,0,0
00-0033845,D.Hatfield,Dominique Hatfield,CB,DB,"https://static.www.nfl.com/image/private/f_auto,q_auto/league/qt7buttgbl00wgxdevvh",2017,REG,LA,5,0,0,0,0,0,0,0,0,0,0,0,0,,,0,,0,0,0,0,0,0,0,0,0,0,,0,0,0,0,0,0,0,0,0,0,0,0,0,0,,0,0,0,0,0,,0,0,0,0,4,0,1,0,0,0,0,0,0,0,0,0,0,0,0,0,0,0,0,0,0,2,15,0,0,0,0,0,0,0,0,0,0,0,0,0,,,0,0,0,0,0,0,0,0,0,0,0,0,,,,0,0,0,0,0,0,0,,0,0,0,0,,0,0,,0,0,0,0,0,0,0,0,0,0,0,0
00-0033855,C.Thompson,Chris Thompson,WR,WR,"https://static.www.nfl.com/image/private/f_auto,q_auto/league/weydydlpwwt7ort1lysk",2017,REG,HOU,12,0,0,0,0,0,0,0,0,0,0,0,0,,,0,,0,0,0,0,0,0,0,0,0,0,,0,0,0,0,0,5,6,84,0,0,0,58,30,5,6.96540874935454,0,5,2,1,0,1.44827586206897,0.0116279069767442,0.0111452728670254,0.025243551472034,0,6,0,0,0,0,0,0,0,0,0,0,0,0,2,0,0,2,0,0,0,0,2,20,1,2,0,3,0,6,39,17,369,0,0,0,0,,,0,0,0,0,0,0,0,0,0,0,0,0,,,,0,0,0,0,0,0,0,,0,0,0,0,,0,0,,0,0,0,0,0,0,0,0,0,0,8.4,13.4
00-0033856,L.Fournette,Leonard Fournette,RB,RB,"https://static.www.nfl.com/image/private/f_auto,q_auto/league/atxppoc7zqcjnbnk0awz",2017,REG,JAX,13,0,0,0,0,0,0,0,0,0,0,0,0,,,0,,0,0,0,0,268,1040,9,2,0,46,-17.3487472856638,0,18,14,4,2,36,48,302,1,0,0,17,303,15,7.54777613436418,0,13,5,2,0,17.7647058823529,0.0928433268858801,0.00414735301292998,0.142168137437871,0,1,0,0,0,0,0,0,0,0,0,0,0,0,0,0,0,2,0,0,0,0,0,0,2,0,1,2,0,0,0,0,0,0,0,0,0,,,0,0,0,0,0,0,0,0,0,0,0,0,,,,0,0,0,0,0,0,0,,0,0,0,0,,0,0,,0,0,0,0,0,0,0,0,0,0,194.2,230.2
00-0033857,J.Smith-Schuster,JuJu Smith-Schuster,WR,WR,"https://static.www.nfl.com/image/upload/f_auto,q_auto/league/fmjrhk2zt9z22uifctv0",2017,REG,PIT,14,0,0,0,0,0,0,0,0,0,0,0,0,,,0,,0,0,0,0,0,0,0,0,0,0,,0,0,0,0,0,58,79,917,7,0,0,729,430,39,53.2356654076924,0,35,19,12,6,1.25788751714678,0.135042735042735,0.139042532901011,0.29989387559481,1,4,0,0,0,0,0,0,0,0,0,0,0,0,0,0,0,0,0,0,0,0,6,60,0,0,0,0,0,0,0,9,240,0,0,0,0,,,0,0,0,0,0,0,0,0,0,0,0,0,,,,0,0,0,0,0,0,0,,0,0,0,0,,0,0,,0,0,0,0,0,0,0,0,0,0,139.7,197.7
00-0033858,J.Smith,Jonnu Smith,TE,TE,"https://static.www.nfl.com/image/upload/f_auto,q_auto/league/egd6llghj3n5wfdrqacw",2017,REG,TEN,14,0,0,0,0,0,0,0,0,0,0,0,0,,,0,,0,0,0,0,0,0,0,0,0,0,,0,0,0,0,0,18,30,157,2,0,0,200,96,5,-4.71218848554418,0,6,2,2,0,0.785,0.0619834710743802,0.0457142857142857,0.12497520661157,0,1,0,0,0,0,0,0,0,0,0,0,0,0,0,0,0,0,0,0,0,0,4,35,0,0,0,0,0,0,0,0,0,0,0,0,0,,,0,0,0,0,0,0,0,0,0,0,0,0,,,,0,0,0,0,0,0,0,,0,0,0,0,,0,0,,0,0,0,0,0,0,0,0,0,0,27.7,45.7
00-0033859,J.Malone,Josh Malone,WR,WR,"https://static.www.nfl.com/image/private/f_auto,q_auto/league/q0qpgsvrkxi4al0dkjij",2017,REG,CIN,9,0,0,0,0,0,0,0,0,0,0,0,0,,,0,,0,0,0,0,2,2,0,0,0,0,-1.31069006910548,0,0,0,0,0,6,17,63,1,0,0,272,19,3,-5.42239139977545,0,3,1,1,0,0.231617647058824,0.0348360655737705,0.0652434636603502,0.0979245229229009,0,0,0,1,0,0,0,0,0,0,0,0,0,0,0,0,0,0,0,0,0,0,0,0,0,0,0,0,0,0,0,0,0,0,0,0,0,,,0,0,0,0,0,0,0,0,0,0,0,0,,,,0,0,0,0,0,0,0,,0,0,0,0,,0,0,,0,0,0,0,0,0,0,0,0,0,12.5,18.5
00-0033860,D.Godchaux,Davon Godchaux,DT,DL,"https://static.www.nfl.com/image/upload/f_auto,q_auto/league/ggliw5fteiagipksotkk",2017,REG,MIA,15,0,0,0,0,0,0,0,0,0,0,0,0,,,0,,0,0,0,0,0,0,0,0,0,0,,0,0,0,0,0,0,0,0,0,0,0,0,0,0,,0,0,0,0,0,,0,0,0,0,23,3,14,1,4,1,0,0,3,0,0,1,0,0,0,0,0,0,0,0,0,10,55,0,0,0,0,0,0,0,0,0,0,0,0,0,,,0,0,0,0,0,0,0,0,0,0,0,0,,,,0,0,0,0,0,0,0,,0,0,0,0,,0,0,,0,0,0,0,0,0,0,0,0,0,0,0
00-0033862,Z.Gonzalez,Zane Gonzalez,K,SPEC,"https://static.www.nfl.com/image/upload/f_auto,q_auto/league/tytaxive5qhdumjqy2o2",2017,REG,CLE,16,0,0,0,0,0,0,0,0,0,0,0,0,,,0,,0,0,0,0,0,0,0,0,0,0,,0,0,0,0,0,0,0,0,0,0,0,0,0,0,,0,0,0,0,0,,0,0,0,0,0,0,0,0,0,0,0,0,0,0,0,0,0,0,0,0,0,0,0,0,0,0,0,0,0,0,0,0,0,0,0,0,15,20,5,0,54,0.75,0,5,4,4,2,0,0,0,2,2,1,0,24;38;41;31;47;54;23;23;27;21;39;35;45;48;51,48;52;39;35;43,,547,217,0,25,26,1,0,0.961538461538461,0,0,0,0,,1,0,16,16,0,1,0,0,0,0,0,0,16,0,0
00-0033868,M.Garrett,Myles Garrett,DE,DL,"https://static.www.nfl.com/image/private/f_auto,q_auto/league/y33rmtjxhgil7cjcftlc",2017,REG,CLE,11,0,0,0,0,0,0,0,0,0,0,0,0,,,0,,0,0,0,0,0,0,0,0,0,0,,0,0,0,0,0,0,0,0,0,0,0,0,0,0,,0,0,0,0,0,,0,0,0,0,19,0,12,9,60,1,7,44,18,0,0,1,0,0,0,0,0,0,1,0,0,7,35,0,0,0,0,0,0,0,0,0,0,0,0,0,,,0,0,0,0,0,0,0,0,0,0,0,0,,,,0,0,0,0,0,0,0,,0,0,0,0,,0,0,,0,0,0,0,0,0,0,0,0,0,0,0
00-0033869,M.Trubisky,Mitchell Trubisky,QB,QB,"https://static.www.nfl.com/image/upload/f_auto,q_auto/league/fw9ec0v5pn3sorobytpb",2017,REG,CHI,12,196,330,2193,7,7,31,-196,4,2,2571,987,100,-44.5220966896695,-5.38658624046419,0,0.852975495915986,100,49,24,4,41,248,2,5,1,12,1.250583665834,1,9,6,1,1,0,0,0,0,0,0,0,0,0,,0,0,0,0,0,,0,0,0,0,0,0,0,0,0,0,0,0,0,0,0,0,0,0,0,0,6,-13,0,0,0,6,30,4,6,0,10,3,0,0,0,0,0,0,0,0,,,0,0,0,0,0,0,0,0,0,0,0,0,,,,0,0,0,0,0,0,0,,0,0,0,0,,0,0,,0,0,0,0,0,0,0,0,0,0,134.52,134.52
00-0033870,S.Thomas,Solomon Thomas,DE,DL,"https://static.www.nfl.com/image/upload/f_auto,q_auto/league/pk5ozcdcbehjnw3txvu8",2017,REG,SF,14,0,0,0,0,0,0,0,0,0,0,0,0,,,0,,0,0,0,0,0,0,0,0,0,0,,0,0,0,0,0,0,0,0,0,0,0,0,0,0,,0,0,0,0,0,,0,0,0,0,27,7,7,8,23,0,3,9,11,0,0,0,0,0,0,0,0,0,1,0,0,6,30,0,0,0,0,0,0,0,0,0,0,0,0,0,,,0,0,0,0,0,0,0,0,0,0,0,0,,,,0,0,0,0,0,0,0,,0,0,0,0,,0,0,,0,0,0,0,0,0,0,0,0,0,0,0
00-0033871,C.Davis,Corey Davis,WR,WR,"https://static.www.nfl.com/image/private/f_auto,q_auto/league/hr0uv4ai1zhkn7nof2a2",2017,REG,TEN,11,0,0,0,0,0,0,0,0,0,0,0,0,,,0,,0,0,0,0,0,0,0,0,0,0,,0,0,0,0,0,34,65,375,0,1,1,745,101,17,-19.7410556205231,0,18,8,4,0,0.503355704697987,0.134297520661157,0.170285714285714,0.320646280991736,0,1,0,0,0,0,0,0,0,0,0,0,0,0,0,0,0,0,0,0,0,0,0,0,1,0,1,1,1,0,0,0,0,0,0,0,0,,,0,0,0,0,0,0,0,0,0,0,0,0,,,,0,0,0,0,0,0,0,,0,0,0,0,,0,0,,0,0,0,0,0,0,0,0,0,0,35.5,69.5
00-0033872,Ja.Adams,Jamal Adams,LB,LB,"https://static.www.nfl.com/image/upload/f_auto,q_auto/league/plodzh6kwjvhpo2mf3ie",2017,REG,NYJ,16,0,0,0,0,0,0,0,0,0,0,0,0,,,0,,0,0,0,0,0,0,0,0,0,0,,0,0,0,0,0,0,0,0,0,0,0,0,0,0,,0,0,0,0,0,,0,0,0,0,60,3,20,9,30,1,2,18,2,0,0,6,0,0,0,0,0,0,2,0,0,3,44,0,0,0,0,0,0,0,0,0,0,0,0,0,,,0,0,0,0,0,0,0,0,0,0,0,0,,,,0,0,0,0,0,0,0,,0,0,0,0,,0,0,,0,0,0,0,0,0,0,0,0,0,0,0
00-0033873,P.Mahomes,Patrick Mahomes,QB,QB,"https://static.www.nfl.com/image/upload/f_auto,q_auto/league/iireqbn32cpg9fn4sfy7",2017,REG,KC,1,22,35,284,0,1,2,-15,0,0,261,174,14,7.88887747811473,3.06549786644823,0,1.08812260536398,14,5,2,1,7,10,0,0,0,0,-2.46916182464338,0,0,0,0,0,0,0,0,0,0,0,0,0,0,,0,0,0,0,0,,0,0,0,0,0,0,0,0,0,0,0,0,0,0,0,0,0,0,0,0,1,0,0,0,0,0,0,0,0,0,0,0,0,0,0,0,0,0,0,0,,,0,0,0,0,0,0,0,0,0,0,0,0,,,,0,0,0,0,0,0,0,,0,0,0,0,,0,0,,0,0,0,0,0,0,0,0,0,0,10.36,10.36
00-0033874,M.Lattimore,Marshon Lattimore,CB,DB,"https://static.www.nfl.com/image/upload/f_auto,q_auto/league/z4npwlwl5teozc1lp8ky",2017,REG,NO,13,0,0,0,0,0,0,0,0,0,0,0,0,,,0,,0,0,0,0,0,0,0,0,0,0,,0,0,0,0,0,0,0,0,0,0,0,0,0,0,,0,0,0,0,0,,0,0,0,0,43,0,9,1,4,1,0,0,0,5,85,18,1,0,0,0,1,0,0,0,0,5,30,0,0,0,0,0,0,0,0,0,0,0,0,0,,,0,0,0,0,0,0,0,0,0,0,0,0,,,,0,0,0,0,0,0,0,,0,0,0,0,,0,0,,0,0,0,0,0,0,0,0,0,0,0,0
00-0033875,H.Reddick,Haason Reddick,OLB,LB,"https://static.www.nfl.com/image/upload/f_auto,q_auto/league/to1hxe921e7wc8rarebt",2017,REG,ARI,16,0,0,0,0,0,0,0,0,0,0,0,0,,,0,,0,0,0,0,0,0,0,0,0,0,,0,0,0,0,0,0,0,0,0,0,0,0,0,0,,0,0,0,0,0,,0,0,0,0,22,1,13,4,16,2,2.5,14,6,0,0,0,0,0,0,0,0,0,0,0,0,2,11,0,0,0,0,0,0,0,0,0,0,0,0,0,,,0,0,0,0,0,0,0,0,0,0,0,0,,,,0,0,0,0,0,0,0,,0,0,0,0,,0,0,,0,0,0,0,0,0,0,0,0,0,0,0
00-0033876,D.Barnett,Derek Barnett,DE,DL,"https://static.www.nfl.com/image/upload/f_auto,q_auto/league/eh9ienpeakbbr9mw4vlm",2017,REG,PHI,13,0,0,0,0,0,0,0,0,0,0,0,0,,,0,,0,0,0,0,0,0,0,0,0,0,,0,0,0,0,0,0,0,0,0,0,0,0,0,0,,0,0,0,0,0,,0,0,0,0,14,4,3,7,38,1,5,49.5,16,0,0,0,0,0,0,8,0,0,2,23,1,4,36,0,0,0,0,0,0,0,0,0,0,0,0,0,,,0,0,0,0,0,0,0,0,0,0,0,0,,,,0,0,0,0,0,0,0,,0,0,0,0,,0,0,,0,0,0,0,0,0,0,0,0,0,0,0
00-0033877,M.Hooker,Malik Hooker,FS,DB,"https://static.www.nfl.com/image/upload/f_auto,q_auto/league/juvd0vtnne04b8fbqaf6",2017,REG,IND,7,0,0,0,0,0,0,0,0,0,0,0,0,,,0,,0,0,0,0,0,0,0,0,0,0,,0,0,0,0,0,0,0,0,0,0,0,0,0,0,,0,0,0,0,0,,0,0,0,0,16,0,6,0,0,0,0,0,0,3,73,4,0,0,0,0,0,0,0,0,0,1,1,0,0,0,0,0,0,0,0,0,0,0,0,0,,,0,0,0,0,0,0,0,0,0,0,0,0,,,,0,0,0,0,0,0,0,,0,0,0,0,,0,0,,0,0,0,0,0,0,0,0,0,0,0,0
00-0033878,A.Jackson,Adoree' Jackson,CB,DB,"https://static.www.nfl.com/image/upload/f_auto,q_auto/league/jtskiyzkosuajjatls72",2017,REG,TEN,16,0,0,0,0,0,0,0,0,0,0,0,0,,,0,,0,0,0,0,5,55,0,0,0,3,3.48962006880902,0,3,3,2,0,0,1,0,0,0,0,8,0,0,-2.80372785881627,0,0,0,0,0,0,0.00206611570247934,0.00182857142857143,0.00437917355371901,0,61,0,9,1,1,3,0,0,0,0,0,17,0,1,0,0,0,0,0,0,0,6,94,1,0,0,1,1,34,290,25,578,0,0,0,0,,,0,0,0,0,0,0,0,0,0,0,0,0,,,,0,0,0,0,0,0,0,,0,0,0,0,,0,0,,0,0,0,0,0,0,0,0,0,0,5.5,5.5
00-0033879,O.Howard,O.J. Howard,TE,TE,"https://static.www.nfl.com/image/private/f_auto,q_auto/league/usf4x1xgc8bqnuaewkp2",2017,REG,TB,13,0,0,0,0,0,0,0,0,0,0,0,0,,,0,,0,0,0,0,0,0,0,0,0,0,,0,0,0,0,0,26,39,432,6,3,2,456,152,19,17.0100679077441,0,18,13,9,1,0.947368421052632,0.0654362416107383,0.0738820479585224,0.149871795987073,0,1,0,0,0,0,0,0,0,0,0,0,0,0,0,0,0,1,0,0,0,0,2,20,3,0,0,3,2,0,0,0,0,0,0,0,0,,,0,0,0,0,0,0,0,0,0,0,0,0,,,,0,0,0,0,0,0,0,,0,0,0,0,,0,0,,0,0,0,0,0,0,0,0,0,0,75.2,101.2
00-0033880,C.Harris,Charles Harris,LB,LB,"https://static.www.nfl.com/image/upload/f_auto,q_auto/league/xssxsqkbd4osqsrbtxr5",2017,REG,MIA,15,0,0,0,0,0,0,0,0,0,0,0,0,,,0,,0,0,0,0,0,0,0,0,0,0,,0,0,0,0,0,0,0,0,0,0,0,0,0,0,,0,0,0,0,0,,0,0,0,0,12,3,4,3,12,0,2,11,12,0,0,2,0,0,0,0,0,0,1,0,0,1,5,0,0,0,0,0,0,0,0,0,0,0,0,0,,,0,0,0,0,0,0,0,0,0,0,0,0,,,,0,0,0,0,0,0,0,,0,0,0,0,,0,0,,0,0,0,0,0,0,0,0,0,0,0,0
00-0033881,E.Engram,Evan Engram,TE,TE,"https://static.www.nfl.com/image/upload/f_auto,q_auto/league/vsrjso6phkjqki88qw9y",2017,REG,NYG,15,0,0,0,0,0,0,0,0,0,0,0,0,,,0,,0,0,0,0,1,14,0,0,0,1,1.00191198545508,0,1,1,0,0,64,115,722,6,0,0,981,306,37,4.16626505346261,0,29,17,11,0,0.735983690112131,0.190713101160862,0.223411523570941,0.442457718240952,0,2,0,0,0,0,0,0,0,0,0,0,0,0,0,0,0,0,0,0,0,0,6,45,0,0,0,0,0,0,0,0,0,0,0,0,0,,,0,0,0,0,0,0,0,0,0,0,0,0,,,,0,0,0,0,0,0,0,,0,0,0,0,,0,0,,0,0,0,0,0,0,0,0,0,0,109.6,173.6
00-0033882,G.Conley,Gareon Conley,CB,DB,"https://static.www.nfl.com/image/private/f_auto,q_auto/league/dungaxnnjktt3g7m1bp1",2017,REG,LV,2,0,0,0,0,0,0,0,0,0,0,0,0,,,0,,0,0,0,0,0,0,0,0,0,0,,0,0,0,0,0,0,0,0,0,0,0,0,0,0,,0,0,0,0,0,,0,0,0,0,4,1,2,0,0,0,0,0,0,0,0,1,0,0,0,0,0,0,0,0,0,0,0,0,0,0,0,0,0,0,0,0,0,0,0,0,,,0,0,0,0,0,0,0,0,0,0,0,0,,,,0,0,0,0,0,0,0,,0,0,0,0,,0,0,,0,0,0,0,0,0,0,0,0,0,0,0
00-0033883,J.Peppers,Jabrill Peppers,FS,DB,"https://static.www.nfl.com/image/upload/f_auto,q_auto/league/ibsp6bicwpzoghc9mofe",2017,REG,CLE,13,0,0,0,0,0,0,0,0,0,0,0,0,,,0,,0,0,0,0,0,0,0,0,0,0,,0,0,0,0,0,0,0,0,0,0,0,0,0,0,,0,0,0,0,0,,0,0,0,0,42,3,13,1,11,0,0,0,0,1,0,3,0,5,0,0,1,0,0,0,0,4,72,2,3,2,5,1,30,180,14,318,0,0,0,0,,,0,0,0,0,0,0,0,0,0,0,0,0,,,,0,0,0,0,0,0,0,,0,0,0,0,,0,0,,0,0,0,0,0,0,0,0,0,0,0,0
00-0033884,T.White,Tre'Davious White,CB,DB,"https://static.www.nfl.com/image/upload/f_auto,q_auto/league/uxwbh1qimnyieywlu6ic",2017,REG,BUF,16,0,0,0,0,0,0,0,0,0,0,0,0,,,0,,0,0,0,0,0,0,0,0,0,0,,0,0,0,0,0,0,0,0,0,0,0,0,0,0,,0,0,0,0,0,,0,0,0,0,48,5,16,3,3,1,0,0,0,4,86,18,0,0,0,0,0,0,2,52,1,3,22,0,0,0,0,0,0,0,0,0,0,0,0,0,,,0,0,0,0,0,0,0,0,0,0,0,0,,,,0,0,0,0,0,0,0,,0,0,0,0,,0,0,,0,0,0,0,0,0,0,0,0,0,0,0
00-0033885,D.Njoku,David Njoku,TE,TE,"https://static.www.nfl.com/image/upload/f_auto,q_auto/league/gdwtgcfz3mxj6codxdpn",2017,REG,CLE,16,0,0,0,0,0,0,0,0,0,0,0,0,,,0,,0,0,0,0,1,1,0,0,0,0,-0.400621259352192,0,0,0,0,0,32,60,386,4,0,0,609,151,17,2.9886172007536,0,14,9,8,0,0.633825944170772,0.106007067137809,0.117386276021588,0.241180993921826,0,1,0,0,0,0,0,0,0,0,0,0,0,0,0,0,0,0,0,0,0,0,6,47,0,0,0,0,0,0,0,0,0,0,0,0,0,,,0,0,0,0,0,0,0,0,0,0,0,0,,,,0,0,0,0,0,0,0,,0,0,0,0,,0,0,,0,0,0,0,0,0,0,0,0,0,62.7,94.7
00-0033886,T.Watt,T.J. Watt,OLB,LB,"https://static.www.nfl.com/image/upload/f_auto,q_auto/league/aywegy4gpj1d32vrl67u",2017,REG,PIT,15,0,0,0,0,0,0,0,0,0,0,0,0,,,0,,0,0,0,0,0,0,0,0,0,0,,0,0,0,0,0,0,0,0,0,0,0,0,0,0,,0,0,0,0,0,,0,0,0,0,38,2,14,10,42,1,7,36,13,1,17,7,0,0,0,0,0,0,0,0,0,4,30,0,0,0,0,0,0,0,0,0,0,0,0,0,,,0,0,0,0,0,0,0,0,0,0,0,0,,,,0,0,0,0,0,0,0,,0,0,0,0,,0,0,,0,0,0,0,0,0,0,0,0,0,0,0
00-0033887,R.Foster,Reuben Foster,OLB,LB,"https://static.www.nfl.com/image/private/f_auto,q_auto/league/qfqqfifobjiyj6gko3yj",2017,REG,SF,10,0,0,0,0,0,0,0,0,0,0,0,0,,,0,,0,0,0,0,0,0,0,0,0,0,,0,0,0,0,0,0,0,0,0,0,0,0,0,0,,0,0,0,0,0,,0,0,0,0,45,14,13,6,10,0,0,0,5,0,0,1,0,0,0,0,0,0,0,0,0,0,0,0,0,0,0,0,0,0,0,0,0,0,0,0,,,0,0,0,0,0,0,0,0,0,0,0,0,,,,0,0,0,0,0,0,0,,0,0,0,0,,0,0,,0,0,0,0,0,0,0,0,0,0,0,0
00-0033888,R.Ramczyk,Ryan Ramczyk,OT,OL,"https://static.www.nfl.com/image/private/f_auto,q_auto/league/oauaar0dbefdcwjksxde",2017,REG,NO,4,0,0,0,0,0,0,0,0,0,0,0,0,,,0,,0,0,0,0,0,0,0,0,0,0,,0,0,0,0,0,0,0,0,0,0,0,0,0,0,,0,0,0,0,0,,0,0,0,0,1,0,0,0,0,0,0,0,0,0,0,0,0,0,0,0,0,0,0,0,0,4,35,0,0,0,0,0,0,0,0,0,0,0,0,0,,,0,0,0,0,0,0,0,0,0,0,0,0,,,,0,0,0,0,0,0,0,,0,0,0,0,,0,0,,0,0,0,0,0,0,0,0,0,0,0,0
00-0033889,C.Robinson,Cam Robinson,OT,OL,"https://static.www.nfl.com/image/upload/f_auto,q_auto/league/lqgjpx9ttpdhpbvswdly",2017,REG,JAX,7,0,0,0,0,0,0,0,0,0,0,0,0,,,0,,0,0,0,0,0,0,0,0,0,0,,0,0,0,0,0,0,0,0,0,0,0,0,0,0,,0,0,0,0,0,,0,0,0,0,0,0,0,0,0,0,0,0,0,0,0,0,0,0,0,0,1,0,0,0,0,9,60,0,0,0,0,0,0,0,0,0,0,0,0,0,,,0,0,0,0,0,0,0,0,0,0,0,0,,,,0,0,0,0,0,0,0,,0,0,0,0,,0,0,,0,0,0,0,0,0,0,0,0,0,0,0
00-0033890,B.Baker,Budda Baker,S,DB,"https://static.www.nfl.com/image/upload/f_auto,q_auto/league/ja3tkctpkfcschgpowoe",2017,REG,ARI,16,0,0,0,0,0,0,0,0,0,0,0,0,,,0,,0,0,0,0,0,0,0,0,0,0,,0,0,0,0,0,0,0,0,0,0,0,0,0,0,,0,0,0,0,0,,0,0,0,0,56,2,16,3,9,2,1,7,2,0,0,7,0,0,0,0,0,0,1,0,0,1,5,0,0,0,0,0,0,0,0,0,0,0,0,0,,,0,0,0,0,0,0,0,0,0,0,0,0,,,,0,0,0,0,0,0,0,,0,0,0,0,,0,0,,0,0,0,0,0,0,0,0,0,0,0,0
00-0033891,Z.Jones,Zay Jones,WR,WR,"https://static.www.nfl.com/image/upload/f_auto,q_auto/league/qihjjzfk0vwzoyrzztkq",2017,REG,BUF,14,0,0,0,0,0,0,0,0,0,0,0,0,,,0,,0,0,0,0,0,0,0,0,0,0,,0,0,0,0,0,27,74,316,2,0,0,994,63,19,-14.7582857954488,0,14,7,3,0,0.317907444668008,0.158119658119658,0.240852919796462,0.405776531037011,0,0,0,0,0,0,0,0,0,0,0,0,0,0,0,0,0,0,0,0,0,0,0,0,0,0,0,0,0,0,0,0,0,0,0,0,0,,,0,0,0,0,0,0,0,0,0,0,0,0,,,,0,0,0,0,0,0,0,,0,0,0,0,,0,0,,0,0,0,0,0,0,0,0,0,0,43.6,70.6
00-0033892,M.Maye,Marcus Maye,FS,DB,"https://static.www.nfl.com/image/upload/f_auto,q_auto/league/jkqmwuujqfh8kir8wzdq",2017,REG,NYJ,15,0,0,0,0,0,0,0,0,0,0,0,0,,,0,,0,0,0,0,0,0,0,0,0,0,,0,0,0,0,0,0,0,0,0,0,0,0,0,0,,0,0,0,0,0,,0,0,0,0,55,2,22,0,0,1,0,0,0,2,44,2,0,0,0,0,0,0,0,0,0,3,44,0,0,0,0,0,0,0,0,0,0,0,0,0,,,0,0,0,0,0,0,0,0,0,0,0,0,,,,0,0,0,0,0,0,0,,0,0,0,0,,0,0,,0,0,0,0,0,0,0,0,0,0,0,0
00-0033893,D.Cook,Dalvin Cook,RB,RB,"https://static.www.nfl.com/image/upload/f_auto,q_auto/league/uurolop9ktcloxqh4fid",2017,REG,MIN,4,0,0,0,0,0,0,0,0,0,0,0,0,,,0,,0,0,0,0,74,354,2,1,1,15,-6.19495935106534,0,8,4,4,0,11,16,90,0,0,0,-8,104,3,-2.81089928061486,0,3,2,1,0,-11.25,0.0307101727447217,-0.00199700449326011,0.0446673559718005,0,1,0,0,0,0,0,0,0,0,0,0,0,0,0,0,0,0,0,0,0,0,0,0,1,0,0,1,1,0,0,0,0,0,0,0,0,,,0,0,0,0,0,0,0,0,0,0,0,0,,,,0,0,0,0,0,0,0,,0,0,0,0,,0,0,,0,0,0,0,0,0,0,0,0,0,54.4,65.4
00-0033894,M.Williams,Marcus Williams,FS,DB,"https://static.www.nfl.com/image/upload/f_auto,q_auto/league/niqp2dje7qvlegxtsttn",2017,REG,NO,15,0,0,0,0,0,0,0,0,0,0,0,0,,,0,,0,0,0,0,0,0,0,0,0,0,,0,0,0,0,0,0,0,0,0,0,0,0,0,0,,0,0,0,0,0,,0,0,0,0,58,1,14,1,4,0,0,0,0,4,12,7,0,0,0,0,0,0,0,0,0,1,15,0,0,0,0,0,0,0,0,0,0,0,0,0,,,0,0,0,0,0,0,0,0,0,0,0,0,,,,0,0,0,0,0,0,0,,0,0,0,0,,0,0,,0,0,0,0,0,0,0,0,0,0,0,0
00-0033895,G.Everett,Gerald Everett,TE,TE,"https://static.www.nfl.com/image/upload/f_auto,q_auto/league/aayw74rhaupmfnnikzak",2017,REG,LA,14,0,0,0,0,0,0,0,0,0,0,0,0,,,0,,0,0,0,0,1,13,0,0,0,1,1.08334523951635,0,1,1,0,0,16,32,244,2,1,1,285,108,7,-1.52097801379368,0,4,4,4,2,0.856140350877193,0.0627450980392157,0.0703009373458313,0.143328303200905,0,2,0,0,0,0,0,0,0,0,0,0,0,0,0,0,0,0,0,0,0,0,2,15,1,0,0,1,1,0,0,0,0,0,0,0,0,,,0,0,0,0,0,0,0,0,0,0,0,0,,,,0,0,0,0,0,0,0,,0,0,0,0,,0,0,,0,0,0,0,0,0,0,0,0,0,35.7,51.7
00-0033896,A.Shaheen,Adam Shaheen,TE,TE,"https://static.www.nfl.com/image/private/f_auto,q_auto/league/rvj5swstfh0vf6f6w2hr",2017,REG,CHI,7,0,0,0,0,0,0,0,0,0,0,0,0,,,0,,0,0,0,0,0,0,0,0,0,0,,0,0,0,0,0,12,14,127,3,0,0,95,49,8,9.23143457767285,0,5,4,2,0,1.33684210526316,0.0299145299145299,0.0272440493260683,0.0639426294000427,0,1,0,0,0,0,0,0,0,0,0,0,0,0,0,0,0,0,0,0,0,0,2,15,0,0,0,0,0,0,0,0,0,0,0,0,0,,,0,0,0,0,0,0,0,0,0,0,0,0,,,,0,0,0,0,0,0,0,,0,0,0,0,,0,0,,0,0,0,0,0,0,0,0,0,0,30.7,42.7
00-0033897,J.Mixon,Joe Mixon,RB,RB,"https://static.www.nfl.com/image/upload/f_auto,q_auto/league/gwyhozfhjgedwdmmjjcf",2017,REG,CIN,14,0,0,0,0,0,0,0,0,0,0,0,0,,,0,,0,0,0,0,178,626,4,1,1,35,-19.2839067653986,0,17,10,2,0,30,34,287,0,2,1,-31,313,9,4.42008144655847,0,9,4,3,1,-9.25806451612903,0.069672131147541,-0.00743583593187815,0.0993031115689968,0,1,0,1,0,0,0,0,0,0,0,0,0,0,0,0,0,1,0,0,0,0,0,0,3,0,0,3,2,0,0,0,0,0,0,0,0,,,0,0,0,0,0,0,0,0,0,0,0,0,,,,0,0,0,0,0,0,0,,0,0,0,0,,0,0,,0,0,0,0,0,0,0,0,0,0,111.3,141.3
00-0033898,J.Evans,Justin Evans,S,DB,"https://static.www.nfl.com/image/private/f_auto,q_auto/league/yvwsol3k2i8tj09emubw",2017,REG,TB,14,0,0,0,0,0,0,0,0,0,0,0,0,,,0,,0,0,0,0,0,0,0,0,0,0,,0,0,0,0,0,0,0,0,0,0,0,0,0,0,,0,0,0,0,0,,0,0,0,0,46,4,16,2,2,0,0,0,0,3,28,6,0,0,0,0,0,0,0,0,0,2,10,0,0,0,0,0,0,0,0,0,0,0,0,0,,,0,0,0,0,0,0,0,0,0,0,0,0,,,,0,0,0,0,0,0,0,,0,0,0,0,,0,0,,0,0,0,0,0,0,0,0,0,0,0,0
00-0033899,D.Kizer,DeShone Kizer,QB,QB,"https://static.www.nfl.com/image/private/f_auto,q_auto/league/ajaqaaxoogjnfgxduv4u",2017,REG,CLE,15,255,476,2894,11,22,38,-226,6,5,4272,1440,130,-112.868852457418,-6.32841853385276,0,0.677434456928839,112,66,43,3,77,419,5,3,1,28,18.4157702523359,0,13,11,2,0,0,0,0,0,0,0,0,0,0,,0,0,0,0,0,,0,0,0,0,0,0,0,0,0,0,0,0,0,0,0,0,0,0,0,0,2,-11,0,0,0,3,15,6,3,0,9,6,0,0,0,0,0,0,0,0,,,0,0,0,0,0,0,0,0,0,0,0,0,,,,0,0,0,0,0,0,0,,0,0,0,0,,0,0,,0,0,0,0,0,0,0,0,0,0,175.66,175.66
00-0033900,O.Melifonwu,Obi Melifonwu,DB,DB,"https://static.www.nfl.com/image/private/f_auto,q_auto/league/fnvflr9vgtogvykzhdm4",2017,REG,LV,3,0,0,0,0,0,0,0,0,0,0,0,0,,,0,,0,0,0,0,0,0,0,0,0,0,,0,0,0,0,0,0,0,0,0,0,0,0,0,0,,0,0,0,0,0,,0,0,0,0,5,1,1,0,0,0,0,0,0,0,0,0,0,0,0,0,0,0,0,0,0,0,0,0,0,0,0,0,0,0,0,0,0,0,0,0,,,0,0,0,0,0,0,0,0,0,0,0,0,,,,0,0,0,0,0,0,0,,0,0,0,0,,0,0,,0,0,0,0,0,0,0,0,0,0,0,0
00-0033901,E.Pocic,Ethan Pocic,C,OL,"https://static.www.nfl.com/image/upload/f_auto,q_auto/league/yl6ylttfhl37pjf4iqxi",2017,REG,SEA,6,0,0,0,0,0,0,0,0,0,0,0,0,,,0,,0,0,0,0,0,0,0,0,0,0,,0,0,0,0,0,0,0,0,0,0,0,0,0,0,,0,0,0,0,0,,0,0,0,0,0,0,0,0,0,0,0,0,0,0,0,0,0,0,0,0,0,0,0,0,0,5,45,0,0,0,0,0,0,0,1,13,0,0,0,0,,,0,0,0,0,0,0,0,0,0,0,0,0,,,,0,0,0,0,0,0,0,,0,0,0,0,,0,0,,0,0,0,0,0,0,0,0,0,0,0,0
00-0033902,T.Kpassagnon,Tanoh Kpassagnon,DE,DL,"https://static.www.nfl.com/image/private/f_auto,q_auto/league/ilr1bs7qesfq7fryeetc",2017,REG,KC,6,0,0,0,0,0,0,0,0,0,0,0,0,,,0,,0,0,0,0,0,0,0,0,0,0,,0,0,0,0,0,0,0,0,0,0,0,0,0,0,,0,0,0,0,0,,0,0,0,0,8,0,6,3,20,0,2,17,2,0,0,0,0,0,0,0,0,0,0,0,0,1,18,0,0,0,0,0,0,0,0,0,0,0,0,0,,,0,0,0,0,0,0,0,0,0,0,0,0,,,,0,0,0,0,0,0,0,,0,0,0,0,,0,0,,0,0,0,0,0,0,0,0,0,0,0,0
00-0033903,J.Jones,Josh Jones,S,DB,"https://static.www.nfl.com/image/private/f_auto,q_auto/league/ywylkm98gm6vqgxq9zg5",2017,REG,GB,16,0,0,0,0,0,0,0,0,0,0,0,0,,,0,,0,0,0,0,0,0,0,0,0,0,,0,0,0,0,0,0,0,0,0,0,0,0,0,0,,0,0,0,0,0,,0,0,0,0,54,6,11,3,15,0,2,14,2,1,0,5,0,0,0,0,0,0,0,0,0,7,40,0,0,0,0,0,0,0,0,0,0,0,0,0,,,0,0,0,0,0,0,0,0,0,0,0,0,,,,0,0,0,0,0,0,0,,0,0,0,0,,0,0,,0,0,0,0,0,0,0,0,0,0,0,0
00-0033904,D.Dawkins,Dion Dawkins,OT,OL,"https://static.www.nfl.com/image/upload/f_auto,q_auto/league/wuczkzxwxypvr9ssis5h",2017,REG,BUF,5,0,0,0,0,0,0,0,0,0,0,0,0,,,0,,0,0,0,0,0,0,0,0,0,0,,0,0,0,0,0,0,0,0,0,0,0,0,0,0,,0,0,0,0,0,,0,0,0,0,0,0,0,0,0,0,0,0,0,0,0,0,0,0,0,0,2,0,0,0,0,3,30,0,0,0,0,0,0,0,0,0,0,0,0,0,,,0,0,0,0,0,0,0,0,0,0,0,0,,,,0,0,0,0,0,0,0,,0,0,0,0,,0,0,,0,0,0,0,0,0,0,0,0,0,0,0
00-0033905,L.Ogunjobi,Larry Ogunjobi,DT,DL,"https://static.www.nfl.com/image/upload/f_auto,q_auto/league/gt0gj15hsswookg40d39",2017,REG,CLE,13,0,0,0,0,0,0,0,0,0,0,0,0,,,0,,0,0,0,0,0,0,0,0,0,0,,0,0,0,0,0,0,0,0,0,0,0,0,0,0,,0,0,0,0,0,,0,0,0,0,15,2,15,4,21,0,1,7,3,0,0,0,0,0,0,0,0,0,0,0,0,2,10,0,0,0,0,0,0,0,0,0,0,0,0,0,,,0,0,0,0,0,0,0,0,0,0,0,0,,,,0,0,0,0,0,0,0,,0,0,0,0,,0,0,,0,0,0,0,0,0,0,0,0,0,0,0
00-0033906,A.Kamara,Alvin Kamara,RB,RB,"https://static.www.nfl.com/image/upload/f_auto,q_auto/league/uay6uo9lonegelngihki",2017,REG,NO,16,0,0,0,0,0,0,0,0,0,0,0,0,,,0,,0,0,0,0,120,728,8,1,1,40,30.5866500405318,1,27,18,5,1,81,100,826,5,0,0,241,683,38,37.8469434274598,0,35,20,11,1,3.42738589211618,0.189035916824197,0.0705297044190811,0.332924668329652,1,0,0,0,0,0,0,0,0,0,0,0,0,0,0,0,0,0,0,0,0,0,0,0,1,0,0,1,1,0,0,11,347,0,0,0,0,,,0,0,0,0,0,0,0,0,0,0,0,0,,,,0,0,0,0,0,0,0,,0,0,0,0,,0,0,,0,0,0,0,0,0,0,0,0,0,239.4,320.4
00-0033907,D.Smoot,Dawuane Smoot,DE,DL,"https://static.www.nfl.com/image/upload/f_auto,q_auto/league/gmwsx9fddqfaqsm6dx0a",2017,REG,JAX,14,0,0,0,0,0,0,0,0,0,0,0,0,,,0,,0,0,0,0,0,0,0,0,0,0,,0,0,0,0,0,0,0,0,0,0,0,0,0,0,,0,0,0,0,0,,0,0,0,0,13,1,6,1,1,0,0,0,5,0,0,0,0,0,0,0,0,0,0,0,0,1,5,0,0,0,0,0,0,0,0,0,0,0,0,0,,,0,0,0,0,0,0,0,0,0,0,0,0,,,,0,0,0,0,0,0,0,,0,0,0,0,,0,0,,0,0,0,0,0,0,0,0,0,0,0,0
00-0033908,C.Kupp,Cooper Kupp,WR,WR,"https://static.www.nfl.com/image/upload/f_auto,q_auto/league/lpaxi9rsedlg9sdr5quw",2017,REG,LA,15,0,1,0,0,0,0,0,0,0,-10,0,0,-0.398295828141272,-56.1665296554565,0,0,0,0,0,0,0,0,0,0,0,0,,0,0,0,0,0,62,94,869,5,1,1,808,364,42,40.9614713988166,0,36,22,12,2,1.07549504950495,0.184313725490196,0.199309324124322,0.415987115122319,0,4,0,0,0,0,0,0,0,0,0,0,0,0,0,0,0,0,0,0,0,0,2,20,1,0,0,1,1,0,0,0,0,0,0,0,0,,,0,0,0,0,0,0,0,0,0,0,0,0,,,,0,0,0,0,0,0,0,,0,0,0,0,,0,0,,0,0,0,0,0,0,0,0,0,0,114.9,176.9
00-0033909,P.Elflein,Pat Elflein,C,OL,"https://static.www.nfl.com/image/private/f_auto,q_auto/league/t5un8s4gk7guev4prq4k",2017,REG,MIN,1,0,0,0,0,0,0,0,0,0,0,0,0,,,0,,0,0,0,0,0,0,0,0,0,0,,0,0,0,0,0,0,0,0,0,0,0,0,0,0,,0,0,0,0,0,,0,0,0,0,0,0,0,0,0,0,0,0,0,0,0,0,0,0,0,0,0,0,0,0,0,1,5,0,0,0,0,0,0,0,0,0,0,0,0,0,,,0,0,0,0,0,0,0,0,0,0,0,0,,,,0,0,0,0,0,0,0,,0,0,0,0,,0,0,,0,0,0,0,0,0,0,0,0,0,0,0
00-0033910,D.Feeney,Dan Feeney,G,OL,"https://static.www.nfl.com/image/upload/f_auto,q_auto/league/uekvg3imrdcjlstbqgbz",2017,REG,LAC,1,0,0,0,0,0,0,0,0,0,0,0,0,,,0,,0,0,0,0,0,0,0,0,0,0,,0,0,0,0,0,0,0,0,0,0,0,0,0,0,,0,0,0,0,0,,0,0,0,0,0,0,0,0,0,0,0,0,0,0,0,0,0,0,0,0,0,0,0,0,0,1,10,0,0,0,0,0,0,0,0,0,0,0,0,0,,,0,0,0,0,0,0,0,0,0,0,0,0,,,,0,0,0,0,0,0,0,,0,0,0,0,,0,0,,0,0,0,0,0,0,0,0,0,0,0,0
00-0033911,T.Taylor,Taywan Taylor,WR,WR,"https://static.www.nfl.com/image/private/f_auto,q_auto/league/n0kolr3zjappzojczo5w",2017,REG,TEN,16,0,0,0,0,0,0,0,0,0,0,0,0,,,0,,0,0,0,0,8,43,0,0,0,1,0.563804447650909,0,1,1,0,0,16,28,231,1,0,0,386,54,9,1.25106898169801,0,9,5,4,2,0.598445595854922,0.0578512396694215,0.0882285714285714,0.148536859504132,0,7,0,1,0,0,0,0,0,0,0,0,0,0,0,0,0,0,0,0,0,0,0,0,0,0,0,0,0,0,0,0,0,0,0,0,0,,,0,0,0,0,0,0,0,0,0,0,0,0,,,,0,0,0,0,0,0,0,,0,0,0,0,,0,0,,0,0,0,0,0,0,0,0,0,0,33.4,49.4
00-0033912,J.Willis,Jordan Willis,DE,DL,"https://static.www.nfl.com/image/private/f_auto,q_auto/league/imwccwkvlhglwhhis6nn",2017,REG,CIN,15,0,0,0,0,0,0,0,0,0,0,0,0,,,0,,0,0,0,0,0,0,0,0,0,0,,0,0,0,0,0,0,0,0,0,0,0,0,0,0,,0,0,0,0,0,,0,0,0,0,17,0,8,4,8,0,1,4,2,0,0,0,0,0,0,0,0,0,0,0,0,1,5,0,0,0,0,0,0,0,0,0,0,0,0,0,,,0,0,0,0,0,0,0,0,0,0,0,0,,,,0,0,0,0,0,0,0,,0,0,0,0,,0,0,,0,0,0,0,0,0,0,0,0,0,0,0
00-0033913,C.Wormley,Chris Wormley,NT,DL,"https://static.www.nfl.com/image/upload/f_auto,q_auto/league/qqmbvbpitcgchhjcptve",2017,REG,BAL,4,0,0,0,0,0,0,0,0,0,0,0,0,,,0,,0,0,0,0,0,0,0,0,0,0,,0,0,0,0,0,0,0,0,0,0,0,0,0,0,,0,0,0,0,0,,0,0,0,0,5,0,0,0,0,0,0,0,1,0,0,0,0,0,0,0,0,0,0,0,0,0,0,0,0,0,0,0,0,0,0,0,0,0,0,0,,,0,0,0,0,0,0,0,0,0,0,0,0,,,,0,0,0,0,0,0,0,,0,0,0,0,,0,0,,0,0,0,0,0,0,0,0,0,0,0,0
00-0033914,A.Anzalone,Alex Anzalone,MLB,LB,"https://static.www.nfl.com/image/upload/f_auto,q_auto/league/gbqizpfxe7nsijlw4gwv",2017,REG,NO,4,0,0,0,0,0,0,0,0,0,0,0,0,,,0,,0,0,0,0,0,0,0,0,0,0,,0,0,0,0,0,0,0,0,0,0,0,0,0,0,,0,0,0,0,0,,0,0,0,0,11,0,5,1,4,0,1,4,1,0,0,1,0,0,0,0,0,0,0,0,0,1,15,0,0,0,0,0,0,0,0,0,0,0,0,0,,,0,0,0,0,0,0,0,0,0,0,0,0,,,,0,0,0,0,0,0,0,,0,0,0,0,,0,0,,0,0,0,0,0,0,0,0,0,0,0,0
00-0033915,T.Williams,Tim Williams,LB,LB,"https://static.www.nfl.com/image/private/f_auto,q_auto/league/od7irjuvkfyakwb83ewf",2017,REG,BAL,5,0,0,0,0,0,0,0,0,0,0,0,0,,,0,,0,0,0,0,0,0,0,0,0,0,,0,0,0,0,0,0,0,0,0,0,0,0,0,0,,0,0,0,0,0,,0,0,0,0,4,1,1,0,0,0,0,0,2,0,0,0,0,0,0,0,0,0,0,0,0,0,0,0,0,0,0,0,0,0,0,0,0,0,0,0,,,0,0,0,0,0,0,0,0,0,0,0,0,,,,0,0,0,0,0,0,0,,0,0,0,0,,0,0,,0,0,0,0,0,0,0,0,0,0,0,0
00-0033916,A.Stewart,ArDarius Stewart,WR,WR,"https://static.www.nfl.com/image/private/f_auto,q_auto/league/veeghpn7eg95a4yfr0uk",2017,REG,NYJ,12,0,0,0,0,0,0,0,0,0,0,0,0,,,0,,0,0,0,0,7,27,0,0,0,2,-0.657543833833188,0,1,0,0,0,6,13,82,0,0,0,112,19,2,-1.43692762678256,0,2,2,2,1,0.732142857142857,0.0262096774193548,0.0284191829484902,0.0592079441929754,0,0,0,0,0,0,0,0,0,0,0,0,0,0,0,0,0,0,0,0,0,0,1,15,0,0,0,0,0,0,0,9,173,0,0,0,0,,,0,0,0,0,0,0,0,0,0,0,0,0,,,,0,0,0,0,0,0,0,,0,0,0,0,,0,0,,0,0,0,0,0,0,0,0,0,0,10.9,16.9
00-0033917,T.Basham,Tarell Basham,LB,LB,"https://static.www.nfl.com/image/private/f_auto,q_auto/league/jdy7wcc1g0aw6ujtugbl",2017,REG,IND,6,0,0,0,0,0,0,0,0,0,0,0,0,,,0,,0,0,0,0,0,0,0,0,0,0,,0,0,0,0,0,0,0,0,0,0,0,0,0,0,,0,0,0,0,0,,0,0,0,0,4,1,2,1,14,1,2,22,4,0,0,0,0,0,0,0,0,0,0,0,0,1,5,0,0,0,0,0,0,0,1,0,0,0,0,0,,,0,0,0,0,0,0,0,0,0,0,0,0,,,,0,0,0,0,0,0,0,,0,0,0,0,,0,0,,0,0,0,0,0,0,0,0,0,0,0,0
00-0033918,F.Moreau,Fabian Moreau,CB,DB,"https://static.www.nfl.com/image/upload/f_auto,q_auto/league/osj1pbe8mj5f7h47l2op",2017,REG,WAS,8,0,0,0,0,0,0,0,0,0,0,0,0,,,0,,0,0,0,0,0,0,0,0,0,0,,0,0,0,0,0,0,0,0,0,0,0,0,0,0,,0,0,0,0,0,,0,0,0,0,6,1,7,0,0,0,0,0,0,0,0,1,0,0,0,0,0,0,0,0,0,0,0,0,0,0,0,0,0,0,0,0,0,0,0,0,,,0,0,0,0,0,0,0,0,0,0,0,0,,,,0,0,0,0,0,0,0,,0,0,0,0,,0,0,,0,0,0,0,0,0,0,0,0,0,0,0
00-0033921,C.Godwin,Chris Godwin Jr.,WR,WR,"https://static.www.nfl.com/image/upload/f_auto,q_auto/league/ilkheljdx4hbjpisulke",2017,REG,TB,15,0,0,0,0,0,0,0,0,0,0,0,0,,,0,,0,0,0,0,0,0,0,0,0,0,,0,0,0,0,0,34,55,525,1,0,0,725,169,27,23.3229133015468,0,23,14,4,1,0.724137931034483,0.0922818791946309,0.117465975372651,0.220649001552802,0,7,0,0,0,0,0,0,0,0,0,0,0,0,0,0,0,0,0,1,0,0,1,10,0,0,0,0,0,0,0,0,0,0,0,0,0,,,0,0,0,0,0,0,0,0,0,0,0,0,,,,0,0,0,0,0,0,0,,0,0,0,0,,0,0,,0,0,0,0,0,0,0,0,0,0,58.5,92.5
00-0033923,K.Hunt,Kareem Hunt,RB,RB,"https://static.www.nfl.com/image/upload/f_auto,q_auto/league/hktvzf8hiupoycyg1kmc",2017,REG,KC,16,0,0,0,0,0,0,0,0,0,0,0,0,,,0,,0,0,0,0,272,1327,8,1,1,60,3.2497811566316,0,35,26,12,3,53,63,455,3,0,0,103,411,18,17.3698826313878,0,15,6,4,1,4.41747572815534,0.119318181818182,0.0245354930919486,0.196152117891637,0,1,0,0,0,0,0,0,0,0,0,0,0,0,0,0,0,0,0,0,0,0,1,5,1,0,0,1,1,0,0,0,0,0,0,0,0,,,0,0,0,0,0,0,0,0,0,0,0,0,,,,0,0,0,0,0,0,0,,0,0,0,0,,0,0,,0,0,0,0,0,0,0,0,0,0,242.2,295.2
00-0033924,E.Vanderdoes,Eddie Vanderdoes,DT,DL,"https://static.www.nfl.com/image/private/f_auto,q_auto/league/euewfqeojuzb6kgoyqll",2017,REG,LV,13,0,0,0,0,0,0,0,0,0,0,0,0,,,0,,0,0,0,0,0,0,0,0,0,0,,0,0,0,0,0,0,0,0,0,0,0,0,0,0,,0,0,0,0,0,,0,0,0,0,12,1,5,2,4,0,0,0,2,0,0,0,0,0,0,0,0,0,0,0,0,0,0,0,0,0,0,0,0,0,0,0,0,0,0,0,,,0,0,0,0,0,0,0,0,0,0,0,0,,,,0,0,0,0,0,0,0,,0,0,0,0,,0,0,,0,0,0,0,0,0,0,0,0,0,0,0
00-0033925,D.Foreman,D'Onta Foreman,RB,RB,"https://static.www.nfl.com/image/upload/f_auto,q_auto/league/shlxaet74pmn8arznphw",2017,REG,HOU,9,0,0,0,0,0,0,0,0,0,0,0,0,,,0,,0,0,0,0,78,327,2,2,1,13,-11.0950034739799,0,5,4,3,0,6,8,83,0,0,0,14,66,4,4.15620765456697,0,2,2,2,0,5.92857142857143,0.0155038759689922,0.0026902382782475,0.0251389807482616,0,0,0,0,0,0,0,0,0,0,0,0,0,0,0,0,0,0,0,0,0,0,0,0,2,0,0,2,1,0,0,1,12,0,0,0,0,,,0,0,0,0,0,0,0,0,0,0,0,0,,,,0,0,0,0,0,0,0,,0,0,0,0,,0,0,,0,0,0,0,0,0,0,0,0,0,51,57
00-0033926,S.Griffin,Shaquill Griffin,CB,DB,"https://static.www.nfl.com/image/upload/f_auto,q_auto/league/jybewrw2vsf17rxds4tv",2017,REG,SEA,15,0,0,0,0,0,0,0,0,0,0,0,0,,,0,,0,0,0,0,0,0,0,0,0,0,,0,0,0,0,0,0,0,0,0,0,0,0,0,0,,0,0,0,0,0,,0,0,0,0,49,1,9,2,7,0,1,5,1,1,0,15,0,0,0,0,0,0,0,0,0,7,43,0,0,0,0,0,0,0,0,0,0,0,0,0,,,0,0,0,0,0,0,0,0,0,0,0,0,,,,0,0,0,0,0,0,0,,0,0,0,0,,0,0,,0,0,0,0,0,0,0,0,0,0,0,0
00-0033927,J.Johnson,John Johnson,DB,DB,"https://static.www.nfl.com/image/private/f_auto,q_auto/league/herqvjadd4i3jbhwszqt",2017,REG,LA,16,0,0,0,0,0,0,0,0,0,0,0,0,,,0,,0,0,0,0,0,0,0,0,0,0,,0,0,0,0,0,0,0,0,0,0,0,0,0,0,,0,0,0,0,0,,0,0,0,0,53,3,19,1,3,0,0,0,0,1,69,11,0,0,0,0,0,0,0,0,0,1,10,0,0,0,0,0,0,0,0,0,0,0,0,0,,,0,0,0,0,0,0,0,0,0,0,0,0,,,,0,0,0,0,0,0,0,,0,0,0,0,,0,0,,0,0,0,0,0,0,0,0,0,0,0,0
00-0033928,J.Lewis,Jourdan Lewis,CB,DB,"https://static.www.nfl.com/image/upload/f_auto,q_auto/league/tba0nqjehzlrgwtvlvvf",2017,REG,DAL,15,0,0,0,0,0,0,0,0,0,0,0,0,,,0,,0,0,0,0,0,0,0,0,0,0,,0,0,0,0,0,0,0,0,0,0,0,0,0,0,,0,0,0,0,0,,0,0,0,0,45,3,6,2,5,0,0,0,0,1,25,10,0,0,0,0,0,0,0,0,0,5,85,0,0,0,0,0,0,0,0,0,0,0,0,0,,,0,0,0,0,0,0,0,0,0,0,0,0,,,,0,0,0,0,0,0,0,,0,0,0,0,,0,0,,0,0,0,0,0,0,0,0,0,0,0,0
00-0033929,M.Adams,Montravius Adams,DT,DL,"https://static.www.nfl.com/image/upload/f_auto,q_auto/league/weqjlnkvdzbk0usa3v7i",2017,REG,GB,3,0,0,0,0,0,0,0,0,0,0,0,0,,,0,,0,0,0,0,0,0,0,0,0,0,,0,0,0,0,0,0,0,0,0,0,0,0,0,0,,0,0,0,0,0,,0,0,0,0,1,0,1,0,0,0,0,0,1,0,0,0,0,0,0,0,0,0,0,0,0,0,0,0,0,0,0,0,0,0,0,0,0,0,0,0,,,0,0,0,0,0,0,0,0,0,0,0,0,,,,0,0,0,0,0,0,0,,0,0,0,0,,0,0,,0,0,0,0,0,0,0,0,0,0,0,0
00-0033930,C.Sutton,Cameron Sutton,CB,DB,"https://static.www.nfl.com/image/upload/f_auto,q_auto/league/rykly25j9mir0ygcnrs6",2017,REG,PIT,3,0,0,0,0,0,0,0,0,0,0,0,0,,,0,,0,0,0,0,0,0,0,0,0,0,,0,0,0,0,0,0,0,0,0,0,0,0,0,0,,0,0,0,0,0,,0,0,0,0,3,1,1,0,0,0,0,0,0,0,0,1,0,0,0,0,0,0,0,0,0,0,0,0,0,0,0,0,0,0,0,0,0,0,0,0,,,0,0,0,0,0,0,0,0,0,0,0,0,,,,0,0,0,0,0,0,0,,0,0,0,0,,0,0,,0,0,0,0,0,0,0,0,0,0,0,0
00-0033931,D.Hill,Lano Hill,SAF,DB,"https://static.www.nfl.com/image/private/f_auto,q_auto/league/fcwwa6y2e84htpr9t3y6",2017,REG,SEA,7,0,0,0,0,0,0,0,0,0,0,0,0,,,0,,0,0,0,0,0,0,0,0,0,0,,0,0,0,0,0,0,0,0,0,0,0,0,0,0,,0,0,0,0,0,,0,0,0,0,3,0,2,0,0,0,0,0,0,0,0,0,0,0,0,0,0,0,0,0,0,4,38,0,0,0,0,0,0,0,0,0,0,0,0,0,,,0,0,0,0,0,0,0,0,0,0,0,0,,,,0,0,0,0,0,0,0,,0,0,0,0,,0,0,,0,0,0,0,0,0,0,0,0,0,0,0
00-0033932,K.Golladay,Kenny Golladay,WR,WR,"https://static.www.nfl.com/image/private/f_auto,q_auto/league/vck7awhkwwhui3ndgts3",2017,REG,DET,11,0,0,0,0,0,0,0,0,0,0,0,0,,,0,,0,0,0,0,1,9,0,0,0,0,0.867485547438264,0,0,0,0,0,28,48,477,3,0,0,711,181,18,16.9894770838737,0,17,8,8,5,0.670886075949367,0.0849557522123894,0.15588686691515,0.236554435159189,0,1,0,0,0,0,0,0,0,0,0,0,0,0,0,0,0,0,0,0,0,0,3,24,0,0,0,0,0,0,0,0,0,0,0,0,0,,,0,0,0,0,0,0,0,0,0,0,0,0,,,,0,0,0,0,0,0,0,,0,0,0,0,,0,0,,0,0,0,0,0,0,0,0,0,0,66.6,94.6
00-0033933,C.Williams,Chad Williams,WR,WR,"https://static.www.nfl.com/image/private/f_auto,q_auto/league/kzbc8yd4lmtr3npzai2w",2017,REG,ARI,6,0,0,0,0,0,0,0,0,0,0,0,0,,,0,,0,0,0,0,2,33,0,0,0,1,1.14294817729387,0,1,1,1,0,3,7,31,0,0,0,80,6,1,-1.77927856246242,0,1,0,0,0,0.3875,0.0118243243243243,0.0137764766660926,0.0273800201527513,0,1,0,0,0,0,0,0,0,0,0,0,0,0,0,0,0,0,0,0,0,0,1,5,0,0,0,0,0,0,0,0,0,0,0,0,0,,,0,0,0,0,0,0,0,0,0,0,0,0,,,,0,0,0,0,0,0,0,,0,0,0,0,,0,0,,0,0,0,0,0,0,0,0,0,0,6.4,9.4
00-0033934,N.Jones,Nazair Jones,DT,DL,"https://static.www.nfl.com/image/private/f_auto,q_auto/league/dhfkznm5w3iyjqtloa9f",2017,REG,SEA,10,0,0,0,0,0,0,0,0,0,0,0,0,,,0,,0,0,0,0,0,0,0,0,0,0,,0,0,0,0,0,0,0,0,0,0,0,0,0,0,,0,0,0,0,0,,0,0,0,0,9,1,9,3,19,0,2,14,4,1,24,3,0,0,0,0,0,0,1,0,0,1,15,0,0,0,0,0,0,0,0,0,0,0,0,0,,,0,0,0,0,0,0,0,0,0,0,0,0,,,,0,0,0,0,0,0,0,,0,0,0,0,,0,0,,0,0,0,0,0,0,0,0,0,0,0,0
00-0033935,T.Hendrickson,Trey Hendrickson,DE,DL,"https://static.www.nfl.com/image/upload/f_auto,q_auto/league/gfdlbzmukca60bgo3lr7",2017,REG,NO,10,0,0,0,0,0,0,0,0,0,0,0,0,,,0,,0,0,0,0,0,0,0,0,0,0,,0,0,0,0,0,0,0,0,0,0,0,0,0,0,,0,0,0,0,0,,0,0,0,0,7,0,6,2,10,1,2,15,5,0,0,2,0,0,0,0,0,0,0,0,0,0,0,0,0,0,0,0,0,0,0,0,0,0,0,0,,,0,0,0,0,0,0,0,0,0,0,0,0,,,,0,0,0,0,0,0,0,,0,0,0,0,,0,0,,0,0,0,0,0,0,0,0,0,0,0,0
00-0033936,C.Beathard,C.J. Beathard,QB,QB,"https://static.www.nfl.com/image/private/f_auto,q_auto/league/yw8euaevcvwswbx5w27w",2017,REG,SF,6,123,224,1430,4,6,19,-141,3,2,1625,654,66,-41.1098579988891,-7.12897608992201,0,0.88,56,21,16,6,26,136,3,0,0,9,6.93298135323103,0,4,2,0,0,0,0,0,0,0,0,0,0,0,,0,0,0,0,0,,0,0,0,0,1,0,0,0,0,0,0,0,0,0,0,0,0,0,0,0,1,0,0,0,0,2,16,3,0,0,3,2,0,0,0,0,0,0,0,0,,,0,0,0,0,0,0,0,0,0,0,0,0,,,,0,0,0,0,0,0,0,,0,0,0,0,,0,0,,0,0,0,0,0,0,0,0,0,0,88.8,88.8
00-0033937,A.Darboh,Amara Darboh,WR,WR,"https://static.www.nfl.com/image/private/f_auto,q_auto/league/anlwpt2bk3gozmtk90qx",2017,REG,SEA,8,0,0,0,0,0,0,0,0,0,0,0,0,,,0,,0,0,0,0,0,0,0,0,0,0,,0,0,0,0,0,8,13,71,0,0,0,157,16,2,0.958047668333165,0,3,2,0,0,0.452229299363057,0.0247148288973384,0.0288656002941717,0.0572781635519278,0,2,0,0,0,0,0,0,0,0,0,0,0,0,0,0,0,0,0,0,0,0,1,10,0,0,0,0,0,0,0,0,0,0,0,0,0,,,0,0,0,0,0,0,0,0,0,0,0,0,,,,0,0,0,0,0,0,0,,0,0,0,0,,0,0,,0,0,0,0,0,0,0,0,0,0,7.1,15.1
00-0033938,K.Beckwith,Kendell Beckwith,LB,LB,"https://static.www.nfl.com/image/private/f_auto,q_auto/league/x47jmg020ae8hmfnnxvu",2017,REG,TB,16,0,0,0,0,0,0,0,0,0,0,0,0,,,0,,0,0,0,0,0,0,0,0,0,0,,0,0,0,0,0,0,0,0,0,0,0,0,0,0,,0,0,0,0,0,,0,0,0,0,53,7,13,6,17,1,1,8,2,0,0,2,0,0,0,0,0,0,0,0,0,4,19,0,0,0,0,0,0,0,0,0,0,0,0,0,,,0,0,0,0,0,0,0,0,0,0,0,0,,,,0,0,0,0,0,0,0,,0,0,0,0,,0,0,,0,0,0,0,0,0,0,0,0,0,0,0
00-0033939,V.Biegel,Vince Biegel,LB,LB,"https://static.www.nfl.com/image/private/f_auto,q_auto/league/ms19ovndkfvblppicrvg",2017,REG,GB,9,0,0,0,0,0,0,0,0,0,0,0,0,,,0,,0,0,0,0,0,0,0,0,0,0,,0,0,0,0,0,0,0,0,0,0,0,0,0,0,,0,0,0,0,0,,0,0,0,0,10,1,5,1,2,0,0,0,0,0,0,0,0,0,0,0,0,0,0,0,0,2,15,0,0,0,0,0,0,0,0,0,0,0,0,0,,,0,0,0,0,0,0,0,0,0,0,0,0,,,,0,0,0,0,0,0,0,,0,0,0,0,,0,0,,0,0,0,0,0,0,0,0,0,0,0,0
00-0033940,J.Johnson,Jaleel Johnson,DT,DL,"https://static.www.nfl.com/image/private/f_auto,q_auto/league/vyyem0liv7khzftzcihu",2017,REG,MIN,1,0,0,0,0,0,0,0,0,0,0,0,0,,,0,,0,0,0,0,0,0,0,0,0,0,,0,0,0,0,0,0,0,0,0,0,0,0,0,0,,0,0,0,0,0,,0,0,0,0,0,0,1,0,0,0,0,0,0,0,0,0,0,0,0,0,0,0,0,0,0,0,0,0,0,0,0,0,0,0,0,0,0,0,0,0,,,0,0,0,0,0,0,0,0,0,0,0,0,,,,0,0,0,0,0,0,0,,0,0,0,0,,0,0,,0,0,0,0,0,0,0,0,0,0,0,0
00-0033941,R.Jenkins,Rayshawn Jenkins,SAF,DB,"https://static.www.nfl.com/image/upload/f_auto,q_auto/league/e3tppqrhd6bpipfn2k4z",2017,REG,LAC,11,0,0,0,0,0,0,0,0,0,0,0,0,,,0,,0,0,0,0,0,0,0,0,0,0,,0,0,0,0,0,0,0,0,0,0,0,0,0,0,,0,0,0,0,0,,0,0,0,0,6,4,3,0,0,0,0,0,1,0,0,1,0,0,0,0,0,0,0,0,0,5,50,0,0,0,0,0,0,0,0,0,0,0,0,0,,,0,0,0,0,0,0,0,0,0,0,0,0,,,,0,0,0,0,0,0,0,,0,0,0,0,,0,0,,0,0,0,0,0,0,0,0,0,0,0,0
00-0033943,J.Reynolds,Josh Reynolds,WR,WR,"https://static.www.nfl.com/image/upload/f_auto,q_auto/league/lf1fjsagcsvxmktl0bbn",2017,REG,LA,10,0,0,0,0,0,0,0,0,0,0,0,0,,,0,,0,0,0,0,0,0,0,0,0,0,,0,0,0,0,0,11,24,104,1,0,0,180,34,7,2.08134381498302,0,5,1,1,0,0.577777777777778,0.0470588235294118,0.0444005920078934,0.101668649699643,0,3,0,0,0,0,0,0,0,0,0,0,0,0,0,0,0,0,0,0,0,0,0,0,0,0,0,0,0,0,0,0,0,0,0,0,0,,,0,0,0,0,0,0,0,0,0,0,0,0,,,,0,0,0,0,0,0,0,,0,0,0,0,,0,0,,0,0,0,0,0,0,0,0,0,0,16.4,27.4
00-0033944,B.Gedeon,Ben Gedeon,OLB,LB,"https://static.www.nfl.com/image/private/f_auto,q_auto/league/ixedp7z7nxurgaksk4jk",2017,REG,MIN,15,0,0,0,0,0,0,0,0,0,0,0,0,,,0,,0,0,0,0,0,0,0,0,0,0,,0,0,0,0,0,0,0,0,0,0,0,0,0,0,,0,0,0,0,0,,0,0,0,0,22,1,14,0,0,0,0,0,0,0,0,0,0,0,0,0,0,0,0,0,0,2,20,0,0,0,0,0,0,0,0,0,0,0,0,0,,,0,0,0,0,0,0,0,0,0,0,0,0,,,,0,0,0,0,0,0,0,,0,0,0,0,,0,0,,0,0,0,0,0,0,0,0,0,0,0,0
00-0033945,S.Ebukam,Samson Ebukam,DE,DL,"https://static.www.nfl.com/image/upload/f_auto,q_auto/league/hw0ako11hlkm45wl7cfb",2017,REG,LA,13,0,0,0,0,0,0,0,0,0,0,0,0,,,0,,0,0,0,0,0,0,0,0,0,0,,0,0,0,0,0,0,0,0,0,0,0,0,0,0,,0,0,0,0,0,,0,0,0,0,25,1,5,1,11,1,2,21,4,0,0,0,0,0,0,0,0,0,0,0,0,3,17,0,0,0,0,0,0,0,0,0,0,0,0,0,,,0,0,0,0,0,0,0,0,0,0,0,0,,,,0,0,0,0,0,0,0,,0,0,0,0,,0,0,,0,0,0,0,0,0,0,0,0,0,0,0
00-0033946,D.Sharpe,David Sharpe,OT,OL,"https://static.www.nfl.com/image/upload/f_auto,q_auto/league/rrtxmvm0q570crizokhq",2017,REG,LV,2,0,0,0,0,0,0,0,0,0,0,0,0,,,0,,0,0,0,0,0,0,0,0,0,0,,0,0,0,0,0,0,0,0,0,0,0,0,0,0,,0,0,0,0,0,,0,0,0,0,1,0,0,0,0,0,0,0,0,0,0,0,0,0,0,0,0,0,0,0,0,1,10,0,0,0,0,0,0,0,0,0,0,0,0,0,,,0,0,0,0,0,0,0,0,0,0,0,0,,,,0,0,0,0,0,0,0,,0,0,0,0,,0,0,,0,0,0,0,0,0,0,0,0,0,0,0
00-0033947,D.Wise,Deatrich Wise,DE,DL,"https://static.www.nfl.com/image/upload/f_auto,q_auto/league/kmshfa3dfehklgdh1lrk",2017,REG,NE,16,0,0,0,0,0,0,0,0,0,0,0,0,,,0,,0,0,0,0,0,0,0,0,0,0,,0,0,0,0,0,0,0,0,0,0,0,0,0,0,,0,0,0,0,0,,0,0,0,0,13,3,10,5,35,0,5,38,19,0,0,1,0,0,0,0,0,0,0,0,0,4,30,0,0,0,0,0,0,0,0,0,0,0,0,0,,,0,0,0,0,0,0,0,0,0,0,0,0,,,,0,0,0,0,0,0,0,,0,0,0,0,,0,0,,0,0,0,0,0,0,0,0,0,0,0,0
00-0033948,J.Williams,Jamaal Williams,RB,RB,"https://static.www.nfl.com/image/upload/f_auto,q_auto/league/yxrxpgcwq5qwp88vqnp3",2017,REG,GB,15,0,0,0,0,0,0,0,0,0,0,0,0,,,0,,0,0,0,0,153,556,4,0,0,32,-2.22785127887619,0,6,5,1,0,25,34,262,2,0,0,51,256,12,8.03794866224052,0,8,5,3,1,5.13725490196079,0.0613718411552347,0.0124969370252389,0.100805617650519,0,3,0,0,0,0,0,0,0,0,0,0,0,0,0,0,0,0,0,0,0,0,1,10,0,0,0,0,0,0,0,0,0,0,0,0,0,,,0,0,0,0,0,0,0,0,0,0,0,0,,,,0,0,0,0,0,0,0,,0,0,0,0,,0,0,,0,0,0,0,0,0,0,0,0,0,117.8,142.8
00-0033950,W.Gallman,Wayne Gallman,RB,RB,"https://static.www.nfl.com/image/private/f_auto,q_auto/league/zrc9lbsy94hxanrf5voo",2017,REG,NYG,13,0,0,0,0,0,0,0,0,0,0,0,0,,,0,,0,0,0,0,111,476,0,3,1,19,-5.60995467674833,0,10,8,2,0,34,48,193,1,0,0,20,201,8,-12.3733913625765,0,4,0,0,0,9.65,0.0796019900497513,0.00455477112275108,0.122591324860553,0,3,2,0,0,0,0,0,0,0,0,0,0,0,0,0,0,2,0,0,0,0,2,10,3,0,0,3,1,0,0,0,0,0,0,0,0,,,0,0,0,0,0,0,0,0,0,0,0,0,,,,0,0,0,0,0,0,0,,0,0,0,0,,0,0,,0,0,0,0,0,0,0,0,0,0,70.9,104.9
00-0033951,M.Mack,Marlon Mack,RB,RB,"https://static.www.nfl.com/image/private/f_auto,q_auto/league/d3sdoo1yiey5oiyblulk",2017,REG,IND,14,0,0,0,0,0,0,0,0,0,0,0,0,,,0,,0,0,0,0,93,358,3,1,0,21,-9.17383687139954,0,12,9,6,0,21,33,225,1,0,0,-63,283,10,11.6874084423343,0,10,5,4,0,-3.57142857142857,0.0699152542372881,-0.0171288743882545,0.0928826692841541,0,0,0,0,0,0,0,0,0,0,0,0,0,0,0,0,0,0,0,0,0,0,0,0,1,0,0,1,0,0,0,3,69,0,0,0,0,,,0,0,0,0,0,0,0,0,0,0,0,0,,,,0,0,0,0,0,0,0,,0,0,0,0,,0,0,,0,0,0,0,0,0,0,0,0,0,82.3,103.3
00-0033952,G.Stewart,Grover Stewart,DT,DL,"https://static.www.nfl.com/image/upload/f_auto,q_auto/league/n9e0hbrrdvjloopiu51z",2017,REG,IND,10,0,0,0,0,0,0,0,0,0,0,0,0,,,0,,0,0,0,0,0,0,0,0,0,0,,0,0,0,0,0,0,0,0,0,0,0,0,0,0,,0,0,0,0,0,,0,0,0,0,10,2,11,1,6,0,0,0,0,0,0,0,0,0,0,0,0,0,0,0,0,2,7,0,0,0,0,0,0,0,0,0,0,0,0,0,,,0,0,0,0,0,0,0,0,0,0,0,0,,,,0,0,0,0,0,0,0,,0,0,0,0,,0,0,,0,0,0,0,0,0,0,0,0,0,0,0
00-0033954,J.Brown,Jayon Brown,ILB,LB,"https://static.www.nfl.com/image/private/f_auto,q_auto/league/dwpeyjcsc4gclpbl1abb",2017,REG,TEN,16,0,0,0,0,0,0,0,0,0,0,0,0,,,0,,0,0,0,0,0,0,0,0,0,0,,0,0,0,0,0,0,0,0,0,0,0,0,0,0,,0,0,0,0,0,,0,0,0,0,35,3,14,1,1,0,1.5,1.5,3,0,0,4,0,0,0,0,0,0,1,0,0,2,20,0,0,0,0,0,0,0,0,0,0,0,0,0,,,0,0,0,0,0,0,0,0,0,0,0,0,,,,0,0,0,0,0,0,0,,0,0,0,0,,0,0,,0,0,0,0,0,0,0,0,0,0,0,0
00-0033955,J.McNichols,Jeremy McNichols,RB,RB,"https://static.www.nfl.com/image/upload/f_auto,q_auto/league/kegqjj5pv7xidm0xwtpy",2017,REG,SF,1,0,0,0,0,0,0,0,0,0,0,0,0,,,0,,0,0,0,0,0,0,0,0,0,0,,0,0,0,0,0,0,0,0,0,0,0,0,0,0,,0,0,0,0,0,,0,0,0,0,1,0,0,0,0,0,0,0,0,0,0,0,0,0,0,0,0,0,0,0,0,0,0,0,0,0,0,0,0,0,0,0,0,0,0,0,,,0,0,0,0,0,0,0,0,0,0,0,0,,,,0,0,0,0,0,0,0,,0,0,0,0,,0,0,,0,0,0,0,0,0,0,0,0,0,0,0
00-0033956,M.Lee,Marquel Lee,MLB,LB,"https://static.www.nfl.com/image/private/f_auto,q_auto/league/izarrztjkcbs6vxulopo",2017,REG,LV,10,0,0,0,0,0,0,0,0,0,0,0,0,,,0,,0,0,0,0,0,0,0,0,0,0,,0,0,0,0,0,0,0,0,0,0,0,0,0,0,,0,0,0,0,0,,0,0,0,0,13,5,7,2,3,0,0,0,0,0,0,0,0,0,0,0,0,0,0,0,0,1,15,0,0,0,0,0,0,0,0,0,0,0,0,0,,,0,0,0,0,0,0,0,0,0,0,0,0,,,,0,0,0,0,0,0,0,,0,0,0,0,,0,0,,0,0,0,0,0,0,0,0,0,0,0,0
00-0033958,N.Peterman,Nathan Peterman,QB,QB,"https://static.www.nfl.com/image/private/f_auto,q_auto/league/owifll49p0mmsjgf7rhn",2017,REG,BUF,4,23,48,231,2,5,1,-5,0,0,416,69,13,-27.0678896618192,-10.9736763416453,0,0.555288461538462,9,3,2,0,7,23,0,2,0,1,-1.46398977632634,0,0,0,0,0,0,0,0,0,0,0,0,0,0,,0,0,0,0,0,,0,0,0,0,0,0,0,0,0,0,0,0,0,0,0,0,0,0,0,0,2,-6,0,0,0,0,0,0,2,0,2,0,0,0,0,0,0,0,0,0,,,0,0,0,0,0,0,0,0,0,0,0,0,,,,0,0,0,0,0,0,0,,0,0,0,0,,0,0,,0,0,0,0,0,0,0,0,0,0,9.54,9.54
00-0033960,D.Isidora,Danny Isidora,G,OL,"https://static.www.nfl.com/image/private/f_auto,q_auto/league/ncvwmeudxbqryshgqr6o",2017,REG,MIN,1,0,0,0,0,0,0,0,0,0,0,0,0,,,0,,0,0,0,0,0,0,0,0,0,0,,0,0,0,0,0,0,0,0,0,0,0,0,0,0,,0,0,0,0,0,,0,0,0,0,0,0,0,0,0,0,0,0,0,0,0,0,0,0,0,0,0,0,0,0,0,1,13,0,0,0,0,0,0,0,0,0,0,0,0,0,,,0,0,0,0,0,0,0,0,0,0,0,0,,,,0,0,0,0,0,0,0,,0,0,0,0,,0,0,,0,0,0,0,0,0,0,0,0,0,0,0
00-0033961,D.Donahue,Dylan Donahue,LB,LB,"https://static.www.nfl.com/image/private/f_auto,q_auto/league/umfcnioglmse3clwqdvg",2017,REG,NYJ,3,0,0,0,0,0,0,0,0,0,0,0,0,,,0,,0,0,0,0,0,0,0,0,0,0,,0,0,0,0,0,0,0,0,0,0,0,0,0,0,,0,0,0,0,0,,0,0,0,0,1,3,1,0,0,0,0,0,1,0,0,0,0,0,0,0,0,0,0,0,0,0,0,0,0,0,0,0,0,0,0,0,0,0,0,0,,,0,0,0,0,0,0,0,0,0,0,0,0,,,,0,0,0,0,0,0,0,,0,0,0,0,,0,0,,0,0,0,0,0,0,0,0,0,0,0,0
00-0033962,C.Brantley,Caleb Brantley,DT,DL,"https://static.www.nfl.com/image/private/f_auto,q_auto/league/dkvkggtbvtb0mjfbpdpm",2017,REG,CLE,10,0,0,0,0,0,0,0,0,0,0,0,0,,,0,,0,0,0,0,0,0,0,0,0,0,,0,0,0,0,0,0,0,0,0,0,0,0,0,0,,0,0,0,0,0,,0,0,0,0,12,0,6,3,17,0,2,13,2,0,0,0,0,0,0,0,0,0,1,4,0,2,10,0,0,0,0,0,0,0,0,0,0,0,0,0,,,0,0,0,0,0,0,0,0,0,0,0,0,,,,0,0,0,0,0,0,0,,0,0,0,0,,0,0,,0,0,0,0,0,0,0,0,0,0,0,0
00-0033963,T.Smart,Tanzel Smart,DT,DL,"https://static.www.nfl.com/image/upload/f_auto,q_auto/league/g3s78x0dccydjzfgsyfx",2017,REG,LA,8,0,0,0,0,0,0,0,0,0,0,0,0,,,0,,0,0,0,0,0,0,0,0,0,0,,0,0,0,0,0,0,0,0,0,0,0,0,0,0,,0,0,0,0,0,,0,0,0,0,8,1,5,0,0,0,0,0,1,0,0,1,0,0,0,0,0,0,0,0,0,0,0,0,0,0,0,0,0,0,0,0,0,0,0,0,,,0,0,0,0,0,0,0,0,0,0,0,0,,,,0,0,0,0,0,0,0,,0,0,0,0,,0,0,,0,0,0,0,0,0,0,0,0,0,0,0
00-0033964,A.Muhammad,Al-Quadin Muhammad,LB,LB,"https://static.www.nfl.com/image/upload/f_auto,q_auto/league/lmpiwh2pphphimm6bnxq",2017,REG,NO,1,0,0,0,0,0,0,0,0,0,0,0,0,,,0,,0,0,0,0,0,0,0,0,0,0,,0,0,0,0,0,0,0,0,0,0,0,0,0,0,,0,0,0,0,0,,0,0,0,0,0,0,1,0,0,0,0,0,0,0,0,0,0,0,0,0,0,0,0,0,0,0,0,0,0,0,0,0,0,0,0,0,0,0,0,0,,,0,0,0,0,0,0,0,0,0,0,0,0,,,,0,0,0,0,0,0,0,,0,0,0,0,,0,0,,0,0,0,0,0,0,0,0,0,0,0,0
00-0033965,A.Bisnowaty,Adam Bisnowaty,OT,OL,"https://static.www.nfl.com/image/private/f_auto,q_auto/league/pcugyto2riocdbwltolu",2017,REG,NYG,1,0,0,0,0,0,0,0,0,0,0,0,0,,,0,,0,0,0,0,0,0,0,0,0,0,,0,0,0,0,0,0,0,0,0,0,0,0,0,0,,0,0,0,0,0,,0,0,0,0,0,0,0,0,0,0,0,0,0,0,0,0,0,0,0,0,0,0,0,0,0,2,20,0,0,0,0,0,0,0,0,0,0,0,0,0,,,0,0,0,0,0,0,0,0,0,0,0,0,,,,0,0,0,0,0,0,0,,0,0,0,0,,0,0,,0,0,0,0,0,0,0,0,0,0,0,0
00-0033968,S.Coley,Stacy Coley,WR,WR,"https://static.www.nfl.com/image/private/f_auto,q_auto/league/yawmfaxmvob2piqusoji",2017,REG,MIN,2,0,0,0,0,0,0,0,0,0,0,0,0,,,0,,0,0,0,0,0,0,0,0,0,0,,0,0,0,0,0,0,1,0,0,0,0,6,0,0,-0.458405314944685,0,0,0,0,0,0,0.00191938579654511,0.00149775336994508,0.00392750605377922,0,0,0,0,0,0,0,0,0,0,0,0,0,0,0,0,0,0,0,0,0,0,0,0,0,0,0,0,0,0,0,1,19,0,0,0,0,,,0,0,0,0,0,0,0,0,0,0,0,0,,,,0,0,0,0,0,0,0,,0,0,0,0,,0,0,,0,0,0,0,0,0,0,0,0,0,0,0
00-0033970,S.Luani,Shalom Luani,DB,DB,"https://static.www.nfl.com/image/private/f_auto,q_auto/league/wkaawckrpm5ywz2o7dui",2017,REG,LV,6,0,0,0,0,0,0,0,0,0,0,0,0,,,0,,0,0,0,0,0,0,0,0,0,0,,0,0,0,0,0,0,0,0,0,0,0,0,0,0,,0,0,0,0,0,,0,0,0,0,10,4,4,1,2,0,0,0,0,0,0,2,0,0,0,0,0,0,0,0,0,1,10,0,0,0,0,0,0,0,0,0,0,0,0,0,,,0,0,0,0,0,0,0,0,0,0,0,0,,,,0,0,0,0,0,0,0,,0,0,0,0,,0,0,,0,0,0,0,0,0,0,0,0,0,0,0
00-0033973,E.Lee,Elijah Lee,OLB,LB,"https://static.www.nfl.com/image/private/f_auto,q_auto/league/yuxsldcqxo8ul8q5zzp6",2017,REG,SF,4,0,0,0,0,0,0,0,0,0,0,0,0,,,0,,0,0,0,0,0,0,0,0,0,0,,0,0,0,0,0,0,0,0,0,0,0,0,0,0,,0,0,0,0,0,,0,0,0,0,2,1,1,0,0,1,0,0,0,0,0,0,0,0,0,0,0,0,0,0,0,2,20,0,0,0,0,0,0,0,0,0,0,0,0,0,,,0,0,0,0,0,0,0,0,0,0,0,0,,,,0,0,0,0,0,0,0,,0,0,0,0,,0,0,,0,0,0,0,0,0,0,0,0,0,0,0
00-0033976,T.Hester,Treyvon Hester,DT,DL,"https://static.www.nfl.com/image/private/f_auto,q_auto/league/zbgpc46lfxsrfepmkot9",2017,REG,LV,10,0,0,0,0,0,0,0,0,0,0,0,0,,,0,,0,0,0,0,0,0,0,0,0,0,,0,0,0,0,0,0,0,0,0,0,0,0,0,0,,0,0,0,0,0,,0,0,0,0,6,3,10,1,4,1,0,0,4,0,0,0,0,0,0,0,0,0,0,0,0,0,0,0,0,0,0,0,0,0,0,0,0,0,0,0,,,0,0,0,0,0,0,0,0,0,0,0,0,,,,0,0,0,0,0,0,0,,0,0,0,0,,0,0,,0,0,0,0,0,0,0,0,0,0,0,0
00-0033998,C.Clements,Chunky Clements,DT,DL,"https://static.www.nfl.com/image/private/f_auto,q_auto/league/mzkqjo58oxijgts1oeto",2017,REG,HOU,2,0,0,0,0,0,0,0,0,0,0,0,0,,,0,,0,0,0,0,0,0,0,0,0,0,,0,0,0,0,0,0,0,0,0,0,0,0,0,0,,0,0,0,0,0,,0,0,0,0,1,0,1,0,0,0,0.5,5,1,0,0,0,0,0,0,0,0,0,0,0,0,0,0,0,0,0,0,0,0,0,0,0,0,0,0,0,,,0,0,0,0,0,0,0,0,0,0,0,0,,,,0,0,0,0,0,0,0,,0,0,0,0,,0,0,,0,0,0,0,0,0,0,0,0,0,0,0
,Team,,,,,2017,REG,JAX,256,0,0,0,0,0,0,0,0,0,0,0,0,,,0,,0,0,0,0,0,0,0,0,0,0,,0,0,0,0,0,0,0,0,0,0,0,0,0,0,,0,0,0,0,0,,0,0,0,0,1,0,0,0,0,0,0,0,0,0,0,0,0,0,6,0,0,0,0,0,0,82,448,0,0,0,0,0,0,0,0,0,0,0,0,0,,,0,0,0,0,0,0,0,0,0,0,0,0,,,,0,0,0,0,0,0,0,,0,0,0,0,,0,0,,0,0,0,0,0,0,0,0,0,0,0,0
