player_id,player_name,player_display_name,position,position_group,headshot_url,season,season_type,recent_team,games,completions,attempts,passing_yards,passing_tds,passing_interceptions,sacks_suffered,sack_yards_lost,sack_fumbles,sack_fumbles_lost,passing_air_yards,passing_yards_after_catch,passing_first_downs,passing_epa,passing_cpoe,passing_2pt_conversions,pacr,passing_10,passing_16,passing_20,passing_40,carries,rushing_yards,rushing_tds,rushing_fumbles,rushing_fumbles_lost,rushing_first_downs,rushing_epa,rushing_2pt_conversions,rushing_10,rushing_12,rushing_20,rushing_40,receptions,targets,receiving_yards,receiving_tds,receiving_fumbles,receiving_fumbles_lost,receiving_air_yards,receiving_yards_after_catch,receiving_first_downs,receiving_epa,receiving_2pt_conversions,receiving_10,receiving_16,receiving_20,receiving_40,racr,target_share,air_yards_share,wopr,special_teams_tds,def_tackles_solo,def_tackles_with_assist,def_tackle_assists,def_tackles_for_loss,def_tackles_for_loss_yards,def_fumbles_forced,def_sacks,def_sack_yards,def_qb_hits,def_interceptions,def_interception_yards,def_pass_defended,def_tds,def_fumbles,def_safeties,misc_yards,fumble_recovery_own,fumble_recovery_yards_own,fumble_recovery_opp,fumble_recovery_yards_opp,fumble_recovery_tds,penalties,penalty_yards,fumbles_forced_by_opp,fumbles_not_forced,fumbles_out_of_bounds,fumbles_total,fumbles_lost_total,punt_returns,punt_return_yards,kickoff_returns,kickoff_return_yards,fg_made,fg_att,fg_missed,fg_blocked,fg_long,fg_pct,fg_made_0_19,fg_made_20_29,fg_made_30_39,fg_made_40_49,fg_made_50_59,fg_made_60_,fg_missed_0_19,fg_missed_20_29,fg_missed_30_39,fg_missed_40_49,fg_missed_50_59,fg_missed_60_,fg_made_list,fg_missed_list,fg_blocked_list,fg_made_distance,fg_missed_distance,fg_blocked_distance,pat_made,pat_att,pat_missed,pat_blocked,pat_pct,gwfg_made,gwfg_att,gwfg_missed,gwfg_blocked,gwfg_distance_list,pt_att,pt_blocked,pt_long,pt_yards,pt_inside_20,pt_out_of_bounds,pt_downed,pt_touchback,pt_fair_caught,pt_returned,pt_return_yards,pt_return_tds,pt_net_yards,fantasy_points,fantasy_points_ppr
00-0019596,T.Brady,Tom Brady,QB,QB,"https://static.www.nfl.com/image/private/f_auto,q_auto/league/q7dpdlxyu5rs05rgh1le",2021,REG,TB,17,485,719,5316,43,12,22,-144,3,2,5804,2534,269,144.767883711392,1.69137229465626,0,0.91592005513439,205,107,75,10,28,81,2,1,1,14,3.85047854911179,0,4,2,0,0,0,0,0,0,0,0,0,0,0,,0,0,0,0,0,,0,0,0,0,0,0,0,0,0,0,0,0,0,0,0,0,0,0,0,0,1,0,0,0,0,0,0,4,0,0,4,3,0,0,0,0,0,0,0,0,,,0,0,0,0,0,0,0,0,0,0,0,0,,,,0,0,0,0,0,0,0,,0,0,0,0,,0,0,,0,0,0,0,0,0,0,0,0,0,374.74,374.74
00-0022531,J.Peters,Jason Peters,OT,OL,"https://static.www.nfl.com/image/upload/f_auto,q_auto/league/xcsyqvrlrpe6s3d0rodq",2021,REG,CHI,4,0,0,0,0,0,0,0,0,0,0,0,0,,,0,,0,0,0,0,0,0,0,0,0,0,,0,0,0,0,0,0,0,0,0,0,0,0,0,0,,0,0,0,0,0,,0,0,0,0,1,0,0,0,0,0,0,0,0,0,0,0,0,0,0,0,0,0,0,0,0,3,20,0,0,0,0,0,0,0,0,0,0,0,0,0,,,0,0,0,0,0,0,0,0,0,0,0,0,,,,0,0,0,0,0,0,0,,0,0,0,0,,0,0,,0,0,0,0,0,0,0,0,0,0,0,0
00-0022824,A.Lee,Andy Lee,P,SPEC,"https://static.www.nfl.com/image/private/f_auto,q_auto/league/bfozbs2h9jueavslvw3z",2021,REG,ARI,16,0,0,0,0,0,0,0,0,0,0,0,0,-0.947,,0,,0,0,0,0,1,0,0,1,1,0,-2.51207417278783,0,0,0,0,0,0,0,0,0,0,0,0,0,0,,0,0,0,0,0,,0,0,0,0,0,0,0,0,0,0,0,0,0,0,0,0,0,0,0,0,2,0,0,0,0,0,0,1,2,0,3,1,0,0,0,0,0,0,0,0,,,0,0,0,0,0,0,0,0,0,0,0,0,,,,0,0,0,0,0,0,0,,0,0,0,0,,51,0,62,2501,12,3,5,5,8,30,265,0,2136,-2,-2
00-0022924,B.Roethlisberger,Ben Roethlisberger,QB,QB,"https://static.www.nfl.com/image/private/f_auto,q_auto/league/vziogpnyp9d0xtpiuqhr",2021,REG,PIT,16,390,605,3740,22,10,38,-239,9,5,4069,1932,188,-45.3175530095486,-2.39315687259972,2,0.919144753010568,144,64,39,9,20,5,1,0,0,3,-1.97940342813438,0,0,0,0,0,0,0,0,0,0,0,0,0,0,,0,0,0,0,0,,0,0,0,0,0,0,0,0,0,0,0,0,0,0,0,0,0,0,0,0,5,0,0,0,0,0,0,8,3,0,11,5,0,0,0,0,0,0,0,0,,,0,0,0,0,0,0,0,0,0,0,0,0,,,,0,0,0,0,0,0,0,,0,0,0,0,,0,0,,0,0,0,0,0,0,0,0,0,0,218.1,218.1
00-0023252,R.Gould,Robbie Gould,K,SPEC,"https://static.www.nfl.com/image/private/f_auto,q_auto/league/uakpiwhnutg2rvoyrmgh",2021,REG,SF,13,0,0,0,0,0,0,0,0,0,0,0,0,,,0,,0,0,0,0,0,0,0,0,0,0,,0,0,0,0,0,0,0,0,0,0,0,0,0,0,,0,0,0,0,0,,0,0,0,0,0,0,0,0,0,0,0,0,0,0,0,0,0,0,0,0,0,0,0,0,0,0,0,0,0,0,0,0,0,0,0,0,20,23,3,0,52,0.869565217391304,0,6,4,7,3,0,0,0,0,2,1,0,40;52;46;26;50;20;48;45;46;22;50;33;24;30;48;37;27;36;42;24,52;42;47,,746,141,0,39,40,1,0,0.975,1,1,0,0,24,2,0,47,90,1,0,1,0,1,0,0,0,90,0,0
00-0023459,A.Rodgers,Aaron Rodgers,QB,QB,"https://static.www.nfl.com/image/upload/f_auto,q_auto/league/dypvakakxhccxs67tb0y",2021,REG,GB,16,366,531,4115,37,4,30,-188,1,0,4084,2177,213,128.819061957801,5.77241478889596,0,1.00759059745348,163,81,55,10,33,101,3,2,0,10,5.83122421469307,0,3,3,0,0,1,1,-4,0,0,0,-4,0,0,-1.24344629049301,0,0,0,0,0,0,0.00175438596491228,-0.000873743993010048,0.00201995815226139,0,0,0,0,0,0,0,0,0,0,0,0,0,0,0,0,0,2,-4,0,0,0,0,0,1,2,0,3,0,0,0,0,0,0,0,0,0,,,0,0,0,0,0,0,0,0,0,0,0,0,,,,0,0,0,0,0,0,0,,0,0,0,0,,0,0,,0,0,0,0,0,0,0,0,0,0,332.3,333.3
00-0023534,D.Colquitt,Dustin Colquitt,P,SPEC,"https://static.www.nfl.com/image/private/f_auto,q_auto/league/v1aymd6o0vpg73ytxzhu",2021,REG,CLE,11,0,0,0,0,0,0,0,0,0,0,0,0,,,0,,0,0,0,0,0,0,0,0,0,0,,0,0,0,0,0,0,0,0,0,0,0,0,0,0,,0,0,0,0,0,,0,0,0,0,0,0,0,0,0,0,0,0,0,0,0,0,0,0,0,0,0,0,0,0,0,0,0,0,0,0,0,0,0,0,0,0,0,0,0,0,,,0,0,0,0,0,0,0,0,0,0,0,0,,,,0,0,0,0,0,0,0,,0,0,0,0,,48,1,66,2134,13,9,5,3,10,21,197,0,1877,0,0
00-0023682,R.Fitzpatrick,Ryan Fitzpatrick,QB,QB,"https://static.www.nfl.com/image/private/f_auto,q_auto/league/pkhhxwplsawnhln9rsun",2021,REG,WAS,1,3,6,13,0,0,1,-2,1,0,9,6,0,-4.27462314258315,-17.9195453723272,0,1.44444444444444,0,0,0,0,1,2,0,0,0,0,-1.19552433757689,0,0,0,0,0,0,0,0,0,0,0,0,0,0,,0,0,0,0,0,,0,0,0,0,0,0,0,0,0,0,0,0,0,0,0,0,0,0,0,0,0,0,0,0,0,0,0,1,0,0,1,0,0,0,0,0,0,0,0,0,,,0,0,0,0,0,0,0,0,0,0,0,0,,,,0,0,0,0,0,0,0,,0,0,0,0,,0,0,,0,0,0,0,0,0,0,0,0,0,0.72,0.72
00-0023853,M.Prater,Matt Prater,K,SPEC,"https://static.www.nfl.com/image/upload/f_auto,q_auto/league/pj981bi535y4jwy6skr1",2021,REG,ARI,17,0,0,0,0,0,0,0,0,0,0,0,0,,,0,,0,0,0,0,0,0,0,0,0,0,,0,0,0,0,0,0,0,0,0,0,0,0,0,0,,0,0,0,0,0,,0,0,0,0,0,0,0,0,0,0,0,0,0,0,0,0,0,0,0,0,0,0,0,0,0,0,0,0,0,0,0,0,0,0,0,0,30,37,7,0,62,0.810810810810811,0,11,9,3,6,1,0,0,2,2,1,2,34;62;27;34;23;55;23;21;36;51;33;31;26;47;53;33;25;53;53;49;29;29;28;24;53;26;38;41;30;36,43;68;61;39;36;51;41,,1103,339,0,47,49,2,0,0.959183673469388,0,0,0,0,,0,0,,0,0,0,0,0,0,0,0,0,0,0,0
00-0024243,M.Lewis,Marcedes Lewis,TE,TE,"https://static.www.nfl.com/image/private/f_auto,q_auto/league/ppq07tipygpftz5csipx",2021,REG,GB,13,0,0,0,0,0,0,0,0,0,0,0,0,,,0,,0,0,0,0,0,0,0,0,0,0,,0,0,0,0,0,23,28,214,0,1,0,103,144,10,8.63060797413345,0,10,5,3,0,2.07766990291262,0.0491228070175439,0.0224989078200087,0.0894334460003219,0,0,0,0,0,0,0,0,0,0,0,0,0,0,0,0,0,0,0,0,0,0,0,0,1,0,0,1,0,0,0,0,0,0,0,0,0,,,0,0,0,0,0,0,0,0,0,0,0,0,,,,0,0,0,0,0,0,0,,0,0,0,0,,0,0,,0,0,0,0,0,0,0,0,0,0,21.4,44.4
00-0024270,A.Whitworth,Andrew Whitworth,OT,OL,"https://static.www.nfl.com/image/private/f_auto,q_auto/league/jcpd1mheqjofcqoy8bd5",2021,REG,LA,5,0,0,0,0,0,0,0,0,0,0,0,0,,,0,,0,0,0,0,0,0,0,0,0,0,,0,0,0,0,0,0,0,0,0,0,0,0,0,0,,0,0,0,0,0,,0,0,0,0,0,0,0,0,0,0,0,0,0,0,0,0,0,0,0,0,1,0,0,0,0,4,45,0,0,0,0,0,0,0,0,0,0,0,0,0,,,0,0,0,0,0,0,0,0,0,0,0,0,,,,0,0,0,0,0,0,0,,0,0,0,0,,0,0,,0,0,0,0,0,0,0,0,0,0,0,0
00-0024417,S.Koch,Sam Koch,P,SPEC,"https://static.www.nfl.com/image/private/f_auto,q_auto/league/dw34lcf6qit1i1knjhpv",2021,REG,BAL,17,0,1,0,0,0,0,0,0,0,10,0,0,-2.7787173029501,-59.2631340026856,0,0,0,0,0,0,0,0,0,0,0,0,,0,0,0,0,0,0,0,0,0,0,0,0,0,0,,0,0,0,0,0,,0,0,0,0,0,0,0,0,0,0,0,0,0,0,0,0,0,0,0,0,0,0,0,0,0,0,0,0,0,0,0,0,0,0,0,0,0,0,0,0,,,0,0,0,0,0,0,0,0,0,0,0,0,,,,0,0,0,0,0,0,0,,0,0,0,0,,71,0,61,3149,26,10,10,4,16,31,228,0,2841,0,0
00-0025394,A.Peterson,Adrian Peterson,RB,RB,"https://static.www.nfl.com/image/private/f_auto,q_auto/league/ug2ua3skqc9f6vkbowxc",2021,REG,SEA,4,0,0,0,0,0,0,0,0,0,0,0,0,,,0,,0,0,0,0,38,98,2,1,0,6,-9.86462577158818,0,2,2,0,0,4,4,8,0,0,0,-11,19,0,-1.27764497848693,0,0,0,0,0,-0.727272727272727,0.00766283524904215,-0.00274656679151061,0.00957165611950579,0,0,0,0,0,0,0,0,0,0,0,0,0,0,0,0,0,1,0,0,0,0,0,0,1,0,0,1,0,0,0,0,0,0,0,0,0,,,0,0,0,0,0,0,0,0,0,0,0,0,,,,0,0,0,0,0,0,0,,0,0,0,0,,0,0,,0,0,0,0,0,0,0,0,0,0,22.6,26.6
00-0025565,N.Folk,Nick Folk,K,SPEC,"https://static.www.nfl.com/image/upload/f_auto,q_auto/league/qcfiv2cc7ky37yq9iklp",2021,REG,NE,17,0,0,0,0,0,0,0,0,0,0,0,0,,,0,,0,0,0,0,0,0,0,0,0,0,,0,0,0,0,0,0,0,0,0,0,0,0,0,0,,0,0,0,0,0,,0,0,0,0,0,0,0,0,0,0,0,0,0,0,0,0,0,0,0,0,0,0,0,0,0,0,0,0,0,0,0,0,0,0,0,0,36,39,3,0,53,0.923076923076923,0,9,11,11,5,0,0,0,0,0,3,0,27;42;33;46;49;32;26;45;26;27;52;52;32;21;39;50;24;48;48;30;37;38;32;44;53;33;22;37;44;28;52;41;34;25;43;43,56;54;53,,1355,163,0,42,47,4,1,0.893617021276596,1,2,1,0,56;21,0,0,,0,0,0,0,0,0,0,0,0,0,0,0
00-0025580,M.Crosby,Mason Crosby,K,SPEC,"https://static.www.nfl.com/image/private/f_auto,q_auto/league/usbwgcjsdcugjafgjzvt",2021,REG,GB,17,0,0,0,0,0,0,0,0,0,0,0,0,,,0,,0,0,0,0,0,0,0,0,0,0,,0,0,0,0,0,0,0,0,0,0,0,0,0,0,,0,0,0,0,0,,0,0,0,0,1,0,0,0,0,0,0,0,0,0,0,0,0,0,0,0,0,0,0,0,0,0,0,0,0,0,0,0,0,0,0,0,25,34,7,2,54,0.735294117647059,0,9,9,4,3,0,0,0,2,4,1,0,39;54;38;51;26;29;44;44;22;49;39;39;21;27;54;45;28;29;20;29;32;35;36;37;36,36;51;40;40;42;32;42,34;37,903,283,71,49,51,2,0,0.96078431372549,2,2,0,0,51;49,0,0,,0,0,0,0,0,0,0,0,0,0,0,0
00-0025630,C.Harris,Clark Harris,LS,SPEC,"https://static.www.nfl.com/image/private/f_auto,q_auto/league/uzlssqn1cw3yxntldmhy",2021,REG,CIN,1,0,0,0,0,0,0,0,0,0,0,0,0,,,0,,0,0,0,0,0,0,0,0,0,0,,0,0,0,0,0,0,0,0,0,0,0,0,0,0,,0,0,0,0,0,,0,0,0,0,0,0,1,0,0,0,0,0,0,0,0,0,0,0,0,0,0,0,0,0,0,0,0,0,0,0,0,0,0,0,0,0,0,0,0,0,,,0,0,0,0,0,0,0,0,0,0,0,0,,,,0,0,0,0,0,0,0,,0,0,0,0,,0,0,,0,0,0,0,0,0,0,0,0,0,0,0
00-0025825,B.Kern,Brett Kern,P,SPEC,"https://static.www.nfl.com/image/private/f_auto,q_auto/league/dbph1kuozunx3aorpeiw",2021,REG,TEN,14,0,0,0,0,0,0,0,0,0,0,0,0,,,0,,0,0,0,0,0,0,0,0,0,0,,0,0,0,0,0,0,0,0,0,0,0,0,0,0,,0,0,0,0,0,,0,0,0,0,0,0,0,0,0,0,0,0,0,0,0,0,0,0,0,0,0,0,0,0,0,0,0,0,0,0,0,0,0,0,0,0,0,0,0,0,,,0,0,0,0,0,0,0,0,0,0,0,0,,,,0,0,0,0,0,0,0,,0,0,0,0,,47,0,59,2105,18,10,7,1,11,18,185,0,1900,0,0
00-0026027,J.Jansen,J.J. Jansen,LS,SPEC,"https://static.www.nfl.com/image/upload/f_auto,q_auto/league/vmbidsuvur7zfmpt9xak",2021,REG,CAR,2,0,0,0,0,0,0,0,0,0,0,0,0,,,0,,0,0,0,0,0,0,0,0,0,0,,0,0,0,0,0,0,0,0,0,0,0,0,0,0,,0,0,0,0,0,,0,0,0,0,0,0,1,0,0,0,0,0,0,0,0,0,0,0,0,0,0,0,0,0,0,1,5,0,0,0,0,0,0,0,0,0,0,0,0,0,,,0,0,0,0,0,0,0,0,0,0,0,0,,,,0,0,0,0,0,0,0,,0,0,0,0,,0,0,,0,0,0,0,0,0,0,0,0,0,0,0
00-0026035,D.Amendola,Danny Amendola,WR,WR,"https://static.www.nfl.com/image/private/f_auto,q_auto/league/etz06w7s0ardf49mnayz",2021,REG,HOU,8,0,1,0,0,0,0,0,0,0,14,0,0,-0.361697550688405,-49.8999565839768,0,0,0,0,0,0,0,0,0,0,0,0,,0,0,0,0,0,24,38,248,3,1,0,321,105,10,0.934384180080709,1,6,4,4,0,0.772585669781932,0.0726577437858509,0.0803102326745059,0.16520377855093,0,1,0,0,0,0,0,0,0,0,0,0,0,0,0,0,0,0,0,0,0,0,1,10,1,0,1,1,0,0,0,1,15,0,0,0,0,,,0,0,0,0,0,0,0,0,0,0,0,0,,,,0,0,0,0,0,0,0,,0,0,0,0,,0,0,,0,0,0,0,0,0,0,0,0,0,44.8,68.8
00-0026143,M.Ryan,Matt Ryan,QB,QB,"https://static.www.nfl.com/image/private/f_auto,q_auto/league/s6zam4ekrrnonsck6vak",2021,REG,ATL,17,375,560,3968,20,12,40,-274,5,3,4002,1721,195,6.33079179920041,1.75923634169286,0,0.991504247876062,156,77,44,7,40,82,1,5,1,9,-17.8489917636152,1,1,1,0,0,0,0,0,0,0,0,0,0,0,,0,0,0,0,0,,0,0,0,0,0,0,0,0,0,0,0,0,0,0,0,0,0,0,0,0,3,-9,0,0,0,5,54,6,5,0,11,4,0,0,0,0,0,0,0,0,,,0,0,0,0,0,0,0,0,0,0,0,0,,,,0,0,0,0,0,0,0,,0,0,0,0,,0,0,,0,0,0,0,0,0,0,0,0,0,222.92,222.92
00-0026158,J.Flacco,Joe Flacco,QB,QB,"https://static.www.nfl.com/image/upload/f_auto,q_auto/league/vbqptn8emdlbeaz1kvmx",2021,REG,NYJ,2,27,42,338,3,0,2,-13,1,1,336,175,14,6.29411907645483,5.42314444717608,0,1.00595238095238,11,6,6,1,2,3,0,0,0,1,0.167107119690627,0,0,0,0,0,0,0,0,0,0,0,0,0,0,,0,0,0,0,0,,0,0,0,0,0,0,0,0,0,0,0,0,0,0,0,0,0,0,0,0,0,0,0,0,0,1,10,1,0,0,1,1,0,0,0,0,0,0,0,0,,,0,0,0,0,0,0,0,0,0,0,0,0,,,,0,0,0,0,0,0,0,,0,0,0,0,,0,0,,0,0,0,0,0,0,0,0,0,0,23.82,23.82
00-0026166,D.Brown,Duane Brown,OT,OL,"https://static.www.nfl.com/image/private/f_auto,q_auto/league/oo4wdp0wxeyowhqtbor9",2021,REG,SEA,5,0,0,0,0,0,0,0,0,0,0,0,0,,,0,,0,0,0,0,0,0,0,0,0,0,,0,0,0,0,0,0,0,0,0,0,0,0,0,0,,0,0,0,0,0,,0,0,0,0,0,0,0,0,0,0,0,0,0,0,0,0,0,0,0,0,0,0,0,0,0,5,27,0,0,0,0,0,0,0,0,0,0,0,0,0,,,0,0,0,0,0,0,0,0,0,0,0,0,,,,0,0,0,0,0,0,0,,0,0,0,0,,0,0,,0,0,0,0,0,0,0,0,0,0,0,0
00-0026189,D.Jackson,DeSean Jackson,WR,WR,"https://static.www.nfl.com/image/private/f_auto,q_auto/league/pr5m864fqvnoozihylrh",2021,REG,LV,14,0,0,0,0,0,0,0,0,0,0,0,0,,,0,,0,0,0,0,1,4,0,0,0,0,0.00335272261872888,0,0,0,0,0,20,34,454,2,1,1,647,175,12,11.0467898137285,0,13,10,6,4,0.701700154559505,0.0564784053156146,0.126022594468251,0.172933424101198,0,1,0,1,0,0,0,0,0,0,0,0,0,0,0,0,0,0,0,0,0,0,0,0,1,0,0,1,1,0,0,0,0,0,0,0,0,,,0,0,0,0,0,0,0,0,0,0,0,0,,,,0,0,0,0,0,0,0,,0,0,0,0,,0,0,,0,0,0,0,0,0,0,0,0,0,55.8,75.8
00-0026190,C.Campbell,Calais Campbell,DE,DL,"https://static.www.nfl.com/image/upload/f_auto,q_auto/league/juvpepl8uc1p9rs7upsf",2021,REG,BAL,14,0,0,0,0,0,0,0,0,0,0,0,0,,,0,,0,0,0,0,0,0,0,0,0,0,,0,0,0,0,0,0,0,0,0,0,0,0,0,0,,0,0,0,0,0,,0,0,0,0,21,8,20,4,8,0,1.5,3.5,12,0,0,1,0,0,0,0,0,0,1,0,0,0,0,0,0,0,0,0,0,0,0,0,0,0,0,0,,,0,0,0,0,0,0,0,0,0,0,0,0,,,,0,0,0,0,0,0,0,,0,0,0,0,,0,0,,0,0,0,0,0,0,0,0,0,0,0,0
00-0026197,C.Henne,Chad Henne,QB,QB,"https://static.www.nfl.com/image/private/f_auto,q_auto/league/ornr9pcnzveqlntqc7jx",2021,REG,KC,4,11,16,82,0,0,0,0,0,0,125,24,6,4.04798453045078,3.2737002770106,0,0.656,1,1,0,0,8,0,0,2,0,0,-1.98729497654131,0,0,0,0,0,0,0,0,0,0,0,0,0,0,,0,0,0,0,0,,0,0,0,0,0,0,0,0,0,0,0,0,0,0,0,0,0,0,0,0,2,-6,0,0,0,0,0,0,2,0,2,0,0,0,0,0,0,0,0,0,,,0,0,0,0,0,0,0,0,0,0,0,0,,,,0,0,0,0,0,0,0,,0,0,0,0,,0,0,,0,0,0,0,0,0,0,0,0,0,3.28,3.28
00-0026293,M.Slater,Matthew Slater,WR,WR,"https://static.www.nfl.com/image/private/f_auto,q_auto/league/cs1ojdzhxjuanbw6vflv",2021,REG,NE,10,0,0,0,0,0,0,0,0,0,0,0,0,,,0,,0,0,0,0,0,0,0,0,0,0,,0,0,0,0,0,0,0,0,0,0,0,0,0,0,,0,0,0,0,0,,0,0,0,0,3,0,8,0,0,0,0,0,0,0,0,0,0,0,0,0,0,0,0,0,0,1,6,0,0,0,0,0,0,0,0,0,0,0,0,0,,,0,0,0,0,0,0,0,0,0,0,0,0,,,,0,0,0,0,0,0,0,,0,0,0,0,,0,0,,0,0,0,0,0,0,0,0,0,0,0,0
00-0026300,J.Johnson,Josh Johnson,QB,QB,"https://static.www.nfl.com/image/upload/f_auto,q_auto/league/ibuhbuhomisj4t8vvhay",2021,REG,BAL,4,57,85,638,5,2,3,-23,0,0,620,283,39,27.3874769334036,0.647919025362992,0,1.02903225806452,35,15,5,0,9,28,0,2,0,1,-3.08534804530768,1,1,0,0,0,0,0,0,0,0,0,0,0,0,,0,0,0,0,0,,0,0,0,0,1,0,0,0,0,0,0,0,0,0,0,0,0,0,0,0,2,-4,0,0,0,0,0,1,1,0,2,0,0,0,0,0,0,0,0,0,,,0,0,0,0,0,0,0,0,0,0,0,0,,,,0,0,0,0,0,0,0,,0,0,0,0,,0,0,,0,0,0,0,0,0,0,0,0,0,46.32,46.32
00-0026498,M.Stafford,Matthew Stafford,QB,QB,"https://static.www.nfl.com/image/upload/f_auto,q_auto/league/svxl2pk2cuqf26zrhii4",2021,REG,LA,17,404,601,4886,41,17,30,-243,3,2,5094,2124,233,117.595423100954,-0.11675120550114,2,0.959167648213585,174,102,65,18,32,43,0,1,0,8,-1.90165293193422,0,1,1,0,0,0,0,0,0,0,0,0,0,0,,0,0,0,0,0,,0,0,0,0,0,0,0,0,0,0,0,0,0,0,0,0,0,0,0,0,3,0,0,0,0,2,10,3,2,0,5,2,0,0,0,0,0,0,0,0,,,0,0,0,0,0,0,0,0,0,0,0,0,,,,0,0,0,0,0,0,0,,0,0,0,0,,0,0,,0,0,0,0,0,0,0,0,0,0,329.74,329.74
00-0026544,C.Daniel,Chase Daniel,QB,QB,"https://static.www.nfl.com/image/private/f_auto,q_auto/league/jt8fvgeyuhsbpo9m9t4x",2021,REG,LAC,1,0,0,0,0,0,0,0,0,0,0,0,0,,,0,,0,0,0,0,2,-2,0,0,0,0,0,0,0,0,0,0,0,0,0,0,0,0,0,0,0,,0,0,0,0,0,,0,0,0,0,0,0,0,0,0,0,0,0,0,0,0,0,0,0,0,0,0,0,0,0,0,0,0,0,0,0,0,0,0,0,0,0,0,0,0,0,,,0,0,0,0,0,0,0,0,0,0,0,0,,,,0,0,0,0,0,0,0,,0,0,0,0,,0,0,,0,0,0,0,0,0,0,0,0,0,-0.2,-0.2
00-0026564,S.McLendon,Steve McLendon,NT,DL,"https://static.www.nfl.com/image/private/f_auto,q_auto/league/bt0l6ltdi7h2dtahm3xh",2021,REG,TB,10,0,0,0,0,0,0,0,0,0,0,0,0,,,0,,0,0,0,0,0,0,0,0,0,0,,0,0,0,0,0,0,0,0,0,0,0,0,0,0,,0,0,0,0,0,,0,0,0,0,6,1,4,1,1,1,0.5,1.5,5,1,0,1,0,0,0,0,0,0,0,0,0,0,0,0,0,0,0,0,0,0,0,0,0,0,0,0,,,0,0,0,0,0,0,0,0,0,0,0,0,,,,0,0,0,0,0,0,0,,0,0,0,0,,0,0,,0,0,0,0,0,0,0,0,0,0,0,0
00-0026625,B.Hoyer,Brian Hoyer,QB,QB,"https://static.www.nfl.com/image/private/f_auto,q_auto/league/japt3mj2xctm7saqndxn",2021,REG,NE,5,9,11,227,1,0,0,0,0,0,97,143,8,20.8771344408451,14.4198395989158,0,2.34020618556701,7,6,6,2,11,-8,0,0,0,1,-4.04850489262026,0,0,0,0,0,0,0,0,0,0,0,0,0,0,,0,0,0,0,0,,0,0,0,0,0,0,0,0,0,0,0,0,0,0,0,0,0,0,0,0,0,0,0,0,0,0,0,0,0,0,0,0,0,0,0,0,0,0,0,0,,,0,0,0,0,0,0,0,0,0,0,0,0,,,,0,0,0,0,0,0,0,,0,0,0,0,,0,0,,0,0,0,0,0,0,0,0,0,0,12.28,12.28
00-0026858,G.Gano,Graham Gano,K,SPEC,"https://static.www.nfl.com/image/upload/f_auto,q_auto/league/wp5wochy7uuqcgyjcrrd",2021,REG,NYG,17,0,0,0,0,0,0,0,0,0,0,0,0,,,0,,0,0,0,0,0,0,0,0,0,0,,0,0,0,0,0,0,0,0,0,0,0,0,0,0,,0,0,0,0,0,,0,0,0,0,0,0,0,0,0,0,0,0,0,0,0,0,0,0,0,0,0,0,0,0,0,0,0,0,0,0,0,0,0,0,0,0,29,33,4,0,55,0.878787878787879,0,5,12,5,7,0,0,0,1,0,3,0,23;47;52;55;35;25;31;23;48;51;51;27;49;53;44;23;35;32;38;37;35;39;39;34;51;35;42;54;38,35;54;51;56,,1146,196,0,17,17,0,0,1,0,0,0,0,,0,0,,0,0,0,0,0,0,0,0,0,0,0,0
00-0026968,R.Succop,Ryan Succop,K,SPEC,"https://static.www.nfl.com/image/private/f_auto,q_auto/league/sbdymbap2wadw2jbey6w",2021,REG,TB,17,0,0,0,0,0,0,0,0,0,0,0,0,,,0,,0,0,0,0,0,0,0,0,0,0,,0,0,0,0,0,0,0,0,0,0,0,0,0,0,,0,0,0,0,0,,0,0,0,0,0,0,0,0,0,0,0,0,0,0,0,0,0,0,0,0,0,0,0,0,0,0,0,0,0,0,0,0,0,0,0,0,25,30,5,0,48,0.833333333333333,0,11,7,7,0,0,0,0,1,3,1,0,36;26;29;44;27;48;42;22;25;31;25;40;30;25;31;23;24;36;43;21;48;39;27;39;40,55;36;43;45;46,,821,225,0,56,59,3,0,0.949152542372881,1,1,0,0,36,0,0,,0,0,0,0,0,0,0,0,0,0,0,0
00-0026982,A.Smith,Andre Smith,OT,OL,"https://static.www.nfl.com/image/private/f_auto,q_auto/league/dg8hzv2uomztyyaddgnn",2021,REG,BAL,1,0,0,0,0,0,0,0,0,0,0,0,0,,,0,,0,0,0,0,0,0,0,0,0,0,,0,0,0,0,0,0,0,0,0,0,0,0,0,0,,0,0,0,0,0,,0,0,0,0,0,0,0,0,0,0,0,0,0,0,0,0,0,0,0,0,0,0,0,0,0,1,15,0,0,0,0,0,0,0,0,0,0,0,0,0,,,0,0,0,0,0,0,0,0,0,0,0,0,,,,0,0,0,0,0,0,0,,0,0,0,0,,0,0,,0,0,0,0,0,0,0,0,0,0,0,0
00-0026990,M.Jenkins,Malcolm Jenkins,S,DB,"https://static.www.nfl.com/image/private/f_auto,q_auto/league/mbjf9xp0ilh4vbbwyzwi",2021,REG,NO,16,0,0,0,0,0,0,0,0,0,0,0,0,,,0,,0,0,0,0,0,0,0,0,0,0,,0,0,0,0,0,0,0,0,0,0,0,0,0,0,,0,0,0,0,0,,0,0,0,0,49,4,26,1,8,1,1,8,2,1,34,5,1,0,0,0,0,0,0,0,0,2,12,0,0,0,0,0,0,0,0,0,0,0,0,0,,,0,0,0,0,0,0,0,0,0,0,0,0,,,,0,0,0,0,0,0,0,,0,0,0,0,,0,0,,0,0,0,0,0,0,0,0,0,0,0,0
00-0026997,A.Mack,Alex Mack,C,OL,"https://static.www.nfl.com/image/private/f_auto,q_auto/league/ebzxqyz5e7h7wrszr5vn",2021,REG,SF,4,0,0,0,0,0,0,0,0,0,0,0,0,,,0,,0,0,0,0,0,0,0,0,0,0,,0,0,0,0,0,0,0,0,0,0,0,0,0,0,,0,0,0,0,0,,0,0,0,0,0,0,0,0,0,0,0,0,0,0,0,0,0,0,0,0,1,0,0,0,0,2,15,0,1,0,1,0,0,0,0,0,0,0,0,0,,,0,0,0,0,0,0,0,0,0,0,0,0,,,,0,0,0,0,0,0,0,,0,0,0,0,,0,0,,0,0,0,0,0,0,0,0,0,0,0,0
00-0027061,J.Cook,Jared Cook,TE,TE,"https://static.www.nfl.com/image/private/f_auto,q_auto/league/cthoenebptadlu4g928v",2021,REG,LAC,16,0,0,0,0,0,0,0,0,0,0,0,0,,,0,,0,0,0,0,0,0,0,0,0,0,,0,0,0,0,0,48,83,564,4,0,0,685,238,31,6.27793171492949,2,28,12,7,1,0.823357664233577,0.125948406676783,0.134789452971271,0.283275227095064,0,1,0,0,0,0,0,0,0,0,0,0,0,0,0,0,0,0,0,0,0,0,2,15,0,0,0,0,0,0,0,0,0,0,0,0,0,,,0,0,0,0,0,0,0,0,0,0,0,0,,,,0,0,0,0,0,0,0,,0,0,0,0,,0,0,,0,0,0,0,0,0,0,0,0,0,84.4,132.4
00-0027103,K.Huber,Kevin Huber,P,SPEC,"https://static.www.nfl.com/image/private/f_auto,q_auto/league/yrd8jgpvefr8jvu7oejg",2021,REG,CIN,16,0,0,0,0,0,0,0,0,0,0,0,0,,,0,,0,0,0,0,0,0,0,0,0,0,,0,0,0,0,0,0,0,0,0,0,0,0,0,0,,0,0,0,0,0,,0,0,0,0,0,0,0,0,0,0,0,0,0,0,0,0,0,0,0,0,0,0,0,0,0,0,0,0,0,0,0,0,0,0,0,0,0,0,0,0,,,0,0,0,0,0,0,0,0,0,0,0,0,,,,0,0,0,0,0,0,0,,0,0,0,0,,66,0,61,3064,22,10,7,6,15,28,235,0,2709,0,0
00-0027114,T.Morstead,Thomas Morstead,P,SPEC,"https://static.www.nfl.com/image/upload/f_auto,q_auto/league/uicxa9bwvrenvcwnoklm",2021,REG,ATL,14,0,0,0,0,0,0,0,0,0,0,0,0,,,0,,0,0,0,0,0,0,0,0,0,0,,0,0,0,0,0,0,0,0,0,0,0,0,0,0,,0,0,0,0,0,,0,0,0,0,0,0,0,0,0,0,0,0,0,0,0,0,0,0,0,0,0,0,0,0,0,0,0,0,0,0,0,0,0,0,0,0,0,0,0,0,,,0,0,0,0,0,0,0,0,0,0,0,0,,,,0,0,0,0,0,0,0,,0,0,0,0,,45,0,64,2123,18,3,4,2,17,19,191,0,1892,0,0
00-0027136,J.McCourty,Jason McCourty,S,DB,"https://static.www.nfl.com/image/private/f_auto,q_auto/league/myk5ccdezt1lhjc8szbm",2021,REG,MIA,6,0,0,0,0,0,0,0,0,0,0,0,0,,,0,,0,0,0,0,0,0,0,0,0,0,,0,0,0,0,0,0,0,0,0,0,0,0,0,0,,0,0,0,0,0,,0,0,0,0,10,0,11,0,0,0,0,0,0,0,0,2,0,0,0,0,0,0,0,0,0,0,0,0,0,0,0,0,0,0,0,0,0,0,0,0,,,0,0,0,0,0,0,0,0,0,0,0,0,,,,0,0,0,0,0,0,0,,0,0,0,0,,0,0,,0,0,0,0,0,0,0,0,0,0,0,0
00-0027187,M.Overton,Matt Overton,LS,SPEC,"https://static.www.nfl.com/image/private/f_auto,q_auto/league/yeulo5dieb6um5zajehr",2021,REG,LAC,2,0,0,0,0,0,0,0,0,0,0,0,0,,,0,,0,0,0,0,0,0,0,0,0,0,,0,0,0,0,0,0,0,0,0,0,0,0,0,0,,0,0,0,0,0,,0,0,0,0,2,0,0,0,0,0,0,0,0,0,0,0,0,0,0,0,0,0,0,0,0,0,0,0,0,0,0,0,0,0,0,0,0,0,0,0,,,0,0,0,0,0,0,0,0,0,0,0,0,,,,0,0,0,0,0,0,0,,0,0,0,0,,0,0,,0,0,0,0,0,0,0,0,0,0,0,0
00-0027224,J.Weeks,Jon Weeks,LS,SPEC,"https://static.www.nfl.com/image/upload/f_auto,q_auto/league/efqsxmef1aoqnw6co1au",2021,REG,HOU,4,0,0,0,0,0,0,0,0,0,0,0,0,,,0,,0,0,0,0,0,0,0,0,0,0,,0,0,0,0,0,0,0,0,0,0,0,0,0,0,,0,0,0,0,0,,0,0,0,0,1,0,1,0,0,0,0,0,0,0,0,0,0,0,0,0,0,0,0,0,0,2,10,0,0,0,0,0,0,0,0,0,0,0,0,0,,,0,0,0,0,0,0,0,0,0,0,0,0,,,,0,0,0,0,0,0,0,,0,0,0,0,,0,0,,0,0,0,0,0,0,0,0,0,0,0,0
00-0027539,A.Levine,Anthony Levine,DB,DB,"https://static.www.nfl.com/image/private/f_auto,q_auto/league/gew5y4jtrh2jd7guowwk",2021,REG,BAL,9,0,0,0,0,0,0,0,0,0,0,0,0,,,0,,0,0,0,0,0,0,0,0,0,0,,0,0,0,0,0,0,0,0,0,0,0,0,0,0,,0,0,0,0,0,,0,0,0,0,8,1,3,0,0,0,0,0,0,0,0,1,0,0,0,0,0,0,0,0,0,1,9,0,0,0,0,0,0,0,0,0,0,0,0,0,,,0,0,0,0,0,0,0,0,0,0,0,0,,,,0,0,0,0,0,0,0,,0,0,0,0,,0,0,,0,0,0,0,0,0,0,0,0,0,0,0
00-0027557,M.Cox,Morgan Cox,LS,SPEC,"https://static.www.nfl.com/image/upload/f_auto,q_auto/league/lqdswjw8fzenqmc06zbe",2021,REG,TEN,1,0,0,0,0,0,0,0,0,0,0,0,0,,,0,,0,0,0,0,0,0,0,0,0,0,,0,0,0,0,0,0,0,0,0,0,0,0,0,0,,0,0,0,0,0,,0,0,0,0,0,1,0,0,0,0,0,0,0,0,0,0,0,0,0,0,0,0,0,0,0,0,0,0,0,0,0,0,0,0,0,0,0,0,0,0,,,0,0,0,0,0,0,0,0,0,0,0,0,,,,0,0,0,0,0,0,0,,0,0,0,0,,0,0,,0,0,0,0,0,0,0,0,0,0,0,0
00-0027647,D.McCourty,Devin McCourty,FS,DB,"https://static.www.nfl.com/image/private/f_auto,q_auto/league/ykgtrwxckxvxdvadgqjf",2021,REG,NE,17,0,0,0,0,0,0,0,0,0,0,0,0,,,0,,0,0,0,0,0,0,0,0,0,0,,0,0,0,0,0,0,0,0,0,0,0,0,0,0,,0,0,0,0,0,,0,0,0,0,40,2,18,0,0,0,0,0,0,3,22,10,0,0,0,0,0,0,0,0,0,0,0,0,0,0,0,0,0,0,2,27,0,0,0,0,,,0,0,0,0,0,0,0,0,0,0,0,0,,,,0,0,0,0,0,0,0,,0,0,0,0,,0,0,,0,0,0,0,0,0,0,0,0,0,0,0
00-0027648,R.Saffold,Rodger Saffold,G,OL,"https://static.www.nfl.com/image/upload/f_auto,q_auto/league/bhsp53lhsdcaxg3jvn7u",2021,REG,TEN,4,0,0,0,0,0,0,0,0,0,0,0,0,,,0,,0,0,0,0,0,0,0,0,0,0,,0,0,0,0,0,0,0,0,0,0,0,0,0,0,,0,0,0,0,0,,0,0,0,0,0,0,0,0,0,0,0,0,0,0,0,0,0,0,0,0,0,0,0,0,0,5,35,0,0,0,0,0,0,0,0,0,0,0,0,0,,,0,0,0,0,0,0,0,0,0,0,0,0,,,,0,0,0,0,0,0,0,,0,0,0,0,,0,0,,0,0,0,0,0,0,0,0,0,0,0,0
00-0027656,R.Gronkowski,Rob Gronkowski,TE,TE,"https://static.www.nfl.com/image/private/f_auto,q_auto/league/svpo7chliiymc0r7hegp",2021,REG,TB,12,0,0,0,0,0,0,0,0,0,0,0,0,,,0,,0,0,0,0,0,0,0,0,0,0,,0,0,0,0,0,55,89,802,6,0,0,897,350,34,32.7143257656176,0,35,21,16,1,0.894091415830546,0.124301675977654,0.152188666440448,0.292984580474794,0,0,0,0,0,0,0,0,0,0,0,0,0,0,0,0,0,0,0,0,0,0,4,30,0,0,0,0,0,0,0,0,0,0,0,0,0,,,0,0,0,0,0,0,0,0,0,0,0,0,,,,0,0,0,0,0,0,0,,0,0,0,0,,0,0,,0,0,0,0,0,0,0,0,0,0,116.2,171.2
00-0027662,C.Dunlap,Carlos Dunlap,DE,DL,"https://static.www.nfl.com/image/private/f_auto,q_auto/league/wbg4avjy9bbdyeri6b6j",2021,REG,SEA,14,0,0,0,0,0,0,0,0,0,0,0,0,,,0,,0,0,0,0,0,0,0,0,0,0,,0,0,0,0,0,0,0,0,0,0,0,0,0,0,,0,0,0,0,0,,0,0,0,0,19,5,11,7,57,1,8.5,64.5,14,0,0,7,0,0,1,0,0,0,0,0,0,2,20,0,0,0,0,0,0,0,0,0,0,0,0,0,,,0,0,0,0,0,0,0,0,0,0,0,0,,,,0,0,0,0,0,0,0,,0,0,0,0,,0,0,,0,0,0,0,0,0,0,0,0,0,0,0
00-0027685,E.Sanders,Emmanuel Sanders,WR,WR,"https://static.www.nfl.com/image/private/f_auto,q_auto/league/potkibjtm855tsawozs0",2021,REG,BUF,14,0,0,0,0,0,0,0,0,0,0,0,0,,,0,,0,0,0,0,2,31,0,0,0,2,2.02534106461098,0,1,1,1,0,42,72,626,4,0,0,1077,85,31,24.8304800367589,0,27,18,10,1,0.581244196843083,0.115569823434992,0.201120448179272,0.314139048877978,0,1,0,0,0,0,0,0,0,0,0,0,0,0,0,0,0,1,0,0,0,0,5,35,0,0,0,0,0,0,0,0,0,0,0,0,0,,,0,0,0,0,0,0,0,0,0,0,0,0,,,,0,0,0,0,0,0,0,,0,0,0,0,,0,0,,0,0,0,0,0,0,0,0,0,0,89.7,131.7
00-0027686,C.Peters,Corey Peters,DE,DL,"https://static.www.nfl.com/image/private/f_auto,q_auto/league/zutvrtzwir9awk4zh7yn",2021,REG,ARI,11,0,0,0,0,0,0,0,0,0,0,0,0,,,0,,0,0,0,0,0,0,0,0,0,0,,0,0,0,0,0,0,0,0,0,0,0,0,0,0,,0,0,0,0,0,,0,0,0,0,8,2,14,3,3,0,0,0,0,0,0,1,0,0,0,0,0,0,1,4,0,1,5,0,0,0,0,0,0,0,0,0,0,0,0,0,,,0,0,0,0,0,0,0,0,0,0,0,0,,,,0,0,0,0,0,0,0,,0,0,0,0,,0,0,,0,0,0,0,0,0,0,0,0,0,0,0
00-0027688,C.McCoy,Colt McCoy,QB,QB,"https://static.www.nfl.com/image/private/f_auto,q_auto/league/jqdwuhtcovhdnqno0mhg",2021,REG,ARI,7,74,99,740,3,1,6,-40,2,1,512,452,39,14.3134917603552,3.51824687451732,0,1.4453125,28,17,11,2,22,37,0,1,0,6,-12.5859220792233,0,1,0,0,0,0,0,0,0,0,0,0,0,0,,0,0,0,0,0,,0,0,0,0,1,0,0,0,0,0,0,0,0,0,0,0,0,0,0,0,3,0,0,0,0,0,0,3,1,1,4,1,0,0,0,0,0,0,0,0,,,0,0,0,0,0,0,0,0,0,0,0,0,,,,0,0,0,0,0,0,0,,0,0,0,0,,0,0,,0,0,0,0,0,0,0,0,0,0,41.3,41.3
00-0027691,A.Roberts,Andre Roberts,WR,WR,"https://static.www.nfl.com/image/private/f_auto,q_auto/league/hjoyjewh7knoafxt4k93",2021,REG,LAC,16,0,0,0,0,0,0,0,0,0,0,0,0,,,0,,0,0,0,0,3,19,0,0,0,0,0.760434927069582,0,0,0,0,0,1,2,35,0,0,0,29,16,1,-0.8368861800991,0,1,1,1,0,1.20689655172414,0.00382409177820268,0.00725544158118589,0.0108149467741341,1,0,0,0,0,0,0,0,0,0,0,0,0,0,3,0,0,1,0,0,0,0,0,0,2,1,0,3,2,20,99,37,1010,0,0,0,0,,,0,0,0,0,0,0,0,0,0,0,0,0,,,,0,0,0,0,0,0,0,,0,0,0,0,,0,0,,0,0,0,0,0,0,0,0,0,0,11.4,12.4
00-0027696,J.Graham,Jimmy Graham,TE,TE,"https://static.www.nfl.com/image/private/f_auto,q_auto/league/h7xs06oj6g03mippwtse",2021,REG,CHI,11,0,0,0,0,0,0,0,0,0,0,0,0,,,0,,0,0,0,0,0,0,0,0,0,0,,0,0,0,0,0,14,23,167,3,0,0,184,55,10,12.7544833347158,1,9,4,2,0,0.907608695652174,0.0438931297709924,0.0409343715239155,0.0944937547232294,0,1,0,0,0,0,0,0,0,0,0,0,0,0,0,0,0,0,0,0,0,0,0,0,0,0,0,0,0,0,0,0,0,0,0,0,0,,,0,0,0,0,0,0,0,0,0,0,0,0,,,,0,0,0,0,0,0,0,,0,0,0,0,,0,0,,0,0,0,0,0,0,0,0,0,0,36.7,50.7
00-0027701,E.Griffen,Everson Griffen,DE,DL,"https://static.www.nfl.com/image/private/f_auto,q_auto/league/fqvc0dkghdix5fq9tfaq",2021,REG,MIN,9,0,0,0,0,0,0,0,0,0,0,0,0,,,0,,0,0,0,0,0,0,0,0,0,0,,0,0,0,0,0,0,0,0,0,0,0,0,0,0,,0,0,0,0,0,,0,0,0,0,9,1,5,4,38,1,5,42,10,0,0,0,0,0,0,0,0,0,0,0,0,7,65,0,0,0,0,0,0,0,0,0,0,0,0,0,,,0,0,0,0,0,0,0,0,0,0,0,0,,,,0,0,0,0,0,0,0,,0,0,0,0,,0,0,,0,0,0,0,0,0,0,0,0,0,0,0
00-0027723,A.Woods,Al Woods,DT,DL,"https://static.www.nfl.com/image/private/f_auto,q_auto/league/prcuuwfcof1uok4lxb11",2021,REG,SEA,16,0,0,0,0,0,0,0,0,0,0,0,0,,,0,,0,0,0,0,0,0,0,0,0,0,,0,0,0,0,0,0,0,0,0,0,0,0,0,0,,0,0,0,0,0,,0,0,0,0,20,6,24,3,12,0,1.5,12.5,5,0,0,3,0,0,0,0,0,0,0,0,0,4,30,0,0,0,0,0,0,0,0,0,0,0,0,0,,,0,0,0,0,0,0,0,0,0,0,0,0,,,,0,0,0,0,0,0,0,,0,0,0,0,,0,0,,0,0,0,0,0,0,0,0,0,0,0,0
00-0027793,A.Brown,Antonio Brown,WR,WR,"https://static.www.nfl.com/image/private/f_auto,q_auto/league/ecxsx9t7bfg42bgfwj3v",2021,REG,TB,7,0,0,0,0,0,0,0,0,0,0,0,0,,,0,,0,0,0,0,1,6,0,0,0,0,0.308483928674832,0,0,0,0,0,42,62,545,4,0,0,734,190,29,33.9537308308926,0,22,13,10,2,0.742506811989101,0.0865921787709497,0.124533423820835,0.217061664831009,0,0,0,0,0,0,0,0,0,0,0,0,0,0,0,0,0,0,0,0,0,0,2,15,0,0,0,0,0,0,0,0,0,0,0,0,0,,,0,0,0,0,0,0,0,0,0,0,0,0,,,,0,0,0,0,0,0,0,,0,0,0,0,,0,0,,0,0,0,0,0,0,0,0,0,0,79.1,121.1
00-0027855,N.Suh,Ndamukong Suh,NT,DL,"https://static.www.nfl.com/image/private/f_auto,q_auto/league/amvgudlseikg7eq0nn9d",2021,REG,TB,15,0,0,0,0,0,0,0,0,0,0,0,0,,,0,,0,0,0,0,0,0,0,0,0,0,,0,0,0,0,0,0,0,0,0,0,0,0,0,0,,0,0,0,0,0,,0,0,0,0,14,1,12,7,39,0,6,38,13,0,0,0,0,0,0,0,0,0,1,0,0,3,15,0,0,0,0,0,0,0,0,0,0,0,0,0,,,0,0,0,0,0,0,0,0,0,0,0,0,,,,0,0,0,0,0,0,0,,0,0,0,0,,0,0,,0,0,0,0,0,0,0,0,0,0,0,0
00-0027857,T.Williams,Trent Williams,OT,OL,"https://static.www.nfl.com/image/upload/f_auto,q_auto/league/z3rgsbkzy0sripzunidx",2021,REG,SF,6,0,0,0,0,0,0,0,0,0,0,0,0,,,0,,0,0,0,0,0,0,0,0,0,0,,0,0,0,0,0,0,1,0,0,0,0,1,0,0,-1.25593257072615,0,0,0,0,0,0,0.00201207243460765,0.00024981264051961,0.0031929775002752,0,1,0,0,0,0,0,0,0,0,0,0,0,0,0,0,0,0,0,0,0,0,6,60,0,0,0,0,0,0,0,0,0,0,0,0,0,,,0,0,0,0,0,0,0,0,0,0,0,0,,,,0,0,0,0,0,0,0,,0,0,0,0,,0,0,,0,0,0,0,0,0,0,0,0,0,0,0
00-0027860,J.Haden,Joe Haden,CB,DB,"https://static.www.nfl.com/image/private/f_auto,q_auto/league/caumqxwppfoakjvpqxej",2021,REG,PIT,12,0,0,0,0,0,0,0,0,0,0,0,0,,,0,,0,0,0,0,0,0,0,0,0,0,,0,0,0,0,0,0,0,0,0,0,0,0,0,0,,0,0,0,0,0,,0,0,0,0,20,6,12,0,0,1,0,0,0,0,0,6,0,0,0,0,0,0,1,0,0,2,21,0,0,0,0,0,0,0,0,0,0,0,0,0,,,0,0,0,0,0,0,0,0,0,0,0,0,,,,0,0,0,0,0,0,0,,0,0,0,0,,0,0,,0,0,0,0,0,0,0,0,0,0,0,0
00-0027862,T.Alualu,Tyson Alualu,DE,DL,"https://static.www.nfl.com/image/private/f_auto,q_auto/league/wz7lyukjawvr7xfdszmb",2021,REG,PIT,1,0,0,0,0,0,0,0,0,0,0,0,0,,,0,,0,0,0,0,0,0,0,0,0,0,,0,0,0,0,0,0,0,0,0,0,0,0,0,0,,0,0,0,0,0,,0,0,0,0,2,0,3,0,0,0,0,0,1,0,0,0,0,0,0,0,0,0,0,0,0,0,0,0,0,0,0,0,0,0,0,0,0,0,0,0,,,0,0,0,0,0,0,0,0,0,0,0,0,,,,0,0,0,0,0,0,0,,0,0,0,0,,0,0,,0,0,0,0,0,0,0,0,0,0,0,0
00-0027865,B.Graham,Brandon Graham,DE,DL,"https://static.www.nfl.com/image/upload/f_auto,q_auto/league/e6iqegrredwqev7qx81m",2021,REG,PHI,1,0,0,0,0,0,0,0,0,0,0,0,0,,,0,,0,0,0,0,0,0,0,0,0,0,,0,0,0,0,0,0,0,0,0,0,0,0,0,0,,0,0,0,0,0,,0,0,0,0,2,0,0,1,2,0,0,0,1,0,0,0,0,0,0,0,0,0,0,0,0,0,0,0,0,0,0,0,0,0,0,0,0,0,0,0,,,0,0,0,0,0,0,0,0,0,0,0,0,,,,0,0,0,0,0,0,0,,0,0,0,0,,0,0,,0,0,0,0,0,0,0,0,0,0,0,0
00-0027867,J.Pierre-Paul,Jason Pierre-Paul,DE,DL,"https://static.www.nfl.com/image/private/f_auto,q_auto/league/pwl0fkpfwut1rizcarub",2021,REG,TB,12,0,0,0,0,0,0,0,0,0,0,0,0,,,0,,0,0,0,0,0,0,0,0,0,0,,0,0,0,0,0,0,0,0,0,0,0,0,0,0,,0,0,0,0,0,,0,0,0,0,19,1,11,3,5,1,2.5,6,5,0,0,4,0,0,0,0,0,0,0,0,0,4,20,0,0,0,0,0,0,0,0,0,0,0,0,0,,,0,0,0,0,0,0,0,0,0,0,0,0,,,,0,0,0,0,0,0,0,,0,0,0,0,,0,0,,0,0,0,0,0,0,0,0,0,0,0,0
00-0027872,K.Jackson,Kareem Jackson,S,DB,"https://static.www.nfl.com/image/upload/f_auto,q_auto/league/vzmcqsvgotnfsmmzgtwa",2021,REG,DEN,15,0,0,0,0,0,0,0,0,0,0,0,0,,,0,,0,0,0,0,0,0,0,0,0,0,,0,0,0,0,0,0,0,0,0,0,0,0,0,0,,0,0,0,0,0,,0,0,0,0,55,7,26,1,2,0,1,0,0,1,7,2,0,0,0,0,0,0,0,0,0,0,0,0,0,0,0,0,0,0,0,0,0,0,0,0,,,0,0,0,0,0,0,0,0,0,0,0,0,,,,0,0,0,0,0,0,0,,0,0,0,0,,0,0,,0,0,0,0,0,0,0,0,0,0,0,0
00-0027875,B.Bulaga,Bryan Bulaga,OT,OL,"https://static.www.nfl.com/image/private/f_auto,q_auto/league/hwbsruftotkdlthpwnp5",2021,REG,LAC,1,0,0,0,0,0,0,0,0,0,0,0,0,,,0,,0,0,0,0,0,0,0,0,0,0,,0,0,0,0,0,0,0,0,0,0,0,0,0,0,,0,0,0,0,0,,0,0,0,0,0,0,0,0,0,0,0,0,0,0,0,0,0,0,0,0,0,0,0,0,0,1,10,0,0,0,0,0,0,0,0,0,0,0,0,0,,,0,0,0,0,0,0,0,0,0,0,0,0,,,,0,0,0,0,0,0,0,,0,0,0,0,,0,0,,0,0,0,0,0,0,0,0,0,0,0,0
00-0027881,J.Hughes,Jerry Hughes,DE,DL,"https://static.www.nfl.com/image/upload/f_auto,q_auto/league/holacsltnj1mvxkeqgp0",2021,REG,BUF,14,0,0,0,0,0,0,0,0,0,0,0,0,,,0,,0,0,0,0,0,0,0,0,0,0,,0,0,0,0,0,0,0,0,0,0,0,0,0,0,,0,0,0,0,0,,0,0,0,0,7,1,10,1,4,2,2,8.5,7,0,0,3,0,0,0,0,0,0,0,0,0,3,15,0,0,0,0,0,0,0,0,0,0,0,0,0,,,0,0,0,0,0,0,0,0,0,0,0,0,,,,0,0,0,0,0,0,0,,0,0,0,0,,0,0,,0,0,0,0,0,0,0,0,0,0,0,0
00-0027885,L.Joseph,Linval Joseph,DT,DL,"https://static.www.nfl.com/image/upload/f_auto,q_auto/league/xm9kvvx4uujqqjkqxngq",2021,REG,LAC,14,0,0,0,0,0,0,0,0,0,0,0,0,,,0,,0,0,0,0,0,0,0,0,0,0,,0,0,0,0,0,0,0,0,0,0,0,0,0,0,,0,0,0,0,0,,0,0,0,0,24,6,27,2,11,0,1,10,2,0,0,0,0,0,0,0,0,0,0,0,0,1,5,0,0,0,0,0,0,0,0,0,0,0,0,0,,,0,0,0,0,0,0,0,0,0,0,0,0,,,,0,0,0,0,0,0,0,,0,0,0,0,,0,0,,0,0,0,0,0,0,0,0,0,0,0,0
00-0027914,A.Sendejo,Andrew Sendejo,FS,DB,"https://static.www.nfl.com/image/private/f_auto,q_auto/league/siupf4yvtt6m2vo8eed9",2021,REG,IND,10,0,0,0,0,0,0,0,0,0,0,0,0,,,0,,0,0,0,0,0,0,0,0,0,0,,0,0,0,0,0,0,0,0,0,0,0,0,0,0,,0,0,0,0,0,,0,0,0,0,24,5,11,1,2,1,0,0,0,0,0,2,0,0,0,0,0,0,1,0,0,1,0,0,0,0,0,0,0,0,0,0,0,0,0,0,,,0,0,0,0,0,0,0,0,0,0,0,0,,,,0,0,0,0,0,0,0,,0,0,0,0,,0,0,,0,0,0,0,0,0,0,0,0,0,0,0
00-0027939,C.Newton,Cam Newton,QB,QB,"https://static.www.nfl.com/image/private/f_auto,q_auto/league/zwmgw2gmnn2kch4nquft",2021,REG,CAR,7,69,126,684,4,5,10,-83,0,0,878,309,32,-39.7284205947143,-12.6353495784344,1,0.779043280182232,25,10,5,1,47,230,5,4,1,20,1.76466066866135,0,8,4,2,0,0,0,0,0,0,0,0,0,0,,0,0,0,0,0,,0,0,0,0,0,0,0,0,0,0,0,0,0,0,0,0,0,0,0,0,1,-10,0,0,0,1,15,1,3,0,4,1,0,0,0,0,0,0,0,0,,,0,0,0,0,0,0,0,0,0,0,0,0,,,,0,0,0,0,0,0,0,,0,0,0,0,,0,0,,0,0,0,0,0,0,0,0,0,0,86.36,86.36
00-0027940,V.Miller,Von Miller,OLB,LB,"https://static.www.nfl.com/image/upload/f_auto,q_auto/league/cqkgo6uw5ha7bjajkewf",2021,REG,LA,15,0,0,0,0,0,0,0,0,0,0,0,0,,,0,,0,0,0,0,0,0,0,0,0,0,,0,0,0,0,0,0,0,0,0,0,0,0,0,0,,0,0,0,0,0,,0,0,0,0,27,6,17,16,73,1,9.5,56,17,0,0,1,0,0,0,0,0,0,0,0,0,4,30,0,0,0,0,0,0,0,0,0,0,0,0,0,,,0,0,0,0,0,0,0,0,0,0,0,0,,,,0,0,0,0,0,0,0,,0,0,0,0,,0,0,,0,0,0,0,0,0,0,0,0,0,0,0
00-0027942,A.Green,A.J. Green,WR,WR,"https://static.www.nfl.com/image/private/f_auto,q_auto/league/guj5a9vnnzqfiljupzuj",2021,REG,ARI,16,0,0,0,0,0,0,0,0,0,0,0,0,,,0,,0,0,0,0,0,0,0,0,0,0,,0,0,0,0,0,54,92,848,3,0,0,1109,181,37,28.4733856565134,0,33,20,16,3,0.764652840396754,0.16140350877193,0.250621468926554,0.417540291406482,0,1,0,0,0,0,0,0,0,0,0,0,0,0,0,0,0,0,0,0,0,0,5,36,0,0,0,0,0,0,0,0,0,0,0,0,0,,,0,0,0,0,0,0,0,0,0,0,0,0,,,,0,0,0,0,0,0,0,,0,0,0,0,,0,0,,0,0,0,0,0,0,0,0,0,0,102.8,156.8
00-0027943,P.Peterson,Patrick Peterson,CB,DB,"https://static.www.nfl.com/image/private/f_auto,q_auto/league/hefuj7lvfmgvr4tme7te",2021,REG,MIN,13,0,0,0,0,0,0,0,0,0,0,0,0,,,0,,0,0,0,0,0,0,0,0,0,0,,0,0,0,0,0,0,0,0,0,0,0,0,0,0,,0,0,0,0,0,,0,0,0,0,33,1,11,1,3,0,0,0,0,1,66,5,1,0,0,0,0,0,0,0,0,3,27,0,0,0,0,0,0,0,0,0,0,0,0,0,,,0,0,0,0,0,0,0,0,0,0,0,0,,,,0,0,0,0,0,0,0,,0,0,0,0,,0,0,,0,0,0,0,0,0,0,0,0,0,0,0
00-0027944,J.Jones,Julio Jones,WR,WR,"https://static.www.nfl.com/image/upload/f_auto,q_auto/league/omrddf2phtyztzx2nup1",2021,REG,TEN,10,0,0,0,0,0,0,0,0,0,0,0,0,,,0,,0,0,0,0,0,0,0,0,0,0,,0,0,0,0,0,31,48,434,1,0,0,579,112,19,15.3809976857338,0,20,10,4,2,0.749568221070812,0.0919540229885057,0.144569288389513,0.239129536355418,0,2,0,0,0,0,0,0,0,0,0,0,0,0,0,0,0,0,0,0,0,0,1,15,0,0,0,0,0,0,0,0,0,0,0,0,0,,,0,0,0,0,0,0,0,0,0,0,0,0,,,,0,0,0,0,0,0,0,,0,0,0,0,,0,0,,0,0,0,0,0,0,0,0,0,0,49.4,80.4
00-0027947,T.Smith,Tyron Smith,OT,OL,"https://static.www.nfl.com/image/upload/f_auto,q_auto/league/w7doljwg9c9jqwejqf8b",2021,REG,DAL,6,0,0,0,0,0,0,0,0,0,0,0,0,,,0,,0,0,0,0,0,0,0,0,0,0,,0,0,0,0,0,0,0,0,0,0,0,0,0,0,,0,0,0,0,0,,0,0,0,0,1,0,0,0,0,0,0,0,0,0,0,0,0,0,0,0,0,0,0,0,0,7,65,0,0,0,0,0,0,0,0,0,0,0,0,0,,,0,0,0,0,0,0,0,0,0,0,0,0,,,,0,0,0,0,0,0,0,,0,0,0,0,,0,0,,0,0,0,0,0,0,0,0,0,0,0,0
00-0027948,B.Gabbert,Blaine Gabbert,QB,QB,"https://static.www.nfl.com/image/private/f_auto,q_auto/league/fphhd3wedamgkps6e0dl",2021,REG,TB,6,7,11,67,0,0,1,-10,0,0,90,39,4,0.191835123179856,-0.711773471398787,0,0.744444444444445,3,1,1,0,9,-7,0,0,0,0,-14.4709913247498,0,0,0,0,0,0,0,0,0,0,0,0,0,0,,0,0,0,0,0,,0,0,0,0,0,0,0,0,0,0,0,0,0,0,0,0,0,0,0,0,0,0,0,0,0,0,0,0,0,0,0,0,0,0,0,0,0,0,0,0,,,0,0,0,0,0,0,0,0,0,0,0,0,,,,0,0,0,0,0,0,0,,0,0,0,0,,0,0,,0,0,0,0,0,0,0,0,0,0,1.98,1.98
00-0027949,J.Watt,J.J. Watt,DE,DL,"https://static.www.nfl.com/image/private/f_auto,q_auto/league/pooulgm7mdcx5x9gza7l",2021,REG,ARI,7,0,0,0,0,0,0,0,0,0,0,0,0,,,0,,0,0,0,0,0,0,0,0,0,0,,0,0,0,0,0,0,0,0,0,0,0,0,0,0,,0,0,0,0,0,,0,0,0,0,6,4,6,3,7,1,1,1,10,0,0,2,0,0,0,0,0,0,0,0,0,1,5,0,0,0,0,0,0,0,0,0,0,0,0,0,,,0,0,0,0,0,0,0,0,0,0,0,0,,,,0,0,0,0,0,0,0,,0,0,0,0,,0,0,,0,0,0,0,0,0,0,0,0,0,0,0
00-0027952,R.Quinn,Robert Quinn,DE,DL,"https://static.www.nfl.com/image/private/f_auto,q_auto/league/g8hslz6tb43l7xbmxzfh",2021,REG,CHI,16,0,0,0,0,0,0,0,0,0,0,0,0,,,0,,0,0,0,0,0,0,0,0,0,0,,0,0,0,0,0,0,0,0,0,0,0,0,0,0,,0,0,0,0,0,,0,0,0,0,32,6,11,16,88,4,18.5,133.5,22,0,0,0,0,0,0,0,0,0,0,0,0,4,30,0,0,0,0,0,0,0,0,0,0,0,0,0,,,0,0,0,0,0,0,0,0,0,0,0,0,,,,0,0,0,0,0,0,0,,0,0,0,0,,0,0,,0,0,0,0,0,0,0,0,0,0,0,0
00-0027954,R.Kerrigan,Ryan Kerrigan,DE,DL,"https://static.www.nfl.com/image/private/f_auto,q_auto/league/zi9qhkog8osjo2pk5bg4",2021,REG,PHI,4,0,0,0,0,0,0,0,0,0,0,0,0,,,0,,0,0,0,0,0,0,0,0,0,0,,0,0,0,0,0,0,0,0,0,0,0,0,0,0,,0,0,0,0,0,,0,0,0,0,2,1,0,1,5,0,0,0,2,0,0,0,0,0,0,0,0,0,0,0,0,0,0,0,0,0,0,0,0,0,0,0,0,0,0,0,,,0,0,0,0,0,0,0,0,0,0,0,0,,,,0,0,0,0,0,0,0,,0,0,0,0,,0,0,,0,0,0,0,0,0,0,0,0,0,0,0
00-0027955,N.Solder,Nate Solder,OT,OL,"https://static.www.nfl.com/image/private/f_auto,q_auto/league/kbzznhzm6nub46htfcse",2021,REG,NYG,6,0,0,0,0,0,0,0,0,0,0,0,0,,,0,,0,0,0,0,0,0,0,0,0,0,,0,0,0,0,0,0,0,0,0,0,0,0,0,0,,0,0,0,0,0,,0,0,0,0,2,0,0,0,0,0,0,0,0,0,0,0,0,0,0,0,0,0,0,0,0,4,30,0,0,0,0,0,0,0,0,0,0,0,0,0,,,0,0,0,0,0,0,0,0,0,0,0,0,,,,0,0,0,0,0,0,0,,0,0,0,0,,0,0,,0,0,0,0,0,0,0,0,0,0,0,0
00-0027962,C.Jordan,Cameron Jordan,LB,LB,"https://static.www.nfl.com/image/upload/f_auto,q_auto/league/eauqz3xbdtl0wfoy71da",2021,REG,NO,16,0,0,0,0,0,0,0,0,0,0,0,0,,,0,,0,0,0,0,0,0,0,0,0,0,,0,0,0,0,0,0,0,0,0,0,0,0,0,0,,0,0,0,0,0,,0,0,0,0,35,3,21,12,76,2,12.5,75.5,22,0,0,6,0,0,0,0,0,0,0,0,0,2,10,0,0,0,0,0,0,0,0,0,0,0,0,0,,,0,0,0,0,0,0,0,0,0,0,0,0,,,,0,0,0,0,0,0,0,,0,0,0,0,,0,0,,0,0,0,0,0,0,0,0,0,0,0,0
00-0027965,J.Smith,Jimmy Smith,CB,DB,"https://static.www.nfl.com/image/private/f_auto,q_auto/league/uycb0wytmroih8dz8rag",2021,REG,BAL,8,0,0,0,0,0,0,0,0,0,0,0,0,,,0,,0,0,0,0,0,0,0,0,0,0,,0,0,0,0,0,0,0,0,0,0,0,0,0,0,,0,0,0,0,0,,0,0,0,0,14,1,3,1,4,0,0,0,0,0,0,3,0,0,0,0,0,0,0,0,0,1,28,0,0,0,0,0,0,0,0,0,0,0,0,0,,,0,0,0,0,0,0,0,0,0,0,0,0,,,,0,0,0,0,0,0,0,,0,0,0,0,,0,0,,0,0,0,0,0,0,0,0,0,0,0,0
00-0027966,M.Ingram,Mark Ingram,RB,RB,"https://static.www.nfl.com/image/private/f_auto,q_auto/league/qyju9wutyssrf0b26ran",2021,REG,NO,14,0,0,0,0,0,0,0,0,0,0,0,0,,,0,,0,0,0,0,160,554,2,1,1,22,-31.3234407077543,0,9,5,2,0,27,35,162,0,0,0,-1,164,9,-3.03812001853646,0,6,2,1,0,-162,0.0669216061185469,-0.000250187640730548,0.100207277829309,0,2,0,0,0,0,0,0,0,0,0,0,0,0,0,0,0,0,0,0,0,0,0,0,1,0,0,1,1,0,0,0,0,0,0,0,0,,,0,0,0,0,0,0,0,0,0,0,0,0,,,,0,0,0,0,0,0,0,,0,0,0,0,,0,0,,0,0,0,0,0,0,0,0,0,0,81.6,108.6
00-0027969,C.Heyward,Cameron Heyward,DE,DL,"https://static.www.nfl.com/image/upload/f_auto,q_auto/league/vfql05jp29d2pltrlwqz",2021,REG,PIT,17,0,0,0,0,0,0,0,0,0,0,0,0,,,0,,0,0,0,0,0,0,0,0,0,0,,0,0,0,0,0,0,0,0,0,0,0,0,0,0,,0,0,0,0,0,,0,0,0,0,39,14,36,14,58,1,10,55.5,17,1,0,9,0,0,0,0,0,0,1,0,0,6,31,0,0,0,0,0,0,0,0,0,0,0,0,0,,,0,0,0,0,0,0,0,0,0,0,0,0,,,,0,0,0,0,0,0,0,,0,0,0,0,,0,0,,0,0,0,0,0,0,0,0,0,0,0,0
00-0027973,A.Dalton,Andy Dalton,QB,QB,"https://static.www.nfl.com/image/upload/f_auto,q_auto/league/nyjb97rajdqckaxsoniv",2021,REG,CHI,8,149,236,1515,8,9,18,-143,1,1,1643,752,83,-30.0540537745202,-4.19521274676932,2,0.922093730979915,68,28,11,3,16,76,0,0,0,2,-0.761328988143248,0,2,1,0,0,0,0,0,0,0,0,0,0,0,,0,0,0,0,0,,0,0,0,0,1,0,1,0,0,0,0,0,0,0,0,0,0,0,0,0,2,0,0,0,0,0,0,1,0,0,1,1,0,0,0,0,0,0,0,0,,,0,0,0,0,0,0,0,0,0,0,0,0,,,,0,0,0,0,0,0,0,,0,0,0,0,,0,0,,0,0,0,0,0,0,0,0,0,0,84.2,84.2
00-0027975,J.Sheard,Jabaal Sheard,DE,DL,"https://static.www.nfl.com/image/private/f_auto,q_auto/league/lgti1akk6lj57zbfuobf",2021,REG,MIA,1,0,0,0,0,0,0,0,0,0,0,0,0,,,0,,0,0,0,0,0,0,0,0,0,0,,0,0,0,0,0,0,0,0,0,0,0,0,0,0,,0,0,0,0,0,,0,0,0,0,0,0,1,0,0,0,0,0,0,0,0,0,0,0,0,0,0,0,0,0,0,0,0,0,0,0,0,0,0,0,0,0,0,0,0,0,,,0,0,0,0,0,0,0,0,0,0,0,0,,,,0,0,0,0,0,0,0,,0,0,0,0,,0,0,,0,0,0,0,0,0,0,0,0,0,0,0
00-0027981,K.Rudolph,Kyle Rudolph,TE,TE,"https://static.www.nfl.com/image/private/f_auto,q_auto/league/mtvrkfel5750mlevcvtp",2021,REG,NYG,15,0,0,0,0,0,0,0,0,0,0,0,0,,,0,,0,0,0,0,0,0,0,0,0,0,,0,0,0,0,0,26,39,257,1,0,0,240,137,12,8.23226541146351,1,8,3,3,1,1.07083333333333,0.0691489361702128,0.0550080220032088,0.142229019657565,0,0,0,0,0,0,0,0,0,0,0,0,0,0,0,0,0,1,0,0,0,0,1,10,0,0,0,0,0,0,0,0,0,0,0,0,0,,,0,0,0,0,0,0,0,0,0,0,0,0,,,,0,0,0,0,0,0,0,,0,0,0,0,,0,0,,0,0,0,0,0,0,0,0,0,0,33.7,59.7
00-0027993,R.Hudson,Rodney Hudson,C,OL,"https://static.www.nfl.com/image/private/f_auto,q_auto/league/qcyahgqlx44j8n9bzkwg",2021,REG,ARI,3,0,0,0,0,0,0,0,0,0,0,0,0,,,0,,0,0,0,0,0,0,0,0,0,0,,0,0,0,0,0,0,0,0,0,0,0,0,0,0,,0,0,0,0,0,,0,0,0,0,1,0,0,0,0,0,0,0,0,0,0,0,0,0,0,0,0,-7,0,0,0,0,0,0,2,0,2,0,0,0,0,0,0,0,0,0,,,0,0,0,0,0,0,0,0,0,0,0,0,,,,0,0,0,0,0,0,0,,0,0,0,0,,0,0,,0,0,0,0,0,0,0,0,0,0,0,0
00-0028002,R.Cobb,Randall Cobb,WR,WR,"https://static.www.nfl.com/image/private/f_auto,q_auto/league/kuwo5hnkbtesfw6n9w1s",2021,REG,GB,11,0,0,0,0,0,0,0,0,0,0,0,0,,,0,,0,0,0,0,1,1,0,0,0,0,-0.461276305723004,0,0,0,0,0,28,39,375,5,0,0,307,138,21,21.414158601907,0,13,6,6,1,1.22149837133551,0.068421052631579,0.0670598514635212,0.149573474971833,0,0,0,0,0,0,0,0,0,0,0,0,0,0,1,0,0,0,0,0,0,0,1,0,0,1,0,1,1,1,0,0,0,0,0,0,0,,,0,0,0,0,0,0,0,0,0,0,0,0,,,,0,0,0,0,0,0,0,,0,0,0,0,,0,0,,0,0,0,0,0,0,0,0,0,0,67.6,95.6
00-0028008,J.Houston,Justin Houston,OLB,LB,"https://static.www.nfl.com/image/upload/f_auto,q_auto/league/uvob2wz6eezshbjclcya",2021,REG,BAL,15,0,0,0,0,0,0,0,0,0,0,0,0,,,0,,0,0,0,0,0,0,0,0,0,0,,0,0,0,0,0,0,0,0,0,0,0,0,0,0,,0,0,0,0,0,,0,0,0,0,16,3,15,6,12,1,4.5,22.5,17,0,0,1,0,0,0,0,0,0,1,0,0,1,15,0,0,0,0,0,0,0,0,0,0,0,0,0,,,0,0,0,0,0,0,0,0,0,0,0,0,,,,0,0,0,0,0,0,0,,0,0,0,0,,0,0,,0,0,0,0,0,0,0,0,0,0,0,0
00-0028037,K.Wright,K.J. Wright,OLB,LB,"https://static.www.nfl.com/image/private/f_auto,q_auto/league/z1lt2ic9salihpdevh7p",2021,REG,LV,14,0,0,0,0,0,0,0,0,0,0,0,0,,,0,,0,0,0,0,0,0,0,0,0,0,,0,0,0,0,0,0,0,0,0,0,0,0,0,0,,0,0,0,0,0,,0,0,0,0,20,5,26,1,1,0,0,0,0,0,0,0,0,0,0,0,0,0,0,0,0,1,5,0,0,0,0,0,0,0,0,0,0,0,0,0,,,0,0,0,0,0,0,0,0,0,0,0,0,,,,0,0,0,0,0,0,0,,0,0,0,0,,0,0,,0,0,0,0,0,0,0,0,0,0,0,0
00-0028042,L.Stocker,Luke Stocker,TE,TE,"https://static.www.nfl.com/image/private/f_auto,q_auto/league/keoilbfzupthtliuou1a",2021,REG,MIN,6,0,0,0,0,0,0,0,0,0,0,0,0,,,0,,0,0,0,0,0,0,0,0,0,0,,0,0,0,0,0,2,2,12,0,0,0,6,6,0,0.36527961853426,0,0,0,0,0,2,0.00346020761245675,0.00123915737298637,0.00605772157977558,0,2,0,0,0,0,0,0,0,0,0,0,0,0,0,0,0,0,0,0,0,0,3,35,0,0,0,0,0,0,0,0,0,0,0,0,0,,,0,0,0,0,0,0,0,0,0,0,0,0,,,,0,0,0,0,0,0,0,,0,0,0,0,,0,0,,0,0,0,0,0,0,0,0,0,0,1.2,3.2
00-0028063,T.Jones,Taiwan Jones,RB,RB,"https://static.www.nfl.com/image/private/f_auto,q_auto/league/va09vgfr7bdc2wb6ikq4",2021,REG,BUF,7,0,0,0,0,0,0,0,0,0,0,0,0,,,0,,0,0,0,0,0,0,0,0,0,0,,0,0,0,0,0,0,0,0,0,0,0,0,0,0,,0,0,0,0,0,,0,0,0,0,2,2,2,0,0,0,0,0,0,0,0,0,0,0,0,0,0,0,1,0,0,3,15,0,0,0,0,0,0,0,1,14,0,0,0,0,,,0,0,0,0,0,0,0,0,0,0,0,0,,,,0,0,0,0,0,0,0,,0,0,0,0,,0,0,,0,0,0,0,0,0,0,0,0,0,0,0
00-0028075,B.Skrine,Buster Skrine,CB,DB,"https://static.www.nfl.com/image/private/f_auto,q_auto/league/tqvazxnrbpe7kpsyuy2q",2021,REG,TEN,5,0,0,0,0,0,0,0,0,0,0,0,0,,,0,,0,0,0,0,0,0,0,0,0,0,,0,0,0,0,0,0,0,0,0,0,0,0,0,0,,0,0,0,0,0,,0,0,0,0,10,1,6,0,0,0,0,0,0,1,17,3,0,0,0,0,0,0,0,0,0,0,0,0,0,0,0,0,0,0,0,0,0,0,0,0,,,0,0,0,0,0,0,0,0,0,0,0,0,,,,0,0,0,0,0,0,0,,0,0,0,0,,0,0,,0,0,0,0,0,0,0,0,0,0,0,0
00-0028076,M.Cannon,Marcus Cannon,OT,OL,"https://static.www.nfl.com/image/private/f_auto,q_auto/league/rwce2yi6lcykdletcuvk",2021,REG,HOU,1,0,0,0,0,0,0,0,0,0,0,0,0,,,0,,0,0,0,0,0,0,0,0,0,0,,0,0,0,0,0,0,0,0,0,0,0,0,0,0,,0,0,0,0,0,,0,0,0,0,0,0,0,0,0,0,0,0,0,0,0,0,0,0,0,0,1,0,0,0,0,0,0,0,0,0,0,0,0,0,0,0,0,0,0,0,,,0,0,0,0,0,0,0,0,0,0,0,0,,,,0,0,0,0,0,0,0,,0,0,0,0,,0,0,,0,0,0,0,0,0,0,0,0,0,0,0
00-0028092,R.Sherman,Richard Sherman,CB,DB,"https://static.www.nfl.com/image/private/f_auto,q_auto/league/bdfb1uulaykfcryanimb",2021,REG,TB,4,0,0,0,0,0,0,0,0,0,0,0,0,,,0,,0,0,0,0,0,0,0,0,0,0,,0,0,0,0,0,0,0,0,0,0,0,0,0,0,,0,0,0,0,0,,0,0,0,0,11,0,0,0,0,0,0,0,0,1,0,1,0,0,0,0,0,0,1,4,0,2,26,0,0,0,0,0,0,0,0,0,0,0,0,0,,,0,0,0,0,0,0,0,0,0,0,0,0,,,,0,0,0,0,0,0,0,,0,0,0,0,,0,0,,0,0,0,0,0,0,0,0,0,0,0,0
00-0028097,L.Smith,Lee Smith,TE,TE,"https://static.www.nfl.com/image/private/f_auto,q_auto/league/gcaqwhzrinlqicrljwlr",2021,REG,ATL,10,0,0,0,0,0,0,0,0,0,0,0,0,,,0,,0,0,0,0,0,0,0,0,0,0,,0,0,0,0,0,9,11,65,1,0,0,38,31,3,2.70960700337309,0,2,1,1,0,1.71052631578947,0.01985559566787,0.00917209751387883,0.0362038617615202,0,1,0,0,0,0,0,0,0,0,0,0,0,0,0,0,0,0,0,0,0,0,4,28,0,0,0,0,0,0,0,0,0,0,0,0,0,,,0,0,0,0,0,0,0,0,0,0,0,0,,,,0,0,0,0,0,0,0,,0,0,0,0,,0,0,,0,0,0,0,0,0,0,0,0,0,12.5,21.5
00-0028103,P.McPhee,Pernell McPhee,LB,LB,"https://static.www.nfl.com/image/private/f_auto,q_auto/league/ybkcgchf6dxet313tmji",2021,REG,BAL,8,0,0,0,0,0,0,0,0,0,0,0,0,,,0,,0,0,0,0,0,0,0,0,0,0,,0,0,0,0,0,0,0,0,0,0,0,0,0,0,,0,0,0,0,0,,0,0,0,0,9,2,3,2,12,0,1,11,3,0,0,0,0,0,0,0,0,0,0,0,0,1,16,0,0,0,0,0,0,0,0,0,0,0,0,0,,,0,0,0,0,0,0,0,0,0,0,0,0,,,,0,0,0,0,0,0,0,,0,0,0,0,,0,0,,0,0,0,0,0,0,0,0,0,0,0,0
00-0028118,T.Taylor,Tyrod Taylor,QB,QB,"https://static.www.nfl.com/image/upload/f_auto,q_auto/league/nqpyumxuo0e9sitk0a0o",2021,REG,HOU,6,91,150,966,5,5,13,-119,0,0,1107,491,44,-14.8756148792061,-3.62598380694787,0,0.872628726287263,37,14,13,3,19,151,3,3,0,7,13.619090607911,0,4,3,2,0,0,0,0,0,0,0,0,0,0,,0,0,0,0,0,,0,0,0,0,0,0,0,0,0,0,0,0,0,0,0,0,0,0,0,0,2,-3,0,0,0,0,0,0,3,1,3,0,0,0,0,0,0,0,0,0,,,0,0,0,0,0,0,0,0,0,0,0,0,,,,0,0,0,0,0,0,0,,0,0,0,0,,0,0,,0,0,0,0,0,0,0,0,0,0,81.74,81.74
00-0028129,J.Kelce,Jason Kelce,C,OL,"https://static.www.nfl.com/image/private/f_auto,q_auto/league/jkleqefsugfjxde0hzci",2021,REG,PHI,3,0,0,0,0,0,0,0,0,0,0,0,0,,,0,,0,0,0,0,0,0,0,0,0,0,,0,0,0,0,0,0,0,0,0,0,0,0,0,0,,0,0,0,0,0,,0,0,0,0,0,0,0,0,0,0,0,0,0,0,0,0,0,0,0,0,1,0,0,0,0,1,12,0,1,0,1,0,0,0,0,0,0,0,0,0,,,0,0,0,0,0,0,0,0,0,0,0,0,,,,0,0,0,0,0,0,0,,0,0,0,0,,0,0,,0,0,0,0,0,0,0,0,0,0,0,0
00-0028171,L.Guy,Lawrence Guy,DT,DL,"https://static.www.nfl.com/image/private/f_auto,q_auto/league/jyc3hf6lyt5js3b7oon8",2021,REG,NE,17,0,0,0,0,0,0,0,0,0,0,0,0,,,0,,0,0,0,0,0,0,0,0,0,0,,0,0,0,0,0,0,0,0,0,0,0,0,0,0,,0,0,0,0,0,,0,0,0,0,23,14,23,2,6,0,1.5,9,5,0,0,0,0,0,0,0,0,0,1,0,0,1,6,0,0,0,0,0,0,0,0,0,0,0,0,0,,,0,0,0,0,0,0,0,0,0,0,0,0,,,,0,0,0,0,0,0,0,,0,0,0,0,,0,0,,0,0,0,0,0,0,0,0,0,0,0,0
00-0028180,M.Smith,Malcolm Smith,MLB,LB,"https://static.www.nfl.com/image/private/f_auto,q_auto/league/uelur2x665hhkdopr9qb",2021,REG,CLE,15,0,0,0,0,0,0,0,0,0,0,0,0,,,0,,0,0,0,0,0,0,0,0,0,0,,0,0,0,0,0,0,0,0,0,0,0,0,0,0,,0,0,0,0,0,,0,0,0,0,22,10,19,2,6,0,0,0,0,2,1,5,0,0,0,0,0,0,0,0,0,2,30,0,0,0,0,0,0,0,0,0,0,0,0,0,,,0,0,0,0,0,0,0,0,0,0,0,0,,,,0,0,0,0,0,0,0,,0,0,0,0,,0,0,,0,0,0,0,0,0,0,0,0,0,0,0
00-0028224,C.Harris,Chris Harris,CB,DB,"https://static.www.nfl.com/image/private/f_auto,q_auto/league/jil3vlqjybwg2tawnume",2021,REG,LAC,14,0,0,0,0,0,0,0,0,0,0,0,0,,,0,,0,0,0,0,0,0,0,0,0,0,,0,0,0,0,0,0,0,0,0,0,0,0,0,0,,0,0,0,0,0,,0,0,0,0,28,2,7,0,0,0,0,0,1,1,0,6,0,0,0,0,0,0,0,0,0,3,82,0,0,0,0,0,0,0,0,0,0,0,0,0,,,0,0,0,0,0,0,0,0,0,0,0,0,,,,0,0,0,0,0,0,0,,0,0,0,0,,0,0,,0,0,0,0,0,0,0,0,0,0,0,0
00-0028237,C.Hogan,Chris Hogan,WR,WR,"https://static.www.nfl.com/image/private/f_auto,q_auto/league/fmpqnciwjqicsjzy63mc",2021,REG,NO,5,0,0,0,0,0,0,0,0,0,0,0,0,,,0,,0,0,0,0,0,0,0,0,0,0,,0,0,0,0,0,4,8,41,1,0,0,49,13,2,0.0322420070879161,0,2,1,0,0,0.836734693877551,0.0168776371308017,0.0130841121495327,0.0344753342008754,0,1,0,0,0,0,0,0,0,0,0,0,0,0,0,0,0,0,0,0,0,0,0,0,0,0,0,0,0,0,0,0,0,0,0,0,0,,,0,0,0,0,0,0,0,0,0,0,0,0,,,,0,0,0,0,0,0,0,,0,0,0,0,,0,0,,0,0,0,0,0,0,0,0,0,0,10.1,14.1
00-0028278,J.Bynes,Josh Bynes,ILB,LB,"https://static.www.nfl.com/image/private/f_auto,q_auto/league/yki1iqv1tu8hvta68ypu",2021,REG,BAL,13,0,0,0,0,0,0,0,0,0,0,0,0,,,0,,0,0,0,0,0,0,0,0,0,0,,0,0,0,0,0,0,0,0,0,0,0,0,0,0,,0,0,0,0,0,,0,0,0,0,38,12,26,3,7,0,2,1,3,0,0,4,0,0,0,0,0,0,0,0,0,0,0,0,0,0,0,0,0,0,0,0,0,0,0,0,,,0,0,0,0,0,0,0,0,0,0,0,0,,,,0,0,0,0,0,0,0,,0,0,0,0,,0,0,,0,0,0,0,0,0,0,0,0,0,0,0
00-0028284,P.Scales,Patrick Scales,LS,SPEC,"https://static.www.nfl.com/image/upload/f_auto,q_auto/league/mfsxgtajieazrwinnlvh",2021,REG,CHI,4,0,0,0,0,0,0,0,0,0,0,0,0,,,0,,0,0,0,0,0,0,0,0,0,0,,0,0,0,0,0,0,0,0,0,0,0,0,0,0,,0,0,0,0,0,,0,0,0,0,1,1,2,0,0,0,0,0,0,0,0,0,0,0,0,0,0,0,0,0,0,1,5,0,0,0,0,0,0,0,0,0,0,0,0,0,,,0,0,0,0,0,0,0,0,0,0,0,0,,,,0,0,0,0,0,0,0,,0,0,0,0,,0,0,,0,0,0,0,0,0,0,0,0,0,0,0
00-0028292,N.Bellore,Nick Bellore,LB,LB,"https://static.www.nfl.com/image/upload/f_auto,q_auto/league/wlj7zdf6h9p9dnhdtmih",2021,REG,SEA,10,0,0,0,0,0,0,0,0,0,0,0,0,,,0,,0,0,0,0,0,0,0,0,0,0,,0,0,0,0,0,1,1,4,0,0,0,0,4,0,0.00502906541805714,0,0,0,0,0,0,0.00210970464135021,0,0.00316455696202532,0,9,0,6,0,0,1,0,0,0,0,0,0,0,0,0,0,0,0,0,0,0,0,0,0,0,0,0,0,0,0,0,0,0,0,0,0,,,0,0,0,0,0,0,0,0,0,0,0,0,,,,0,0,0,0,0,0,0,,0,0,0,0,,0,0,,0,0,0,0,0,0,0,0,0,0,0.4,1.4
00-0028339,M.Addison,Mario Addison,DL,DL,"https://static.www.nfl.com/image/private/f_auto,q_auto/league/bapzewurohnyaqq1p3ud",2021,REG,BUF,14,0,0,0,0,0,0,0,0,0,0,0,0,,,0,,0,0,0,0,0,0,0,0,0,0,,0,0,0,0,0,0,0,0,0,0,0,0,0,0,,0,0,0,0,0,,0,0,0,0,17,3,9,6,40,2,7,44,7,0,0,0,0,0,0,0,0,0,0,0,0,2,20,0,0,0,0,0,0,0,0,0,0,0,0,0,,,0,0,0,0,0,0,0,0,0,0,0,0,,,,0,0,0,0,0,0,0,,0,0,0,0,,0,0,,0,0,0,0,0,0,0,0,0,0,0,0
00-0028394,J.McQuaide,Jake McQuaide,LS,SPEC,"https://static.www.nfl.com/image/upload/f_auto,q_auto/league/gjtq2nbl0i8ejcx4dx9u",2021,REG,DAL,1,0,0,0,0,0,0,0,0,0,0,0,0,,,0,,0,0,0,0,0,0,0,0,0,0,,0,0,0,0,0,0,0,0,0,0,0,0,0,0,,0,0,0,0,0,,0,0,0,0,0,0,1,0,0,0,0,0,0,0,0,0,0,0,0,0,0,0,0,0,0,0,0,0,0,0,0,0,0,0,0,0,0,0,0,0,,,0,0,0,0,0,0,0,0,0,0,0,0,,,,0,0,0,0,0,0,0,,0,0,0,0,,0,0,,0,0,0,0,0,0,0,0,0,0,0,0
00-0028845,J.Harris,Josh Harris,LS,SPEC,"https://static.www.nfl.com/image/upload/f_auto,q_auto/league/agckpghgjhwbacdexqyd",2021,REG,ATL,5,0,0,0,0,0,0,0,0,0,0,0,0,,,0,,0,0,0,0,0,0,0,0,0,0,,0,0,0,0,0,0,0,0,0,0,0,0,0,0,,0,0,0,0,0,,0,0,0,0,3,0,4,0,0,0,0,0,0,0,0,0,0,0,0,0,0,0,0,0,0,0,0,0,0,0,0,0,0,0,0,0,0,0,0,0,,,0,0,0,0,0,0,0,0,0,0,0,0,,,,0,0,0,0,0,0,0,,0,0,0,0,,0,0,,0,0,0,0,0,0,0,0,0,0,0,0
00-0028872,J.Hekker,Johnny Hekker,P,SPEC,"https://static.www.nfl.com/image/upload/f_auto,q_auto/league/qqxvnynrahubphl6gjvw",2021,REG,LA,17,1,1,2,0,0,0,0,0,0,-4,6,0,-2.58209159300895,46.2191820144653,0,0,0,0,0,0,1,0,0,1,1,0,-4.7083437948022,0,0,0,0,0,0,0,0,0,0,0,0,0,0,,0,0,0,0,0,,0,0,0,0,0,0,0,0,0,0,0,0,0,0,0,0,0,0,0,0,1,-1,0,0,0,0,0,1,0,0,1,1,0,0,0,0,0,0,0,0,,,0,0,0,0,0,0,0,0,0,0,0,0,,,,0,0,0,0,0,0,0,,0,0,0,0,,51,0,59,2252,23,8,8,1,25,9,60,0,2172,-1.92,-1.92
00-0028899,R.McLeod,Rodney McLeod Jr.,FS,DB,"https://static.www.nfl.com/image/upload/f_auto,q_auto/league/ettne7rdpnkozuyhx8be",2021,REG,PHI,13,0,0,0,0,0,0,0,0,0,0,0,0,,,0,,0,0,0,0,0,0,0,0,0,0,,0,0,0,0,0,0,0,0,0,0,0,0,0,0,,0,0,0,0,0,,0,0,0,0,31,1,26,0,0,0,0,0,0,2,24,4,0,0,0,0,0,0,0,0,0,1,5,0,0,0,0,0,0,0,0,0,0,0,0,0,,,0,0,0,0,0,0,0,0,0,0,0,0,,,,0,0,0,0,0,0,0,,0,0,0,0,,0,0,,0,0,0,0,0,0,0,0,0,0,0,0
00-0028908,Mi.Thomas,Michael Thomas,DB,DB,"https://static.www.nfl.com/image/private/f_auto,q_auto/league/wkugml4qpzkcj1tcyezx",2021,REG,CIN,6,0,0,0,0,0,0,0,0,0,0,0,0,,,0,,0,0,0,0,0,0,0,0,0,0,,0,0,0,0,0,0,0,0,0,0,0,0,0,0,,0,0,0,0,0,,0,0,0,0,7,2,9,0,0,0,0,0,0,0,0,1,0,0,0,0,0,0,0,0,0,0,0,0,0,0,0,0,0,0,0,0,0,0,0,0,,,0,0,0,0,0,0,0,0,0,0,0,0,,,,0,0,0,0,0,0,0,,0,0,0,0,,0,0,,0,0,0,0,0,0,0,0,0,0,0,0
00-0028924,Ta.Gipson,Tashaun Gipson,FS,DB,"https://static.www.nfl.com/image/private/f_auto,q_auto/league/mbniabicepxxcetygjhk",2021,REG,CHI,12,0,0,0,0,0,0,0,0,0,0,0,0,,,0,,0,0,0,0,0,0,0,0,0,0,,0,0,0,0,0,0,0,0,0,0,0,0,0,0,,0,0,0,0,0,,0,0,0,0,32,1,14,1,2,0,1,2,1,2,31,3,0,0,0,0,0,0,1,13,0,1,15,0,0,0,0,0,0,0,0,0,0,0,0,0,,,0,0,0,0,0,0,0,0,0,0,0,0,,,,0,0,0,0,0,0,0,,0,0,0,0,,0,0,,0,0,0,0,0,0,0,0,0,0,0,0
00-0028946,A.Brewer,Aaron Brewer,LS,SPEC,"https://static.www.nfl.com/image/upload/f_auto,q_auto/league/mnaix4zmrmwryj55usgx",2021,REG,ARI,2,0,0,0,0,0,0,0,0,0,0,0,0,,,0,,0,0,0,0,0,0,0,0,0,0,,0,0,0,0,0,0,0,0,0,0,0,0,0,0,,0,0,0,0,0,,0,0,0,0,0,2,0,0,0,0,0,0,0,0,0,0,0,0,0,0,0,0,0,0,0,0,0,0,0,0,0,0,0,0,0,0,0,0,0,0,,,0,0,0,0,0,0,0,0,0,0,0,0,,,,0,0,0,0,0,0,0,,0,0,0,0,,0,0,,0,0,0,0,0,0,0,0,0,0,0,0
00-0028986,C.Keenum,Case Keenum,QB,QB,"https://static.www.nfl.com/image/upload/f_auto,q_auto/league/weixhyzal4ntsyszyepu",2021,REG,CLE,5,47,72,462,3,1,5,-29,1,1,420,306,25,-8.27625317396733,-0.654577229704176,0,1.1,18,10,4,0,12,22,0,0,0,6,-4.51051827098381,0,1,0,0,0,0,0,0,0,0,0,0,0,0,,0,0,0,0,0,,0,0,0,0,0,0,0,0,0,0,0,0,0,0,0,0,0,0,0,0,0,0,0,0,0,0,0,1,0,0,1,1,0,0,0,0,0,0,0,0,,,0,0,0,0,0,0,0,0,0,0,0,0,,,,0,0,0,0,0,0,0,,0,0,0,0,,0,0,,0,0,0,0,0,0,0,0,0,0,28.68,28.68
00-0029000,C.Beasley,Cole Beasley,WR,WR,"https://static.www.nfl.com/image/private/f_auto,q_auto/league/y5r0fhwctl6ljwvmktvu",2021,REG,BUF,16,0,1,0,0,0,0,0,0,0,19,0,0,-0.477590819995385,-33.2975775003433,0,0,0,0,0,0,0,0,0,0,0,0,,0,0,0,0,0,82,112,693,1,1,0,630,305,34,6.19012930508219,1,26,8,5,0,1.1,0.179775280898876,0.117647058823529,0.352015862524785,0,0,0,0,0,0,0,0,0,0,0,0,0,0,0,0,0,0,0,0,0,0,1,5,1,0,1,1,0,0,0,0,0,0,0,0,0,,,0,0,0,0,0,0,0,0,0,0,0,0,,,,0,0,0,0,0,0,0,,0,0,0,0,,0,0,,0,0,0,0,0,0,0,0,0,0,77.3,159.3
00-0029008,C.Hughlett,Charley Hughlett,LS,SPEC,"https://static.www.nfl.com/image/upload/f_auto,q_auto/league/cowm2qllr7vpyktisnln",2021,REG,CLE,1,0,0,0,0,0,0,0,0,0,0,0,0,,,0,,0,0,0,0,0,0,0,0,0,0,,0,0,0,0,0,0,0,0,0,0,0,0,0,0,,0,0,0,0,0,,0,0,0,0,0,0,0,0,0,0,0,0,0,0,0,0,0,0,0,0,0,0,0,0,0,1,10,0,0,0,0,0,0,0,0,0,0,0,0,0,,,0,0,0,0,0,0,0,0,0,0,0,0,,,,0,0,0,0,0,0,0,,0,0,0,0,,0,0,,0,0,0,0,0,0,0,0,0,0,0,0
00-0029061,J.Stanford,Julian Stanford,LB,LB,"https://static.www.nfl.com/image/private/f_auto,q_auto/league/mezqwdtmou8ccdns9jc2",2021,REG,CAR,10,0,0,0,0,0,0,0,0,0,0,0,0,,,0,,0,0,0,0,0,0,0,0,0,0,,0,0,0,0,0,0,0,0,0,0,0,0,0,0,,0,0,0,0,0,,0,0,0,0,8,0,6,0,0,1,0,0,0,0,0,0,0,0,0,0,0,0,0,0,0,0,0,0,0,0,0,0,0,0,0,0,0,0,0,0,,,0,0,0,0,0,0,0,0,0,0,0,0,,,,0,0,0,0,0,0,0,,0,0,0,0,,0,0,,0,0,0,0,0,0,0,0,0,0,0,0
00-0029119,D.Carrier,Derek Carrier,TE,TE,"https://static.www.nfl.com/image/private/f_auto,q_auto/league/fohbnjxhixammxtonhnd",2021,REG,LV,2,0,0,0,0,0,0,0,0,0,0,0,0,,,0,,0,0,0,0,0,0,0,0,0,0,,0,0,0,0,0,2,2,13,0,0,0,7,6,0,0.830683968262747,0,0,0,0,0,1.85714285714286,0.0033167495854063,0.00136852394916911,0.00593309114252783,0,2,1,0,0,0,0,0,0,0,0,0,0,0,0,0,0,0,0,0,0,0,0,0,0,0,0,0,0,0,0,0,0,0,0,0,0,,,0,0,0,0,0,0,0,0,0,0,0,0,,,,0,0,0,0,0,0,0,,0,0,0,0,,0,0,,0,0,0,0,0,0,0,0,0,0,1.3,3.3
00-0029144,T.Compton,Tom Compton,G,OL,"https://static.www.nfl.com/image/private/f_auto,q_auto/league/pqw3ldugrml3w13fzyry",2021,REG,SF,4,0,0,0,0,0,0,0,0,0,0,0,0,,,0,,0,0,0,0,0,0,0,0,0,0,,0,0,0,0,0,0,0,0,0,0,0,0,0,0,,0,0,0,0,0,,0,0,0,0,1,0,0,0,0,0,0,0,0,0,0,0,0,0,0,0,1,0,0,0,0,2,10,0,0,0,0,0,0,0,0,0,0,0,0,0,,,0,0,0,0,0,0,0,0,0,0,0,0,,,,0,0,0,0,0,0,0,,0,0,0,0,,0,0,,0,0,0,0,0,0,0,0,0,0,0,0
00-0029164,M.Remmers,Mike Remmers,G,OL,"https://static.www.nfl.com/image/private/f_auto,q_auto/league/qsp6ncqgwc9uyrgptyrc",2021,REG,KC,2,0,0,0,0,0,0,0,0,0,0,0,0,,,0,,0,0,0,0,0,0,0,0,0,0,,0,0,0,0,0,1,1,-2,0,0,0,0,-2,0,-0.794392922136467,0,0,0,0,0,0,0.00156985871271586,0,0.00235478806907378,0,0,0,0,0,0,0,0,0,0,0,0,0,0,0,0,0,1,0,0,0,0,1,10,0,0,0,0,0,0,0,0,0,0,0,0,0,,,0,0,0,0,0,0,0,0,0,0,0,0,,,,0,0,0,0,0,0,0,,0,0,0,0,,0,0,,0,0,0,0,0,0,0,0,0,0,-0.2,0.8
00-0029193,B.Irvin,Bruce Irvin,LB,LB,"https://static.www.nfl.com/image/private/f_auto,q_auto/league/jxsrulnbvfvmls7u6w7s",2021,REG,CHI,4,0,0,0,0,0,0,0,0,0,0,0,0,,,0,,0,0,0,0,0,0,0,0,0,0,,0,0,0,0,0,0,0,0,0,0,0,0,0,0,,0,0,0,0,0,,0,0,0,0,2,0,5,0,0,0,0,0,2,0,0,1,0,0,0,0,0,0,0,0,0,1,14,0,0,0,0,0,0,0,0,0,0,0,0,0,,,0,0,0,0,0,0,0,0,0,0,0,0,,,,0,0,0,0,0,0,0,,0,0,0,0,,0,0,,0,0,0,0,0,0,0,0,0,0,0,0
00-0029212,T.Whitehead,Tahir Whitehead,OLB,LB,"https://static.www.nfl.com/image/private/f_auto,q_auto/league/clmf6l7emurgnwhkn6yy",2021,REG,ARI,1,0,0,0,0,0,0,0,0,0,0,0,0,,,0,,0,0,0,0,0,0,0,0,0,0,,0,0,0,0,0,0,0,0,0,0,0,0,0,0,,0,0,0,0,0,,0,0,0,0,0,0,1,0,0,0,0,0,0,0,0,0,0,0,0,0,0,0,0,0,0,0,0,0,0,0,0,0,0,0,0,0,0,0,0,0,,,0,0,0,0,0,0,0,0,0,0,0,0,,,,0,0,0,0,0,0,0,,0,0,0,0,,0,0,,0,0,0,0,0,0,0,0,0,0,0,0
00-0029239,B.Bolden,Brandon Bolden,RB,RB,"https://static.www.nfl.com/image/private/f_auto,q_auto/league/kqqwz35z9brhkzbs4bcn",2021,REG,NE,16,0,0,0,0,0,0,0,0,0,0,0,0,,,0,,0,0,0,0,44,226,1,1,0,12,-1.09871423978943,1,10,8,2,0,41,49,405,2,0,0,14,416,21,19.0591131757629,0,18,9,5,0,28.9285714285714,0.0935114503816794,0.00326492537313433,0.142552623333713,0,10,1,2,0,0,0,0,0,0,0,0,0,0,0,0,0,0,0,0,0,0,1,15,1,0,0,1,0,0,0,3,62,0,0,0,0,,,0,0,0,0,0,0,0,0,0,0,0,0,,,,0,0,0,0,0,0,0,,0,0,0,0,,0,0,,0,0,0,0,0,0,0,0,0,0,83.1,124.1
00-0029249,M.Ingram,Melvin Ingram,LB,LB,"https://static.www.nfl.com/image/private/f_auto,q_auto/league/kbnd1mhegpg4n5kj7rac",2021,REG,KC,13,0,0,0,0,0,0,0,0,0,0,0,0,,,0,,0,0,0,0,0,0,0,0,0,0,,0,0,0,0,0,0,0,0,0,0,0,0,0,0,,0,0,0,0,0,,0,0,0,0,7,5,13,2,11,1,2,15,11,0,0,1,0,0,0,0,0,0,0,0,0,3,25,0,0,0,0,0,0,0,0,0,0,0,0,0,,,0,0,0,0,0,0,0,0,0,0,0,0,,,,0,0,0,0,0,0,0,,0,0,0,0,,0,0,,0,0,0,0,0,0,0,0,0,0,0,0
00-0029255,B.Wagner,Bobby Wagner,MLB,LB,"https://static.www.nfl.com/image/upload/f_auto,q_auto/league/msulezmb9dk3klpgymoj",2021,REG,SEA,15,0,0,0,0,0,0,0,0,0,0,0,0,,,0,,0,0,0,0,0,0,0,0,0,0,,0,0,0,0,0,0,0,0,0,0,0,0,0,0,,0,0,0,0,0,,0,0,0,0,78,15,77,1,7,1,1,7,3,1,3,5,0,0,0,0,0,0,0,0,0,1,5,0,0,0,0,0,0,0,0,0,0,0,0,0,,,0,0,0,0,0,0,0,0,0,0,0,0,,,,0,0,0,0,0,0,0,,0,0,0,0,,0,0,,0,0,0,0,0,0,0,0,0,0,0,0
00-0029261,C.Hayward,Casey Hayward,CB,DB,"https://static.www.nfl.com/image/private/f_auto,q_auto/league/o5cft0nj87mwqsnp3wug",2021,REG,LV,17,0,0,0,0,0,0,0,0,0,0,0,0,,,0,,0,0,0,0,0,0,0,0,0,0,,0,0,0,0,0,0,0,0,0,0,0,0,0,0,,0,0,0,0,0,,0,0,0,0,37,2,7,2,2,0,0,0,0,1,0,9,0,0,1,0,0,0,0,0,0,3,26,0,0,0,0,0,0,0,0,0,0,0,0,0,,,0,0,0,0,0,0,0,0,0,0,0,0,,,,0,0,0,0,0,0,0,,0,0,0,0,,0,0,,0,0,0,0,0,0,0,0,0,0,0,0
00-0029263,R.Wilson,Russell Wilson,QB,QB,"https://static.www.nfl.com/image/upload/f_auto,q_auto/league/vkstxj0evgkjiycu4glc",2021,REG,SEA,14,259,400,3113,25,6,33,-266,4,1,3955,1383,135,16.6120313732689,3.19633394711376,1,0.787104930467762,113,62,45,10,43,183,2,2,0,17,-2.42791386947652,0,9,7,0,0,0,0,0,0,0,0,0,0,0,,0,0,0,0,0,,0,0,0,0,0,0,0,0,0,0,0,0,0,0,0,0,0,0,0,0,3,-23,0,0,0,0,0,4,2,0,6,1,0,0,0,0,0,0,0,0,,,0,0,0,0,0,0,0,0,0,0,0,0,,,,0,0,0,0,0,0,0,,0,0,0,0,,0,0,,0,0,0,0,0,0,0,0,0,0,242.82,242.82
00-0029269,T.Benjamin,Travis Benjamin,WR,WR,"https://static.www.nfl.com/image/private/f_auto,q_auto/league/io9silocxbywvisvcvpx",2021,REG,SF,5,0,0,0,0,0,0,0,0,0,0,0,0,,,0,,0,0,0,0,0,0,0,0,0,0,,0,0,0,0,0,0,5,0,0,0,0,141,0,0,-9.59796589403413,0,0,0,0,0,0,0.0100603621730382,0.035223582313265,0.0397470508788429,0,1,0,0,0,0,0,0,0,0,0,0,0,0,0,0,0,0,0,0,0,0,1,10,1,0,0,1,1,3,47,2,24,0,0,0,0,,,0,0,0,0,0,0,0,0,0,0,0,0,,,,0,0,0,0,0,0,0,,0,0,0,0,,0,0,,0,0,0,0,0,0,0,0,0,0,0,0
00-0029284,M.Daniels,Mike Daniels,DE,DL,"https://static.www.nfl.com/image/private/f_auto,q_auto/league/qyvpu9j05il8dncustlp",2021,REG,CIN,1,0,0,0,0,0,0,0,0,0,0,0,0,,,0,,0,0,0,0,0,0,0,0,0,0,,0,0,0,0,0,0,0,0,0,0,0,0,0,0,,0,0,0,0,0,,0,0,0,0,4,1,0,0,0,0,0,0,0,0,0,0,0,0,0,0,0,0,0,0,0,0,0,0,0,0,0,0,0,0,0,0,0,0,0,0,,,0,0,0,0,0,0,0,0,0,0,0,0,,,,0,0,0,0,0,0,0,,0,0,0,0,,0,0,,0,0,0,0,0,0,0,0,0,0,0,0
00-0029285,J.Norman,Josh Norman,CB,DB,"https://static.www.nfl.com/image/private/f_auto,q_auto/league/i2bihsraophhbhvhhypb",2021,REG,SF,14,0,0,0,0,0,0,0,0,0,0,0,0,,,0,,0,0,0,0,0,0,0,0,0,0,,0,0,0,0,0,0,0,0,0,0,0,0,0,0,,0,0,0,0,0,,0,0,0,0,35,1,13,3,5,7,0,0,0,1,40,5,0,0,0,0,0,0,0,0,0,7,95,0,0,0,0,0,0,0,0,0,0,0,0,0,,,0,0,0,0,0,0,0,0,0,0,0,0,,,,0,0,0,0,0,0,0,,0,0,0,0,,0,0,,0,0,0,0,0,0,0,0,0,0,0,0
00-0029293,M.Jones,Marvin Jones,WR,WR,"https://static.www.nfl.com/image/private/f_auto,q_auto/league/ciy9sxefmcnwjw7ln3h2",2021,REG,JAX,17,0,0,0,0,0,0,0,0,0,0,0,0,,,0,,0,0,0,0,0,0,0,0,0,0,,0,0,0,0,0,73,120,832,4,0,0,1438,120,42,25.5539502443781,0,36,17,13,0,0.578581363004173,0.205831903945111,0.301783840503673,0.519996544270238,0,1,0,0,0,0,0,0,0,0,0,0,0,0,0,0,0,0,0,0,0,0,3,20,0,0,0,0,0,0,0,0,0,0,0,0,0,,,0,0,0,0,0,0,0,0,0,0,0,0,,,,0,0,0,0,0,0,0,,0,0,0,0,,0,0,,0,0,0,0,0,0,0,0,0,0,107.2,180.2
00-0029316,K.Beachum,Kelvin Beachum,OT,OL,"https://static.www.nfl.com/image/upload/f_auto,q_auto/league/dgul4jljoasida1h8tag",2021,REG,ARI,6,0,0,0,0,0,0,0,0,0,0,0,0,,,0,,0,0,0,0,0,0,0,0,0,0,,0,0,0,0,0,0,0,0,0,0,0,0,0,0,,0,0,0,0,0,,0,0,0,0,0,0,0,0,0,0,0,0,0,0,0,0,0,0,0,0,0,0,0,0,0,6,35,0,0,0,0,0,0,0,0,0,0,0,0,0,,,0,0,0,0,0,0,0,0,0,0,0,0,,,,0,0,0,0,0,0,0,,0,0,0,0,,0,0,,0,0,0,0,0,0,0,0,0,0,0,0
00-0029410,T.Wilson,Tavon Wilson,FS,DB,"https://static.www.nfl.com/image/private/f_auto,q_auto/league/ztnf4vdx2qw6nowvmxy4",2021,REG,SF,4,0,0,0,0,0,0,0,0,0,0,0,0,,,0,,0,0,0,0,0,0,0,0,0,0,,0,0,0,0,0,0,0,0,0,0,0,0,0,0,,0,0,0,0,0,,0,0,0,0,6,0,4,0,0,0,0,0,0,0,0,1,0,0,0,0,0,0,0,0,0,0,0,0,0,0,0,0,0,0,0,0,0,0,0,0,,,0,0,0,0,0,0,0,0,0,0,0,0,,,,0,0,0,0,0,0,0,,0,0,0,0,,0,0,,0,0,0,0,0,0,0,0,0,0,0,0
00-0029413,B.Jones,Ben Jones,C,OL,"https://static.www.nfl.com/image/private/f_auto,q_auto/league/wcnzcpaw850lpjoyghmf",2021,REG,TEN,4,0,0,0,0,0,0,0,0,0,0,0,0,,,0,,0,0,0,0,0,0,0,0,0,0,,0,0,0,0,0,0,0,0,0,0,0,0,0,0,,0,0,0,0,0,,0,0,0,0,0,0,0,0,0,0,0,0,0,0,0,0,0,0,0,0,1,0,0,0,0,3,25,0,0,0,0,0,0,0,0,0,0,0,0,0,,,0,0,0,0,0,0,0,0,0,0,0,0,,,,0,0,0,0,0,0,0,,0,0,0,0,,0,0,,0,0,0,0,0,0,0,0,0,0,0,0
00-0029419,D.Kelly,Dennis Kelly,OT,OL,"https://static.www.nfl.com/image/private/f_auto,q_auto/league/i4ev1ltkthmoslllgfhi",2021,REG,GB,2,0,0,0,0,0,0,0,0,0,0,0,0,,,0,,0,0,0,0,0,0,0,0,0,0,,0,0,0,0,0,0,0,0,0,0,0,0,0,0,,0,0,0,0,0,,0,0,0,0,0,0,0,0,0,0,0,0,0,0,0,0,0,0,0,0,0,0,0,0,0,2,15,0,0,0,0,0,0,0,0,0,0,0,0,0,,,0,0,0,0,0,0,0,0,0,0,0,0,,,,0,0,0,0,0,0,0,,0,0,0,0,,0,0,,0,0,0,0,0,0,0,0,0,0,0,0
00-0029421,R.Bullock,Randy Bullock,K,SPEC,"https://static.www.nfl.com/image/private/f_auto,q_auto/league/pim6xbwsdnk5xwhlwde8",2021,REG,TEN,16,0,0,0,0,0,0,0,0,0,0,0,0,,,0,,0,0,0,0,0,0,0,0,0,0,,0,0,0,0,0,0,0,0,0,0,0,0,0,0,,0,0,0,0,0,,0,0,0,0,0,0,0,0,0,0,0,0,0,0,0,0,0,0,0,0,0,0,0,0,0,0,0,0,0,0,0,0,0,0,0,0,26,31,5,0,51,0.838709677419355,0,5,12,8,1,0,0,0,0,5,0,0,33;30;24;36;32;44;46;36;34;43;38;34;51;46;44;28;36;36;44;29;26;32;38;44;23;44,44;49;44;47;42,,951,226,0,42,45,3,0,0.933333333333333,3,3,0,0,36;44;44,0,0,,0,0,0,0,0,0,0,0,0,0,0,0
00-0029528,B.Massie,Bobby Massie,OT,OL,"https://static.www.nfl.com/image/private/f_auto,q_auto/league/hfjtsmseahvvdllps7eg",2021,REG,DEN,2,0,0,0,0,0,0,0,0,0,0,0,0,,,0,,0,0,0,0,0,0,0,0,0,0,,0,0,0,0,0,0,0,0,0,0,0,0,0,0,,0,0,0,0,0,,0,0,0,0,0,0,1,0,0,0,0,0,0,0,0,0,0,0,0,0,0,0,0,0,0,1,5,0,0,0,0,0,0,0,0,0,0,0,0,0,,,0,0,0,0,0,0,0,0,0,0,0,0,,,,0,0,0,0,0,0,0,,0,0,0,0,,0,0,,0,0,0,0,0,0,0,0,0,0,0,0
00-0029530,J.Bethel,Justin Bethel,CB,DB,"https://static.www.nfl.com/image/private/f_auto,q_auto/league/ctqpivwrs2u9gwrohbce",2021,REG,NE,7,0,0,0,0,0,0,0,0,0,0,0,0,,,0,,0,0,0,0,0,0,0,0,0,0,,0,0,0,0,0,0,0,0,0,0,0,0,0,0,,0,0,0,0,0,,0,0,0,0,7,2,3,0,0,1,0,0,0,0,0,1,0,0,0,0,0,0,0,0,0,1,10,0,0,0,0,0,0,0,0,0,0,0,0,0,,,0,0,0,0,0,0,0,0,0,0,0,0,,,,0,0,0,0,0,0,0,,0,0,0,0,,0,0,,0,0,0,0,0,0,0,0,0,0,0,0
00-0029542,S.Gilmore,Stephon Gilmore,CB,DB,"https://static.www.nfl.com/image/upload/f_auto,q_auto/league/rzqv9harev8c0excxzfz",2021,REG,CAR,7,0,0,0,0,0,0,0,0,0,0,0,0,,,0,,0,0,0,0,0,0,0,0,0,0,,0,0,0,0,0,0,0,0,0,0,0,0,0,0,,0,0,0,0,0,,0,0,0,0,12,3,1,1,2,0,0,0,0,2,13,2,0,0,0,0,0,0,0,0,0,2,13,0,0,0,0,0,0,0,0,0,0,0,0,0,,,0,0,0,0,0,0,0,0,0,0,0,0,,,,0,0,0,0,0,0,0,,0,0,0,0,,0,0,,0,0,0,0,0,0,0,0,0,0,0,0
00-0029546,S.Kelemete,Senio Kelemete,G,OL,"https://static.www.nfl.com/image/private/f_auto,q_auto/league/t9irjxooncg3zlidmyuk",2021,REG,LAC,1,0,0,0,0,0,0,0,0,0,0,0,0,,,0,,0,0,0,0,0,0,0,0,0,0,,0,0,0,0,0,0,0,0,0,0,0,0,0,0,,0,0,0,0,0,,0,0,0,0,0,0,0,0,0,0,0,0,0,0,0,0,0,0,0,0,0,0,0,0,0,2,15,0,0,0,0,0,0,0,0,0,0,0,0,0,,,0,0,0,0,0,0,0,0,0,0,0,0,,,,0,0,0,0,0,0,0,,0,0,0,0,,0,0,,0,0,0,0,0,0,0,0,0,0,0,0
00-0029560,D.Kirkpatrick,Dre Kirkpatrick,CB,DB,"https://static.www.nfl.com/image/private/f_auto,q_auto/league/z0hhlgxx1icjln3l3hgl",2021,REG,SF,3,0,0,0,0,0,0,0,0,0,0,0,0,,,0,,0,0,0,0,0,0,0,0,0,0,,0,0,0,0,0,0,0,0,0,0,0,0,0,0,,0,0,0,0,0,,0,0,0,0,6,0,1,1,2,0,0,0,0,0,0,0,0,0,0,0,0,0,0,0,0,1,23,0,0,0,0,0,0,0,0,0,0,0,0,0,,,0,0,0,0,0,0,0,0,0,0,0,0,,,,0,0,0,0,0,0,0,,0,0,0,0,,0,0,,0,0,0,0,0,0,0,0,0,0,0,0
00-0029562,L.David,Lavonte David,OLB,LB,"https://static.www.nfl.com/image/upload/f_auto,q_auto/league/gicyoxodiwdzvybrzddk",2021,REG,TB,12,0,0,0,0,0,0,0,0,0,0,0,0,,,0,,0,0,0,0,0,0,0,0,0,0,,0,0,0,0,0,0,0,0,0,0,0,0,0,0,,0,0,0,0,0,,0,0,0,0,55,8,34,4,9,2,2,1,4,0,0,3,0,0,0,0,0,0,1,12,0,1,6,0,0,0,0,0,0,0,0,0,0,0,0,0,,,0,0,0,0,0,0,0,0,0,0,0,0,,,,0,0,0,0,0,0,0,,0,0,0,0,,0,0,,0,0,0,0,0,0,0,0,0,0,0,0
00-0029567,N.Foles,Nick Foles,QB,QB,"https://static.www.nfl.com/image/private/f_auto,q_auto/league/dxuz2ir773wylutxo7zs",2021,REG,CHI,1,24,35,250,1,0,4,-21,1,0,198,165,14,5.53918238218337,2.47797335897173,1,1.26262626262626,14,4,1,0,4,8,0,0,0,1,-0.0154439123580232,0,0,0,0,0,0,0,0,0,0,0,0,0,0,,0,0,0,0,0,,0,0,0,0,0,0,0,0,0,0,0,0,0,0,0,0,0,0,0,0,0,0,0,0,0,0,0,1,0,0,1,0,0,0,0,0,0,0,0,0,,,0,0,0,0,0,0,0,0,0,0,0,0,,,,0,0,0,0,0,0,0,,0,0,0,0,,0,0,,0,0,0,0,0,0,0,0,0,0,16.8,16.8
00-0029568,M.Jackson,Malik Jackson,DT,DL,"https://static.www.nfl.com/image/private/f_auto,q_auto/league/gakfws2ki3j7zuvdllnh",2021,REG,CLE,13,0,0,0,0,0,0,0,0,0,0,0,0,,,0,,0,0,0,0,0,0,0,0,0,0,,0,0,0,0,0,0,0,0,0,0,0,0,0,0,,0,0,0,0,0,,0,0,0,0,6,1,18,1,1,0,0.5,4,7,0,0,4,0,0,0,0,0,0,0,0,0,4,30,0,0,0,0,0,0,0,0,0,0,0,0,0,,,0,0,0,0,0,0,0,0,0,0,0,0,,,,0,0,0,0,0,0,0,,0,0,0,0,,0,0,,0,0,0,0,0,0,0,0,0,0,0,0
00-0029570,N.Ebner,Nate Ebner,DB,DB,"https://static.www.nfl.com/image/private/f_auto,q_auto/league/ygwdsa4xsqilgkgs5uk9",2021,REG,NYG,2,0,0,0,0,0,0,0,0,0,0,0,0,,,0,,0,0,0,0,0,0,0,0,0,0,,0,0,0,0,0,0,0,0,0,0,0,0,0,0,,0,0,0,0,0,,0,0,0,0,1,1,0,0,0,0,0,0,0,0,0,0,0,0,0,0,0,0,0,0,0,0,0,0,0,0,0,0,0,0,0,0,0,0,0,0,,,0,0,0,0,0,0,0,0,0,0,0,0,,,,0,0,0,0,0,0,0,,0,0,0,0,,0,0,,0,0,0,0,0,0,0,0,0,0,0,0
00-0029577,D.Trevathan,Danny Trevathan,ILB,LB,"https://static.www.nfl.com/image/private/f_auto,q_auto/league/jukojjsqqppqju4worol",2021,REG,CHI,5,0,0,0,0,0,0,0,0,0,0,0,0,,,0,,0,0,0,0,0,0,0,0,0,0,,0,0,0,0,0,0,0,0,0,0,0,0,0,0,,0,0,0,0,0,,0,0,0,0,6,2,11,1,3,0,0,0,0,0,0,0,0,0,0,0,0,0,0,0,0,0,0,0,0,0,0,0,0,0,0,0,0,0,0,0,,,0,0,0,0,0,0,0,0,0,0,0,0,,,,0,0,0,0,0,0,0,,0,0,0,0,,0,0,,0,0,0,0,0,0,0,0,0,0,0,0
00-0029585,C.Jones,Chandler Jones,DE,DL,"https://static.www.nfl.com/image/private/f_auto,q_auto/league/o12yqn0vbknt7gmu5owf",2021,REG,ARI,15,0,0,0,0,0,0,0,0,0,0,0,0,,,0,,0,0,0,0,0,0,0,0,0,0,,0,0,0,0,0,0,0,0,0,0,0,0,0,0,,0,0,0,0,0,,0,0,0,0,28,3,10,11,50,6,10.5,79.5,26,0,0,4,0,0,0,0,0,0,1,1,0,3,45,0,0,0,0,0,0,0,0,0,0,0,0,0,,,0,0,0,0,0,0,0,0,0,0,0,0,,,,0,0,0,0,0,0,0,,0,0,0,0,,0,0,,0,0,0,0,0,0,0,0,0,0,0,0
00-0029592,K.Zeitler,Kevin Zeitler,G,OL,"https://static.www.nfl.com/image/upload/f_auto,q_auto/league/nfb14plexvixmjo0p5ye",2021,REG,BAL,8,0,0,0,0,0,0,0,0,0,0,0,0,,,0,,0,0,0,0,0,0,0,0,0,0,,0,0,0,0,0,0,0,0,0,0,0,0,0,0,,0,0,0,0,0,,0,0,0,0,0,0,2,0,0,0,0,0,0,0,0,0,0,0,0,0,0,0,0,0,0,7,55,0,0,0,0,0,0,0,0,0,0,0,0,0,,,0,0,0,0,0,0,0,0,0,0,0,0,,,,0,0,0,0,0,0,0,,0,0,0,0,,0,0,,0,0,0,0,0,0,0,0,0,0,0,0
00-0029597,J.Tucker,Justin Tucker,K,SPEC,"https://static.www.nfl.com/image/upload/f_auto,q_auto/league/thawkkxcbyuddwuidgb0",2021,REG,BAL,17,0,0,0,0,0,0,0,0,0,0,0,0,,,0,,0,0,0,0,0,0,0,0,0,0,,0,0,0,0,0,0,0,0,0,0,0,0,0,0,,0,0,0,0,0,,0,0,0,0,0,0,0,0,0,0,0,0,0,0,0,0,0,0,0,0,0,0,0,0,0,0,0,0,0,0,0,0,0,0,0,0,35,37,2,0,66,0.945945945945946,0,7,9,13,5,1,0,0,0,2,0,0,40;47;43;39;50;32;66;40;46;20;23;52;39;45;37;36;46;35;27;46;52;25;49;35;28;50;42;55;38;22;46;46;34;24;46,49;48,,1401,97,0,32,32,0,0,1,2,2,0,0,66;36,0,0,,0,0,0,0,0,0,0,0,0,0,0,0
00-0029604,K.Cousins,Kirk Cousins,QB,QB,"https://static.www.nfl.com/image/upload/f_auto,q_auto/league/hmdqr7gju0dciapvdjcv",2021,REG,MIN,16,372,561,4221,33,7,28,-197,10,2,4573,1813,192,68.7925677748154,1.35027270354816,0,0.923026459654494,160,97,60,10,29,115,1,2,0,8,-4.47916272084251,0,4,3,1,0,0,0,0,0,0,0,0,0,0,,0,0,0,0,0,,0,0,0,0,1,0,0,0,0,0,0,0,0,0,0,0,0,0,0,0,4,-11,0,0,0,3,28,10,2,1,12,2,0,0,0,0,0,0,0,0,,,0,0,0,0,0,0,0,0,0,0,0,0,,,,0,0,0,0,0,0,0,,0,0,0,0,,0,0,,0,0,0,0,0,0,0,0,0,0,300.34,300.34
00-0029606,H.Smith,Harrison Smith,FS,DB,"https://static.www.nfl.com/image/upload/f_auto,q_auto/league/kadw1bk0cxsarjrwbdrq",2021,REG,MIN,15,0,0,0,0,0,0,0,0,0,0,0,0,,,0,,0,0,0,0,0,0,0,0,0,0,,0,0,0,0,0,0,0,0,0,0,0,0,0,0,,0,0,0,0,0,,0,0,0,0,68,15,31,3,22,1,3,22,5,1,10,7,0,0,0,0,0,0,0,0,0,5,45,0,0,0,0,0,0,0,0,0,0,0,0,0,,,0,0,0,0,0,0,0,0,0,0,0,0,,,,0,0,0,0,0,0,0,,0,0,0,0,,0,0,,0,0,0,0,0,0,0,0,0,0,0,0
00-0029607,D.Davis,Demario Davis,OLB,LB,"https://static.www.nfl.com/image/upload/f_auto,q_auto/league/fx9oohbyik0ibdlvyr8z",2021,REG,NO,16,0,0,0,0,0,0,0,0,0,0,0,0,,,0,,0,0,0,0,0,0,0,0,0,0,,0,0,0,0,0,0,0,0,0,0,0,0,0,0,,0,0,0,0,0,,0,0,0,0,61,9,35,13,31,0,3,16,10,0,0,7,0,0,0,0,0,0,0,0,0,2,9,0,0,0,0,0,0,0,0,0,0,0,0,0,,,0,0,0,0,0,0,0,0,0,0,0,0,,,,0,0,0,0,0,0,0,,0,0,0,0,,0,0,,0,0,0,0,0,0,0,0,0,0,0,0
00-0029608,T.Hilton,T.Y. Hilton,WR,WR,"https://static.www.nfl.com/image/private/f_auto,q_auto/league/b8kor0sgeynyd8u8cush",2021,REG,IND,10,0,0,0,0,0,0,0,0,0,0,0,0,,,0,,0,0,0,0,0,0,0,0,0,0,,0,0,0,0,0,23,37,331,3,0,0,476,71,15,20.3100245560054,0,11,6,4,2,0.695378151260504,0.0737051792828685,0.119,0.193857768924303,0,0,0,0,0,0,0,0,0,0,0,0,0,0,0,0,0,0,0,0,0,0,0,0,0,0,0,0,0,0,0,0,0,0,0,0,0,,,0,0,0,0,0,0,0,0,0,0,0,0,,,,0,0,0,0,0,0,0,,0,0,0,0,,0,0,,0,0,0,0,0,0,0,0,0,0,51.1,74.1
00-0029621,G.Zuerlein,Greg Zuerlein,K,SPEC,"https://static.www.nfl.com/image/private/f_auto,q_auto/league/gzuks9rryzy90fecvi9l",2021,REG,DAL,16,0,0,0,0,0,0,0,0,0,0,0,0,,,0,,0,0,0,0,0,0,0,0,0,0,,0,0,0,0,0,0,0,0,0,0,0,0,0,0,,0,0,0,0,0,,0,0,0,0,0,0,0,0,0,0,0,0,0,0,0,0,0,0,0,0,0,0,0,0,0,0,0,0,0,0,0,0,0,0,0,0,29,35,6,0,56,0.828571428571429,0,5,15,7,2,0,0,0,1,2,2,1,35;21;48;34;56;37;31;38;31;30;45;49;38;39;33;30;48;29;45;55;34;35;38;37;29;26;42;27;48,31;60;51;43;59;43,,1088,287,0,42,48,6,0,0.875,1,1,0,0,56,0,0,,0,0,0,0,0,0,0,0,0,0,0,0
00-0029630,M.Brockers,Michael Brockers,DT,DL,"https://static.www.nfl.com/image/private/f_auto,q_auto/league/qkh4jhodaog0uckpbzja",2021,REG,DET,16,0,0,0,0,0,0,0,0,0,0,0,0,,,0,,0,0,0,0,0,0,0,0,0,0,,0,0,0,0,0,0,0,0,0,0,0,0,0,0,,0,0,0,0,0,,0,0,0,0,18,5,29,3,13,0,1,10,1,0,0,0,0,0,0,0,0,0,0,0,0,2,10,0,0,0,0,0,0,0,0,0,0,0,0,0,,,0,0,0,0,0,0,0,0,0,0,0,0,,,,0,0,0,0,0,0,0,,0,0,0,0,,0,0,,0,0,0,0,0,0,0,0,0,0,0,0
00-0029632,M.Sanu,Mohamed Sanu,WR,WR,"https://static.www.nfl.com/image/private/f_auto,q_auto/league/a6loroqhta6g65aqnsrk",2021,REG,SF,8,0,0,0,0,0,0,0,0,0,0,0,0,,,0,,0,0,0,0,0,0,0,0,0,0,,0,0,0,0,0,15,24,177,0,0,0,227,44,12,12.0587423778091,0,8,5,1,0,0.779735682819383,0.0482897384305835,0.0567074693979515,0.112129836224441,0,1,0,0,0,0,0,0,0,0,0,0,0,0,0,0,0,0,0,0,0,0,2,25,0,0,0,0,0,2,24,0,0,0,0,0,0,,,0,0,0,0,0,0,0,0,0,0,0,0,,,,0,0,0,0,0,0,0,,0,0,0,0,,0,0,,0,0,0,0,0,0,0,0,0,0,17.7,32.7
00-0029643,W.Mercilus,Whitney Mercilus,DE,DL,"https://static.www.nfl.com/image/private/f_auto,q_auto/league/ppap8wfihhya2o1ekket",2021,REG,GB,9,0,0,0,0,0,0,0,0,0,0,0,0,,,0,,0,0,0,0,0,0,0,0,0,0,,0,0,0,0,0,0,0,0,0,0,0,0,0,0,,0,0,0,0,0,,0,0,0,0,8,1,8,4,32,0,4,32,5,0,0,0,0,0,0,0,0,0,0,0,0,0,0,0,0,0,0,0,0,0,0,0,0,0,0,0,,,0,0,0,0,0,0,0,0,0,0,0,0,,,,0,0,0,0,0,0,0,,0,0,0,0,,0,0,,0,0,0,0,0,0,0,0,0,0,0,0
00-0029653,F.Cox,Fletcher Cox,DT,DL,"https://static.www.nfl.com/image/private/f_auto,q_auto/league/guiegvu50wdv6lzspebo",2021,REG,PHI,15,0,0,0,0,0,0,0,0,0,0,0,0,,,0,,0,0,0,0,0,0,0,0,0,0,,0,0,0,0,0,0,0,0,0,0,0,0,0,0,,0,0,0,0,0,,0,0,0,0,17,8,10,4,21,2,3.5,26.5,12,0,0,0,0,0,0,0,0,0,1,0,1,4,19,0,0,0,0,0,0,0,0,0,0,0,0,0,,,0,0,0,0,0,0,0,0,0,0,0,0,,,,0,0,0,0,0,0,0,,0,0,0,0,,0,0,,0,0,0,0,0,0,0,0,0,0,0,0
00-0029657,A.Hicks,Akiem Hicks,DE,DL,"https://static.www.nfl.com/image/private/f_auto,q_auto/league/u6vzbrj6xejni2lks17m",2021,REG,CHI,8,0,0,0,0,0,0,0,0,0,0,0,0,,,0,,0,0,0,0,0,0,0,0,0,0,,0,0,0,0,0,0,0,0,0,0,0,0,0,0,,0,0,0,0,0,,0,0,0,0,17,2,6,4,23,0,3.5,26.5,9,0,0,0,0,0,0,0,0,0,0,0,0,1,15,0,0,0,0,0,0,0,0,0,0,0,0,0,,,0,0,0,0,0,0,0,0,0,0,0,0,,,,0,0,0,0,0,0,0,,0,0,0,0,,0,0,,0,0,0,0,0,0,0,0,0,0,0,0
00-0029664,J.Gordon,Josh Gordon,WR,WR,"https://static.www.nfl.com/image/private/f_auto,q_auto/league/wwqz2ujrj7wp86tyaxof",2021,REG,KC,9,0,0,0,0,0,0,0,0,0,0,0,0,,,0,,0,0,0,0,0,0,0,0,0,0,,0,0,0,0,0,5,14,32,1,0,0,153,5,3,-12.4963252243166,0,1,0,0,0,0.209150326797386,0.021978021978022,0.0308157099697885,0.0545380299458849,0,0,0,0,0,0,0,0,0,0,0,0,0,0,0,0,0,0,0,0,0,0,1,10,0,0,0,0,0,0,0,0,0,0,0,0,0,,,0,0,0,0,0,0,0,0,0,0,0,0,,,,0,0,0,0,0,0,0,,0,0,0,0,,0,0,,0,0,0,0,0,0,0,0,0,0,9.2,14.2
00-0029669,D.Hightower,Dont'a Hightower,OLB,LB,"https://static.www.nfl.com/image/private/f_auto,q_auto/league/ye8raazdvcmtv19wpmvo",2021,REG,NE,15,0,0,0,0,0,0,0,0,0,0,0,0,,,0,,0,0,0,0,0,0,0,0,0,0,,0,0,0,0,0,0,0,0,0,0,0,0,0,0,,0,0,0,0,0,,0,0,0,0,31,8,25,1,9,0,1.5,13.5,4,0,0,1,0,0,0,0,0,0,0,0,0,1,7,0,0,0,0,0,0,0,0,0,0,0,0,0,,,0,0,0,0,0,0,0,0,0,0,0,0,,,,0,0,0,0,0,0,0,,0,0,0,0,,0,0,,0,0,0,0,0,0,0,0,0,0,0,0
00-0029672,R.Reiff,Riley Reiff,OT,OL,"https://static.www.nfl.com/image/private/f_auto,q_auto/league/o7mwtkt8hoi05yvuijzc",2021,REG,CIN,4,0,0,0,0,0,0,0,0,0,0,0,0,,,0,,0,0,0,0,0,0,0,0,0,0,,0,0,0,0,0,0,0,0,0,0,0,0,0,0,,0,0,0,0,0,,0,0,0,0,1,0,1,0,0,0,0,0,0,0,0,0,0,0,0,0,1,0,0,0,0,1,10,0,0,0,0,0,0,0,0,0,0,0,0,0,,,0,0,0,0,0,0,0,0,0,0,0,0,,,,0,0,0,0,0,0,0,,0,0,0,0,,0,0,,0,0,0,0,0,0,0,0,0,0,0,0
00-0029679,B.Brooks,Brandon Brooks,G,OL,"https://static.www.nfl.com/image/private/f_auto,q_auto/league/wlko6hftwezwwfscjj8c",2021,REG,PHI,1,0,0,0,0,0,0,0,0,0,0,0,0,,,0,,0,0,0,0,0,0,0,0,0,0,,0,0,0,0,0,0,0,0,0,0,0,0,0,0,,0,0,0,0,0,,0,0,0,0,0,0,0,0,0,0,0,0,0,0,0,0,0,0,0,0,0,0,0,0,0,1,5,0,0,0,0,0,0,0,0,0,0,0,0,0,,,0,0,0,0,0,0,0,0,0,0,0,0,,,,0,0,0,0,0,0,0,,0,0,0,0,,0,0,,0,0,0,0,0,0,0,0,0,0,0,0
00-0029681,J.Jenkins,Janoris Jenkins,CB,DB,"https://static.www.nfl.com/image/private/f_auto,q_auto/league/qfjugbhul7ergngoqlyg",2021,REG,TEN,14,0,0,0,0,0,0,0,0,0,0,0,0,,,0,,0,0,0,0,0,0,0,0,0,0,,0,0,0,0,0,0,0,0,0,0,0,0,0,0,,0,0,0,0,0,,0,0,0,0,33,5,16,0,0,1,0,0,0,1,0,6,0,0,0,0,0,0,0,0,0,6,60,0,0,0,0,0,0,0,0,0,0,0,0,0,,,0,0,0,0,0,0,0,0,0,0,0,0,,,,0,0,0,0,0,0,0,,0,0,0,0,,0,0,,0,0,0,0,0,0,0,0,0,0,0,0
00-0029685,G.Van Roten,Greg Van Roten,G,OL,"https://static.www.nfl.com/image/upload/f_auto,q_auto/league/iey1sirxc8ggdt5yeunm",2021,REG,NYJ,3,0,0,0,0,0,0,0,0,0,0,0,0,,,0,,0,0,0,0,0,0,0,0,0,0,,0,0,0,0,0,0,0,0,0,0,0,0,0,0,,0,0,0,0,0,,0,0,0,0,1,0,0,0,0,0,0,0,0,0,0,0,0,0,0,0,0,0,0,0,0,2,15,0,0,0,0,0,0,0,0,0,0,0,0,0,,,0,0,0,0,0,0,0,0,0,0,0,0,,,,0,0,0,0,0,0,0,,0,0,0,0,,0,0,,0,0,0,0,0,0,0,0,0,0,0,0
00-0029692,B.Anger,Bryan Anger,P,SPEC,"https://static.www.nfl.com/image/upload/f_auto,q_auto/league/e1fozrp2fhprrkheqt0x",2021,REG,DAL,17,0,0,0,0,0,0,0,0,0,0,0,0,,,0,,0,0,0,0,0,0,0,0,0,0,,0,0,0,0,0,0,0,0,0,0,0,0,0,0,,0,0,0,0,0,,0,0,0,0,0,0,0,0,0,0,0,0,0,0,0,0,0,0,0,0,0,0,0,0,0,0,0,0,0,0,0,0,0,0,0,0,0,0,0,0,,,0,0,0,0,0,0,0,0,0,0,0,0,,,,0,0,0,0,0,0,0,,0,0,0,0,,65,0,63,3143,24,5,7,4,24,25,163,0,2900,0,0
00-0029701,R.Tannehill,Ryan Tannehill,QB,QB,"https://static.www.nfl.com/image/private/f_auto,q_auto/league/yvwju12dl6haf3r8uzrm",2021,REG,TEN,17,357,531,3734,21,14,47,-327,6,3,3954,1778,192,25.6636134466944,2.36215492663815,1,0.94436014162873,169,59,35,7,55,270,7,4,1,33,34.2893409262762,0,11,9,2,0,0,0,0,0,0,0,0,0,0,,0,0,0,0,0,,0,0,0,0,2,0,1,0,0,0,0,0,0,0,0,0,0,0,0,0,1,-7,0,0,0,1,10,6,4,0,10,4,0,0,0,0,0,0,0,0,,,0,0,0,0,0,0,0,0,0,0,0,0,,,,0,0,0,0,0,0,0,,0,0,0,0,,0,0,,0,0,0,0,0,0,0,0,0,0,268.36,268.36
00-0029709,T.Nsekhe,Ty Nsekhe,OT,OL,"https://static.www.nfl.com/image/upload/f_auto,q_auto/league/n2fv9z9aobdi4rfqqmrz",2021,REG,DAL,1,0,0,0,0,0,0,0,0,0,0,0,0,,,0,,0,0,0,0,0,0,0,0,0,0,,0,0,0,0,0,0,0,0,0,0,0,0,0,0,,0,0,0,0,0,,0,0,0,0,0,0,0,0,0,0,0,0,0,0,0,0,0,0,0,0,0,0,0,0,0,1,10,0,0,0,0,0,0,0,0,0,0,0,0,0,,,0,0,0,0,0,0,0,0,0,0,0,0,,,,0,0,0,0,0,0,0,,0,0,0,0,,0,0,,0,0,0,0,0,0,0,0,0,0,0,0
00-0029714,A.DePaola,Andrew DePaola,LS,SPEC,"https://static.www.nfl.com/image/upload/f_auto,q_auto/league/jcrvuhkivwjhbqmzp5tm",2021,REG,MIN,4,0,0,0,0,0,0,0,0,0,0,0,0,,,0,,0,0,0,0,0,0,0,0,0,0,,0,0,0,0,0,0,0,0,0,0,0,0,0,0,,0,0,0,0,0,,0,0,0,0,2,0,2,0,0,0,0,0,0,0,0,0,0,0,0,0,0,0,0,0,0,0,0,0,0,0,0,0,0,0,0,0,0,0,0,0,,,0,0,0,0,0,0,0,0,0,0,0,0,,,,0,0,0,0,0,0,0,,0,0,0,0,,0,0,,0,0,0,0,0,0,0,0,0,0,0,0
00-0029738,D.Fells,Darren Fells,TE,TE,"https://static.www.nfl.com/image/private/f_auto,q_auto/league/eh0rbweg4wbzgzpvprnv",2021,REG,DET,3,0,0,0,0,0,0,0,0,0,0,0,0,,,0,,0,0,0,0,0,0,0,0,0,0,,0,0,0,0,0,4,5,43,0,0,0,24,27,2,0.8511437906418,0,2,1,1,0,1.79166666666667,0.00884955752212389,0.0063441712926249,0.0177152561880233,0,0,0,0,0,0,0,0,0,0,0,0,0,0,0,0,0,0,0,0,0,0,1,5,0,0,0,0,0,0,0,0,0,0,0,0,0,,,0,0,0,0,0,0,0,0,0,0,0,0,,,,0,0,0,0,0,0,0,,0,0,0,0,,0,0,,0,0,0,0,0,0,0,0,0,0,4.3,8.3
00-0029747,C.Banjo,Chris Banjo,DB,DB,"https://static.www.nfl.com/image/private/f_auto,q_auto/league/ibqowvcvkzurwo95ukg9",2021,REG,ARI,7,1,1,23,0,0,0,0,0,0,19,4,1,3.73152830463368,36.0085844993591,0,1.21052631578947,1,1,1,0,0,0,0,0,0,0,,0,0,0,0,0,0,0,0,0,0,0,0,0,0,,0,0,0,0,0,,0,0,0,0,3,1,3,0,0,0,0,0,0,0,0,0,0,0,0,0,0,0,0,0,0,1,8,0,0,0,0,0,0,0,0,0,0,0,0,0,,,0,0,0,0,0,0,0,0,0,0,0,0,,,,0,0,0,0,0,0,0,,0,0,0,0,,0,0,,0,0,0,0,0,0,0,0,0,0,0.92,0.92
00-0029764,Co.Davis,Cody Davis,DB,DB,"https://static.www.nfl.com/image/private/f_auto,q_auto/league/pdijtrs1tnltal8g6cmx",2021,REG,NE,11,0,0,0,0,0,0,0,0,0,0,0,0,,,0,,0,0,0,0,0,0,0,0,0,0,,0,0,0,0,0,0,0,0,0,0,0,0,0,0,,0,0,0,0,0,,0,0,0,0,6,3,6,0,0,0,0,0,0,0,0,0,0,0,0,0,0,0,0,0,0,1,10,0,0,0,0,0,0,0,0,0,0,0,0,0,,,0,0,0,0,0,0,0,0,0,0,0,0,,,,0,0,0,0,0,0,0,,0,0,0,0,,0,0,,0,0,0,0,0,0,0,0,0,0,0,0
00-0029794,D.Bates,Daren Bates,LB,LB,"https://static.www.nfl.com/image/private/f_auto,q_auto/league/mj5z3knorwvmtfiyya1z",2021,REG,ATL,5,0,0,0,0,0,0,0,0,0,0,0,0,,,0,,0,0,0,0,0,0,0,0,0,0,,0,0,0,0,0,0,0,0,0,0,0,0,0,0,,0,0,0,0,0,,0,0,0,0,4,0,2,0,0,0,0,0,0,0,0,0,0,0,0,0,0,0,0,0,0,0,0,0,0,0,0,0,0,0,1,8,0,0,0,0,,,0,0,0,0,0,0,0,0,0,0,0,0,,,,0,0,0,0,0,0,0,,0,0,0,0,,0,0,,0,0,0,0,0,0,0,0,0,0,0,0
00-0029799,L.McCray,Lerentee McCray,DE,DL,"https://static.www.nfl.com/image/private/f_auto,q_auto/league/xszgkajjvzqoczqlpkhb",2021,REG,JAX,9,0,0,0,0,0,0,0,0,0,0,0,0,,,0,,0,0,0,0,0,0,0,0,0,0,,0,0,0,0,0,0,0,0,0,0,0,0,0,0,,0,0,0,0,0,,0,0,0,0,5,2,4,1,1,0,0,0,0,0,0,0,0,0,0,0,0,0,0,0,0,1,5,0,0,0,0,0,0,0,0,0,0,0,0,0,,,0,0,0,0,0,0,0,0,0,0,0,0,,,,0,0,0,0,0,0,0,,0,0,0,0,,0,0,,0,0,0,0,0,0,0,0,0,0,0,0
00-0029822,B.McManus,Brandon McManus,K,SPEC,"https://static.www.nfl.com/image/upload/f_auto,q_auto/league/qvwi9b1vfkn0wlmdl7ej",2021,REG,DEN,17,0,0,0,0,0,0,0,0,0,0,0,0,,,0,,0,0,0,0,0,0,0,0,0,0,,0,0,0,0,0,0,0,0,0,0,0,0,0,0,,0,0,0,0,0,,0,0,0,0,1,0,0,0,0,0,0,0,0,0,0,0,0,0,0,0,0,0,0,0,0,0,0,0,0,0,0,0,0,0,0,0,26,31,4,1,61,0.838709677419355,0,7,6,8,4,1,0,0,0,0,4,0,23;36;32;46;40;45;47;21;36;39;29;32;45;53;27;42;21;28;42;52;54;49;55;61;23;31,53;53;51;55,22,1009,212,22,33,34,1,0,0.970588235294118,0,0,0,0,,0,0,,0,0,0,0,0,0,0,0,0,0,0,0
00-0029869,W.Compton,Will Compton,ILB,LB,"https://static.www.nfl.com/image/private/f_auto,q_auto/league/jpqbnihjvf84ah121njg",2021,REG,LV,1,0,0,0,0,0,0,0,0,0,0,0,0,,,0,,0,0,0,0,0,0,0,0,0,0,,0,0,0,0,0,0,0,0,0,0,0,0,0,0,,0,0,0,0,0,,0,0,0,0,0,0,1,0,0,0,0,0,0,0,0,0,0,0,0,0,0,0,0,0,0,0,0,0,0,0,0,0,0,0,0,0,0,0,0,0,,,0,0,0,0,0,0,0,0,0,0,0,0,,,,0,0,0,0,0,0,0,,0,0,0,0,,0,0,,0,0,0,0,0,0,0,0,0,0,0,0
00-0029890,M.Purcell,Mike Purcell,NT,DL,"https://static.www.nfl.com/image/private/f_auto,q_auto/league/thcksouge8z0pgfli6xt",2021,REG,DEN,10,0,0,0,0,0,0,0,0,0,0,0,0,,,0,,0,0,0,0,0,0,0,0,0,0,,0,0,0,0,0,0,0,0,0,0,0,0,0,0,,0,0,0,0,0,,0,0,0,0,13,4,16,0,0,0,0,0,2,0,0,1,0,0,0,0,0,0,1,0,0,1,5,0,0,0,0,0,0,0,0,0,0,0,0,0,,,0,0,0,0,0,0,0,0,0,0,0,0,,,,0,0,0,0,0,0,0,,0,0,0,0,,0,0,,0,0,0,0,0,0,0,0,0,0,0,0
00-0029892,K.Juszczyk,Kyle Juszczyk,FB,RB,"https://static.www.nfl.com/image/upload/f_auto,q_auto/league/qflumv1aag7yw9mgwpga",2021,REG,SF,15,0,0,0,0,0,0,0,0,0,0,0,0,,,0,,0,0,0,0,8,22,1,0,0,3,-1.85241139755817,0,0,0,0,0,30,38,296,1,0,0,272,151,16,14.1393833419524,0,13,4,2,0,1.08823529411765,0.0764587525150906,0.067949038221334,0.16225245552757,0,1,0,2,0,0,0,0,0,0,0,0,0,0,0,0,0,0,0,0,0,0,1,10,0,0,0,0,0,0,0,0,0,0,0,0,0,,,0,0,0,0,0,0,0,0,0,0,0,0,,,,0,0,0,0,0,0,0,,0,0,0,0,,0,0,,0,0,0,0,0,0,0,0,0,0,43.8,73.8
00-0029895,R.Jensen,Ryan Jensen,C,OL,"https://static.www.nfl.com/image/private/f_auto,q_auto/league/iuidwiw5n0orpdcohl0t",2021,REG,TB,5,0,0,0,0,0,0,0,0,0,0,0,0,,,0,,0,0,0,0,0,0,0,0,0,0,,0,0,0,0,0,0,0,0,0,0,0,0,0,0,,0,0,0,0,0,,0,0,0,0,2,0,0,0,0,0,0,0,0,0,0,0,0,0,0,0,0,-14,0,0,0,3,40,0,1,0,1,0,0,0,0,0,0,0,0,0,,,0,0,0,0,0,0,0,0,0,0,0,0,,,,0,0,0,0,0,0,0,,0,0,0,0,,0,0,,0,0,0,0,0,0,0,0,0,0,0,0
00-0029901,R.Melvin,Rashaan Melvin,CB,DB,"https://static.www.nfl.com/image/private/f_auto,q_auto/league/jvadvemv3tgx6drm3z47",2021,REG,CAR,8,0,0,0,0,0,0,0,0,0,0,0,0,,,0,,0,0,0,0,0,0,0,0,0,0,,0,0,0,0,0,0,0,0,0,0,0,0,0,0,,0,0,0,0,0,,0,0,0,0,12,0,4,1,1,0,0,0,0,0,0,0,0,0,0,0,0,0,0,0,0,1,5,0,0,0,0,0,0,0,0,0,0,0,0,0,,,0,0,0,0,0,0,0,0,0,0,0,0,,,,0,0,0,0,0,0,0,,0,0,0,0,,0,0,,0,0,0,0,0,0,0,0,0,0,0,0
00-0029955,L.Reynolds,LaRoy Reynolds,LB,LB,"https://static.www.nfl.com/image/private/f_auto,q_auto/league/wympjaiqxuiz0pjgxmvn",2021,REG,NYJ,1,0,0,0,0,0,0,0,0,0,0,0,0,,,0,,0,0,0,0,0,0,0,0,0,0,,0,0,0,0,0,0,0,0,0,0,0,0,0,0,,0,0,0,0,0,,0,0,0,0,1,0,0,0,0,0,0,0,0,0,0,0,0,0,0,0,0,0,0,0,0,1,10,0,0,0,0,0,0,0,0,0,0,0,0,0,,,0,0,0,0,0,0,0,0,0,0,0,0,,,,0,0,0,0,0,0,0,,0,0,0,0,,0,0,,0,0,0,0,0,0,0,0,0,0,0,0
00-0029959,C.Tinker,Carson Tinker,LS,SPEC,"https://static.www.nfl.com/image/private/f_auto,q_auto/league/qsgbjtgtduvkiky2dh7c",2021,REG,LV,1,0,0,0,0,0,0,0,0,0,0,0,0,,,0,,0,0,0,0,0,0,0,0,0,0,,0,0,0,0,0,0,0,0,0,0,0,0,0,0,,0,0,0,0,0,,0,0,0,0,0,0,1,0,0,0,0,0,0,0,0,0,0,0,0,0,0,0,0,0,0,0,0,0,0,0,0,0,0,0,0,0,0,0,0,0,,,0,0,0,0,0,0,0,0,0,0,0,0,,,,0,0,0,0,0,0,0,,0,0,0,0,,0,0,,0,0,0,0,0,0,0,0,0,0,0,0
00-0030010,B.Copeland,Brandon Copeland,OLB,LB,"https://static.www.nfl.com/image/private/f_auto,q_auto/league/xp2g7lnnvmlmchbccpp0",2021,REG,ATL,15,0,0,0,0,0,0,0,0,0,0,0,0,,,0,,0,0,0,0,0,0,0,0,0,0,,0,0,0,0,0,0,0,0,0,0,0,0,0,0,,0,0,0,0,0,,0,0,0,0,19,4,16,3,7,0,0,0,2,0,0,2,0,0,0,0,0,0,0,0,0,0,0,0,0,0,0,0,0,0,0,0,0,0,0,0,,,0,0,0,0,0,0,0,0,0,0,0,0,,,,0,0,0,0,0,0,0,,0,0,0,0,,0,0,,0,0,0,0,0,0,0,0,0,0,0,0
00-0030035,A.Thielen,Adam Thielen,WR,WR,"https://static.www.nfl.com/image/upload/f_auto,q_auto/league/pv6gajxtt6zhum2unnsl",2021,REG,MIN,13,0,0,0,0,0,0,0,0,0,0,0,0,,,0,,0,0,0,0,1,2,0,0,0,0,-0.194060182664543,0,0,0,0,0,67,95,726,10,1,0,903,239,37,24.0615681793672,0,28,20,14,0,0.803986710963455,0.164359861591696,0.186493184634449,0.377085021631657,0,0,0,0,0,0,0,0,0,0,0,0,0,0,0,0,0,1,0,0,0,0,0,0,1,0,1,1,0,0,0,0,0,0,0,0,0,,,0,0,0,0,0,0,0,0,0,0,0,0,,,,0,0,0,0,0,0,0,,0,0,0,0,,0,0,,0,0,0,0,0,0,0,0,0,0,132.8,199.8
00-0030041,N.Robey,Nickell Robey-Coleman,DB,DB,"https://static.www.nfl.com/image/private/f_auto,q_auto/league/zw694ltpgyqw5kuuileb",2021,REG,DET,1,0,0,0,0,0,0,0,0,0,0,0,0,,,0,,0,0,0,0,0,0,0,0,0,0,,0,0,0,0,0,0,0,0,0,0,0,0,0,0,,0,0,0,0,0,,0,0,0,0,1,2,1,0,0,0,0,0,0,0,0,0,0,0,0,0,0,0,0,0,0,1,14,0,0,0,0,0,0,0,0,0,0,0,0,0,,,0,0,0,0,0,0,0,0,0,0,0,0,,,,0,0,0,0,0,0,0,,0,0,0,0,,0,0,,0,0,0,0,0,0,0,0,0,0,0,0
00-0030046,J.Mills,Jordan Mills,OT,OL,"https://static.www.nfl.com/image/private/f_auto,q_auto/league/zxrk6tcnr3jnjluohskt",2021,REG,NO,1,0,0,0,0,0,0,0,0,0,0,0,0,,,0,,0,0,0,0,0,0,0,0,0,0,,0,0,0,0,0,0,0,0,0,0,0,0,0,0,,0,0,0,0,0,,0,0,0,0,0,0,0,0,0,0,0,0,0,0,0,0,0,0,0,0,0,0,0,0,0,1,5,0,0,0,0,0,0,0,0,0,0,0,0,0,,,0,0,0,0,0,0,0,0,0,0,0,0,,,,0,0,0,0,0,0,0,,0,0,0,0,,0,0,,0,0,0,0,0,0,0,0,0,0,0,0
00-0030061,Z.Ertz,Zach Ertz,TE,TE,"https://static.www.nfl.com/image/upload/f_auto,q_auto/league/xktmmeumuoglbuam75iz",2021,REG,ARI,17,0,0,0,0,0,0,0,0,0,0,0,0,,,0,,0,0,0,0,1,4,0,0,0,0,0.455292735714465,0,0,0,0,0,74,112,763,5,0,0,844,340,40,9.39008792933854,0,33,14,7,1,0.904028436018957,0.239316239316239,0.199527186761229,0.49864338970722,0,0,0,0,0,0,0,0,0,0,0,0,0,0,0,0,0,0,0,0,0,0,5,30,0,0,0,0,0,0,0,0,0,0,0,0,0,,,0,0,0,0,0,0,0,0,0,0,0,0,,,,0,0,0,0,0,0,0,,0,0,0,0,,0,0,,0,0,0,0,0,0,0,0,0,0,106.7,180.7
00-0030062,D.Slay,Darius Slay,CB,DB,"https://static.www.nfl.com/image/upload/f_auto,q_auto/league/r7dwifb7wrqvqj714dgh",2021,REG,PHI,16,0,0,0,0,0,0,0,0,0,0,0,0,,,0,,0,0,0,0,0,0,0,0,0,0,,0,0,0,0,0,0,0,0,0,0,0,0,0,0,,0,0,0,0,0,,0,0,0,0,37,3,12,4,5,0,0,0,0,3,76,9,1,0,0,0,0,0,2,116,2,3,12,0,0,0,0,0,0,0,0,0,0,0,0,0,,,0,0,0,0,0,0,0,0,0,0,0,0,,,,0,0,0,0,0,0,0,,0,0,0,0,,0,0,,0,0,0,0,0,0,0,0,0,0,0,0
00-0030063,J.Hankins,Johnathan Hankins,DT,DL,"https://static.www.nfl.com/image/upload/f_auto,q_auto/league/iqrq5urtdwurus6hievb",2021,REG,LV,12,0,0,0,0,0,0,0,0,0,0,0,0,,,0,,0,0,0,0,0,0,0,0,0,0,,0,0,0,0,0,0,0,0,0,0,0,0,0,0,,0,0,0,0,0,,0,0,0,0,14,1,23,1,1,0,0,0,2,0,0,1,0,0,0,0,0,0,0,0,0,2,10,0,0,0,0,0,0,0,0,0,0,0,0,0,,,0,0,0,0,0,0,0,0,0,0,0,0,,,,0,0,0,0,0,0,0,,0,0,0,0,,0,0,,0,0,0,0,0,0,0,0,0,0,0,0
00-0030064,J.Bostic,Jon Bostic,ILB,LB,"https://static.www.nfl.com/image/private/f_auto,q_auto/league/t2pjyumewomvynbvdvzy",2021,REG,WAS,4,0,0,0,0,0,0,0,0,0,0,0,0,,,0,,0,0,0,0,0,0,0,0,0,0,,0,0,0,0,0,0,0,0,0,0,0,0,0,0,,0,0,0,0,0,,0,0,0,0,11,1,10,1,6,0,0,0,0,0,0,0,0,0,0,0,0,0,0,0,0,0,0,0,0,0,0,0,0,0,0,0,0,0,0,0,,,0,0,0,0,0,0,0,0,0,0,0,0,,,,0,0,0,0,0,0,0,,0,0,0,0,,0,0,,0,0,0,0,0,0,0,0,0,0,0,0
00-0030067,T.Armstead,Terron Armstead,OT,OL,"https://static.www.nfl.com/image/private/f_auto,q_auto/league/zjqocz6fl2qrhxqkgdbp",2021,REG,NO,3,0,0,0,0,0,0,0,0,0,0,0,0,,,0,,0,0,0,0,0,0,0,0,0,0,,0,0,0,0,0,0,0,0,0,0,0,0,0,0,,0,0,0,0,0,,0,0,0,0,1,0,0,0,0,0,0,0,0,0,0,0,0,0,0,0,0,0,0,0,0,3,20,0,0,0,0,0,0,0,0,0,0,0,0,0,,,0,0,0,0,0,0,0,0,0,0,0,0,,,,0,0,0,0,0,0,0,,0,0,0,0,,0,0,,0,0,0,0,0,0,0,0,0,0,0,0
00-0030068,M.Goodwin,Marquise Goodwin,WR,WR,"https://static.www.nfl.com/image/upload/f_auto,q_auto/league/cof5bbih1o9dtnonwmjp",2021,REG,CHI,14,0,0,0,0,0,0,0,0,0,0,0,0,,,0,,0,0,0,0,2,-1,0,0,0,0,-1.24175866559381,0,0,0,0,0,20,40,313,1,1,0,475,83,12,11.8744864799275,0,13,6,5,2,0.658947368421053,0.0763358778625954,0.10567296996663,0.188474895770534,0,0,0,1,0,0,0,0,0,0,0,0,0,0,0,0,0,0,0,0,0,0,0,0,1,0,0,1,0,0,0,0,0,0,0,0,0,,,0,0,0,0,0,0,0,0,0,0,0,0,,,,0,0,0,0,0,0,0,,0,0,0,0,,0,0,,0,0,0,0,0,0,0,0,0,0,37.2,57.2
00-0030070,J.Jenkins,John Jenkins,DT,DL,"https://static.www.nfl.com/image/upload/f_auto,q_auto/league/cgamzernsuzy7zamg3rx",2021,REG,MIA,4,0,0,0,0,0,0,0,0,0,0,0,0,,,0,,0,0,0,0,0,0,0,0,0,0,,0,0,0,0,0,0,0,0,0,0,0,0,0,0,,0,0,0,0,0,,0,0,0,0,7,3,6,0,0,0,0,0,0,0,0,0,0,0,0,0,0,0,0,0,0,0,0,0,0,0,0,0,0,0,0,0,0,0,0,0,,,0,0,0,0,0,0,0,0,0,0,0,0,,,,0,0,0,0,0,0,0,,0,0,0,0,,0,0,,0,0,0,0,0,0,0,0,0,0,0,0
00-0030076,J.Tretter,JC Tretter,C,OL,"https://static.www.nfl.com/image/private/f_auto,q_auto/league/usajarypcyafoxvvkbqo",2021,REG,CLE,5,0,0,0,0,0,0,0,0,0,0,0,0,,,0,,0,0,0,0,0,0,0,0,0,0,,0,0,0,0,0,0,0,0,0,0,0,0,0,0,,0,0,0,0,0,,0,0,0,0,0,0,0,0,0,0,0,0,0,0,0,0,0,0,0,0,1,0,0,0,0,4,40,0,0,0,0,0,0,0,0,0,0,0,0,0,,,0,0,0,0,0,0,0,0,0,0,0,0,,,,0,0,0,0,0,0,0,,0,0,0,0,,0,0,,0,0,0,0,0,0,0,0,0,0,0,0
00-0030083,O.Aboushi,Oday Aboushi,G,OL,"https://static.www.nfl.com/image/private/f_auto,q_auto/league/qayiwzp2hlziik6pueim",2021,REG,LAC,2,0,0,0,0,0,0,0,0,0,0,0,0,,,0,,0,0,0,0,0,0,0,0,0,0,,0,0,0,0,0,0,0,0,0,0,0,0,0,0,,0,0,0,0,0,,0,0,0,0,0,0,0,0,0,0,0,0,0,0,0,0,0,0,0,0,0,0,0,0,0,2,15,0,0,0,0,0,0,0,0,0,0,0,0,0,,,0,0,0,0,0,0,0,0,0,0,0,0,,,,0,0,0,0,0,0,0,,0,0,0,0,,0,0,,0,0,0,0,0,0,0,0,0,0,0,0
00-0030085,K.Stills,Kenny Stills,WR,WR,"https://static.www.nfl.com/image/private/f_auto,q_auto/league/wswn6tehkzj8mdfbablx",2021,REG,NO,7,0,0,0,0,0,0,0,0,0,0,0,0,,,0,,0,0,0,0,1,1,0,0,0,0,-0.475137180881575,0,0,0,0,0,6,23,68,1,0,0,430,10,4,-9.39854150352767,0,3,2,1,0,0.158139534883721,0.0485232067510549,0.114819759679573,0.153158641902283,0,0,0,0,0,0,0,0,0,0,0,0,0,0,0,0,0,0,0,0,0,0,0,0,0,0,0,0,0,0,0,0,0,0,0,0,0,,,0,0,0,0,0,0,0,0,0,0,0,0,,,,0,0,0,0,0,0,0,,0,0,0,0,,0,0,,0,0,0,0,0,0,0,0,0,0,12.9,18.9
00-0030090,M.Hyde,Micah Hyde,S,DB,"https://static.www.nfl.com/image/private/f_auto,q_auto/league/xxdwo2ndjc4qm9q5lpgx",2021,REG,BUF,17,0,0,0,0,0,0,0,0,0,0,0,0,,,0,,0,0,0,0,0,0,0,0,0,0,,0,0,0,0,0,0,0,0,0,0,0,0,0,0,,0,0,0,0,0,,0,0,0,0,49,4,21,3,11,1,1,6,2,5,59,10,1,0,0,0,0,0,2,16,0,0,0,0,0,0,0,0,4,37,0,0,0,0,0,0,,,0,0,0,0,0,0,0,0,0,0,0,0,,,,0,0,0,0,0,0,0,,0,0,0,0,,0,0,,0,0,0,0,0,0,0,0,0,0,0,0
00-0030092,S.Martin,Sam Martin,P,SPEC,"https://static.www.nfl.com/image/upload/f_auto,q_auto/league/hkewwfpluyhrcdgquthf",2021,REG,DEN,17,0,0,0,0,0,0,0,0,0,0,0,0,,,0,,0,0,0,0,0,0,0,0,0,0,,0,0,0,0,0,0,0,0,0,0,0,0,0,0,,0,0,0,0,0,,0,0,0,0,0,0,0,0,0,0,0,0,0,0,0,0,0,0,0,0,0,0,0,0,0,0,0,0,0,0,0,0,0,0,0,0,0,0,0,0,,,0,0,0,0,0,0,0,0,0,0,0,0,,,,0,0,0,0,0,0,0,,0,0,0,0,,67,0,68,3083,28,9,7,3,24,24,154,0,2869,0,0
00-0030097,D.Quessenberry,David Quessenberry,OT,OL,"https://static.www.nfl.com/image/upload/f_auto,q_auto/league/u9tqc6zzwioplioiixpm",2021,REG,TEN,2,0,0,0,0,0,0,0,0,0,0,0,0,,,0,,0,0,0,0,0,0,0,0,0,0,,0,0,0,0,0,0,0,0,0,0,0,0,0,0,,0,0,0,0,0,,0,0,0,0,1,0,0,0,0,1,0,0,0,0,0,0,0,0,0,0,0,0,0,0,0,1,10,0,0,0,0,0,0,0,0,0,0,0,0,0,,,0,0,0,0,0,0,0,0,0,0,0,0,,,,0,0,0,0,0,0,0,,0,0,0,0,,0,0,,0,0,0,0,0,0,0,0,0,0,0,0
00-0030098,D.Hopkins,Dustin Hopkins,K,SPEC,"https://static.www.nfl.com/image/upload/f_auto,q_auto/league/b8xhu9uud3finj0x9hpf",2021,REG,LAC,17,0,0,0,0,0,0,0,0,0,0,0,0,,,0,,0,0,0,0,0,0,0,0,0,0,,0,0,0,0,0,0,0,0,0,0,0,0,0,0,,0,0,0,0,0,,0,0,0,0,1,0,2,0,0,0,0,0,0,0,0,0,0,0,0,0,0,0,0,0,0,0,0,0,0,0,0,0,0,0,0,0,30,34,4,0,50,0.882352941176471,1,8,6,13,2,0,0,0,0,1,3,0,30;43;48;49;37;43;21;45;23;24;50;43;48;30;29;46;24;30;41;43;43;27;28;39;50;46;35;19;23;41,51;42;52;51,,1098,196,0,40,44,4,0,0.909090909090909,2,2,0,0,43;29,0,0,,0,0,0,0,0,0,0,0,0,0,0,0
00-0030108,R.Griffin,Ryan Griffin,TE,TE,"https://static.www.nfl.com/image/private/f_auto,q_auto/league/izjfxtmk2dhzhrlwpt9g",2021,REG,NYJ,14,0,0,0,0,0,0,0,0,0,0,0,0,,,0,,0,0,0,0,0,0,0,0,0,0,,0,0,0,0,0,27,42,261,2,1,0,223,149,14,3.00338599707201,0,10,5,4,0,1.17040358744395,0.072289156626506,0.0512761554380317,0.144327043746381,0,3,0,1,0,0,0,0,0,0,0,0,0,0,0,0,0,1,0,0,0,0,4,35,1,0,0,1,0,0,0,1,8,0,0,0,0,,,0,0,0,0,0,0,0,0,0,0,0,0,,,,0,0,0,0,0,0,0,,0,0,0,0,,0,0,,0,0,0,0,0,0,0,0,0,0,38.1,65.1
00-0030114,J.Poyer,Jordan Poyer,FS,DB,"https://static.www.nfl.com/image/upload/f_auto,q_auto/league/jv5ibhkljw1u9knlwqzy",2021,REG,BUF,16,0,0,0,0,0,0,0,0,0,0,0,0,,,0,,0,0,0,0,0,0,0,0,0,0,,0,0,0,0,0,0,0,0,0,0,0,0,0,0,,0,0,0,0,0,,0,0,0,0,58,8,27,7,33,0,3,26,3,5,87,9,0,0,0,0,0,0,0,0,0,5,50,0,0,0,0,0,0,0,0,0,0,0,0,0,,,0,0,0,0,0,0,0,0,0,0,0,0,,,,0,0,0,0,0,0,0,,0,0,0,0,,0,0,,0,0,0,0,0,0,0,0,0,0,0,0
00-0030140,T.Way,Tress Way,P,SPEC,"https://static.www.nfl.com/image/upload/f_auto,q_auto/league/c9oijuzo666bwebj9yuj",2021,REG,WAS,15,0,0,0,0,0,0,0,0,0,0,0,0,,,0,,0,0,0,0,0,0,0,0,0,0,,0,0,0,0,0,0,0,0,0,0,0,0,0,0,,0,0,0,0,0,,0,0,0,0,2,0,0,0,0,0,0,0,0,0,0,0,0,0,0,0,0,0,0,0,0,1,15,0,0,0,0,0,0,0,0,0,0,0,0,0,,,0,0,0,0,0,0,0,0,0,0,0,0,,,,0,0,0,0,0,0,0,,0,0,0,0,,60,1,66,2901,22,5,8,7,14,26,237,0,2524,0,0
00-0030148,D.Square,Damion Square,DT,DL,"https://static.www.nfl.com/image/private/f_auto,q_auto/league/ay7xu6je0iiizc0hifex",2021,REG,LV,6,0,0,0,0,0,0,0,0,0,0,0,0,,,0,,0,0,0,0,0,0,0,0,0,0,,0,0,0,0,0,0,0,0,0,0,0,0,0,0,,0,0,0,0,0,,0,0,0,0,1,2,6,0,0,0,0.5,1.5,3,0,0,0,0,0,0,0,0,0,0,0,0,0,0,0,0,0,0,0,0,0,0,0,0,0,0,0,,,0,0,0,0,0,0,0,0,0,0,0,0,,,,0,0,0,0,0,0,0,,0,0,0,0,,0,0,,0,0,0,0,0,0,0,0,0,0,0,0
00-0030155,D.Harris,Demetrius Harris,TE,TE,"https://static.www.nfl.com/image/private/f_auto,q_auto/league/nlajcnjlosuajmqswxvl",2021,REG,ARI,10,0,0,0,0,0,0,0,0,0,0,0,0,,,0,,0,0,0,0,0,0,0,0,0,0,,0,0,0,0,0,3,6,10,0,0,0,22,13,0,-5.84633715491509,0,0,0,0,0,0.454545454545455,0.0105263157894737,0.00497175141242938,0.0192696996729111,0,4,3,2,0,0,0,0,0,0,0,0,0,0,0,0,0,0,0,0,0,0,1,5,0,0,0,0,0,0,0,2,26,0,0,0,0,,,0,0,0,0,0,0,0,0,0,0,0,0,,,,0,0,0,0,0,0,0,,0,0,0,0,,0,0,,0,0,0,0,0,0,0,0,0,0,1,4
00-0030161,B.McDougald,Bradley McDougald,S,DB,"https://static.www.nfl.com/image/private/f_auto,q_auto/league/y0wvutgow5rcldezmrsz",2021,REG,JAX,3,0,0,0,0,0,0,0,0,0,0,0,0,,,0,,0,0,0,0,0,0,0,0,0,0,,0,0,0,0,0,0,0,0,0,0,0,0,0,0,,0,0,0,0,0,,0,0,0,0,3,0,2,0,0,0,0,0,0,0,0,0,0,0,0,0,0,0,0,0,0,0,0,0,0,0,0,0,0,0,0,0,0,0,0,0,,,0,0,0,0,0,0,0,0,0,0,0,0,,,,0,0,0,0,0,0,0,,0,0,0,0,,0,0,,0,0,0,0,0,0,0,0,0,0,0,0
00-0030181,J.Doyle,Jack Doyle,TE,TE,"https://static.www.nfl.com/image/private/f_auto,q_auto/league/h6abyvmg2g93llboizi6",2021,REG,IND,15,0,0,0,0,0,0,0,0,0,0,0,0,,,0,,0,0,0,0,0,0,0,0,0,0,,0,0,0,0,0,29,43,302,3,0,0,285,125,18,11.8359665406649,1,15,4,3,0,1.05964912280702,0.0856573705179283,0.07125,0.178361055776892,0,0,0,0,0,0,0,0,0,0,0,0,0,0,0,0,0,1,0,0,0,0,4,25,0,0,0,0,0,0,0,0,0,0,0,0,0,,,0,0,0,0,0,0,0,0,0,0,0,0,,,,0,0,0,0,0,0,0,,0,0,0,0,,0,0,,0,0,0,0,0,0,0,0,0,0,50.2,79.2
00-0030196,J.Heath,Jeff Heath,S,DB,"https://static.www.nfl.com/image/private/f_auto,q_auto/league/knimytdhoo3rqiacbgtm",2021,REG,NO,9,0,0,0,0,0,0,0,0,0,0,0,0,,,0,,0,0,0,0,0,0,0,0,0,0,,0,0,0,0,0,0,0,0,0,0,0,0,0,0,,0,0,0,0,0,,0,0,0,0,10,0,2,1,1,0,1,1,1,0,0,0,0,0,0,0,0,0,0,0,0,2,20,0,0,0,0,0,0,0,0,0,0,0,0,0,,,0,0,0,0,0,0,0,0,0,0,0,0,,,,0,0,0,0,0,0,0,,0,0,0,0,,0,0,,0,0,0,0,0,0,0,0,0,0,0,0
00-0030228,A.Bouye,A.J. Bouye,CB,DB,"https://static.www.nfl.com/image/private/f_auto,q_auto/league/cpgi2hbhnmvs1oczkzas",2021,REG,CAR,10,0,0,0,0,0,0,0,0,0,0,0,0,,,0,,0,0,0,0,0,0,0,0,0,0,,0,0,0,0,0,0,0,0,0,0,0,0,0,0,,0,0,0,0,0,,0,0,0,0,21,2,5,2,7,1,0,0,0,0,0,3,0,0,0,0,0,0,0,0,0,0,0,0,0,0,0,0,0,0,0,0,0,0,0,0,,,0,0,0,0,0,0,0,0,0,0,0,0,,,,0,0,0,0,0,0,0,,0,0,0,0,,0,0,,0,0,0,0,0,0,0,0,0,0,0,0
00-0030273,L.Taylor,Lane Taylor,G,OL,"https://static.www.nfl.com/image/private/f_auto,q_auto/league/kozishypg21m2xyks2id",2021,REG,HOU,1,0,0,0,0,0,0,0,0,0,0,0,0,,,0,,0,0,0,0,0,0,0,0,0,0,,0,0,0,0,0,0,0,0,0,0,0,0,0,0,,0,0,0,0,0,,0,0,0,0,0,0,0,0,0,0,0,0,0,0,0,0,0,0,0,0,0,0,0,0,0,1,0,0,0,0,0,0,0,0,0,0,0,0,0,0,,,0,0,0,0,0,0,0,0,0,0,0,0,,,,0,0,0,0,0,0,0,,0,0,0,0,,0,0,,0,0,0,0,0,0,0,0,0,0,0,0
00-0030279,K.Allen,Keenan Allen,WR,WR,"https://static.www.nfl.com/image/upload/f_auto,q_auto/league/ri267r6lzfwarh89hsn6",2021,REG,LAC,16,0,1,0,0,0,0,0,0,0,14,0,0,0.559544438307174,-51.5223681926727,1,0,0,0,0,0,0,0,0,0,0,0,,0,0,0,0,0,106,157,1138,6,1,0,1306,341,66,30.7011602111859,0,47,22,12,2,0.871362940275651,0.238239757207891,0.256985438803621,0.537249442974371,0,2,0,0,0,0,0,0,0,0,0,0,0,0,0,0,0,0,0,0,0,0,4,40,0,1,1,1,0,0,0,0,0,0,0,0,0,,,0,0,0,0,0,0,0,0,0,0,0,0,,,,0,0,0,0,0,0,0,,0,0,0,0,,0,0,,0,0,0,0,0,0,0,0,0,0,151.8,257.8
00-0030288,R.Burkhead,Rex Burkhead,RB,RB,"https://static.www.nfl.com/image/private/f_auto,q_auto/league/ysgdnkasvp07qmrkasve",2021,REG,HOU,15,0,1,0,0,0,0,0,0,0,7,0,0,-0.493120650062338,,0,0,0,0,0,0,122,427,3,1,0,30,-5.23546433079173,0,7,5,2,0,25,32,186,0,0,0,50,141,9,3.53926218789349,0,7,2,2,0,3.72,0.0611854684512428,0.0125093820365274,0.100534770102433,0,2,0,0,0,0,0,0,0,0,0,0,0,0,0,0,0,0,0,0,0,0,0,0,1,0,0,1,0,0,0,0,0,0,0,0,0,,,0,0,0,0,0,0,0,0,0,0,0,0,,,,0,0,0,0,0,0,0,,0,0,0,0,,0,0,,0,0,0,0,0,0,0,0,0,0,79.3,104.3
00-0030294,T.Jefferson,Tony Jefferson,S,DB,"https://static.www.nfl.com/image/upload/f_auto,q_auto/league/cbeyyjp0frs1gi1g8e3i",2021,REG,BAL,4,0,0,0,0,0,0,0,0,0,0,0,0,,,0,,0,0,0,0,0,0,0,0,0,0,,0,0,0,0,0,0,0,0,0,0,0,0,0,0,,0,0,0,0,0,,0,0,0,0,8,1,9,1,9,0,1,9,1,0,0,1,0,0,0,0,0,0,0,0,0,0,0,0,0,0,0,0,0,0,0,0,0,0,0,0,,,0,0,0,0,0,0,0,0,0,0,0,0,,,,0,0,0,0,0,0,0,,0,0,0,0,,0,0,,0,0,0,0,0,0,0,0,0,0,0,0
00-0030312,J.Addae,Jahleel Addae,S,DB,"https://static.www.nfl.com/image/private/f_auto,q_auto/league/orbwmzogmxytlb5rk4i4",2021,REG,IND,4,0,0,0,0,0,0,0,0,0,0,0,0,,,0,,0,0,0,0,0,0,0,0,0,0,,0,0,0,0,0,0,0,0,0,0,0,0,0,0,,0,0,0,0,0,,0,0,0,0,9,1,5,0,0,0,0,0,0,0,0,0,0,0,0,0,0,0,0,0,0,0,0,0,0,0,0,0,0,0,0,0,0,0,0,0,,,0,0,0,0,0,0,0,0,0,0,0,0,,,,0,0,0,0,0,0,0,,0,0,0,0,,0,0,,0,0,0,0,0,0,0,0,0,0,0,0
00-0030332,B.Maher,Brett Maher,K,SPEC,"https://static.www.nfl.com/image/private/f_auto,q_auto/league/v5fuzaeucyftknl6hwoe",2021,REG,NO,8,0,0,0,0,0,0,0,0,0,0,0,0,,,0,,0,0,0,0,0,0,0,0,0,0,,0,0,0,0,0,0,0,0,0,0,0,0,0,0,,0,0,0,0,0,,0,0,0,0,0,0,0,0,0,0,0,0,0,0,0,0,0,0,0,0,0,0,0,0,0,0,0,0,0,0,0,0,0,0,0,0,16,18,2,0,42,0.888888888888889,0,4,8,4,0,0,0,0,1,0,1,0,28;42;23;31;37;39;35;42;38;41;27;41;33;37;27;33,56;34,,554,90,0,10,12,2,0,0.833333333333333,0,0,0,0,,0,0,,0,0,0,0,0,0,0,0,0,0,0,0
00-0030380,B.Mayowa,Benson Mayowa,OLB,LB,"https://static.www.nfl.com/image/private/f_auto,q_auto/league/ryu7zvzq6173znqos0iq",2021,REG,SEA,12,0,0,0,0,0,0,0,0,0,0,0,0,,,0,,0,0,0,0,0,0,0,0,0,0,,0,0,0,0,0,0,0,0,0,0,0,0,0,0,,0,0,0,0,0,,0,0,0,0,10,5,15,3,14,0,1,10,2,0,0,0,0,0,0,0,0,0,0,0,0,0,0,0,0,0,0,0,0,0,0,0,0,0,0,0,,,0,0,0,0,0,0,0,0,0,0,0,0,,,,0,0,0,0,0,0,0,,0,0,0,0,,0,0,,0,0,0,0,0,0,0,0,0,0,0,0
00-0030382,K.Minter,Kevin Minter,ILB,LB,"https://static.www.nfl.com/image/private/f_auto,q_auto/league/qsgubsbwrrmfoqtdyz5d",2021,REG,TB,13,0,0,0,0,0,0,0,0,0,0,0,0,,,0,,0,0,0,0,0,0,0,0,0,0,,0,0,0,0,0,0,0,0,0,0,0,0,0,0,,0,0,0,0,0,,0,0,0,0,24,2,14,2,8,0,1,7,3,0,0,0,0,0,0,0,0,0,0,0,0,2,15,0,0,0,0,0,0,0,0,0,0,0,0,0,,,0,0,0,0,0,0,0,0,0,0,0,0,,,,0,0,0,0,0,0,0,,0,0,0,0,,0,0,,0,0,0,0,0,0,0,0,0,0,0,0
00-0030383,D.Harmon,Duron Harmon,S,DB,"https://static.www.nfl.com/image/upload/f_auto,q_auto/league/spklqujyj6a7dmacc74l",2021,REG,ATL,17,0,0,0,0,0,0,0,0,0,0,0,0,,,0,,0,0,0,0,0,0,0,0,0,0,,0,0,0,0,0,0,0,0,0,0,0,0,0,0,,0,0,0,0,0,,0,0,0,0,39,5,23,1,1,0,0,0,1,2,0,5,0,0,0,0,0,0,0,0,0,1,4,0,0,0,0,0,0,0,0,0,0,0,0,0,,,0,0,0,0,0,0,0,0,0,0,0,0,,,,0,0,0,0,0,0,0,,0,0,0,0,,0,0,,0,0,0,0,0,0,0,0,0,0,0,0
00-0030386,W.Gholston,William Gholston,DT,DL,"https://static.www.nfl.com/image/upload/f_auto,q_auto/league/yn9hugzuf7g8ve2xjtwi",2021,REG,TB,15,0,0,0,0,0,0,0,0,0,0,0,0,,,0,,0,0,0,0,0,0,0,0,0,0,,0,0,0,0,0,0,0,0,0,0,0,0,0,0,,0,0,0,0,0,,0,0,0,0,18,3,15,6,34,0,4.5,33.5,11,0,0,0,0,0,0,0,0,0,0,0,0,4,21,0,0,0,0,0,0,0,0,0,0,0,0,0,,,0,0,0,0,0,0,0,0,0,0,0,0,,,,0,0,0,0,0,0,0,,0,0,0,0,,0,0,,0,0,0,0,0,0,0,0,0,0,0,0
00-0030387,S.Means,Steven Means,LB,LB,"https://static.www.nfl.com/image/private/f_auto,q_auto/league/m15je6mlizxkjep7rvt1",2021,REG,ATL,14,0,0,0,0,0,0,0,0,0,0,0,0,,,0,,0,0,0,0,0,0,0,0,0,0,,0,0,0,0,0,0,0,0,0,0,0,0,0,0,,0,0,0,0,0,,0,0,0,0,15,9,19,1,1,0,0,0,2,0,0,0,0,0,0,0,0,0,1,32,0,1,5,0,0,0,0,0,0,0,0,0,0,0,0,0,,,0,0,0,0,0,0,0,0,0,0,0,0,,,,0,0,0,0,0,0,0,,0,0,0,0,,0,0,,0,0,0,0,0,0,0,0,0,0,0,0
00-0030402,A.Spence,Akeem Spence,DT,DL,"https://static.www.nfl.com/image/private/f_auto,q_auto/league/psegy2ft4lr56hkwtzhk",2021,REG,WAS,1,0,0,0,0,0,0,0,0,0,0,0,0,,,0,,0,0,0,0,0,0,0,0,0,0,,0,0,0,0,0,0,0,0,0,0,0,0,0,0,,0,0,0,0,0,,0,0,0,0,0,0,1,0,0,0,0,0,0,0,0,0,0,0,0,0,0,0,0,0,0,0,0,0,0,0,0,0,0,0,0,0,0,0,0,0,,,0,0,0,0,0,0,0,0,0,0,0,0,,,,0,0,0,0,0,0,0,,0,0,0,0,,0,0,,0,0,0,0,0,0,0,0,0,0,0,0
00-0030411,L.Ryan,Logan Ryan,CB,DB,"https://static.www.nfl.com/image/private/f_auto,q_auto/league/cx2auxfuxnuduesro2ww",2021,REG,NYG,15,0,0,0,0,0,0,0,0,0,0,0,0,,,0,,0,0,0,0,0,0,0,0,0,0,,0,0,0,0,0,0,0,0,0,0,0,0,0,0,,0,0,0,0,0,,0,0,0,0,65,12,40,1,4,2,1,4,3,0,0,8,0,0,0,0,0,0,1,0,0,1,5,0,0,0,0,0,0,0,0,0,0,0,0,0,,,0,0,0,0,0,0,0,0,0,0,0,0,,,,0,0,0,0,0,0,0,,0,0,0,0,,0,0,,0,0,0,0,0,0,0,0,0,0,0,0
00-0030421,J.Collins,Jamie Collins,OLB,LB,"https://static.www.nfl.com/image/private/f_auto,q_auto/league/opx1haouuhocoewz7p5h",2021,REG,NE,9,0,0,0,0,0,0,0,0,0,0,0,0,,,0,,0,0,0,0,0,0,0,0,0,0,,0,0,0,0,0,0,0,0,0,0,0,0,0,0,,0,0,0,0,0,,0,0,0,0,15,3,12,4,16,0,1,8,3,1,1,3,0,0,0,0,0,0,1,0,0,0,0,0,0,0,0,0,0,0,0,0,0,0,0,0,,,0,0,0,0,0,0,0,0,0,0,0,0,,,,0,0,0,0,0,0,0,,0,0,0,0,,0,0,,0,0,0,0,0,0,0,0,0,0,0,0
00-0030431,R.Woods,Robert Woods,WR,WR,"https://static.www.nfl.com/image/upload/f_auto,q_auto/league/ydjg5fylwkf5aaxiul6v",2021,REG,LA,9,0,0,0,0,0,0,0,0,0,0,0,0,,,0,,0,0,0,0,8,46,1,0,0,1,1.93969120731344,0,1,1,0,0,45,69,556,4,0,0,563,198,34,30.6183176619376,1,25,17,8,0,0.987566607460036,0.114617940199336,0.109661082976237,0.248689668382369,0,1,0,0,0,0,0,0,0,0,0,0,0,0,0,0,0,0,0,0,0,0,0,0,0,0,0,0,0,0,0,0,0,0,0,0,0,,,0,0,0,0,0,0,0,0,0,0,0,0,,,,0,0,0,0,0,0,0,,0,0,0,0,,0,0,,0,0,0,0,0,0,0,0,0,0,92.2,137.2
00-0030442,J.Simon,John Simon,LB,LB,"https://static.www.nfl.com/image/private/f_auto,q_auto/league/cuhrkuo2cirudn1etvmz",2021,REG,TEN,2,0,0,0,0,0,0,0,0,0,0,0,0,,,0,,0,0,0,0,0,0,0,0,0,0,,0,0,0,0,0,0,0,0,0,0,0,0,0,0,,0,0,0,0,0,,0,0,0,0,3,1,2,0,0,0,0,0,1,0,0,0,0,0,0,0,0,0,0,0,0,0,0,0,0,0,0,0,0,0,0,0,0,0,0,0,,,0,0,0,0,0,0,0,0,0,0,0,0,,,,0,0,0,0,0,0,0,,0,0,0,0,,0,0,,0,0,0,0,0,0,0,0,0,0,0,0
00-0030449,M.Hunt,Margus Hunt,DE,DL,"https://static.www.nfl.com/image/private/f_auto,q_auto/league/kcgvs6jecijrj3884z2v",2021,REG,CHI,7,0,0,0,0,0,0,0,0,0,0,0,0,,,0,,0,0,0,0,0,0,0,0,0,0,,0,0,0,0,0,0,0,0,0,0,0,0,0,0,,0,0,0,0,0,,0,0,0,0,5,1,8,2,8,0,0,0,0,0,0,0,0,0,0,0,0,0,0,0,0,0,0,0,0,0,0,0,0,0,0,0,0,0,0,0,,,0,0,0,0,0,0,0,0,0,0,0,0,,,,0,0,0,0,0,0,0,,0,0,0,0,,0,0,,0,0,0,0,0,0,0,0,0,0,0,0
00-0030455,S.Lotulelei,Star Lotulelei,DT,DL,"https://static.www.nfl.com/image/private/f_auto,q_auto/league/aa76o5lnybfm9chig7g5",2021,REG,BUF,8,0,0,0,0,0,0,0,0,0,0,0,0,,,0,,0,0,0,0,0,0,0,0,0,0,,0,0,0,0,0,0,0,0,0,0,0,0,0,0,,0,0,0,0,0,,0,0,0,0,10,1,6,4,15,0,3,13,3,0,0,0,0,0,0,0,0,0,0,0,0,1,5,0,0,0,0,0,0,0,0,0,0,0,0,0,,,0,0,0,0,0,0,0,0,0,0,0,0,,,,0,0,0,0,0,0,0,,0,0,0,0,,0,0,,0,0,0,0,0,0,0,0,0,0,0,0
00-0030456,G.Bernard,Giovani Bernard,RB,RB,"https://static.www.nfl.com/image/private/f_auto,q_auto/league/guht9y14gftgsugb87xz",2021,REG,TB,10,0,0,0,0,0,0,0,0,0,0,0,0,,,0,,0,0,0,0,8,58,0,0,0,3,1.72331350087188,0,2,2,1,0,23,29,123,3,1,0,30,134,8,-2.62022576255623,0,3,1,1,0,4.1,0.0405027932960894,0.00508992195453003,0.0643171353123051,0,1,0,0,0,0,0,0,0,0,0,0,0,0,0,0,0,1,0,0,0,0,0,0,1,0,1,1,0,2,7,3,53,0,0,0,0,,,0,0,0,0,0,0,0,0,0,0,0,0,,,,0,0,0,0,0,0,0,,0,0,0,0,,0,0,,0,0,0,0,0,0,0,0,0,0,36.1,59.1
00-0030459,T.Mathieu,Tyrann Mathieu,FS,DB,"https://static.www.nfl.com/image/upload/f_auto,q_auto/league/k3fywj4kodnfuyscnujy",2021,REG,KC,16,0,0,0,0,0,0,0,0,0,0,0,0,,,0,,0,0,0,0,0,0,0,0,0,0,,0,0,0,0,0,0,0,0,0,0,0,0,0,0,,0,0,0,0,0,,0,0,0,0,57,3,16,2,15,0,1,11,2,3,56,6,1,0,0,0,0,0,3,14,0,3,25,0,0,0,0,0,0,0,0,0,0,0,0,0,,,0,0,0,0,0,0,0,0,0,0,0,0,,,,0,0,0,0,0,0,0,,0,0,0,0,,0,0,,0,0,0,0,0,0,0,0,0,0,0,0
00-0030463,A.Klein,A.J. Klein,OLB,LB,"https://static.www.nfl.com/image/private/f_auto,q_auto/league/ohrm5k7zku2mc5alnmz4",2021,REG,BUF,10,0,0,0,0,0,0,0,0,0,0,0,0,,,0,,0,0,0,0,0,0,0,0,0,0,,0,0,0,0,0,0,0,0,0,0,0,0,0,0,,0,0,0,0,0,,0,0,0,0,22,7,6,2,6,0,0,0,1,1,12,5,0,0,0,0,0,0,1,0,0,1,15,0,0,0,0,0,0,0,0,0,0,0,0,0,,,0,0,0,0,0,0,0,0,0,0,0,0,,,,0,0,0,0,0,0,0,,0,0,0,0,,0,0,,0,0,0,0,0,0,0,0,0,0,0,0
00-0030465,K.Barner,Kenjon Barner,RB,RB,"https://static.www.nfl.com/image/private/f_auto,q_auto/league/n8hvbyw7vdlj7svjwqg4",2021,REG,TB,3,0,0,0,0,0,0,0,0,0,0,0,0,,,0,,0,0,0,0,4,0,0,0,0,0,-2.19820875494042,0,0,0,0,0,0,0,0,0,0,0,0,0,0,,0,0,0,0,0,,0,0,0,0,0,0,0,0,0,0,0,0,0,0,0,0,0,0,0,0,0,0,0,0,0,0,0,0,0,0,0,0,6,47,0,0,0,0,0,0,,,0,0,0,0,0,0,0,0,0,0,0,0,,,,0,0,0,0,0,0,0,,0,0,0,0,,0,0,,0,0,0,0,0,0,0,0,0,0,0,0
00-0030471,S.Williams,Shawn Williams,S,DB,"https://static.www.nfl.com/image/private/f_auto,q_auto/league/itwadnav0rwaqupj5lws",2021,REG,ATL,5,0,0,0,0,0,0,0,0,0,0,0,0,,,0,,0,0,0,0,0,0,0,0,0,0,,0,0,0,0,0,0,0,0,0,0,0,0,0,0,,0,0,0,0,0,,0,0,0,0,10,3,10,0,0,0,0,0,0,0,0,0,0,0,0,0,0,0,0,0,0,1,10,0,0,0,0,0,0,0,0,0,0,0,0,0,,,0,0,0,0,0,0,0,0,0,0,0,0,,,,0,0,0,0,0,0,0,,0,0,0,0,,0,0,,0,0,0,0,0,0,0,0,0,0,0,0
00-0030496,L.Bell,Le'Veon Bell,RB,RB,"https://static.www.nfl.com/image/private/f_auto,q_auto/league/sm3ij3pcby5ciqwaaqa1",2021,REG,TB,8,0,0,0,0,0,0,0,0,0,0,0,0,,,0,,0,0,0,0,39,101,2,0,0,9,-6.78392508338232,1,1,1,0,0,5,7,30,1,0,0,5,26,3,3.35769180872012,0,2,0,0,0,6,0.011844331641286,0.00095565749235474,0.0184354577065773,0,0,0,0,0,0,0,0,0,0,0,0,0,0,0,0,0,0,0,0,0,0,0,0,0,0,0,0,0,0,0,0,0,0,0,0,0,,,0,0,0,0,0,0,0,0,0,0,0,0,,,,0,0,0,0,0,0,0,,0,0,0,0,,0,0,,0,0,0,0,0,0,0,0,0,0,33.1,38.1
00-0030500,N.Williams,Nick Williams,DT,DL,"https://static.www.nfl.com/image/private/f_auto,q_auto/league/lphbl2t0w052unkblknq",2021,REG,DET,14,0,0,0,0,0,0,0,0,0,0,0,0,,,0,,0,0,0,0,0,0,0,0,0,0,,0,0,0,0,0,0,0,0,0,0,0,0,0,0,,0,0,0,0,0,,0,0,0,0,11,3,13,3,23,0,0.5,4,2,0,0,1,0,0,0,0,0,0,0,0,0,0,0,0,0,0,0,0,0,0,0,0,0,0,0,0,,,0,0,0,0,0,0,0,0,0,0,0,0,,,,0,0,0,0,0,0,0,,0,0,0,0,,0,0,,0,0,0,0,0,0,0,0,0,0,0,0
00-0030503,A.Okafor,Alex Okafor,DE,DL,"https://static.www.nfl.com/image/private/f_auto,q_auto/league/haacftqavtvq7dnvph1g",2021,REG,KC,16,0,0,0,0,0,0,0,0,0,0,0,0,,,0,,0,0,0,0,0,0,0,0,0,0,,0,0,0,0,0,0,0,0,0,0,0,0,0,0,,0,0,0,0,0,,0,0,0,0,7,0,16,0,0,1,1.5,1.5,7,0,0,2,0,0,0,0,0,0,0,0,0,2,20,0,0,0,0,0,0,0,0,0,0,0,0,0,,,0,0,0,0,0,0,0,0,0,0,0,0,,,,0,0,0,0,0,0,0,,0,0,0,0,,0,0,,0,0,0,0,0,0,0,0,0,0,0,0
00-0030506,T.Kelce,Travis Kelce,TE,TE,"https://static.www.nfl.com/image/upload/f_auto,q_auto/league/ebc5j60djpinc9elvlc5",2021,REG,KC,16,0,0,0,0,0,0,0,0,0,0,0,0,,,0,,0,0,0,0,2,3,1,0,0,1,0.345061281172093,0,0,0,0,0,92,134,1125,9,1,1,994,564,63,50.8031916963652,0,50,22,13,2,1.1317907444668,0.210361067503925,0.200201409869084,0.455682588164246,0,1,0,0,0,0,0,0,0,0,0,0,0,0,0,0,0,0,0,0,0,0,6,45,1,0,0,1,1,0,0,0,0,0,0,0,0,,,0,0,0,0,0,0,0,0,0,0,0,0,,,,0,0,0,0,0,0,0,,0,0,0,0,,0,0,,0,0,0,0,0,0,0,0,0,0,170.8,262.8
00-0030511,B.Williams,Brandon Williams,DE,DL,"https://static.www.nfl.com/image/private/f_auto,q_auto/league/fsifllhqsfavihjfs6eu",2021,REG,BAL,12,0,0,0,0,0,0,0,0,0,0,0,0,,,0,,0,0,0,0,0,0,0,0,0,0,,0,0,0,0,0,0,0,0,0,0,0,0,0,0,,0,0,0,0,0,,0,0,0,0,12,3,20,3,4,0,0,0,1,0,0,3,0,0,0,0,0,0,1,0,0,0,0,0,0,0,0,0,0,0,0,0,0,0,0,0,,,0,0,0,0,0,0,0,0,0,0,0,0,,,,0,0,0,0,0,0,0,,0,0,0,0,,0,0,,0,0,0,0,0,0,0,0,0,0,0,0
00-0030513,L.Murray,Latavius Murray,RB,RB,"https://static.www.nfl.com/image/private/f_auto,q_auto/league/zepm7ghltyeqydn0qxcg",2021,REG,BAL,14,0,0,0,0,0,0,0,0,0,0,0,0,,,0,,0,0,0,0,119,501,6,0,0,36,-6.84285256232816,0,9,6,3,1,10,13,75,0,0,0,1,71,2,-0.533061674388591,0,3,2,0,0,75,0.0219966159052454,0.000191131498470948,0.0331287159067977,0,0,0,1,0,0,0,0,0,0,0,0,0,0,0,0,0,0,0,0,0,0,1,5,0,0,0,0,0,0,0,0,0,0,0,0,0,,,0,0,0,0,0,0,0,0,0,0,0,0,,,,0,0,0,0,0,0,0,,0,0,0,0,,0,0,,0,0,0,0,0,0,0,0,0,0,93.6,103.6
00-0030520,M.Glennon,Mike Glennon,QB,QB,"https://static.www.nfl.com/image/private/f_auto,q_auto/league/mubobrjbeudtezxv0t0p",2021,REG,NYG,6,90,167,790,4,10,9,-68,4,3,1210,415,43,-81.7879634291941,-7.87803942894007,0,0.652892561983471,32,12,5,1,7,33,1,1,0,2,-3.70725087780168,0,1,1,0,0,0,0,0,0,0,0,0,0,0,,0,0,0,0,0,,0,0,0,0,1,0,0,0,0,0,0,0,0,0,0,0,0,0,0,0,2,-9,0,0,0,1,5,4,2,0,6,3,0,0,0,0,0,0,0,0,,,0,0,0,0,0,0,0,0,0,0,0,0,,,,0,0,0,0,0,0,0,,0,0,0,0,,0,0,,0,0,0,0,0,0,0,0,0,0,30.9,30.9
00-0030525,T.Austin,Tavon Austin,WR,WR,"https://static.www.nfl.com/image/private/f_auto,q_auto/league/ulagxqgjnrft4wub0gus",2021,REG,JAX,11,0,0,0,0,0,0,0,0,0,0,0,0,,,0,,0,0,0,0,3,21,0,0,0,1,1.6055196543457,0,0,0,0,0,24,37,213,1,0,0,320,68,11,-9.35806463314757,0,8,5,2,0,0.665625,0.0634648370497427,0.0671563483735572,0.142206699436104,0,2,0,0,0,0,0,0,0,0,0,0,0,0,1,0,0,0,0,0,0,0,0,0,0,1,0,1,1,2,3,0,0,0,0,0,0,,,0,0,0,0,0,0,0,0,0,0,0,0,,,,0,0,0,0,0,0,0,,0,0,0,0,,0,0,,0,0,0,0,0,0,0,0,0,0,29.4,53.4
00-0030527,A.Ogletree,Alec Ogletree,ILB,LB,"https://static.www.nfl.com/image/private/f_auto,q_auto/league/n2iknv0oqq5nqbbzjjrn",2021,REG,CHI,16,0,0,0,0,0,0,0,0,0,0,0,0,,,0,,0,0,0,0,0,0,0,0,0,0,,0,0,0,0,0,0,0,0,0,0,0,0,0,0,,0,0,0,0,0,,0,0,0,0,51,4,32,4,7,1,0,0,3,0,0,4,0,0,0,0,0,0,0,0,0,4,40,0,0,0,0,0,0,0,0,0,0,0,0,0,,,0,0,0,0,0,0,0,0,0,0,0,0,,,,0,0,0,0,0,0,0,,0,0,0,0,,0,0,,0,0,0,0,0,0,0,0,0,0,0,0
00-0030528,R.Alford,Robert Alford,CB,DB,"https://static.www.nfl.com/image/private/f_auto,q_auto/league/wbev0tvoeyqqhatigwgp",2021,REG,ARI,13,0,0,0,0,0,0,0,0,0,0,0,0,,,0,,0,0,0,0,0,0,0,0,0,0,,0,0,0,0,0,0,0,0,0,0,0,0,0,0,,0,0,0,0,0,,0,0,0,0,29,1,7,1,3,0,0,0,0,1,23,4,0,0,0,0,0,0,0,0,0,3,31,0,0,0,0,0,0,0,0,0,0,0,0,0,,,0,0,0,0,0,0,0,0,0,0,0,0,,,,0,0,0,0,0,0,0,,0,0,0,0,,0,0,,0,0,0,0,0,0,0,0,0,0,0,0
00-0030561,L.Johnson,Lane Johnson,OT,OL,"https://static.www.nfl.com/image/upload/f_auto,q_auto/league/ukibsn5yxozyzompfbxm",2021,REG,PHI,4,0,0,0,0,0,0,0,0,0,0,0,0,,,0,,0,0,0,0,0,0,0,0,0,0,,0,0,0,0,0,1,1,5,1,0,0,5,0,1,1.63749824167462,0,0,0,0,0,1,0.00213675213675214,0.00118203309692671,0.00403255137297691,0,0,0,0,0,0,0,0,0,0,0,0,0,0,0,0,0,0,0,0,0,0,6,45,0,0,0,0,0,0,0,0,0,0,0,0,0,,,0,0,0,0,0,0,0,0,0,0,0,0,,,,0,0,0,0,0,0,0,,0,0,0,0,,0,0,,0,0,0,0,0,0,0,0,0,0,6.5,7.5
00-0030562,D.Trufant,Desmond Trufant,CB,DB,"https://static.www.nfl.com/image/private/f_auto,q_auto/league/zduxwgxqrjxriigt0it6",2021,REG,LV,7,0,0,0,0,0,0,0,0,0,0,0,0,,,0,,0,0,0,0,0,0,0,0,0,0,,0,0,0,0,0,0,0,0,0,0,0,0,0,0,,0,0,0,0,0,,0,0,0,0,14,0,3,0,0,0,0,0,0,0,0,6,0,0,0,0,0,0,0,0,0,0,0,0,0,0,0,0,0,0,0,0,0,0,0,0,,,0,0,0,0,0,0,0,0,0,0,0,0,,,,0,0,0,0,0,0,0,,0,0,0,0,,0,0,,0,0,0,0,0,0,0,0,0,0,0,0
00-0030564,D.Hopkins,DeAndre Hopkins,WR,WR,"https://static.www.nfl.com/image/upload/f_auto,q_auto/league/snvo6holyfdjmrlqxqxu",2021,REG,ARI,10,0,0,0,0,0,0,0,0,0,0,0,0,,,0,,0,0,0,0,0,0,0,0,0,0,,0,0,0,0,0,42,64,572,8,0,0,788,140,32,42.3779696961469,0,27,10,7,1,0.725888324873096,0.112280701754386,0.178079096045198,0.293076419863217,0,0,0,0,0,0,0,0,0,0,0,0,0,0,0,0,0,0,0,0,0,0,3,30,0,0,0,0,0,0,0,0,0,0,0,0,0,,,0,0,0,0,0,0,0,0,0,0,0,0,,,,0,0,0,0,0,0,0,,0,0,0,0,,0,0,,0,0,0,0,0,0,0,0,0,0,105.2,147.2
00-0030565,G.Smith,Geno Smith,QB,QB,"https://static.www.nfl.com/image/upload/f_auto,q_auto/league/tqy0933vz5yogwlefb1s",2021,REG,SEA,4,65,95,702,5,1,13,-117,1,1,664,360,31,-1.23674028156646,6.50495439767838,0,1.05722891566265,25,13,11,2,9,42,1,0,0,3,3.66690281714546,0,2,2,0,0,0,0,0,0,0,0,0,0,0,,0,0,0,0,0,,0,0,0,0,0,0,0,0,0,0,0,0,0,0,0,0,0,0,0,0,0,0,0,0,0,1,5,1,0,0,1,1,0,0,0,0,0,0,0,0,,,0,0,0,0,0,0,0,0,0,0,0,0,,,,0,0,0,0,0,0,0,,0,0,0,0,,0,0,,0,0,0,0,0,0,0,0,0,0,54.28,54.28
00-0030573,S.Richardson,Sheldon Richardson,DT,DL,"https://static.www.nfl.com/image/private/f_auto,q_auto/league/yfbo8yxqsqwpmwrusnjj",2021,REG,MIN,16,0,0,0,0,0,0,0,0,0,0,0,0,,,0,,0,0,0,0,0,0,0,0,0,0,,0,0,0,0,0,0,0,0,0,0,0,0,0,0,,0,0,0,0,0,,0,0,0,0,18,6,15,5,16,1,2.5,14.5,13,0,0,4,0,0,0,0,0,0,1,0,0,4,14,0,0,0,0,0,0,0,0,0,0,0,0,0,,,0,0,0,0,0,0,0,0,0,0,0,0,,,,0,0,0,0,0,0,0,,0,0,0,0,,0,0,,0,0,0,0,0,0,0,0,0,0,0,0
00-0030575,X.Rhodes,Xavier Rhodes,CB,DB,"https://static.www.nfl.com/image/private/f_auto,q_auto/league/vj7ythe0bue256xfeyhl",2021,REG,IND,13,0,0,0,0,0,0,0,0,0,0,0,0,,,0,,0,0,0,0,0,0,0,0,0,0,,0,0,0,0,0,0,0,0,0,0,0,0,0,0,,0,0,0,0,0,,0,0,0,0,29,3,7,1,1,0,0,0,0,1,4,7,0,0,0,0,0,0,1,0,0,3,56,0,0,0,0,0,0,0,0,0,0,0,0,0,,,0,0,0,0,0,0,0,0,0,0,0,0,,,,0,0,0,0,0,0,0,,0,0,0,0,,0,0,,0,0,0,0,0,0,0,0,0,0,0,0
00-0030578,C.Patterson,Cordarrelle Patterson,RB,RB,"https://static.www.nfl.com/image/upload/f_auto,q_auto/league/jktdrwmujfuqp94csnav",2021,REG,ATL,16,0,1,0,0,0,0,0,0,0,18,0,0,-0.599639943917282,,0,0,0,0,0,0,153,618,6,1,0,29,-15.4856635596079,0,20,11,2,0,52,69,548,5,0,0,214,385,26,19.0910259758063,0,22,10,8,2,2.5607476635514,0.124548736462094,0.0516533912623703,0.2229804785768,0,0,0,1,0,0,0,0,0,0,0,0,0,0,0,0,0,3,-9,0,0,0,0,0,1,1,0,2,0,0,0,18,434,0,0,0,0,,,0,0,0,0,0,0,0,0,0,0,0,0,,,,0,0,0,0,0,0,0,,0,0,0,0,,0,0,,0,0,0,0,0,0,0,0,0,0,182.6,234.6
00-0030584,E.Fisher,Eric Fisher,OT,OL,"https://static.www.nfl.com/image/private/f_auto,q_auto/league/ztwpjz1jdxa9w67ll6h4",2021,REG,IND,5,0,0,0,0,0,0,0,0,0,0,0,0,,,0,,0,0,0,0,0,0,0,0,0,0,,0,0,0,0,0,0,0,0,0,0,0,0,0,0,,0,0,0,0,0,,0,0,0,0,0,0,0,0,0,0,0,0,0,0,0,0,0,0,0,0,0,0,0,0,0,6,35,0,0,0,0,0,0,0,0,0,0,0,0,0,,,0,0,0,0,0,0,0,0,0,0,0,0,,,,0,0,0,0,0,0,0,,0,0,0,0,,0,0,,0,0,0,0,0,0,0,0,0,0,0,0
00-0030585,J.Pugh,Justin Pugh,G,OL,"https://static.www.nfl.com/image/upload/f_auto,q_auto/league/vjpj5hrfb568u8ni8bvs",2021,REG,ARI,4,0,0,0,0,0,0,0,0,0,0,0,0,,,0,,0,0,0,0,0,0,0,0,0,0,,0,0,0,0,0,0,0,0,0,0,0,0,0,0,,0,0,0,0,0,,0,0,0,0,1,0,0,0,0,0,0,0,0,0,0,0,0,0,0,0,0,0,0,0,0,3,20,0,0,0,0,0,0,0,0,0,0,0,0,0,,,0,0,0,0,0,0,0,0,0,0,0,0,,,,0,0,0,0,0,0,0,,0,0,0,0,,0,0,,0,0,0,0,0,0,0,0,0,0,0,0
00-0030648,A.Villanueva,Alejandro Villanueva,OT,OL,"https://static.www.nfl.com/image/private/f_auto,q_auto/league/u0iqbfj30q64ngrmwdvr",2021,REG,BAL,8,0,0,0,0,0,0,0,0,0,0,0,0,,,0,,0,0,0,0,0,0,0,0,0,0,,0,0,0,0,0,0,0,0,0,0,0,0,0,0,,0,0,0,0,0,,0,0,0,0,0,0,0,0,0,0,0,0,0,0,0,0,0,0,0,0,0,0,0,0,0,10,90,0,0,0,0,0,0,0,0,0,0,0,0,0,,,0,0,0,0,0,0,0,0,0,0,0,0,,,,0,0,0,0,0,0,0,,0,0,0,0,,0,0,,0,0,0,0,0,0,0,0,0,0,0,0
00-0030663,W.Snead,Willie Snead,WR,WR,"https://static.www.nfl.com/image/private/f_auto,q_auto/league/fr5xckiwhguuaishnbju",2021,REG,CAR,7,0,0,0,0,0,0,0,0,0,0,0,0,,,0,,0,0,0,0,0,0,0,0,0,0,,0,0,0,0,0,4,8,38,0,0,0,67,12,3,-4.78285138972569,0,2,0,0,0,0.567164179104478,0.0132669983416252,0.0130987292277615,0.0290696079718709,0,0,0,0,0,0,0,0,0,0,0,0,0,0,0,0,0,0,0,0,0,0,0,0,0,0,0,0,0,0,0,0,0,0,0,0,0,,,0,0,0,0,0,0,0,0,0,0,0,0,,,,0,0,0,0,0,0,0,,0,0,0,0,,0,0,,0,0,0,0,0,0,0,0,0,0,3.8,7.8
00-0030665,D.Sorensen,Daniel Sorensen,DB,DB,"https://static.www.nfl.com/image/private/f_auto,q_auto/league/sqynbf32igys6zu09szc",2021,REG,KC,17,0,0,0,0,0,0,0,0,0,0,0,0,,,0,,0,0,0,0,0,0,0,0,0,0,,0,0,0,0,0,0,0,0,0,0,0,0,0,0,,0,0,0,0,0,,0,0,0,0,38,2,11,2,11,0,1,9,3,2,75,8,1,0,0,0,0,0,0,0,0,1,3,0,0,0,0,0,0,0,0,0,0,0,0,0,,,0,0,0,0,0,0,0,0,0,0,0,0,,,,0,0,0,0,0,0,0,,0,0,0,0,,0,0,,0,0,0,0,0,0,0,0,0,0,0,0
00-0030669,A.Wilson,Albert Wilson,WR,WR,"https://static.www.nfl.com/image/private/f_auto,q_auto/league/slythouwdcrug0poiios",2021,REG,MIA,10,0,1,0,0,0,1,-1,0,0,5,0,0,-2.05353292950895,-41.7415231466293,0,0,0,0,0,0,4,17,0,0,0,1,-0.712680795113556,0,1,1,0,0,25,39,213,0,0,0,210,143,10,-5.40065205995903,0,6,2,1,1,1.01428571428571,0.0651085141903172,0.0469693580854395,0.130541321945283,0,0,0,0,0,0,0,0,0,0,0,0,0,0,0,0,0,0,0,0,0,0,1,5,0,0,0,0,0,0,0,1,2,0,0,0,0,,,0,0,0,0,0,0,0,0,0,0,0,0,,,,0,0,0,0,0,0,0,,0,0,0,0,,0,0,,0,0,0,0,0,0,0,0,0,0,23,48
00-0030694,J.Hurst,James Hurst,G,OL,"https://static.www.nfl.com/image/private/f_auto,q_auto/league/mzpvnvadsssb2qnrhihk",2021,REG,NO,3,0,0,0,0,0,0,0,0,0,0,0,0,,,0,,0,0,0,0,0,0,0,0,0,0,,0,0,0,0,0,0,0,0,0,0,0,0,0,0,,0,0,0,0,0,,0,0,0,0,0,0,0,0,0,0,0,0,0,0,0,0,0,0,0,0,0,0,0,0,0,4,30,0,0,0,0,0,0,0,0,0,0,0,0,0,,,0,0,0,0,0,0,0,0,0,0,0,0,,,,0,0,0,0,0,0,0,,0,0,0,0,,0,0,,0,0,0,0,0,0,0,0,0,0,0,0
00-0030706,J.Andrews,Josh Andrews,C,OL,"https://static.www.nfl.com/image/private/f_auto,q_auto/league/i9szgu5xg9rirj93tx83",2021,REG,ATL,1,0,0,0,0,0,0,0,0,0,0,0,0,,,0,,0,0,0,0,0,0,0,0,0,0,,0,0,0,0,0,0,0,0,0,0,0,0,0,0,,0,0,0,0,0,,0,0,0,0,0,0,0,0,0,0,0,0,0,0,0,0,0,0,0,0,0,0,0,0,0,1,5,0,0,0,0,0,0,0,0,0,0,0,0,0,,,0,0,0,0,0,0,0,0,0,0,0,0,,,,0,0,0,0,0,0,0,,0,0,0,0,,0,0,,0,0,0,0,0,0,0,0,0,0,0,0
00-0030725,C.Lucas,Cornelius Lucas,OT,OL,"https://static.www.nfl.com/image/upload/f_auto,q_auto/league/ii9b9lb3szz5vehvqh5a",2021,REG,WAS,2,0,0,0,0,0,0,0,0,0,0,0,0,,,0,,0,0,0,0,0,0,0,0,0,0,,0,0,0,0,0,0,0,0,0,0,0,0,0,0,,0,0,0,0,0,,0,0,0,0,1,0,0,0,0,0,0,0,0,0,0,0,0,0,0,0,0,0,0,0,0,1,5,0,0,0,0,0,0,0,0,0,0,0,0,0,,,0,0,0,0,0,0,0,0,0,0,0,0,,,,0,0,0,0,0,0,0,,0,0,0,0,,0,0,,0,0,0,0,0,0,0,0,0,0,0,0
00-0030757,M.Pennel,Mike Pennel,DT,DL,"https://static.www.nfl.com/image/upload/f_auto,q_auto/league/ezpbko1gvvdrrtqhkhnu",2021,REG,ATL,9,0,0,0,0,0,0,0,0,0,0,0,0,,,0,,0,0,0,0,0,0,0,0,0,0,,0,0,0,0,0,0,0,0,0,0,0,0,0,0,,0,0,0,0,0,,0,0,0,0,9,0,12,0,0,0,0,0,0,0,0,0,0,0,0,0,0,0,0,0,0,2,10,0,0,0,0,0,0,0,0,0,0,0,0,0,,,0,0,0,0,0,0,0,0,0,0,0,0,,,,0,0,0,0,0,0,0,,0,0,0,0,,0,0,,0,0,0,0,0,0,0,0,0,0,0,0
00-0030761,J.Thomas,Joe Thomas,OLB,LB,"https://static.www.nfl.com/image/private/f_auto,q_auto/league/ojdlnhgj7zlucpucacrq",2021,REG,BAL,5,0,0,0,0,0,0,0,0,0,0,0,0,,,0,,0,0,0,0,0,0,0,0,0,0,,0,0,0,0,0,0,0,0,0,0,0,0,0,0,,0,0,0,0,0,,0,0,0,0,6,3,4,0,0,0,0,0,0,0,0,0,0,0,0,0,0,0,0,0,0,0,0,0,0,0,0,0,0,0,0,0,0,0,0,0,,,0,0,0,0,0,0,0,0,0,0,0,0,,,,0,0,0,0,0,0,0,,0,0,0,0,,0,0,,0,0,0,0,0,0,0,0,0,0,0,0
00-0030781,T.Hopkins,Trey Hopkins,C,OL,"https://static.www.nfl.com/image/private/f_auto,q_auto/league/xbpthatg7ednche6tfm5",2021,REG,CIN,2,0,0,0,0,0,0,0,0,0,0,0,0,,,0,,0,0,0,0,0,0,0,0,0,0,,0,0,0,0,0,0,0,0,0,0,0,0,0,0,,0,0,0,0,0,,0,0,0,0,0,0,0,0,0,0,0,0,0,0,0,0,0,0,0,0,0,0,0,0,0,3,30,0,0,0,0,0,0,0,0,0,0,0,0,0,,,0,0,0,0,0,0,0,0,0,0,0,0,,,,0,0,0,0,0,0,0,,0,0,0,0,,0,0,,0,0,0,0,0,0,0,0,0,0,0,0
00-0030827,T.Shatley,Tyler Shatley,C,OL,"https://static.www.nfl.com/image/private/f_auto,q_auto/league/qsy9wwamkc9cotbj8ihk",2021,REG,JAX,2,0,0,0,0,0,0,0,0,0,0,0,0,,,0,,0,0,0,0,0,0,0,0,0,0,,0,0,0,0,0,0,0,0,0,0,0,0,0,0,,0,0,0,0,0,,0,0,0,0,0,0,0,0,0,0,0,0,0,0,0,0,0,0,0,0,0,0,0,0,0,2,20,0,0,0,0,0,0,0,0,0,0,0,0,0,,,0,0,0,0,0,0,0,0,0,0,0,0,,,,0,0,0,0,0,0,0,,0,0,0,0,,0,0,,0,0,0,0,0,0,0,0,0,0,0,0
00-0030829,J.Wells,Josh Wells,OT,OL,"https://static.www.nfl.com/image/private/f_auto,q_auto/league/ievet7iuqffgzon6p4sm",2021,REG,TB,1,0,0,0,0,0,0,0,0,0,0,0,0,,,0,,0,0,0,0,0,0,0,0,0,0,,0,0,0,0,0,0,0,0,0,0,0,0,0,0,,0,0,0,0,0,,0,0,0,0,0,0,0,0,0,0,0,0,0,0,0,0,0,0,0,0,0,0,0,0,0,1,5,0,0,0,0,0,0,0,0,0,0,0,0,0,,,0,0,0,0,0,0,0,0,0,0,0,0,,,,0,0,0,0,0,0,0,,0,0,0,0,,0,0,,0,0,0,0,0,0,0,0,0,0,0,0
00-0030850,C.Parkey,Cody Parkey,K,SPEC,"https://static.www.nfl.com/image/private/f_auto,q_auto/league/m6btiz85brkj9bwim4yv",2021,REG,NO,1,0,0,0,0,0,0,0,0,0,0,0,0,,,0,,0,0,0,0,0,0,0,0,0,0,,0,0,0,0,0,0,0,0,0,0,0,0,0,0,,0,0,0,0,0,,0,0,0,0,0,0,0,0,0,0,0,0,0,0,0,0,0,0,0,0,0,0,0,0,0,0,0,0,0,0,0,0,0,0,0,0,0,0,0,0,,,0,0,0,0,0,0,0,0,0,0,0,0,,,,0,0,0,3,5,2,0,0.6,0,0,0,0,,0,0,,0,0,0,0,0,0,0,0,0,0,0,0
00-0030874,D.Williams,Damien Williams,RB,RB,"https://static.www.nfl.com/image/private/f_auto,q_auto/league/ga4vusnfwfvhp2ksqw7x",2021,REG,CHI,12,0,0,0,0,0,0,0,0,0,0,0,0,,,0,,0,0,0,0,40,164,2,0,0,11,-1.32140011723331,0,4,3,1,0,16,23,103,1,0,0,41,109,3,-5.5267005378264,0,3,2,1,0,2.51219512195122,0.0438931297709924,0.00912124582869856,0.0722245667365775,0,4,0,2,0,0,0,0,0,0,0,0,0,0,0,0,0,0,0,0,0,0,0,0,0,0,0,0,0,0,0,0,0,0,0,0,0,,,0,0,0,0,0,0,0,0,0,0,0,0,,,,0,0,0,0,0,0,0,,0,0,0,0,,0,0,,0,0,0,0,0,0,0,0,0,0,44.7,60.7
00-0030883,J.Mauro,Josh Mauro,DE,DL,"https://static.www.nfl.com/image/private/f_auto,q_auto/league/dsnqho672kqis1vajzhq",2021,REG,ARI,3,0,0,0,0,0,0,0,0,0,0,0,0,,,0,,0,0,0,0,0,0,0,0,0,0,,0,0,0,0,0,0,0,0,0,0,0,0,0,0,,0,0,0,0,0,,0,0,0,0,1,0,2,1,1,0,1,1,1,0,0,0,0,0,0,0,0,0,0,0,0,0,0,0,0,0,0,0,0,0,0,0,0,0,0,0,,,0,0,0,0,0,0,0,0,0,0,0,0,,,,0,0,0,0,0,0,0,,0,0,0,0,,0,0,,0,0,0,0,0,0,0,0,0,0,0,0
00-0030946,K.Hyder,Kerry Hyder,DE,DL,"https://static.www.nfl.com/image/private/f_auto,q_auto/league/vbv4vdg8aakzmjp5heae",2021,REG,SEA,15,0,0,0,0,0,0,0,0,0,0,0,0,,,0,,0,0,0,0,0,0,0,0,0,0,,0,0,0,0,0,0,0,0,0,0,0,0,0,0,,0,0,0,0,0,,0,0,0,0,16,4,13,2,13,0,1.5,14.5,11,0,0,0,0,0,0,0,0,0,2,0,0,0,0,0,0,0,0,0,0,0,0,0,0,0,0,0,,,0,0,0,0,0,0,0,0,0,0,0,0,,,,0,0,0,0,0,0,0,,0,0,0,0,,0,0,,0,0,0,0,0,0,0,0,0,0,0,0
00-0030968,K.Smith,Keith Smith,FB,RB,"https://static.www.nfl.com/image/private/f_auto,q_auto/league/jolwasweebgk37nkl7ia",2021,REG,ATL,13,0,0,0,0,0,0,0,0,0,0,0,0,,,0,,0,0,0,0,9,31,0,0,0,3,-3.49744484253461,0,0,0,0,0,9,10,56,0,0,0,21,38,3,1.68763834959827,0,2,0,0,0,2.66666666666667,0.0180505415162455,0.00506879073135409,0.0306239657863161,0,6,0,3,0,0,0,0,0,0,0,0,0,0,0,0,0,0,0,0,0,0,0,0,0,0,0,0,0,0,0,2,26,0,0,0,0,,,0,0,0,0,0,0,0,0,0,0,0,0,,,,0,0,0,0,0,0,0,,0,0,0,0,,0,0,,0,0,0,0,0,0,0,0,0,0,8.7,17.7
00-0030986,E.Westbrooks,Ethan Westbrooks,DT,DL,"https://static.www.nfl.com/image/private/f_auto,q_auto/league/pqwouewum8g8cf4gaxmq",2021,REG,NO,1,0,0,0,0,0,0,0,0,0,0,0,0,,,0,,0,0,0,0,0,0,0,0,0,0,,0,0,0,0,0,0,0,0,0,0,0,0,0,0,,0,0,0,0,0,,0,0,0,0,1,0,0,0,0,0,0,0,0,0,0,0,0,0,0,0,0,0,0,0,0,0,0,0,0,0,0,0,0,0,0,0,0,0,0,0,,,0,0,0,0,0,0,0,0,0,0,0,0,,,,0,0,0,0,0,0,0,,0,0,0,0,,0,0,,0,0,0,0,0,0,0,0,0,0,0,0
00-0031016,R.Cockrell,Ross Cockrell,CB,DB,"https://static.www.nfl.com/image/private/f_auto,q_auto/league/fgu5rsfoycajtctmgx2p",2021,REG,TB,15,0,0,0,0,0,0,0,0,0,0,0,0,,,0,,0,0,0,0,0,0,0,0,0,0,,0,0,0,0,0,0,0,0,0,0,0,0,0,0,,0,0,0,0,0,,0,0,0,0,28,1,14,0,0,1,0,0,2,0,0,7,0,0,0,0,0,0,0,0,0,3,22,0,0,0,0,0,0,0,0,0,0,0,0,0,,,0,0,0,0,0,0,0,0,0,0,0,0,,,,0,0,0,0,0,0,0,,0,0,0,0,,0,0,,0,0,0,0,0,0,0,0,0,0,0,0
00-0031019,C.Linsley,Corey Linsley,C,OL,"https://static.www.nfl.com/image/private/f_auto,q_auto/league/k6m9bqygr0mwiou3fpgg",2021,REG,LAC,5,0,0,0,0,0,0,0,0,0,0,0,0,,,0,,0,0,0,0,0,0,0,0,0,0,,0,0,0,0,0,0,0,0,0,0,0,0,0,0,,0,0,0,0,0,,0,0,0,0,1,0,0,0,0,0,0,0,0,0,0,0,0,0,0,0,0,0,0,0,0,5,35,0,0,0,0,0,0,0,0,0,0,0,0,0,,,0,0,0,0,0,0,0,0,0,0,0,0,,,,0,0,0,0,0,0,0,,0,0,0,0,,0,0,,0,0,0,0,0,0,0,0,0,0,0,0
00-0031022,L.Duvernay-Tardif,Laurent Duvernay-Tardif,G,OL,"https://static.www.nfl.com/image/private/f_auto,q_auto/league/efgdfvizp6xgkfia5ciw",2021,REG,NYJ,1,0,0,0,0,0,0,0,0,0,0,0,0,,,0,,0,0,0,0,0,0,0,0,0,0,,0,0,0,0,0,0,0,0,0,0,0,0,0,0,,0,0,0,0,0,,0,0,0,0,0,0,0,0,0,0,0,0,0,0,0,0,0,0,0,0,0,0,0,0,0,1,4,0,0,0,0,0,0,0,0,0,0,0,0,0,,,0,0,0,0,0,0,0,0,0,0,0,0,,,,0,0,0,0,0,0,0,,0,0,0,0,,0,0,,0,0,0,0,0,0,0,0,0,0,0,0
00-0031039,J.Ferentz,James Ferentz,C,OL,"https://static.www.nfl.com/image/private/f_auto,q_auto/league/m0pbykgz2kfnrpjfj8sa",2021,REG,NE,1,0,0,0,0,0,0,0,0,0,0,0,0,,,0,,0,0,0,0,0,0,0,0,0,0,,0,0,0,0,0,0,0,0,0,0,0,0,0,0,,0,0,0,0,0,,0,0,0,0,0,0,0,0,0,0,0,0,0,0,0,0,0,0,0,0,0,0,0,0,0,1,10,0,0,0,0,0,0,0,0,0,0,0,0,0,,,0,0,0,0,0,0,0,0,0,0,0,0,,,,0,0,0,0,0,0,0,,0,0,0,0,,0,0,,0,0,0,0,0,0,0,0,0,0,0,0
00-0031040,K.Mack,Khalil Mack,OLB,LB,"https://static.www.nfl.com/image/upload/f_auto,q_auto/league/jzqh3otccfpx2aue7xys",2021,REG,CHI,7,0,0,0,0,0,0,0,0,0,0,0,0,,,0,,0,0,0,0,0,0,0,0,0,0,,0,0,0,0,0,0,0,0,0,0,0,0,0,0,,0,0,0,0,0,,0,0,0,0,15,0,4,6,50,0,6,50,7,0,0,0,0,0,0,0,0,0,1,8,0,2,20,0,0,0,0,0,0,0,0,0,0,0,0,0,,,0,0,0,0,0,0,0,0,0,0,0,0,,,,0,0,0,0,0,0,0,,0,0,0,0,,0,0,,0,0,0,0,0,0,0,0,0,0,0,0
00-0031041,K.Fuller,Kyle Fuller,CB,DB,"https://static.www.nfl.com/image/private/f_auto,q_auto/league/hn06mz3xaqvoc1bkcrjh",2021,REG,DEN,12,0,0,0,0,0,0,0,0,0,0,0,0,,,0,,0,0,0,0,0,0,0,0,0,0,,0,0,0,0,0,0,0,0,0,0,0,0,0,0,,0,0,0,0,0,,0,0,0,0,38,2,11,3,5,0,0,0,0,0,0,4,0,0,0,0,0,0,0,0,0,5,52,0,0,0,0,0,0,0,0,0,0,0,0,0,,,0,0,0,0,0,0,0,0,0,0,0,0,,,,0,0,0,0,0,0,0,,0,0,0,0,,0,0,,0,0,0,0,0,0,0,0,0,0,0,0
00-0031045,C.Hyde,Carlos Hyde,RB,RB,"https://static.www.nfl.com/image/private/f_auto,q_auto/league/qpmv42ldpkpdf1gpgeua",2021,REG,JAX,11,0,0,0,0,0,0,0,0,0,0,0,0,,,0,,0,0,0,0,72,253,1,2,2,14,-25.0420960174233,0,4,3,0,0,12,21,65,0,0,0,31,75,1,-6.56934520666255,0,0,0,0,0,2.09677419354839,0.0360205831903945,0.00650577124868835,0.0585849146596736,0,0,0,0,0,0,0,0,0,0,0,0,0,0,0,0,0,0,0,0,0,0,0,0,2,0,0,2,2,0,0,0,0,0,0,0,0,,,0,0,0,0,0,0,0,0,0,0,0,0,,,,0,0,0,0,0,0,0,,0,0,0,0,,0,0,,0,0,0,0,0,0,0,0,0,0,33.8,45.8
00-0031051,J.Brown,John Brown,WR,WR,"https://static.www.nfl.com/image/private/f_auto,q_auto/league/xwyc2a0qfdxbbct6lso6",2021,REG,JAX,3,0,0,0,0,0,0,0,0,0,0,0,0,,,0,,0,0,0,0,0,0,0,0,0,0,,0,0,0,0,0,0,3,0,0,0,0,93,0,0,-5.6706744490657,0,0,0,0,0,0,0.00580270793036751,0.0204305799648506,0.0230054678709467,0,0,0,0,0,0,0,0,0,0,0,0,0,0,0,0,0,0,0,0,0,0,0,0,0,0,0,0,0,0,0,0,0,0,0,0,0,,,0,0,0,0,0,0,0,0,0,0,0,0,,,,0,0,0,0,0,0,0,,0,0,0,0,,0,0,,0,0,0,0,0,0,0,0,0,0,0,0
00-0031052,B.Breeland,Bashaud Breeland,CB,DB,"https://static.www.nfl.com/image/private/f_auto,q_auto/league/wc7lhp4kgbjfcojfe2pi",2021,REG,MIN,13,0,0,0,0,0,0,0,0,0,0,0,0,,,0,,0,0,0,0,0,0,0,0,0,0,,0,0,0,0,0,0,0,0,0,0,0,0,0,0,,0,0,0,0,0,,0,0,0,0,38,9,16,1,1,2,0,0,0,2,26,5,0,0,0,0,0,0,0,0,0,5,81,0,0,0,0,0,0,0,0,0,0,0,0,0,,,0,0,0,0,0,0,0,0,0,0,0,0,,,,0,0,0,0,0,0,0,,0,0,0,0,,0,0,,0,0,0,0,0,0,0,0,0,0,0,0
00-0031054,D.Jones,DaQuan Jones,DT,DL,"https://static.www.nfl.com/image/upload/f_auto,q_auto/league/w7qkicdj6v0figbmfp0u",2021,REG,CAR,15,0,0,0,0,0,0,0,0,0,0,0,0,,,0,,0,0,0,0,0,0,0,0,0,0,,0,0,0,0,0,0,0,0,0,0,0,0,0,0,,0,0,0,0,0,,0,0,0,0,11,8,19,1,7,1,1,7,6,0,0,0,0,0,0,0,0,0,0,0,0,0,0,0,0,0,0,0,0,0,0,0,0,0,0,0,,,0,0,0,0,0,0,0,0,0,0,0,0,,,,0,0,0,0,0,0,0,,0,0,0,0,,0,0,,0,0,0,0,0,0,0,0,0,0,0,0
00-0031061,D.Johnson,Dontae Johnson,DB,DB,"https://static.www.nfl.com/image/private/f_auto,q_auto/league/iflzhwus0lq9oaovlmgk",2021,REG,SF,10,0,0,0,0,0,0,0,0,0,0,0,0,,,0,,0,0,0,0,0,0,0,0,0,0,,0,0,0,0,0,0,0,0,0,0,0,0,0,0,,0,0,0,0,0,,0,0,0,0,18,2,10,0,0,1,0,0,0,0,0,2,0,0,0,0,0,0,2,0,0,3,54,0,0,0,0,0,0,0,0,0,0,0,0,0,,,0,0,0,0,0,0,0,0,0,0,0,0,,,,0,0,0,0,0,0,0,,0,0,0,0,,0,0,,0,0,0,0,0,0,0,0,0,0,0,0
00-0031062,J.White,James White,RB,RB,"https://static.www.nfl.com/image/private/f_auto,q_auto/league/z1nnkmnstccnqya5d5ee",2021,REG,NE,3,0,0,0,0,0,0,0,0,0,0,0,0,,,0,,0,0,0,0,10,38,1,0,0,4,1.7429701408837,0,1,0,0,0,12,14,94,0,0,0,51,70,5,3.37952487611959,0,3,2,2,0,1.84313725490196,0.0267175572519084,0.0118936567164179,0.0484018955793551,0,0,0,0,0,0,0,0,0,0,0,0,0,0,0,0,0,0,0,0,0,0,0,0,0,0,0,0,0,0,0,0,0,0,0,0,0,,,0,0,0,0,0,0,0,0,0,0,0,0,,,,0,0,0,0,0,0,0,,0,0,0,0,,0,0,,0,0,0,0,0,0,0,0,0,0,19.2,31.2
00-0031067,C.Fleming,Cameron Fleming,OT,OL,"https://static.www.nfl.com/image/private/f_auto,q_auto/league/kgcna4dcqcklfl0wra3k",2021,REG,DEN,1,0,0,0,0,0,0,0,0,0,0,0,0,,,0,,0,0,0,0,0,0,0,0,0,0,,0,0,0,0,0,0,0,0,0,0,0,0,0,0,,0,0,0,0,0,,0,0,0,0,0,0,0,0,0,0,0,0,0,0,0,0,0,0,0,0,0,0,0,0,0,1,10,0,0,0,0,0,0,0,0,0,0,0,0,0,,,0,0,0,0,0,0,0,0,0,0,0,0,,,,0,0,0,0,0,0,0,,0,0,0,0,,0,0,,0,0,0,0,0,0,0,0,0,0,0,0
00-0031079,P.O'Donnell,Pat O'Donnell,P,SPEC,"https://static.www.nfl.com/image/upload/f_auto,q_auto/league/kputu02pppmvb69bkdfg",2021,REG,CHI,17,0,0,0,0,0,0,0,0,0,0,0,0,,,0,,0,0,0,0,0,0,0,0,0,0,,0,0,0,0,0,0,0,0,0,0,0,0,0,0,,0,0,0,0,0,,0,0,0,0,1,0,0,0,0,0,0,0,0,0,0,0,0,0,0,0,0,0,0,0,0,0,0,0,0,0,0,0,0,0,0,0,0,0,0,0,,,0,0,0,0,0,0,0,0,0,0,0,0,,,,0,0,0,0,0,0,0,,0,0,0,0,,62,0,72,2865,19,3,7,5,13,34,375,0,2390,0,0
00-0031095,C.Leno,Charles Leno Jr.,OT,OL,"https://static.www.nfl.com/image/private/f_auto,q_auto/league/mf75xcgnj9ogavslg383",2021,REG,WAS,3,0,0,0,0,0,0,0,0,0,0,0,0,,,0,,0,0,0,0,0,0,0,0,0,0,,0,0,0,0,0,0,0,0,0,0,0,0,0,0,,0,0,0,0,0,,0,0,0,0,0,0,0,0,0,0,0,0,0,0,0,0,0,0,0,0,1,0,0,0,0,2,15,0,0,0,0,0,0,0,0,0,0,0,0,0,,,0,0,0,0,0,0,0,0,0,0,0,0,,,,0,0,0,0,0,0,0,,0,0,0,0,,0,0,,0,0,0,0,0,0,0,0,0,0,0,0
00-0031097,T.Mitchell,Terrance Mitchell,CB,DB,"https://static.www.nfl.com/image/private/f_auto,q_auto/league/pzstl7we8yw2ujafoggs",2021,REG,HOU,13,0,0,0,0,0,0,0,0,0,0,0,0,,,0,,0,0,0,0,0,0,0,0,0,0,,0,0,0,0,0,0,0,0,0,0,0,0,0,0,,0,0,0,0,0,,0,0,0,0,38,7,15,0,0,3,0,0,0,1,22,10,0,0,0,0,0,0,0,0,0,2,42,0,0,0,0,0,0,0,0,0,0,0,0,0,,,0,0,0,0,0,0,0,0,0,0,0,0,,,,0,0,0,0,0,0,0,,0,0,0,0,,0,0,,0,0,0,0,0,0,0,0,0,0,0,0
00-0031101,S.Barrett,Shaquil Barrett,LB,LB,"https://static.www.nfl.com/image/private/f_auto,q_auto/league/eiilfj6qiri4n9xrclwe",2021,REG,TB,15,0,0,0,0,0,0,0,0,0,0,0,0,,,0,,0,0,0,0,0,0,0,0,0,0,,0,0,0,0,0,0,0,0,0,0,0,0,0,0,,0,0,0,0,0,,0,0,0,0,34,3,14,8,39,3,10,58.5,22,1,3,4,0,1,0,0,0,0,2,4,0,6,35,1,0,0,1,0,0,0,0,0,0,0,0,0,,,0,0,0,0,0,0,0,0,0,0,0,0,,,,0,0,0,0,0,0,0,,0,0,0,0,,0,0,,0,0,0,0,0,0,0,0,0,0,0,0
00-0031105,Z.Kerr,Zach Kerr,DE,DL,"https://static.www.nfl.com/image/private/f_auto,q_auto/league/uhcwbiqtohmg0k6bahgl",2021,REG,ARI,5,0,0,0,0,0,0,0,0,0,0,0,0,,,0,,0,0,0,0,0,0,0,0,0,0,,0,0,0,0,0,0,0,0,0,0,0,0,0,0,,0,0,0,0,0,,0,0,0,0,2,0,4,0,0,0,0,0,0,0,0,0,0,0,0,0,0,0,0,0,0,0,0,0,0,0,0,0,0,0,0,0,0,0,0,0,,,0,0,0,0,0,0,0,0,0,0,0,0,,,,0,0,0,0,0,0,0,,0,0,0,0,,0,0,,0,0,0,0,0,0,0,0,0,0,0,0
00-0031122,A.Norwell,Andrew Norwell,G,OL,"https://static.www.nfl.com/image/private/f_auto,q_auto/league/q4b5saxq136xf4vtn4bj",2021,REG,JAX,6,0,0,0,0,0,0,0,0,0,0,0,0,,,0,,0,0,0,0,0,0,0,0,0,0,,0,0,0,0,0,0,0,0,0,0,0,0,0,0,,0,0,0,0,0,,0,0,0,0,0,0,0,0,0,0,0,0,0,0,0,0,0,0,0,0,0,0,0,0,0,8,58,0,0,0,0,0,0,0,0,0,0,0,0,0,,,0,0,0,0,0,0,0,0,0,0,0,0,,,,0,0,0,0,0,0,0,,0,0,0,0,,0,0,,0,0,0,0,0,0,0,0,0,0,0,0
00-0031130,C.Jones,Christian Jones,OLB,LB,"https://static.www.nfl.com/image/private/f_auto,q_auto/league/ug768dhff0jq7n6ziyip",2021,REG,CHI,12,0,0,0,0,0,0,0,0,0,0,0,0,,,0,,0,0,0,0,0,0,0,0,0,0,,0,0,0,0,0,0,0,0,0,0,0,0,0,0,,0,0,0,0,0,,0,0,0,0,10,3,11,0,0,0,0,0,0,0,0,0,0,0,0,0,0,0,0,0,0,3,30,0,0,0,0,0,0,0,0,0,0,0,0,0,,,0,0,0,0,0,0,0,0,0,0,0,0,,,,0,0,0,0,0,0,0,,0,0,0,0,,0,0,,0,0,0,0,0,0,0,0,0,0,0,0
00-0031136,C.Boswell,Chris Boswell,K,SPEC,"https://static.www.nfl.com/image/upload/f_auto,q_auto/league/rxbnhvnfjmheuryvdmuf",2021,REG,PIT,17,0,1,0,0,0,0,0,0,0,10,0,0,-3.00748456368456,-26.1832475662231,0,0,0,0,0,0,0,0,0,0,0,0,,0,0,0,0,0,0,0,0,0,0,0,0,0,0,,0,0,0,0,0,,0,0,0,0,0,0,0,0,0,0,0,0,0,0,0,0,0,0,0,0,0,0,1,0,0,0,0,0,0,0,0,0,0,0,0,0,36,40,4,0,56,0.9,0,9,8,11,8,0,0,0,1,2,1,0,24;20;45;56;26;52;48;43;27;52;37;31;54;52;40;20;23;51;36;36;45;40;53;43;36;28;46;48;34;22;30;50;48;28;40;36,42;49;56;36,,1400,183,0,27,29,2,0,0.931034482758621,2,2,0,0,37;36,0,0,,0,0,0,0,0,0,0,0,0,0,0,0
00-0031142,M.Feiler,Matt Feiler,G,OL,"https://static.www.nfl.com/image/private/f_auto,q_auto/league/zekayzyqn4nqbpwe9yzf",2021,REG,LAC,6,0,0,0,0,0,0,0,0,0,0,0,0,,,0,,0,0,0,0,0,0,0,0,0,0,,0,0,0,0,0,0,0,0,0,0,0,0,0,0,,0,0,0,0,0,,0,0,0,0,1,0,0,0,0,0,0,0,0,0,0,0,0,0,0,0,0,0,0,0,0,6,38,0,0,0,0,0,0,0,0,0,0,0,0,0,,,0,0,0,0,0,0,0,0,0,0,0,0,,,,0,0,0,0,0,0,0,,0,0,0,0,,0,0,,0,0,0,0,0,0,0,0,0,0,0,0
00-0031175,C.Marsh,Cassius Marsh,LB,LB,"https://static.www.nfl.com/image/private/f_auto,q_auto/league/jdekdspqixqdeeawftcr",2021,REG,CHI,2,0,0,0,0,0,0,0,0,0,0,0,0,,,0,,0,0,0,0,0,0,0,0,0,0,,0,0,0,0,0,0,0,0,0,0,0,0,0,0,,0,0,0,0,0,,0,0,0,0,3,1,2,0,0,0,1,7,2,0,0,0,0,0,0,0,0,0,0,0,0,1,15,0,0,0,0,0,0,0,0,0,0,0,0,0,,,0,0,0,0,0,0,0,0,0,0,0,0,,,,0,0,0,0,0,0,0,,0,0,0,0,,0,0,,0,0,0,0,0,0,0,0,0,0,0,0
00-0031176,N.Lawson,Nevin Lawson,CB,DB,"https://static.www.nfl.com/image/private/f_auto,q_auto/league/uyu9kvg7jgtt1mkgeksc",2021,REG,JAX,8,0,0,0,0,0,0,0,0,0,0,0,0,,,0,,0,0,0,0,0,0,0,0,0,0,,0,0,0,0,0,0,0,0,0,0,0,0,0,0,,0,0,0,0,0,,0,0,0,0,17,4,8,0,0,0,0,0,0,1,11,5,0,0,0,0,0,0,0,0,0,2,14,0,0,0,0,0,0,0,0,0,0,0,0,0,,,0,0,0,0,0,0,0,0,0,0,0,0,,,,0,0,0,0,0,0,0,,0,0,0,0,,0,0,,0,0,0,0,0,0,0,0,0,0,0,0
00-0031177,B.Urban,Brent Urban,DE,DL,"https://static.www.nfl.com/image/upload/f_auto,q_auto/league/acp4qzscazxskq9efwnf",2021,REG,DAL,3,0,0,0,0,0,0,0,0,0,0,0,0,,,0,,0,0,0,0,0,0,0,0,0,0,,0,0,0,0,0,0,0,0,0,0,0,0,0,0,,0,0,0,0,0,,0,0,0,0,0,0,3,0,0,0,0,0,0,0,0,1,0,0,0,0,0,0,0,0,0,0,0,0,0,0,0,0,0,0,0,0,0,0,0,0,,,0,0,0,0,0,0,0,0,0,0,0,0,,,,0,0,0,0,0,0,0,,0,0,0,0,,0,0,,0,0,0,0,0,0,0,0,0,0,0,0
00-0031181,R.Allen,Ricardo Allen,FS,DB,"https://static.www.nfl.com/image/private/f_auto,q_auto/league/xamcdivgeq7wbmmypeyl",2021,REG,CIN,8,0,0,0,0,0,0,0,0,0,0,0,0,,,0,,0,0,0,0,0,0,0,0,0,0,,0,0,0,0,0,0,0,0,0,0,0,0,0,0,,0,0,0,0,0,,0,0,0,0,8,3,4,0,0,0,0,0,0,0,0,0,0,0,0,0,0,0,0,0,0,2,18,0,0,0,0,0,0,0,0,0,0,0,0,0,,,0,0,0,0,0,0,0,0,0,0,0,0,,,,0,0,0,0,0,0,0,,0,0,0,0,,0,0,,0,0,0,0,0,0,0,0,0,0,0,0
00-0031203,C.Santos,Cairo Santos,K,SPEC,"https://static.www.nfl.com/image/upload/f_auto,q_auto/league/w5mfvjfuflbitwuji1yx",2021,REG,CHI,17,0,0,0,0,0,0,0,0,0,0,0,0,,,0,,0,0,0,0,0,0,0,0,0,0,,0,0,0,0,0,0,0,0,0,0,0,0,0,0,,0,0,0,0,0,,0,0,0,0,0,0,0,0,0,0,0,0,0,0,0,0,0,0,0,0,0,0,0,0,0,0,0,0,0,0,0,0,0,0,0,0,26,30,3,1,47,0.866666666666667,0,10,5,11,0,0,0,0,0,1,1,1,28;22;47;22;33;46;46;28;39;40;25;30;22;28;43;28;23;44;43;34;35;21;44;43;46;42,65;40;53,49,902,158,49,27,28,1,0,0.964285714285714,1,2,1,0,65;28,0,0,,0,0,0,0,0,0,0,0,0,0,0,0
00-0031235,O.Beckham,Odell Beckham Jr.,WR,WR,"https://static.www.nfl.com/image/upload/f_auto,q_auto/league/ffmalg3wr7lwnsz59i7v",2021,REG,LA,14,0,0,0,0,0,0,0,0,0,0,0,0,,,0,,0,0,0,0,2,14,0,0,0,1,0.465976511593908,0,1,0,0,0,44,82,537,5,0,0,1092,151,27,8.33147854604484,0,19,14,7,2,0.491758241758242,0.164328657314629,0.254426840633737,0.42459177441556,0,2,0,0,0,0,0,0,0,0,0,0,0,0,0,0,0,0,0,0,0,0,0,0,0,0,0,0,0,0,0,0,0,0,0,0,0,,,0,0,0,0,0,0,0,0,0,0,0,0,,,,0,0,0,0,0,0,0,,0,0,0,0,,0,0,,0,0,0,0,0,0,0,0,0,0,85.1,129.1
00-0031236,B.Cooks,Brandin Cooks,WR,WR,"https://static.www.nfl.com/image/upload/f_auto,q_auto/league/krz3gv9jjs92arlctvqf",2021,REG,HOU,16,0,0,0,0,0,0,0,0,0,0,0,0,,,0,,0,0,0,0,2,21,0,0,0,1,0.830158571247011,0,1,1,0,0,90,134,1037,6,0,0,1423,344,45,24.5010573853863,0,41,18,12,5,0.728742094167252,0.256214149139579,0.35601701275957,0.633533132641068,0,1,0,0,0,0,0,0,0,0,0,0,0,0,0,0,0,0,0,0,0,0,1,10,0,0,0,0,0,0,0,0,0,0,0,0,0,,,0,0,0,0,0,0,0,0,0,0,0,0,,,,0,0,0,0,0,0,0,,0,0,0,0,,0,0,,0,0,0,0,0,0,0,0,0,0,141.8,231.8
00-0031237,T.Bridgewater,Teddy Bridgewater,QB,QB,"https://static.www.nfl.com/image/upload/f_auto,q_auto/league/wggyfg1dgyiwcgxafoen",2021,REG,DEN,14,285,426,3052,18,7,31,-211,0,0,3424,1387,146,57.1145715532199,3.91055452970811,1,0.891355140186916,126,51,33,5,30,106,2,1,1,16,1.64563872903296,0,4,1,0,0,0,0,0,0,0,0,0,0,0,,0,0,0,0,0,,0,0,0,0,0,0,0,0,0,0,0,0,0,0,0,0,0,0,0,0,0,0,0,0,0,3,21,1,0,0,1,1,0,0,0,0,0,0,0,0,,,0,0,0,0,0,0,0,0,0,0,0,0,,,,0,0,0,0,0,0,0,,0,0,0,0,,0,0,,0,0,0,0,0,0,0,0,0,0,202.68,202.68
00-0031241,D.Kennard,Devon Kennard,OLB,LB,"https://static.www.nfl.com/image/private/f_auto,q_auto/league/sbnbmm472r2yob1cwxqj",2021,REG,ARI,14,0,0,0,0,0,0,0,0,0,0,0,0,,,0,,0,0,0,0,0,0,0,0,0,0,,0,0,0,0,0,0,0,0,0,0,0,0,0,0,,0,0,0,0,0,,0,0,0,0,12,3,9,5,12,0,0,0,2,0,0,2,0,0,0,0,0,0,1,0,0,0,0,0,0,0,0,0,0,0,0,0,0,0,0,0,,,0,0,0,0,0,0,0,0,0,0,0,0,,,,0,0,0,0,0,0,0,,0,0,0,0,,0,0,,0,0,0,0,0,0,0,0,0,0,0,0
00-0031242,S.Stephen,Shamar Stephen,DT,DL,"https://static.www.nfl.com/image/private/f_auto,q_auto/league/diiumwnd8fvolhamlrkc",2021,REG,DEN,15,0,0,0,0,0,0,0,0,0,0,0,0,,,0,,0,0,0,0,0,0,0,0,0,0,,0,0,0,0,0,0,0,0,0,0,0,0,0,0,,0,0,0,0,0,,0,0,0,0,10,2,22,0,0,0,0,0,3,0,0,2,0,0,0,0,0,0,0,0,0,0,0,0,0,0,0,0,0,0,0,0,0,0,0,0,,,0,0,0,0,0,0,0,0,0,0,0,0,,,,0,0,0,0,0,0,0,,0,0,0,0,,0,0,,0,0,0,0,0,0,0,0,0,0,0,0
00-0031253,K.Williams,K'Waun Williams,DB,DB,"https://static.www.nfl.com/image/private/f_auto,q_auto/league/o07uyyoj3nvtpni2ons7",2021,REG,SF,14,0,0,0,0,0,0,0,0,0,0,0,0,,,0,,0,0,0,0,0,0,0,0,0,0,,0,0,0,0,0,0,0,0,0,0,0,0,0,0,,0,0,0,0,0,,0,0,0,0,35,5,12,4,25,1,1,14,2,1,4,4,0,0,0,0,0,0,0,0,0,3,51,0,0,0,0,0,0,0,0,0,0,0,0,0,,,0,0,0,0,0,0,0,0,0,0,0,0,,,,0,0,0,0,0,0,0,,0,0,0,0,,0,0,,0,0,0,0,0,0,0,0,0,0,0,0
00-0031254,D.Autry,Denico Autry,DT,DL,"https://static.www.nfl.com/image/upload/f_auto,q_auto/league/avrrswmjrzes0ggi3bsg",2021,REG,TEN,16,0,0,0,0,0,0,0,0,0,0,0,0,,,0,,0,0,0,0,0,0,0,0,0,0,,0,0,0,0,0,0,0,0,0,0,0,0,0,0,,0,0,0,0,0,,0,0,0,0,24,1,6,10,59,0,9,60.5,18,0,0,6,0,0,0,0,0,0,0,0,0,2,10,0,0,0,0,0,0,0,0,0,0,0,0,0,,,0,0,0,0,0,0,0,0,0,0,0,0,,,,0,0,0,0,0,0,0,,0,0,0,0,,0,0,,0,0,0,0,0,0,0,0,0,0,0,0
00-0031256,A.Barr,Anthony Barr,OLB,LB,"https://static.www.nfl.com/image/private/f_auto,q_auto/league/qmdqkyi8gt67bvqtafxi",2021,REG,MIN,11,0,0,0,0,0,0,0,0,0,0,0,0,,,0,,0,0,0,0,0,0,0,0,0,0,,0,0,0,0,0,0,0,0,0,0,0,0,0,0,,0,0,0,0,0,,0,0,0,0,31,7,34,1,15,0,2.5,17,6,3,11,5,0,0,0,0,0,0,2,0,0,0,0,0,0,0,0,0,0,0,0,0,0,0,0,0,,,0,0,0,0,0,0,0,0,0,0,0,0,,,,0,0,0,0,0,0,0,,0,0,0,0,,0,0,,0,0,0,0,0,0,0,0,0,0,0,0
00-0031258,J.Attaochu,Jeremiah Attaochu,LB,LB,"https://static.www.nfl.com/image/private/f_auto,q_auto/league/kuzyvqsygq7u44i1mvdv",2021,REG,CHI,4,0,0,0,0,0,0,0,0,0,0,0,0,,,0,,0,0,0,0,0,0,0,0,0,0,,0,0,0,0,0,0,0,0,0,0,0,0,0,0,,0,0,0,0,0,,0,0,0,0,1,0,1,0,0,0,0,0,1,0,0,0,0,0,0,0,0,0,0,0,0,1,5,0,0,0,0,0,0,0,0,0,0,0,0,0,,,0,0,0,0,0,0,0,0,0,0,0,0,,,,0,0,0,0,0,0,0,,0,0,0,0,,0,0,,0,0,0,0,0,0,0,0,0,0,0,0
00-0031260,L.Thomas,Logan Thomas,TE,TE,"https://static.www.nfl.com/image/private/f_auto,q_auto/league/acm0ymhqdzqxdibwjphv",2021,REG,WAS,5,0,0,0,0,0,0,0,0,0,0,0,0,,,0,,0,0,0,0,0,0,0,0,0,0,,0,0,0,0,0,18,25,196,3,1,1,249,67,10,4.57475950373919,0,9,2,2,0,0.78714859437751,0.0468164794007491,0.0604368932038835,0.112530544343842,0,0,0,0,0,0,0,0,0,0,0,0,0,0,0,0,0,1,0,0,0,0,2,10,1,0,0,1,1,0,0,0,0,0,0,0,0,,,0,0,0,0,0,0,0,0,0,0,0,0,,,,0,0,0,0,0,0,0,,0,0,0,0,,0,0,,0,0,0,0,0,0,0,0,0,0,35.6,53.6
00-0031264,C.Smith,Chris Smith,LB,LB,"https://static.www.nfl.com/image/private/f_auto,q_auto/league/gr3gd0bcwxcvs7ljlseb",2021,REG,HOU,3,0,0,0,0,0,0,0,0,0,0,0,0,,,0,,0,0,0,0,0,0,0,0,0,0,,0,0,0,0,0,0,0,0,0,0,0,0,0,0,,0,0,0,0,0,,0,0,0,0,3,1,4,1,9,0,1.5,13,3,0,0,0,0,0,0,0,0,0,0,0,0,0,0,0,0,0,0,0,0,0,0,0,0,0,0,0,,,0,0,0,0,0,0,0,0,0,0,0,0,,,,0,0,0,0,0,0,0,,0,0,0,0,,0,0,,0,0,0,0,0,0,0,0,0,0,0,0
00-0031269,T.Carrie,T.J. Carrie,DB,DB,"https://static.www.nfl.com/image/private/f_auto,q_auto/league/kezxowzth44qm6wo1fgt",2021,REG,IND,8,0,0,0,0,0,0,0,0,0,0,0,0,,,0,,0,0,0,0,0,0,0,0,0,0,,0,0,0,0,0,0,0,0,0,0,0,0,0,0,,0,0,0,0,0,,0,0,0,0,18,3,2,0,0,0,0,0,0,0,0,1,0,0,0,0,0,0,1,14,0,1,9,0,0,0,0,0,0,0,0,0,0,0,0,0,,,0,0,0,0,0,0,0,0,0,0,0,0,,,,0,0,0,0,0,0,0,,0,0,0,0,,0,0,,0,0,0,0,0,0,0,0,0,0,0,0
00-0031270,S.Harris,Shelby Harris,DE,DL,"https://static.www.nfl.com/image/upload/f_auto,q_auto/league/r1lxhltzhpkmfdocupum",2021,REG,DEN,16,0,0,0,0,0,0,0,0,0,0,0,0,,,0,,0,0,0,0,0,0,0,0,0,0,,0,0,0,0,0,0,0,0,0,0,0,0,0,0,,0,0,0,0,0,,0,0,0,0,23,1,25,7,32,1,6,44,11,0,0,2,0,0,0,0,0,0,0,0,0,2,20,0,0,0,0,0,0,0,0,0,0,0,0,0,,,0,0,0,0,0,0,0,0,0,0,0,0,,,,0,0,0,0,0,0,0,,0,0,0,0,,0,0,,0,0,0,0,0,0,0,0,0,0,0,0
00-0031273,C.Brate,Cameron Brate,TE,TE,"https://static.www.nfl.com/image/private/f_auto,q_auto/league/jhioqec65qy4z7s6w9a6",2021,REG,TB,16,0,0,0,0,0,0,0,0,0,0,0,0,,,0,,0,0,0,0,0,0,0,0,0,0,,0,0,0,0,0,30,57,245,4,0,0,434,81,15,-2.18515564264691,0,10,3,0,0,0.564516129032258,0.079608938547486,0.0736342042755344,0.170957350814103,0,1,0,0,0,0,0,0,0,0,0,0,0,0,0,0,0,0,0,0,0,0,0,0,0,0,0,0,0,0,0,0,0,0,0,0,0,,,0,0,0,0,0,0,0,0,0,0,0,0,,,,0,0,0,0,0,0,0,,0,0,0,0,,0,0,,0,0,0,0,0,0,0,0,0,0,48.5,78.5
00-0031279,J.Matthews,Jake Matthews,OT,OL,"https://static.www.nfl.com/image/upload/f_auto,q_auto/league/erhayhjdrny0fua2nizx",2021,REG,ATL,5,0,0,0,0,0,0,0,0,0,0,0,0,,,0,,0,0,0,0,0,0,0,0,0,0,,0,0,0,0,0,0,0,0,0,0,0,0,0,0,,0,0,0,0,0,,0,0,0,0,1,0,0,0,0,1,0,0,0,0,0,0,0,0,0,0,0,0,0,0,0,7,50,0,0,0,0,0,0,0,0,0,0,0,0,0,,,0,0,0,0,0,0,0,0,0,0,0,0,,,,0,0,0,0,0,0,0,,0,0,0,0,,0,0,,0,0,0,0,0,0,0,0,0,0,0,0
00-0031280,D.Carr,Derek Carr,QB,QB,"https://static.www.nfl.com/image/upload/f_auto,q_auto/league/qsz1pyrlu6bmvby6maaf",2021,REG,LV,17,428,626,4804,23,14,40,-241,9,5,5084,2283,217,37.4605188207908,2.19734210936281,0,0.94492525570417,187,104,67,10,40,108,0,4,0,9,-4.12711846196233,0,2,2,1,0,0,0,0,0,0,0,0,0,0,,0,0,0,0,0,,0,0,0,0,0,0,0,0,0,0,0,0,0,0,0,0,0,0,0,0,5,-20,0,0,0,2,31,9,4,0,13,5,0,0,0,0,0,0,0,0,,,0,0,0,0,0,0,0,0,0,0,0,0,,,,0,0,0,0,0,0,0,,0,0,0,0,,0,0,,0,0,0,0,0,0,0,0,0,0,256.96,256.96
00-0031282,J.Britt,Justin Britt,C,OL,"https://static.www.nfl.com/image/private/f_auto,q_auto/league/acxotc2bwutblcw4xbpr",2021,REG,HOU,4,0,0,0,0,0,0,0,0,0,0,0,0,,,0,,0,0,0,0,0,0,0,0,0,0,,0,0,0,0,0,0,0,0,0,0,0,0,0,0,,0,0,0,0,0,,0,0,0,0,1,0,0,0,0,0,0,0,0,0,0,0,0,0,0,0,0,-6,0,0,0,3,25,0,1,0,1,0,0,0,0,0,0,0,0,0,,,0,0,0,0,0,0,0,0,0,0,0,0,,,,0,0,0,0,0,0,0,,0,0,0,0,,0,0,,0,0,0,0,0,0,0,0,0,0,0,0
00-0031285,D.Freeman,Devonta Freeman,RB,RB,"https://static.www.nfl.com/image/private/f_auto,q_auto/league/vjhvfwypu1byxfo2uvki",2021,REG,BAL,16,0,0,0,0,0,0,0,0,0,0,0,0,,,0,,0,0,0,0,133,576,5,0,0,31,-2.96141238136372,0,11,9,4,0,34,42,190,1,0,0,36,183,9,1.16183870210079,0,5,0,0,0,5.27777777777778,0.0710659898477157,0.00688073394495413,0.111415498533042,0,1,0,0,0,0,0,0,0,0,0,0,0,0,0,0,0,0,0,0,0,0,1,15,0,0,0,0,0,0,0,0,0,0,0,0,0,,,0,0,0,0,0,0,0,0,0,0,0,0,,,,0,0,0,0,0,0,0,,0,0,0,0,,0,0,,0,0,0,0,0,0,0,0,0,0,112.6,146.6
00-0031296,C.Mosley,C.J. Mosley,ILB,LB,"https://static.www.nfl.com/image/private/f_auto,q_auto/league/cjje7blxkubjmrbtbp27",2021,REG,NYJ,16,0,0,0,0,0,0,0,0,0,0,0,0,,,0,,0,0,0,0,0,0,0,0,0,0,,0,0,0,0,0,0,0,0,0,0,0,0,0,0,,0,0,0,0,0,,0,0,0,0,83,20,65,1,6,2,2,34,3,0,0,2,0,0,0,0,0,0,0,0,0,4,23,0,0,0,0,0,0,0,0,0,0,0,0,0,,,0,0,0,0,0,0,0,0,0,0,0,0,,,,0,0,0,0,0,0,0,,0,0,0,0,,0,0,,0,0,0,0,0,0,0,0,0,0,0,0
00-0031297,D.Ford,Dee Ford,DE,DL,"https://static.www.nfl.com/image/private/f_auto,q_auto/league/wn2xowqkaphzrq6bkqk9",2021,REG,SF,3,0,0,0,0,0,0,0,0,0,0,0,0,,,0,,0,0,0,0,0,0,0,0,0,0,,0,0,0,0,0,0,0,0,0,0,0,0,0,0,,0,0,0,0,0,,0,0,0,0,3,0,2,2,11,1,3,18,4,0,0,0,0,0,0,0,0,0,0,0,0,2,10,0,0,0,0,0,0,0,0,0,0,0,0,0,,,0,0,0,0,0,0,0,0,0,0,0,0,,,,0,0,0,0,0,0,0,,0,0,0,0,,0,0,,0,0,0,0,0,0,0,0,0,0,0,0
00-0031298,J.Ward,Jimmie Ward,SAF,DB,"https://static.www.nfl.com/image/upload/f_auto,q_auto/league/xfnd7v3pfwo0vtrb9e8w",2021,REG,SF,16,0,0,0,0,0,0,0,0,0,0,0,0,,,0,,0,0,0,0,0,0,0,0,0,0,,0,0,0,0,0,0,0,0,0,0,0,0,0,0,,0,0,0,0,0,,0,0,0,0,44,7,26,1,1,0,0,0,0,2,27,6,1,0,0,0,0,0,0,0,0,1,15,0,0,0,0,0,0,0,0,0,0,0,0,0,,,0,0,0,0,0,0,0,0,0,0,0,0,,,,0,0,0,0,0,0,0,,0,0,0,0,,0,0,,0,0,0,0,0,0,0,0,0,0,0,0
00-0031308,K.Pierre-Louis,Kevin Pierre-Louis,LB,LB,"https://static.www.nfl.com/image/private/f_auto,q_auto/league/oiqbdi5yu0xvl6kogrup",2021,REG,HOU,6,0,0,0,0,0,0,0,0,0,0,0,0,,,0,,0,0,0,0,0,0,0,0,0,0,,0,0,0,0,0,0,0,0,0,0,0,0,0,0,,0,0,0,0,0,,0,0,0,0,8,0,2,0,0,0,0,0,0,0,0,0,0,0,0,0,0,0,1,0,0,1,5,0,0,0,0,0,0,0,0,0,0,0,0,0,,,0,0,0,0,0,0,0,0,0,0,0,0,,,,0,0,0,0,0,0,0,,0,0,0,0,,0,0,,0,0,0,0,0,0,0,0,0,0,0,0
00-0031319,D.Spencer,Diontae Spencer,WR,WR,"https://static.www.nfl.com/image/private/f_auto,q_auto/league/lf3axvxomg2ktozc1rei",2021,REG,DEN,15,0,0,0,0,0,0,0,0,0,0,0,0,,,0,,0,0,0,0,0,0,0,0,0,0,,0,0,0,0,0,1,4,-3,0,0,0,9,0,0,-3.41068106825696,0,0,0,0,0,-0.333333333333333,0.00773694390715667,0.00197715289982425,0.012989422890612,0,0,0,0,0,0,0,0,0,0,0,0,0,0,2,0,0,0,0,0,0,0,0,0,0,2,0,2,2,26,206,17,291,0,0,0,0,,,0,0,0,0,0,0,0,0,0,0,0,0,,,,0,0,0,0,0,0,0,,0,0,0,0,,0,0,,0,0,0,0,0,0,0,0,0,0,-0.3,0.7
00-0031325,S.Watkins,Sammy Watkins,WR,WR,"https://static.www.nfl.com/image/private/f_auto,q_auto/league/nkqk4ac4uncxocqlgp2k",2021,REG,BAL,11,0,0,0,0,0,0,0,0,0,0,0,0,,,0,,0,0,0,0,0,0,0,0,0,0,,0,0,0,0,0,27,49,394,1,1,1,630,107,17,-1.99723760129624,0,14,8,6,1,0.625396825396825,0.0829103214890017,0.120412844036697,0.208654473059191,0,0,0,0,0,0,0,0,0,0,0,0,0,0,0,0,0,0,0,0,0,0,0,0,1,0,0,1,1,0,0,0,0,0,0,0,0,,,0,0,0,0,0,0,0,0,0,0,0,0,,,,0,0,0,0,0,0,0,,0,0,0,0,,0,0,,0,0,0,0,0,0,0,0,0,0,43.4,70.4
00-0031330,M.Moses,Morgan Moses,OT,OL,"https://static.www.nfl.com/image/upload/f_auto,q_auto/league/qbq088iyxz81xdpdcnx0",2021,REG,NYJ,3,0,0,0,0,0,0,0,0,0,0,0,0,,,0,,0,0,0,0,0,0,0,0,0,0,,0,0,0,0,0,0,0,0,0,0,0,0,0,0,,0,0,0,0,0,,0,0,0,0,0,0,0,0,0,0,0,0,0,0,0,0,0,0,0,0,0,0,0,0,0,3,10,0,0,0,0,0,0,0,0,0,0,0,0,0,,,0,0,0,0,0,0,0,0,0,0,0,0,,,,0,0,0,0,0,0,0,,0,0,0,0,,0,0,,0,0,0,0,0,0,0,0,0,0,0,0
00-0031331,P.Desir,Pierre Desir,CB,DB,"https://static.www.nfl.com/image/private/f_auto,q_auto/league/hf93hyvfhwqp89z08vum",2021,REG,TB,9,0,0,0,0,0,0,0,0,0,0,0,0,,,0,,0,0,0,0,0,0,0,0,0,0,,0,0,0,0,0,0,0,0,0,0,0,0,0,0,,0,0,0,0,0,,0,0,0,0,24,2,2,0,0,1,0,0,0,2,0,4,0,0,0,0,0,0,0,0,0,0,0,0,0,0,0,0,0,0,0,0,0,0,0,0,,,0,0,0,0,0,0,0,0,0,0,0,0,,,,0,0,0,0,0,0,0,,0,0,0,0,,0,0,,0,0,0,0,0,0,0,0,0,0,0,0
00-0031334,J.Verrett,Jason Verrett,DB,DB,"https://static.www.nfl.com/image/private/f_auto,q_auto/league/vz516d6tu3lyno2ciuf7",2021,REG,SF,1,0,0,0,0,0,0,0,0,0,0,0,0,,,0,,0,0,0,0,0,0,0,0,0,0,,0,0,0,0,0,0,0,0,0,0,0,0,0,0,,0,0,0,0,0,,0,0,0,0,3,0,2,0,0,0,0,0,0,0,0,0,0,0,0,0,0,0,0,0,0,0,0,0,0,0,0,0,0,0,0,0,0,0,0,0,,,0,0,0,0,0,0,0,0,0,0,0,0,,,,0,0,0,0,0,0,0,,0,0,0,0,,0,0,,0,0,0,0,0,0,0,0,0,0,0,0
00-0031338,T.Brooks,Terrence Brooks,FS,DB,"https://static.www.nfl.com/image/private/f_auto,q_auto/league/o21l87qgeibe1alrmzym",2021,REG,HOU,9,0,0,0,0,0,0,0,0,0,0,0,0,,,0,,0,0,0,0,0,0,0,0,0,0,,0,0,0,0,0,0,0,0,0,0,0,0,0,0,,0,0,0,0,0,,0,0,0,0,12,3,6,0,0,0,0,0,0,0,0,1,0,0,0,0,0,0,0,0,0,1,15,0,0,0,0,0,0,0,0,0,0,0,0,0,,,0,0,0,0,0,0,0,0,0,0,0,0,,,,0,0,0,0,0,0,0,,0,0,0,0,,0,0,,0,0,0,0,0,0,0,0,0,0,0,0
00-0031345,J.Garoppolo,Jimmy Garoppolo,QB,QB,"https://static.www.nfl.com/image/upload/f_auto,q_auto/league/ivz3zwvjxvgcu4dzabur",2021,REG,SF,15,301,441,3810,20,12,29,-201,4,2,3306,1966,172,93.1808605427117,2.62256931041328,1,1.1524500907441,152,85,54,8,38,51,3,4,1,15,3.30761890788966,0,0,0,0,0,0,0,0,0,0,0,0,0,0,,0,0,0,0,0,,0,0,0,0,0,0,0,0,0,0,0,0,0,0,0,0,0,0,0,0,3,-5,0,0,0,1,10,2,6,1,8,3,0,0,0,0,0,0,0,0,,,0,0,0,0,0,0,0,0,0,0,0,0,,,,0,0,0,0,0,0,0,,0,0,0,0,,0,0,,0,0,0,0,0,0,0,0,0,0,227.5,227.5
00-0031346,J.Ellis,Justin Ellis,DT,DL,"https://static.www.nfl.com/image/private/f_auto,q_auto/league/wduokcrngi613rdgwqbf",2021,REG,BAL,11,0,0,0,0,0,0,0,0,0,0,0,0,,,0,,0,0,0,0,0,0,0,0,0,0,,0,0,0,0,0,0,0,0,0,0,0,0,0,0,,0,0,0,0,0,,0,0,0,0,7,0,11,0,0,0,0,0,1,0,0,0,0,0,0,0,0,0,0,0,0,1,5,0,0,0,0,0,0,0,0,0,0,0,0,0,,,0,0,0,0,0,0,0,0,0,0,0,0,,,,0,0,0,0,0,0,0,,0,0,0,0,,0,0,,0,0,0,0,0,0,0,0,0,0,0,0
00-0031348,A.Hitchens,Anthony Hitchens,MLB,LB,"https://static.www.nfl.com/image/private/f_auto,q_auto/league/imetresqtxpqaqwu4iyv",2021,REG,KC,15,0,0,0,0,0,0,0,0,0,0,0,0,,,0,,0,0,0,0,0,0,0,0,0,0,,0,0,0,0,0,0,0,0,0,0,0,0,0,0,,0,0,0,0,0,,0,0,0,0,37,4,39,3,7,0,0,0,2,1,0,2,0,0,0,0,0,0,0,0,0,4,48,0,0,0,0,0,0,0,0,0,0,0,0,0,,,0,0,0,0,0,0,0,0,0,0,0,0,,,,0,0,0,0,0,0,0,,0,0,0,0,,0,0,,0,0,0,0,0,0,0,0,0,0,0,0
00-0031349,M.Paradis,Matt Paradis,C,OL,"https://static.www.nfl.com/image/private/f_auto,q_auto/league/d9eoibz52yzsvc0knnj1",2021,REG,CAR,3,0,0,0,0,0,0,0,0,0,0,0,0,,,0,,0,0,0,0,0,0,0,0,0,0,,0,0,0,0,0,0,0,0,0,0,0,0,0,0,,0,0,0,0,0,,0,0,0,0,0,0,1,0,0,0,0,0,0,0,0,0,0,0,0,0,2,0,0,0,0,1,10,0,0,0,0,0,0,0,0,0,0,0,0,0,,,0,0,0,0,0,0,0,0,0,0,0,0,,,,0,0,0,0,0,0,0,,0,0,0,0,,0,0,,0,0,0,0,0,0,0,0,0,0,0,0
00-0031353,M.Schofield,Michael Schofield,G,OL,"https://static.www.nfl.com/image/private/f_auto,q_auto/league/oretyyn9jjmsu067tuw6",2021,REG,LAC,2,0,0,0,0,0,0,0,0,0,0,0,0,,,0,,0,0,0,0,0,0,0,0,0,0,,0,0,0,0,0,0,0,0,0,0,0,0,0,0,,0,0,0,0,0,,0,0,0,0,0,0,0,0,0,0,0,0,0,0,0,0,0,0,0,0,0,0,0,0,0,2,10,0,0,0,0,0,0,0,0,0,0,0,0,0,,,0,0,0,0,0,0,0,0,0,0,0,0,,,,0,0,0,0,0,0,0,,0,0,0,0,,0,0,,0,0,0,0,0,0,0,0,0,0,0,0
00-0031357,C.Goodwin,C.J. Goodwin,CB,DB,"https://static.www.nfl.com/image/upload/f_auto,q_auto/league/txvnf4ecxcgg5heclsit",2021,REG,DAL,11,0,0,0,0,0,0,0,0,0,0,0,0,,,0,,0,0,0,0,0,0,0,0,0,0,,0,0,0,0,0,0,0,0,0,0,0,0,0,0,,0,0,0,0,0,,0,0,0,0,7,0,3,0,0,0,0,0,0,0,0,0,0,0,0,0,0,0,0,0,0,5,29,0,0,0,0,0,0,0,0,0,0,0,0,0,,,0,0,0,0,0,0,0,0,0,0,0,0,,,,0,0,0,0,0,0,0,,0,0,0,0,,0,0,,0,0,0,0,0,0,0,0,0,0,0,0
00-0031360,K.Van Noy,Kyle Van Noy,MLB,LB,"https://static.www.nfl.com/image/upload/f_auto,q_auto/league/kxj2hipcguahh4l60vaa",2021,REG,NE,16,0,0,0,0,0,0,0,0,0,0,0,0,,,0,,0,0,0,0,0,0,0,0,0,0,,0,0,0,0,0,0,0,0,0,0,0,0,0,0,,0,0,0,0,0,,0,0,0,0,34,8,24,5,37,2,5,37,7,1,35,10,1,0,0,0,0,0,1,0,0,3,41,0,0,0,0,0,0,0,0,0,0,0,0,0,,,0,0,0,0,0,0,0,0,0,0,0,0,,,,0,0,0,0,0,0,0,,0,0,0,0,,0,0,,0,0,0,0,0,0,0,0,0,0,0,0
00-0031361,C.Kirksey,Christian Kirksey,OLB,LB,"https://static.www.nfl.com/image/upload/f_auto,q_auto/league/ja9gc0ltxqyzgxmwqbat",2021,REG,HOU,13,0,0,0,0,0,0,0,0,0,0,0,0,,,0,,0,0,0,0,0,0,0,0,0,0,,0,0,0,0,0,0,0,0,0,0,0,0,0,0,,0,0,0,0,0,,0,0,0,0,37,18,38,3,8,0,0,0,2,1,1,8,0,0,0,0,0,0,2,-1,0,2,30,0,0,0,0,0,0,0,0,0,0,0,0,0,,,0,0,0,0,0,0,0,0,0,0,0,0,,,,0,0,0,0,0,0,0,,0,0,0,0,,0,0,,0,0,0,0,0,0,0,0,0,0,0,0
00-0031362,T.Turner,Trai Turner,G,OL,"https://static.www.nfl.com/image/private/f_auto,q_auto/league/biyfxbbcupee9guctdzw",2021,REG,PIT,4,0,0,0,0,0,0,0,0,0,0,0,0,,,0,,0,0,0,0,0,0,0,0,0,0,,0,0,0,0,0,0,0,0,0,0,0,0,0,0,,0,0,0,0,0,,0,0,0,0,1,0,0,0,0,0,0,0,0,0,0,0,0,0,0,0,0,0,0,0,0,4,20,0,0,0,0,0,0,0,0,0,0,0,0,0,,,0,0,0,0,0,0,0,0,0,0,0,0,,,,0,0,0,0,0,0,0,,0,0,0,0,,0,0,,0,0,0,0,0,0,0,0,0,0,0,0
00-0031363,M.Palardy,Michael Palardy,P,SPEC,"https://static.www.nfl.com/image/private/f_auto,q_auto/league/hoxfeahxcb9sbz83nose",2021,REG,MIA,17,0,0,0,0,0,0,0,0,0,0,0,0,,,0,,0,0,0,0,1,1,0,0,0,0,3.45699646626599,0,0,0,0,0,0,0,0,0,0,0,0,0,0,,0,0,0,0,0,,0,0,0,0,0,0,0,0,0,0,0,0,0,0,0,0,0,0,0,0,0,0,0,0,0,0,0,0,0,0,0,0,0,0,0,0,0,0,0,0,,,0,0,0,0,0,0,0,0,0,0,0,0,,,,0,0,0,0,0,0,0,,0,0,0,0,,78,0,65,3489,31,4,12,5,27,30,262,0,3127,0.1,0.1
00-0031364,J.Clowney,Jadeveon Clowney,OLB,LB,"https://static.www.nfl.com/image/upload/f_auto,q_auto/league/iururnv6x8iuzepggwvt",2021,REG,CLE,14,0,0,0,0,0,0,0,0,0,0,0,0,,,0,,0,0,0,0,0,0,0,0,0,0,,0,0,0,0,0,0,0,0,0,0,0,0,0,0,,0,0,0,0,0,,0,0,0,0,20,4,13,9,72,2,9,83.5,19,0,0,2,0,0,0,0,0,0,0,0,0,6,50,0,0,0,0,0,0,0,0,0,0,0,0,0,,,0,0,0,0,0,0,0,0,0,0,0,0,,,,0,0,0,0,0,0,0,,0,0,0,0,,0,0,,0,0,0,0,0,0,0,0,0,0,0,0
00-0031367,G.Jackson,Gabe Jackson,G,OL,"https://static.www.nfl.com/image/private/f_auto,q_auto/league/ayii0hagj1u5f1kzuxqy",2021,REG,SEA,3,0,0,0,0,0,0,0,0,0,0,0,0,,,0,,0,0,0,0,0,0,0,0,0,0,,0,0,0,0,0,0,0,0,0,0,0,0,0,0,,0,0,0,0,0,,0,0,0,0,0,0,0,0,0,0,0,0,0,0,0,0,0,0,0,0,0,0,0,0,0,3,34,0,0,0,0,0,0,0,0,0,0,0,0,0,,,0,0,0,0,0,0,0,0,0,0,0,0,,,,0,0,0,0,0,0,0,,0,0,0,0,,0,0,,0,0,0,0,0,0,0,0,0,0,0,0
00-0031369,B.Linder,Brandon Linder,C,OL,"https://static.www.nfl.com/image/private/f_auto,q_auto/league/hv5hw11b417jpoqdbc8m",2021,REG,JAX,3,0,0,0,0,0,0,0,0,0,0,0,0,,,0,,0,0,0,0,0,0,0,0,0,0,,0,0,0,0,0,0,0,0,0,0,0,0,0,0,,0,0,0,0,0,,0,0,0,0,1,0,1,0,0,0,0,0,0,0,0,0,0,0,0,0,0,0,0,0,0,2,15,0,0,0,0,0,0,0,0,0,0,0,0,0,,,0,0,0,0,0,0,0,0,0,0,0,0,,,,0,0,0,0,0,0,0,,0,0,0,0,,0,0,,0,0,0,0,0,0,0,0,0,0,0,0
00-0031372,B.Roby,Bradley Roby,CB,DB,"https://static.www.nfl.com/image/private/f_auto,q_auto/league/b2ef6tlrbcqpdnnolzcq",2021,REG,NO,13,0,0,0,0,0,0,0,0,0,0,0,0,,,0,,0,0,0,0,0,0,0,0,0,0,,0,0,0,0,0,0,0,0,0,0,0,0,0,0,,0,0,0,0,0,,0,0,0,0,19,0,4,3,14,0,1,7,3,1,2,5,0,0,0,0,0,0,0,0,0,3,26,0,0,0,0,0,0,0,0,0,0,0,0,0,,,0,0,0,0,0,0,0,0,0,0,0,0,,,,0,0,0,0,0,0,0,,0,0,0,0,,0,0,,0,0,0,0,0,0,0,0,0,0,0,0
00-0031376,J.McKinnon,Jerick McKinnon,RB,RB,"https://static.www.nfl.com/image/private/f_auto,q_auto/league/yezxe2j778cndbhkxwez",2021,REG,KC,9,0,0,0,0,0,0,0,0,0,0,0,0,,,0,,0,0,0,0,12,62,0,0,0,2,-1.93319299467839,0,1,1,0,0,13,20,107,1,0,0,-9,134,6,2.17584177589742,0,4,0,0,0,-11.8888888888889,0.0313971742543171,-0.00181268882175227,0.0458268792062491,0,3,0,0,0,0,0,0,0,0,0,0,0,0,0,0,0,1,0,0,0,0,0,0,0,0,0,0,0,0,0,0,0,0,0,0,0,,,0,0,0,0,0,0,0,0,0,0,0,0,,,,0,0,0,0,0,0,0,,0,0,0,0,,0,0,,0,0,0,0,0,0,0,0,0,0,22.9,35.9
00-0031380,D.Dennard,Darqueze Dennard,DB,DB,"https://static.www.nfl.com/image/private/f_auto,q_auto/league/rnz4yvd8asofcwmjldod",2021,REG,SF,2,0,0,0,0,0,0,0,0,0,0,0,0,,,0,,0,0,0,0,0,0,0,0,0,0,,0,0,0,0,0,0,0,0,0,0,0,0,0,0,,0,0,0,0,0,,0,0,0,0,1,1,1,0,0,0,0,0,0,0,0,0,0,0,0,0,0,0,0,0,0,0,0,0,0,0,0,0,0,0,0,0,0,0,0,0,,,0,0,0,0,0,0,0,0,0,0,0,0,,,,0,0,0,0,0,0,0,,0,0,0,0,,0,0,,0,0,0,0,0,0,0,0,0,0,0,0
00-0031381,D.Adams,Davante Adams,WR,WR,"https://static.www.nfl.com/image/upload/f_auto,q_auto/league/qtonvcqpixixqhc6lhnc",2021,REG,GB,16,0,0,0,0,0,0,0,0,0,0,0,0,,,0,,0,0,0,0,0,0,0,0,0,0,,0,0,0,0,0,123,169,1553,11,0,0,1614,601,84,71.9658801830014,0,66,34,19,4,0.962205700123916,0.296491228070175,0.352555701179554,0.691525832930951,0,1,0,0,0,0,0,0,0,0,0,0,0,0,0,0,0,0,0,0,0,0,2,10,0,0,0,0,0,0,0,0,0,0,0,0,0,,,0,0,0,0,0,0,0,0,0,0,0,0,,,,0,0,0,0,0,0,0,,0,0,0,0,,0,0,,0,0,0,0,0,0,0,0,0,0,221.3,344.3
00-0031382,J.Landry,Jarvis Landry,WR,WR,"https://static.www.nfl.com/image/private/f_auto,q_auto/league/w2q9uwsjvgadwyvnvopb",2021,REG,CLE,12,0,0,0,0,0,1,-1,1,1,0,0,0,-4.68811111891409,,0,,0,0,0,0,6,40,2,1,0,4,5.01308533344841,0,1,1,0,0,52,87,570,2,1,1,696,273,29,-13.1820960384178,0,23,10,7,0,0.818965517241379,0.17434869739479,0.162162162162162,0.375036559605698,0,1,0,0,0,0,0,0,0,0,0,0,0,0,0,0,0,0,-6,0,0,0,1,5,2,1,0,3,2,0,0,0,0,0,0,0,0,,,0,0,0,0,0,0,0,0,0,0,0,0,,,,0,0,0,0,0,0,0,,0,0,0,0,,0,0,,0,0,0,0,0,0,0,0,0,0,81,133
00-0031384,R.Rodgers,Richard Rodgers,TE,TE,"https://static.www.nfl.com/image/private/f_auto,q_auto/league/l9zei9dkcmbml3q1nshk",2021,REG,PHI,1,0,0,0,0,0,0,0,0,0,0,0,0,,,0,,0,0,0,0,0,0,0,0,0,0,,0,0,0,0,0,2,2,11,0,0,0,1,10,0,0.0663915522163734,0,0,0,0,0,11,0.00427350427350427,0.000236406619385343,0.00657574104382615,0,2,0,0,0,0,0,0,0,0,0,0,0,0,0,0,0,0,0,0,0,0,0,0,0,0,0,0,0,0,0,0,0,0,0,0,0,,,0,0,0,0,0,0,0,0,0,0,0,0,,,,0,0,0,0,0,0,0,,0,0,0,0,,0,0,,0,0,0,0,0,0,0,0,0,0,1.1,3.1
00-0031387,E.Ebron,Eric Ebron,TE,TE,"https://static.www.nfl.com/image/private/f_auto,q_auto/league/uaxsxymncppase7ihczd",2021,REG,PIT,8,0,0,0,0,0,0,0,0,0,0,0,0,,,0,,0,0,0,0,1,1,1,0,0,1,2.16808705875883,0,0,0,0,0,12,18,84,1,0,0,116,21,6,1.73737174464623,0,2,2,0,0,0.724137931034483,0.0275650842266463,0.0261320117143501,0.0596400345400144,0,0,0,0,0,0,0,0,0,0,0,0,0,0,0,0,0,0,0,0,0,0,0,0,0,0,0,0,0,0,0,0,0,0,0,0,0,,,0,0,0,0,0,0,0,0,0,0,0,0,,,,0,0,0,0,0,0,0,,0,0,0,0,,0,0,,0,0,0,0,0,0,0,0,0,0,20.5,32.5
00-0031388,A.Donald,Aaron Donald,DL,DL,"https://static.www.nfl.com/image/private/f_auto,q_auto/league/gou42dathlyc1rfn4pga",2021,REG,LA,17,0,0,0,0,0,0,0,0,0,0,0,0,,,0,,0,0,0,0,0,0,0,0,0,0,,0,0,0,0,0,0,0,0,0,0,0,0,0,0,,0,0,0,0,0,,0,0,0,0,30,8,46,16,99,4,12.5,111,25,0,0,4,0,0,0,0,0,0,0,0,0,2,30,0,0,0,0,0,0,0,0,0,0,0,0,0,,,0,0,0,0,0,0,0,0,0,0,0,0,,,,0,0,0,0,0,0,0,,0,0,0,0,,0,0,,0,0,0,0,0,0,0,0,0,0,0,0
00-0031389,L.Joyner,Lamarcus Joyner,S,DB,"https://static.www.nfl.com/image/private/f_auto,q_auto/league/x57erxn3gxqfqdwx7of9",2021,REG,NYJ,1,0,0,0,0,0,0,0,0,0,0,0,0,,,0,,0,0,0,0,0,0,0,0,0,0,,0,0,0,0,0,0,0,0,0,0,0,0,0,0,,0,0,0,0,0,,0,0,0,0,1,0,0,0,0,0,0,0,0,0,0,0,0,0,0,0,0,0,0,0,0,0,0,0,0,0,0,0,0,0,0,0,0,0,0,0,,,0,0,0,0,0,0,0,0,0,0,0,0,,,,0,0,0,0,0,0,0,,0,0,0,0,,0,0,,0,0,0,0,0,0,0,0,0,0,0,0
00-0031395,G.Gilbert,Garrett Gilbert,QB,QB,"https://static.www.nfl.com/image/private/f_auto,q_auto/league/tqn0pjemxn7hoze93kwa",2021,REG,WAS,1,20,31,194,0,0,2,-20,1,0,197,97,8,-2.75039310650145,0.759597569704056,0,0.984771573604061,6,3,2,1,0,0,0,0,0,0,,0,0,0,0,0,0,0,0,0,0,0,0,0,0,,0,0,0,0,0,,0,0,0,0,0,0,0,0,0,0,0,0,0,0,0,0,0,0,0,0,0,0,0,0,0,0,0,1,0,0,1,0,0,0,0,0,0,0,0,0,,,0,0,0,0,0,0,0,0,0,0,0,0,,,,0,0,0,0,0,0,0,,0,0,0,0,,0,0,,0,0,0,0,0,0,0,0,0,0,7.76,7.76
00-0031402,Z.Martin,Zack Martin,G,OL,"https://static.www.nfl.com/image/upload/f_auto,q_auto/league/c9giqcqfhdypuhzgdzv4",2021,REG,DAL,3,0,0,0,0,0,0,0,0,0,0,0,0,,,0,,0,0,0,0,0,0,0,0,0,0,,0,0,0,0,0,0,0,0,0,0,0,0,0,0,,0,0,0,0,0,,0,0,0,0,0,0,0,0,0,0,0,0,0,0,0,0,0,0,0,0,1,0,0,0,0,2,9,0,0,0,0,0,0,0,0,0,0,0,0,0,,,0,0,0,0,0,0,0,0,0,0,0,0,,,,0,0,0,0,0,0,0,,0,0,0,0,,0,0,,0,0,0,0,0,0,0,0,0,0,0,0
00-0031404,A.Phillips,Adrian Phillips,DB,DB,"https://static.www.nfl.com/image/private/f_auto,q_auto/league/bfbt4o1jp3ttsm18v0ur",2021,REG,NE,17,0,0,0,0,0,0,0,0,0,0,0,0,,,0,,0,0,0,0,0,0,0,0,0,0,,0,0,0,0,0,0,0,0,0,0,0,0,0,0,,0,0,0,0,0,,0,0,0,0,41,15,36,1,2,1,0,0,1,4,39,9,1,0,0,0,0,0,0,0,0,1,10,0,0,0,0,0,0,0,0,0,0,0,0,0,,,0,0,0,0,0,0,0,0,0,0,0,0,,,,0,0,0,0,0,0,0,,0,0,0,0,,0,0,,0,0,0,0,0,0,0,0,0,0,0,0
00-0031408,M.Evans,Mike Evans,WR,WR,"https://static.www.nfl.com/image/upload/f_auto,q_auto/league/yaxorbdsvk1ucfuiyrkj",2021,REG,TB,16,0,0,0,0,0,0,0,0,0,0,0,0,,,0,,0,0,0,0,1,10,0,0,0,1,0.637556722387672,0,1,0,0,0,74,114,1035,14,0,0,1497,239,56,65.6954516261744,0,42,26,20,3,0.691382765531062,0.159217877094972,0.253987105531049,0.416617789514192,0,2,0,0,0,0,0,0,0,0,0,0,0,0,0,0,0,0,0,0,0,0,2,15,0,0,0,0,0,0,0,0,0,0,0,0,0,,,0,0,0,0,0,0,0,0,0,0,0,0,,,,0,0,0,0,0,0,0,,0,0,0,0,,0,0,,0,0,0,0,0,0,0,0,0,0,188.5,262.5
00-0031411,D.Lawrence,DeMarcus Lawrence,LB,LB,"https://static.www.nfl.com/image/upload/f_auto,q_auto/league/dqcbiti9q92w9uawqxom",2021,REG,DAL,7,0,0,0,0,0,0,0,0,0,0,0,0,,,0,,0,0,0,0,0,0,0,0,0,0,,0,0,0,0,0,0,0,0,0,0,0,0,0,0,,0,0,0,0,0,,0,0,0,0,14,2,5,5,28,2,3,24,7,1,40,5,1,0,0,0,0,0,0,0,0,2,9,0,0,0,0,0,0,0,0,0,0,0,0,0,,,0,0,0,0,0,0,0,0,0,0,0,0,,,,0,0,0,0,0,0,0,,0,0,0,0,,0,0,,0,0,0,0,0,0,0,0,0,0,0,0
00-0031426,J.Bitonio,Joel Bitonio,G,OL,"https://static.www.nfl.com/image/upload/f_auto,q_auto/league/il9yy0bjrowrwhxk9ard",2021,REG,CLE,3,0,0,0,0,0,0,0,0,0,0,0,0,,,0,,0,0,0,0,0,0,0,0,0,0,,0,0,0,0,0,0,0,0,0,0,0,0,0,0,,0,0,0,0,0,,0,0,0,0,0,0,0,0,0,0,0,0,0,0,0,0,0,0,0,0,0,0,0,0,0,4,25,0,0,0,0,0,0,0,0,0,0,0,0,0,,,0,0,0,0,0,0,0,0,0,0,0,0,,,,0,0,0,0,0,0,0,,0,0,0,0,,0,0,,0,0,0,0,0,0,0,0,0,0,0,0
00-0031428,A.Robinson,Allen Robinson,WR,WR,"https://static.www.nfl.com/image/upload/f_auto,q_auto/league/fyukft9lraurbsq0laom",2021,REG,CHI,12,0,0,0,0,0,0,0,0,0,0,0,0,,,0,,0,0,0,0,0,0,0,0,0,0,,0,0,0,0,0,38,66,410,1,0,0,755,92,22,9.73441207246804,1,15,8,5,0,0.543046357615894,0.125954198473282,0.167964404894327,0.306506381135953,0,2,0,0,0,0,0,0,0,0,0,0,0,0,0,0,0,0,0,0,0,0,1,10,0,0,0,0,0,0,0,0,0,0,0,0,0,,,0,0,0,0,0,0,0,0,0,0,0,0,,,,0,0,0,0,0,0,0,,0,0,0,0,,0,0,,0,0,0,0,0,0,0,0,0,0,49,87
00-0031433,B.Turner,Billy Turner,OT,OL,"https://static.www.nfl.com/image/private/f_auto,q_auto/league/ngrm1ns70xyop3uwsha2",2021,REG,GB,2,0,0,0,0,0,0,0,0,0,0,0,0,,,0,,0,0,0,0,0,0,0,0,0,0,,0,0,0,0,0,0,0,0,0,0,0,0,0,0,,0,0,0,0,0,,0,0,0,0,0,0,0,0,0,0,0,0,0,0,0,0,0,0,0,0,0,0,0,0,0,3,30,0,0,0,0,0,0,0,0,0,0,0,0,0,,,0,0,0,0,0,0,0,0,0,0,0,0,,,,0,0,0,0,0,0,0,,0,0,0,0,,0,0,,0,0,0,0,0,0,0,0,0,0,0,0
00-0031442,T.Lewan,Taylor Lewan,OT,OL,"https://static.www.nfl.com/image/private/f_auto,q_auto/league/hvplm59omxfb2qp6zz7a",2021,REG,TEN,4,0,0,0,0,0,0,0,0,0,0,0,0,,,0,,0,0,0,0,0,0,0,0,0,0,,0,0,0,0,0,0,0,0,0,0,0,0,0,0,,0,0,0,0,0,,0,0,0,0,0,0,0,0,0,0,0,0,0,0,0,0,0,0,0,0,1,0,0,0,0,4,30,0,0,0,0,0,0,0,0,0,0,0,0,0,,,0,0,0,0,0,0,0,0,0,0,0,0,,,,0,0,0,0,0,0,0,,0,0,0,0,,0,0,,0,0,0,0,0,0,0,0,0,0,0,0
00-0031484,C.Manhertz,Chris Manhertz,TE,TE,"https://static.www.nfl.com/image/upload/f_auto,q_auto/league/azx76rspzgxfogsqhxet",2021,REG,JAX,10,0,0,0,0,0,0,0,0,0,0,0,0,,,0,,0,0,0,0,0,0,0,0,0,0,,0,0,0,0,0,6,9,71,1,0,0,68,26,4,3.15351100254338,0,4,1,1,0,1.04411764705882,0.0154373927958834,0.0142707240293809,0.0331455960143917,0,0,0,0,0,0,0,0,0,0,0,0,0,0,0,0,0,1,0,0,0,0,6,50,0,0,0,0,0,0,0,0,0,0,0,0,0,,,0,0,0,0,0,0,0,0,0,0,0,0,,,,0,0,0,0,0,0,0,,0,0,0,0,,0,0,,0,0,0,0,0,0,0,0,0,0,13.1,19.1
00-0031492,J.Myers,Jason Myers,K,SPEC,"https://static.www.nfl.com/image/upload/f_auto,q_auto/league/rnw5znsm0hrekqvztiog",2021,REG,SEA,17,0,0,0,0,0,0,0,0,0,0,0,0,,,0,,0,0,0,0,0,0,0,0,0,0,,0,0,0,0,0,0,0,0,0,0,0,0,0,0,,0,0,0,0,0,,0,0,0,0,3,0,1,0,0,0,0,0,0,0,0,0,0,0,0,0,0,0,0,0,0,0,0,0,0,0,0,0,0,0,0,0,17,23,6,0,53,0.739130434782609,0,2,9,3,3,0,0,0,2,2,2,0,31;53;32;40;43;50;31;27;27;38;38;39;36;51;36;42;38,44;35;44;53;56;39,,652,271,0,44,47,3,0,0.936170212765957,0,0,0,0,,0,0,,0,0,0,0,0,0,0,0,0,0,0,0
00-0031500,E.Obada,Efe Obada,DE,DL,"https://static.www.nfl.com/image/upload/f_auto,q_auto/league/i5zeos5e8jhwupjnlsri",2021,REG,BUF,8,0,0,0,0,0,0,0,0,0,0,0,0,,,0,,0,0,0,0,0,0,0,0,0,0,,0,0,0,0,0,0,0,0,0,0,0,0,0,0,,0,0,0,0,0,,0,0,0,0,7,1,4,3,18,0,3.5,22,8,0,0,1,0,0,0,0,0,0,0,0,0,3,21,0,0,0,0,0,0,0,0,0,0,0,0,0,,,0,0,0,0,0,0,0,0,0,0,0,0,,,,0,0,0,0,0,0,0,,0,0,0,0,,0,0,,0,0,0,0,0,0,0,0,0,0,0,0
00-0031502,J.Berry,Jordan Berry,P,SPEC,"https://static.www.nfl.com/image/private/f_auto,q_auto/league/rltqupvbxjui0kyat1fb",2021,REG,MIN,17,0,0,0,0,0,0,0,0,0,0,0,0,,,0,,0,0,0,0,0,0,0,0,0,0,,0,0,0,0,0,0,0,0,0,0,0,0,0,0,,0,0,0,0,0,,0,0,0,0,0,0,0,0,0,0,0,0,0,0,0,0,0,0,0,0,0,0,0,0,0,0,0,0,0,0,0,0,0,0,0,0,0,0,0,0,,,0,0,0,0,0,0,0,0,0,0,0,0,,,,0,0,0,0,0,0,0,,0,0,0,0,,78,1,64,3624,26,11,10,3,15,39,339,1,3225,0,0
00-0031503,J.Winston,Jameis Winston,QB,QB,"https://static.www.nfl.com/image/upload/f_auto,q_auto/league/vwikoroqsyf8iemlrohb",2021,REG,NO,7,95,161,1170,14,3,11,-69,1,1,1340,578,56,21.8103870389162,-3.13750013611675,0,0.873134328358209,48,20,11,4,32,166,1,0,0,17,16.8806729832431,0,9,6,1,0,0,0,0,0,0,0,0,0,0,,0,0,0,0,0,,0,0,0,0,1,0,0,0,0,0,0,0,0,0,0,0,0,0,0,0,1,0,0,0,0,1,11,1,1,0,2,1,0,0,0,0,0,0,0,0,,,0,0,0,0,0,0,0,0,0,0,0,0,,,,0,0,0,0,0,0,0,,0,0,0,0,,0,0,,0,0,0,0,0,0,0,0,0,0,117.4,117.4
00-0031534,L.Collins,La'el Collins,OT,OL,"https://static.www.nfl.com/image/upload/f_auto,q_auto/league/azfqczkqzu6ilau2fj60",2021,REG,DAL,6,0,0,0,0,0,0,0,0,0,0,0,0,,,0,,0,0,0,0,0,0,0,0,0,0,,0,0,0,0,0,0,0,0,0,0,0,0,0,0,,0,0,0,0,0,,0,0,0,0,1,0,0,0,0,0,0,0,0,0,0,0,0,0,0,0,0,0,0,0,0,8,75,0,0,0,0,0,0,0,0,0,0,0,0,0,,,0,0,0,0,0,0,0,0,0,0,0,0,,,,0,0,0,0,0,0,0,,0,0,0,0,,0,0,,0,0,0,0,0,0,0,0,0,0,0,0
00-0031543,T.Long,Ty Long,P,SPEC,"https://static.www.nfl.com/image/private/f_auto,q_auto/league/qpn0xr42mkmkhmpd0nmd",2021,REG,LAC,14,0,1,0,0,0,0,0,0,0,10,0,0,-2.76716072531417,-59.7593367099762,0,0,0,0,0,0,0,0,0,0,0,0,,0,0,0,0,0,0,0,0,0,0,0,0,0,0,,0,0,0,0,0,,0,0,0,0,0,0,0,0,0,0,0,0,0,0,0,0,0,0,0,0,0,0,0,0,0,0,0,0,0,0,0,0,0,0,0,0,0,0,0,0,,,0,0,0,0,0,0,0,0,0,0,0,0,,,,0,0,0,0,0,0,0,,0,0,0,0,,46,1,69,2091,11,6,4,2,5,29,323,0,1728,0,0
00-0031544,A.Cooper,Amari Cooper,WR,WR,"https://static.www.nfl.com/image/upload/f_auto,q_auto/league/zmtzqznqui37unmo5xv9",2021,REG,DAL,15,0,0,0,0,0,0,0,0,0,0,0,0,,,0,,0,0,0,0,0,0,0,0,0,0,,0,0,0,0,0,68,104,865,8,1,0,1152,229,45,48.2693452255241,0,36,20,15,1,0.750868055555556,0.163265306122449,0.225175918686474,0.402521102264205,0,0,0,0,0,0,0,0,0,0,0,0,0,0,0,0,0,1,-6,0,0,0,1,5,1,0,1,1,0,0,0,0,0,0,0,0,0,,,0,0,0,0,0,0,0,0,0,0,0,0,,,,0,0,0,0,0,0,0,,0,0,0,0,,0,0,,0,0,0,0,0,0,0,0,0,0,134.5,202.5
00-0031545,K.White,Kevin White,WR,WR,"https://static.www.nfl.com/image/private/f_auto,q_auto/league/u6jclvrydlw6amytmylq",2021,REG,NO,4,0,0,0,0,0,0,0,0,0,0,0,0,,,0,,0,0,0,0,0,0,0,0,0,0,,0,0,0,0,0,1,5,38,0,0,0,158,9,1,-1.24805453536101,0,1,1,1,0,0.240506329113924,0.0105485232067511,0.0421895861148198,0.0453554950905004,0,1,0,3,0,0,1,0,0,0,0,0,0,0,0,0,0,0,0,0,0,0,0,0,0,0,0,0,0,0,0,0,0,0,0,0,0,,,0,0,0,0,0,0,0,0,0,0,0,0,,,,0,0,0,0,0,0,0,,0,0,0,0,,0,0,,0,0,0,0,0,0,0,0,0,0,3.8,4.8
00-0031546,T.Waynes,Trae Waynes,CB,DB,"https://static.www.nfl.com/image/private/f_auto,q_auto/league/zuymxrsnjsyejxakdk7s",2021,REG,CIN,5,0,0,0,0,0,0,0,0,0,0,0,0,,,0,,0,0,0,0,0,0,0,0,0,0,,0,0,0,0,0,0,0,0,0,0,0,0,0,0,,0,0,0,0,0,,0,0,0,0,10,1,1,0,0,0,0,0,0,0,0,1,0,0,0,0,0,0,0,0,0,0,0,0,0,0,0,0,0,0,0,0,0,0,0,0,,,0,0,0,0,0,0,0,0,0,0,0,0,,,,0,0,0,0,0,0,0,,0,0,0,0,,0,0,,0,0,0,0,0,0,0,0,0,0,0,0
00-0031547,D.Parker,DeVante Parker,WR,WR,"https://static.www.nfl.com/image/private/f_auto,q_auto/league/beuyfjou6kckaoqqpa96",2021,REG,MIA,9,0,0,0,0,0,0,0,0,0,0,0,0,,,0,,0,0,0,0,0,0,0,0,0,0,,0,0,0,0,0,40,73,515,2,0,0,856,104,29,24.0618967613669,0,22,10,7,1,0.601635514018692,0.121869782971619,0.191456050100649,0.316823909527883,0,2,0,0,0,0,0,0,0,0,0,0,0,0,0,0,0,0,0,0,0,0,1,15,0,0,0,0,0,0,0,0,0,0,0,0,0,,,0,0,0,0,0,0,0,0,0,0,0,0,,,,0,0,0,0,0,0,0,,0,0,0,0,,0,0,,0,0,0,0,0,0,0,0,0,0,63.5,103.5
00-0031549,N.Agholor,Nelson Agholor,WR,WR,"https://static.www.nfl.com/image/upload/f_auto,q_auto/league/wyxfkarcjgqdz3pl8nnr",2021,REG,NE,14,0,0,0,0,0,0,0,0,0,0,0,0,,,0,,0,0,0,0,3,11,0,0,0,0,-0.501932865474373,0,0,0,0,0,37,64,473,3,0,0,914,104,23,3.63947347652511,0,22,10,9,1,0.517505470459519,0.122137404580153,0.213152985074627,0.332413196422468,0,1,0,0,0,0,0,0,0,0,0,0,0,0,0,0,0,0,0,0,0,0,0,0,0,0,0,0,0,0,0,0,0,0,0,0,0,,,0,0,0,0,0,0,0,0,0,0,0,0,,,,0,0,0,0,0,0,0,,0,0,0,0,,0,0,,0,0,0,0,0,0,0,0,0,0,66.4,103.4
00-0031550,S.Thompson,Shaq Thompson,OLB,LB,"https://static.www.nfl.com/image/upload/f_auto,q_auto/league/rk9qairtsyrzdoznvmen",2021,REG,CAR,14,0,0,0,0,0,0,0,0,0,0,0,0,,,0,,0,0,0,0,0,0,0,0,0,0,,0,0,0,0,0,0,0,0,0,0,0,0,0,0,,0,0,0,0,0,,0,0,0,0,58,7,39,7,25,0,2,18,6,2,39,5,0,0,0,0,0,0,0,0,0,1,5,0,0,0,0,0,0,0,0,0,0,0,0,0,,,0,0,0,0,0,0,0,0,0,0,0,0,,,,0,0,0,0,0,0,0,,0,0,0,0,,0,0,,0,0,0,0,0,0,0,0,0,0,0,0
00-0031551,E.Goldman,Eddie Goldman,NT,DL,"https://static.www.nfl.com/image/upload/f_auto,q_auto/league/o0kwpqywuicbketxfbck",2021,REG,CHI,8,0,0,0,0,0,0,0,0,0,0,0,0,,,0,,0,0,0,0,0,0,0,0,0,0,,0,0,0,0,0,0,0,0,0,0,0,0,0,0,,0,0,0,0,0,,0,0,0,0,11,3,8,1,1,0,0.5,4,1,0,0,0,0,0,0,0,0,0,0,0,0,1,5,0,0,0,0,0,0,0,0,0,0,0,0,0,,,0,0,0,0,0,0,0,0,0,0,0,0,,,,0,0,0,0,0,0,0,,0,0,0,0,,0,0,,0,0,0,0,0,0,0,0,0,0,0,0
00-0031553,B.McKinney,Benardrick McKinney,ILB,LB,"https://static.www.nfl.com/image/private/f_auto,q_auto/league/j8fbugbheduwxwjrrswa",2021,REG,NYG,9,0,0,0,0,0,0,0,0,0,0,0,0,,,0,,0,0,0,0,0,0,0,0,0,0,,0,0,0,0,0,0,0,0,0,0,0,0,0,0,,0,0,0,0,0,,0,0,0,0,11,6,12,1,1,0,0,0,0,0,0,0,0,0,0,0,0,0,0,0,0,0,0,0,0,0,0,0,0,0,0,0,0,0,0,0,,,0,0,0,0,0,0,0,0,0,0,0,0,,,,0,0,0,0,0,0,0,,0,0,0,0,,0,0,,0,0,0,0,0,0,0,0,0,0,0,0
00-0031554,E.Kendricks,Eric Kendricks,MLB,LB,"https://static.www.nfl.com/image/upload/f_auto,q_auto/league/adc49lyuljufsfseggdc",2021,REG,MIN,15,0,0,0,0,0,0,0,0,0,0,0,0,,,0,,0,0,0,0,0,0,0,0,0,0,,0,0,0,0,0,0,0,0,0,0,0,0,0,0,,0,0,0,0,0,,0,0,0,0,63,18,62,7,43,0,5,36,5,2,22,4,0,0,0,0,0,0,1,2,0,3,11,0,0,0,0,0,0,0,0,0,0,0,0,0,,,0,0,0,0,0,0,0,0,0,0,0,0,,,,0,0,0,0,0,0,0,,0,0,0,0,,0,0,,0,0,0,0,0,0,0,0,0,0,0,0
00-0031555,E.Rowe,Eric Rowe,CB,DB,"https://static.www.nfl.com/image/upload/f_auto,q_auto/league/ygvjgvkure8eesiiz0hw",2021,REG,MIA,17,0,0,0,0,0,0,0,0,0,0,0,0,,,0,,0,0,0,0,0,0,0,0,0,0,,0,0,0,0,0,0,0,0,0,0,0,0,0,0,,0,0,0,0,0,,0,0,0,0,38,6,28,0,0,3,0,0,1,0,0,4,0,0,0,0,0,0,0,0,0,3,19,0,0,0,0,0,0,0,0,0,0,0,0,0,,,0,0,0,0,0,0,0,0,0,0,0,0,,,,0,0,0,0,0,0,0,,0,0,0,0,,0,0,,0,0,0,0,0,0,0,0,0,0,0,0
00-0031556,N.Orchard,Nate Orchard,DE,DL,"https://static.www.nfl.com/image/private/f_auto,q_auto/league/uooodwpwkhmibmzsgsfg",2021,REG,WAS,1,0,0,0,0,0,0,0,0,0,0,0,0,,,0,,0,0,0,0,0,0,0,0,0,0,,0,0,0,0,0,0,0,0,0,0,0,0,0,0,,0,0,0,0,0,,0,0,0,0,0,0,0,0,0,0,0,0,0,0,0,0,0,0,0,0,0,0,0,0,0,1,10,0,0,0,0,0,0,0,0,0,0,0,0,0,,,0,0,0,0,0,0,0,0,0,0,0,0,,,,0,0,0,0,0,0,0,,0,0,0,0,,0,0,,0,0,0,0,0,0,0,0,0,0,0,0
00-0031557,J.Phillips,Jordan Phillips,DT,DL,"https://static.www.nfl.com/image/upload/f_auto,q_auto/league/hn887nvbphkycvlkvlms",2021,REG,ARI,9,0,0,0,0,0,0,0,0,0,0,0,0,,,0,,0,0,0,0,0,0,0,0,0,0,,0,0,0,0,0,0,0,0,0,0,0,0,0,0,,0,0,0,0,0,,0,0,0,0,12,2,8,3,20,0,3,20,4,0,0,2,0,0,0,0,0,0,0,0,0,3,45,0,0,0,0,0,0,0,0,0,0,0,0,0,,,0,0,0,0,0,0,0,0,0,0,0,0,,,,0,0,0,0,0,0,0,,0,0,0,0,,0,0,,0,0,0,0,0,0,0,0,0,0,0,0
00-0031558,M.Williams,Maxx Williams,TE,TE,"https://static.www.nfl.com/image/private/f_auto,q_auto/league/p0j7ax3rqhrzn5nvmc06",2021,REG,ARI,5,0,0,0,0,0,0,0,0,0,0,0,0,,,0,,0,0,0,0,0,0,0,0,0,0,,0,0,0,0,0,16,17,193,1,0,0,90,125,9,15.0714742004056,0,7,4,3,0,2.14444444444444,0.0298245614035088,0.0203389830508475,0.0589741302408564,0,0,0,1,0,0,0,0,0,0,0,0,0,0,0,0,0,0,0,0,0,0,1,10,0,0,0,0,0,0,0,0,0,0,0,0,0,,,0,0,0,0,0,0,0,0,0,0,0,0,,,,0,0,0,0,0,0,0,,0,0,0,0,,0,0,,0,0,0,0,0,0,0,0,0,0,25.3,41.3
00-0031559,J.Richards,Jordan Richards,FS,DB,"https://static.www.nfl.com/image/private/f_auto,q_auto/league/kspb3jtyvcn5oe9iarkr",2021,REG,BAL,2,0,0,0,0,0,0,0,0,0,0,0,0,,,0,,0,0,0,0,0,0,0,0,0,0,,0,0,0,0,0,0,0,0,0,0,0,0,0,0,,0,0,0,0,0,,0,0,0,0,0,0,2,0,0,0,0,0,0,0,0,0,0,0,0,0,0,0,0,0,0,0,0,0,0,0,0,0,0,0,0,0,0,0,0,0,,,0,0,0,0,0,0,0,0,0,0,0,0,,,,0,0,0,0,0,0,0,,0,0,0,0,,0,0,,0,0,0,0,0,0,0,0,0,0,0,0
00-0031565,D.Hunter,Danielle Hunter,DE,DL,"https://static.www.nfl.com/image/upload/f_auto,q_auto/league/z2rpuzpb0tm8r6vwnfxk",2021,REG,MIN,7,0,0,0,0,0,0,0,0,0,0,0,0,,,0,,0,0,0,0,0,0,0,0,0,0,,0,0,0,0,0,0,0,0,0,0,0,0,0,0,,0,0,0,0,0,,0,0,0,0,22,1,15,6,40,0,6,40,11,0,0,0,0,0,0,0,0,0,0,0,0,0,0,0,0,0,0,0,0,0,0,0,0,0,0,0,,,0,0,0,0,0,0,0,0,0,0,0,0,,,,0,0,0,0,0,0,0,,0,0,0,0,,0,0,,0,0,0,0,0,0,0,0,0,0,0,0
00-0031566,T.Flowers,Trey Flowers,LB,LB,"https://static.www.nfl.com/image/private/f_auto,q_auto/league/jxfkoekid7f3z5l3qxbx",2021,REG,DET,7,0,0,0,0,0,0,0,0,0,0,0,0,,,0,,0,0,0,0,0,0,0,0,0,0,,0,0,0,0,0,0,0,0,0,0,0,0,0,0,,0,0,0,0,0,,0,0,0,0,12,3,9,1,5,1,1.5,9,3,0,0,0,0,0,0,0,0,0,1,0,0,0,0,0,0,0,0,0,0,0,0,0,0,0,0,0,,,0,0,0,0,0,0,0,0,0,0,0,0,,,,0,0,0,0,0,0,0,,0,0,0,0,,0,0,,0,0,0,0,0,0,0,0,0,0,0,0
00-0031567,D.Williams,Daryl Williams,OT,OL,"https://static.www.nfl.com/image/private/f_auto,q_auto/league/qmxazajbgoagqzflp7sh",2021,REG,BUF,5,0,0,0,0,0,0,0,0,0,0,0,0,,,0,,0,0,0,0,0,0,0,0,0,0,,0,0,0,0,0,0,0,0,0,0,0,0,0,0,,0,0,0,0,0,,0,0,0,0,0,0,0,0,0,0,0,0,0,0,0,0,0,0,0,0,1,0,0,0,0,6,39,0,0,0,0,0,0,0,0,0,0,0,0,0,,,0,0,0,0,0,0,0,0,0,0,0,0,,,,0,0,0,0,0,0,0,,0,0,0,0,,0,0,,0,0,0,0,0,0,0,0,0,0,0,0
00-0031576,Z.Smith,Za'Darius Smith,DE,DL,"https://static.www.nfl.com/image/upload/f_auto,q_auto/league/l5t51lcflhhfvxhr1sx3",2021,REG,GB,1,0,0,0,0,0,0,0,0,0,0,0,0,,,0,,0,0,0,0,0,0,0,0,0,0,,0,0,0,0,0,0,0,0,0,0,0,0,0,0,,0,0,0,0,0,,0,0,0,0,1,0,0,0,0,0,0,0,0,0,0,0,0,0,0,0,0,0,0,0,0,1,10,0,0,0,0,0,0,0,0,0,0,0,0,0,,,0,0,0,0,0,0,0,0,0,0,0,0,,,,0,0,0,0,0,0,0,,0,0,0,0,,0,0,,0,0,0,0,0,0,0,0,0,0,0,0
00-0031580,S.Mason,Shaq Mason,G,OL,"https://static.www.nfl.com/image/upload/f_auto,q_auto/league/h2j9pcx5k3kfbxgq1bb7",2021,REG,NE,4,0,0,0,0,0,0,0,0,0,0,0,0,,,0,,0,0,0,0,0,0,0,0,0,0,,0,0,0,0,0,0,0,0,0,0,0,0,0,0,,0,0,0,0,0,,0,0,0,0,0,0,0,0,0,0,0,0,0,0,0,0,0,0,0,0,0,0,0,0,0,4,40,0,0,0,0,0,0,0,0,0,0,0,0,0,,,0,0,0,0,0,0,0,0,0,0,0,0,,,,0,0,0,0,0,0,0,,0,0,0,0,,0,0,,0,0,0,0,0,0,0,0,0,0,0,0
00-0031581,M.Glowinski,Mark Glowinski,G,OL,"https://static.www.nfl.com/image/private/f_auto,q_auto/league/ldqr5jlk57a6nrha4u8w",2021,REG,IND,2,0,0,0,0,0,0,0,0,0,0,0,0,,,0,,0,0,0,0,0,0,0,0,0,0,,0,0,0,0,0,0,0,0,0,0,0,0,0,0,,0,0,0,0,0,,0,0,0,0,1,0,0,0,0,0,0,0,0,0,0,0,0,0,0,0,0,0,0,0,0,2,15,0,0,0,0,0,0,0,0,0,0,0,0,0,,,0,0,0,0,0,0,0,0,0,0,0,0,,,,0,0,0,0,0,0,0,,0,0,0,0,,0,0,,0,0,0,0,0,0,0,0,0,0,0,0
00-0031583,G.Jarrett,Grady Jarrett,DT,DL,"https://static.www.nfl.com/image/upload/f_auto,q_auto/league/znqx6ghmgepgcrsfw9gm",2021,REG,ATL,16,0,0,0,0,0,0,0,0,0,0,0,0,,,0,,0,0,0,0,0,0,0,0,0,0,,0,0,0,0,0,0,0,0,0,0,0,0,0,0,,0,0,0,0,0,,0,0,0,0,28,10,21,3,15,0,1,11,12,0,0,1,0,0,0,0,0,0,1,0,0,2,10,0,0,0,0,0,0,0,0,0,0,0,0,0,,,0,0,0,0,0,0,0,0,0,0,0,0,,,,0,0,0,0,0,0,0,,0,0,0,0,,0,0,,0,0,0,0,0,0,0,0,0,0,0,0
00-0031584,A.Amos,Adrian Amos,S,DB,"https://static.www.nfl.com/image/private/f_auto,q_auto/league/igawxadxnpihzzpzw9oe",2021,REG,GB,17,0,0,0,0,0,0,0,0,0,0,0,0,,,0,,0,0,0,0,0,0,0,0,0,0,,0,0,0,0,0,0,0,0,0,0,0,0,0,0,,0,0,0,0,0,,0,0,0,0,68,7,18,0,0,0,0,0,0,2,0,8,0,0,0,0,0,0,0,0,0,2,26,0,0,0,0,0,0,0,0,0,0,0,0,0,,,0,0,0,0,0,0,0,0,0,0,0,0,,,,0,0,0,0,0,0,0,,0,0,0,0,,0,0,,0,0,0,0,0,0,0,0,0,0,0,0
00-0031585,M.Pruitt,MyCole Pruitt,TE,TE,"https://static.www.nfl.com/image/upload/f_auto,q_auto/league/jazo8egu5luwyxxcpjh8",2021,REG,TEN,10,0,0,0,0,0,0,0,0,0,0,0,0,,,0,,0,0,0,0,0,0,0,0,0,0,,0,0,0,0,0,14,18,145,3,0,0,118,59,10,9.89613614782877,1,7,2,2,0,1.22881355932203,0.0344827586206897,0.0294631710362047,0.0723483576563778,0,0,0,2,0,0,0,0,0,0,0,0,0,0,0,0,0,0,0,0,0,0,0,0,0,0,0,0,0,0,0,0,0,0,0,0,0,,,0,0,0,0,0,0,0,0,0,0,0,0,,,,0,0,0,0,0,0,0,,0,0,0,0,,0,0,,0,0,0,0,0,0,0,0,0,0,34.5,48.5
00-0031587,B.McCain,Bobby McCain,CB,DB,"https://static.www.nfl.com/image/upload/f_auto,q_auto/league/qngkoi5ocjuet0kmni6a",2021,REG,WAS,17,0,0,0,0,0,0,0,0,0,0,0,0,,,0,,0,0,0,0,0,0,0,0,0,0,,0,0,0,0,0,0,0,0,0,0,0,0,0,0,,0,0,0,0,0,,0,0,0,0,46,1,16,0,0,0,0,0,0,4,63,9,1,0,0,0,0,0,0,0,0,1,13,0,0,0,0,0,0,0,0,0,0,0,0,0,,,0,0,0,0,0,0,0,0,0,0,0,0,,,,0,0,0,0,0,0,0,,0,0,0,0,,0,0,,0,0,0,0,0,0,0,0,0,0,0,0
00-0031588,S.Diggs,Stefon Diggs,WR,WR,"https://static.www.nfl.com/image/upload/f_auto,q_auto/league/cemcexmscsarpvwhafln",2021,REG,BUF,17,0,0,0,0,0,1,-2,0,0,0,0,0,-0.836327348719351,,0,,0,0,0,0,0,0,0,0,0,0,,0,0,0,0,0,103,164,1225,10,1,0,1827,326,66,31.9898556666418,0,50,18,12,4,0.670498084291188,0.263242375601926,0.341176470588235,0.633687092814654,0,3,0,0,0,0,0,0,0,0,0,0,0,0,0,0,0,0,0,0,0,0,2,10,1,0,0,1,0,0,0,0,0,0,0,0,0,,,0,0,0,0,0,0,0,0,0,0,0,0,,,,0,0,0,0,0,0,0,,0,0,0,0,,0,0,,0,0,0,0,0,0,0,0,0,0,182.5,285.5
00-0031595,M.Burton,Michael Burton,FB,RB,"https://static.www.nfl.com/image/upload/f_auto,q_auto/league/ibyeabk3yu68mgipxklr",2021,REG,KC,10,0,0,0,0,0,0,0,0,0,0,0,0,,,0,,0,0,0,0,8,26,1,0,0,8,7.49727163315401,0,0,0,0,0,3,3,31,0,0,0,-5,36,2,0.791232596384361,0,2,1,1,0,-6.2,0.00470957613814757,-0.00100704934541793,0.0063594296654288,0,1,1,3,0,0,0,0,0,0,0,0,0,0,0,0,0,0,0,0,0,0,1,7,0,0,0,0,0,0,0,2,21,0,0,0,0,,,0,0,0,0,0,0,0,0,0,0,0,0,,,,0,0,0,0,0,0,0,,0,0,0,0,,0,0,,0,0,0,0,0,0,0,0,0,0,11.7,14.7
00-0031596,D.Mayo,David Mayo,OLB,LB,"https://static.www.nfl.com/image/private/f_auto,q_auto/league/jcpcby79esons5wd1ocp",2021,REG,WAS,13,0,0,0,0,0,0,0,0,0,0,0,0,,,0,,0,0,0,0,0,0,0,0,0,0,,0,0,0,0,0,0,0,0,0,0,0,0,0,0,,0,0,0,0,0,,0,0,0,0,19,1,8,2,6,0,0,0,1,0,0,0,0,0,0,0,0,0,1,0,0,0,0,0,0,0,0,0,0,0,0,0,0,0,0,0,,,0,0,0,0,0,0,0,0,0,0,0,0,,,,0,0,0,0,0,0,0,,0,0,0,0,,0,0,,0,0,0,0,0,0,0,0,0,0,0,0
00-0031597,T.Smith,Tye Smith,CB,DB,"https://static.www.nfl.com/image/private/f_auto,q_auto/league/zxyfhiakgitv3ultu7ug",2021,REG,MIN,3,0,0,0,0,0,0,0,0,0,0,0,0,,,0,,0,0,0,0,0,0,0,0,0,0,,0,0,0,0,0,0,0,0,0,0,0,0,0,0,,0,0,0,0,0,,0,0,0,0,5,0,1,0,0,0,0,0,0,0,0,0,0,0,0,0,0,0,0,0,0,1,15,0,0,0,0,0,0,0,0,0,0,0,0,0,,,0,0,0,0,0,0,0,0,0,0,0,0,,,,0,0,0,0,0,0,0,,0,0,0,0,,0,0,,0,0,0,0,0,0,0,0,0,0,0,0
00-0031598,N.Boyle,Nick Boyle,TE,TE,"https://static.www.nfl.com/image/private/f_auto,q_auto/league/emqvoudb71kgmkfphmuw",2021,REG,BAL,2,0,0,0,0,0,0,0,0,0,0,0,0,,,0,,0,0,0,0,0,0,0,0,0,0,,0,0,0,0,0,1,2,2,0,0,0,3,0,0,-2.07710861979285,0,0,0,0,0,0.666666666666667,0.00338409475465313,0.000573394495412844,0.00547751827876869,0,0,0,0,0,0,0,0,0,0,0,0,0,0,0,0,0,0,0,0,0,0,0,0,0,0,0,0,0,0,0,0,0,0,0,0,0,,,0,0,0,0,0,0,0,0,0,0,0,0,,,,0,0,0,0,0,0,0,,0,0,0,0,,0,0,,0,0,0,0,0,0,0,0,0,0,0.2,1.2
00-0031608,Q.Diggs,Quandre Diggs,S,DB,"https://static.www.nfl.com/image/upload/f_auto,q_auto/league/kqasx5pfmin4wrk503uf",2021,REG,SEA,17,0,0,0,0,0,0,0,0,0,0,0,0,,,0,,0,0,0,0,0,0,0,0,0,0,,0,0,0,0,0,0,0,0,0,0,0,0,0,0,,0,0,0,0,0,,0,0,0,0,54,12,28,1,2,0,0,0,0,5,68,7,0,0,0,0,0,0,0,0,0,1,15,0,0,0,0,0,0,0,0,0,0,0,0,0,,,0,0,0,0,0,0,0,0,0,0,0,0,,,,0,0,0,0,0,0,0,,0,0,0,0,,0,0,,0,0,0,0,0,0,0,0,0,0,0,0
00-0031610,D.Waller,Darren Waller,TE,TE,"https://static.www.nfl.com/image/upload/f_auto,q_auto/league/loyehiyzcu2lexjk7plq",2021,REG,LV,11,0,0,0,0,0,0,0,0,0,0,0,0,,,0,,0,0,0,0,0,0,0,0,0,0,,0,0,0,0,0,55,93,665,2,0,0,918,242,31,12.1684398536518,0,27,17,13,0,0.724400871459695,0.154228855721393,0.179472140762463,0.356973782115814,0,1,0,0,0,0,0,0,0,0,0,0,0,0,0,0,0,0,0,0,0,0,1,15,0,0,0,0,0,0,0,0,0,0,0,0,0,,,0,0,0,0,0,0,0,0,0,0,0,0,,,,0,0,0,0,0,0,0,,0,0,0,0,,0,0,,0,0,0,0,0,0,0,0,0,0,78.5,133.5
00-0031615,C.Ringo,Christian Ringo,DE,DL,"https://static.www.nfl.com/image/private/f_auto,q_auto/league/b2ohvjsfoadi1wlld4fd",2021,REG,NO,13,0,0,0,0,0,0,0,0,0,0,0,0,,,0,,0,0,0,0,0,0,0,0,0,0,,0,0,0,0,0,0,0,0,0,0,0,0,0,0,,0,0,0,0,0,,0,0,0,0,11,1,14,2,4,1,0,0,3,0,0,0,0,0,0,0,0,0,1,0,0,1,15,0,0,0,0,0,0,0,0,0,0,0,0,0,,,0,0,0,0,0,0,0,0,0,0,0,0,,,,0,0,0,0,0,0,0,,0,0,0,0,,0,0,,0,0,0,0,0,0,0,0,0,0,0,0
00-0031619,C.Covington,Christian Covington,DE,DL,"https://static.www.nfl.com/image/private/f_auto,q_auto/league/kbjzplxibstqlwmzmt4u",2021,REG,LAC,14,0,0,0,0,0,0,0,0,0,0,0,0,,,0,,0,0,0,0,0,0,0,0,0,0,,0,0,0,0,0,0,0,0,0,0,0,0,0,0,,0,0,0,0,0,,0,0,0,0,25,5,22,1,6,1,1,6,1,0,0,0,0,0,0,0,0,0,0,0,0,0,0,0,0,0,0,0,0,0,0,0,0,0,0,0,,,0,0,0,0,0,0,0,0,0,0,0,0,,,,0,0,0,0,0,0,0,,0,0,0,0,,0,0,,0,0,0,0,0,0,0,0,0,0,0,0
00-0031622,B.Hart,Bobby Hart,OT,OL,"https://static.www.nfl.com/image/upload/f_auto,q_auto/league/eeqftbtda7o2yyop5m5s",2021,REG,TEN,2,0,0,0,0,0,0,0,0,0,0,0,0,,,0,,0,0,0,0,0,0,0,0,0,0,,0,0,0,0,0,0,0,0,0,0,0,0,0,0,,0,0,0,0,0,,0,0,0,0,0,0,0,0,0,0,0,0,0,0,0,0,0,0,0,0,0,0,0,0,0,2,13,0,0,0,0,0,0,0,0,0,0,0,0,0,,,0,0,0,0,0,0,0,0,0,0,0,0,,,,0,0,0,0,0,0,0,,0,0,0,0,,0,0,,0,0,0,0,0,0,0,0,0,0,0,0
00-0031624,E.Robinson,Edmond Robinson,LB,LB,"https://static.www.nfl.com/image/private/f_auto,q_auto/league/laxxbklw8na3w5v5uij0",2021,REG,SEA,2,0,0,0,0,0,0,0,0,0,0,0,0,,,0,,0,0,0,0,0,0,0,0,0,0,,0,0,0,0,0,0,0,0,0,0,0,0,0,0,,0,0,0,0,0,,0,0,0,0,0,0,1,0,0,0,0,0,0,0,0,0,0,0,0,0,0,0,0,0,0,1,10,0,0,0,0,0,0,0,0,0,0,0,0,0,,,0,0,0,0,0,0,0,0,0,0,0,0,,,,0,0,0,0,0,0,0,,0,0,0,0,,0,0,,0,0,0,0,0,0,0,0,0,0,0,0
00-0031628,D.Roberts,Darryl Roberts,CB,DB,"https://static.www.nfl.com/image/private/f_auto,q_auto/league/fszwbpiuqealhyh0l3rh",2021,REG,WAS,3,0,0,0,0,0,0,0,0,0,0,0,0,,,0,,0,0,0,0,0,0,0,0,0,0,,0,0,0,0,0,0,0,0,0,0,0,0,0,0,,0,0,0,0,0,,0,0,0,0,6,0,6,0,0,0,0,0,0,0,0,0,0,0,0,0,0,0,0,0,0,1,18,0,0,0,0,0,0,0,0,0,0,0,0,0,,,0,0,0,0,0,0,0,0,0,0,0,0,,,,0,0,0,0,0,0,0,,0,0,0,0,,0,0,,0,0,0,0,0,0,0,0,0,0,0,0
00-0031636,J.Hamilton,Justin Hamilton,DT,DL,"https://static.www.nfl.com/image/private/f_auto,q_auto/league/ez6bfwbler7mvwxbmlw7",2021,REG,DAL,7,0,0,0,0,0,0,0,0,0,0,0,0,,,0,,0,0,0,0,0,0,0,0,0,0,,0,0,0,0,0,0,0,0,0,0,0,0,0,0,,0,0,0,0,0,,0,0,0,0,5,1,4,0,0,0,0,0,2,0,0,0,0,0,0,0,0,0,0,0,0,1,5,0,0,0,0,0,0,0,0,0,0,0,0,0,,,0,0,0,0,0,0,0,0,0,0,0,0,,,,0,0,0,0,0,0,0,,0,0,0,0,,0,0,,0,0,0,0,0,0,0,0,0,0,0,0
00-0031687,R.Mostert,Raheem Mostert,RB,RB,"https://static.www.nfl.com/image/upload/f_auto,q_auto/league/fas5rkweusx2hl7abtzh",2021,REG,SF,1,0,0,0,0,0,0,0,0,0,0,0,0,,,0,,0,0,0,0,2,20,0,0,0,1,1.5217217085883,0,1,0,0,0,0,0,0,0,0,0,0,0,0,,0,0,0,0,0,,0,0,0,0,0,0,0,0,0,0,0,0,0,0,0,0,0,0,0,0,0,0,0,0,0,0,0,0,0,0,0,0,0,0,0,0,0,0,0,0,,,0,0,0,0,0,0,0,0,0,0,0,0,,,,0,0,0,0,0,0,0,,0,0,0,0,,0,0,,0,0,0,0,0,0,0,0,0,0,2,2
00-0031690,E.Tomlinson,Eric Tomlinson,TE,TE,"https://static.www.nfl.com/image/upload/f_auto,q_auto/league/i2n4shhc4sprxbsbhfcy",2021,REG,BAL,7,0,0,0,0,0,0,0,0,0,0,0,0,,,0,,0,0,0,0,0,0,0,0,0,0,,0,0,0,0,0,1,1,7,0,0,0,3,4,0,0.305387636413798,0,0,0,0,0,2.33333333333333,0.00169204737732657,0.000573394495412844,0.00293944721277884,0,4,1,0,0,0,0,0,0,0,0,0,0,0,0,0,0,0,0,0,0,0,3,25,0,0,0,0,0,0,0,0,0,0,0,0,0,,,0,0,0,0,0,0,0,0,0,0,0,0,,,,0,0,0,0,0,0,0,,0,0,0,0,,0,0,,0,0,0,0,0,0,0,0,0,0,0.7,1.7
00-0031713,X.Williams,Xavier Williams,NT,DL,"https://static.www.nfl.com/image/private/f_auto,q_auto/league/hftxadl5vsffvsy9mofs",2021,REG,HOU,1,0,0,0,0,0,0,0,0,0,0,0,0,,,0,,0,0,0,0,0,0,0,0,0,0,,0,0,0,0,0,0,0,0,0,0,0,0,0,0,,0,0,0,0,0,,0,0,0,0,0,0,1,0,0,0,0,0,0,0,0,0,0,0,0,0,0,0,0,0,0,0,0,0,0,0,0,0,0,0,0,0,0,0,0,0,,,0,0,0,0,0,0,0,0,0,0,0,0,,,,0,0,0,0,0,0,0,,0,0,0,0,,0,0,,0,0,0,0,0,0,0,0,0,0,0,0
00-0031734,C.Reed,Chris Reed,G,OL,"https://static.www.nfl.com/image/upload/f_auto,q_auto/league/jq9alxtgwza6ik4fl1ek",2021,REG,IND,2,0,0,0,0,0,0,0,0,0,0,0,0,,,0,,0,0,0,0,0,0,0,0,0,0,,0,0,0,0,0,0,0,0,0,0,0,0,0,0,,0,0,0,0,0,,0,0,0,0,0,0,0,0,0,0,0,0,0,0,0,0,0,0,0,0,0,0,0,0,0,3,25,0,0,0,0,0,0,0,0,0,0,0,0,0,,,0,0,0,0,0,0,0,0,0,0,0,0,,,,0,0,0,0,0,0,0,,0,0,0,0,,0,0,,0,0,0,0,0,0,0,0,0,0,0,0
00-0031740,N.Hewitt,Neville Hewitt,LB,LB,"https://static.www.nfl.com/image/upload/f_auto,q_auto/league/lw2m7oyputkdykbaz0cu",2021,REG,HOU,13,0,0,0,0,0,0,0,0,0,0,0,0,,,0,,0,0,0,0,0,0,0,0,0,0,,0,0,0,0,0,0,0,0,0,0,0,0,0,0,,0,0,0,0,0,,0,0,0,0,32,5,23,1,3,0,0,0,1,0,0,0,0,0,0,0,0,0,0,0,0,1,10,0,0,0,0,0,0,0,0,0,0,0,0,0,,,0,0,0,0,0,0,0,0,0,0,0,0,,,,0,0,0,0,0,0,0,,0,0,0,0,,0,0,,0,0,0,0,0,0,0,0,0,0,0,0
00-0031763,D.Carter,DeAndre Carter,WR,WR,"https://static.www.nfl.com/image/upload/f_auto,q_auto/league/jx4io3owliw3l5xve6ta",2021,REG,WAS,17,0,0,0,0,0,0,0,0,0,0,0,0,,,0,,0,0,0,0,10,89,0,1,0,4,2.68775499716867,0,5,3,1,0,24,44,296,3,0,0,485,78,17,9.94271032941698,0,14,9,5,0,0.610309278350516,0.0823970037453183,0.117718446601942,0.205998418239337,1,2,0,0,0,0,0,0,0,0,0,0,0,0,1,0,0,1,0,0,0,0,0,0,2,1,0,3,0,16,134,36,904,0,0,0,0,,,0,0,0,0,0,0,0,0,0,0,0,0,,,,0,0,0,0,0,0,0,,0,0,0,0,,0,0,,0,0,0,0,0,0,0,0,0,0,62.5,86.5
00-0031785,T.Hill,Troy Hill,CB,DB,"https://static.www.nfl.com/image/upload/f_auto,q_auto/league/fa4ba7c9ku1narcpyh10",2021,REG,CLE,12,0,0,0,0,0,0,0,0,0,0,0,0,,,0,,0,0,0,0,0,0,0,0,0,0,,0,0,0,0,0,0,0,0,0,0,0,0,0,0,,0,0,0,0,0,,0,0,0,0,28,6,15,7,22,0,2,13,3,0,0,1,0,0,0,0,0,0,0,0,0,4,38,0,0,0,0,0,0,0,0,0,0,0,0,0,,,0,0,0,0,0,0,0,0,0,0,0,0,,,,0,0,0,0,0,0,0,,0,0,0,0,,0,0,,0,0,0,0,0,0,0,0,0,0,0,0
00-0031787,J.Kumerow,Jake Kumerow,WR,WR,"https://static.www.nfl.com/image/private/f_auto,q_auto/league/lrfqprrjgaeaicqsd0f9",2021,REG,BUF,7,0,0,0,0,0,0,0,0,0,0,0,0,,,0,,0,0,0,0,0,0,0,0,0,0,,0,0,0,0,0,2,6,28,0,0,0,86,7,2,-1.3694363178364,0,2,0,0,0,0.325581395348837,0.00963081861958266,0.0160597572362278,0.0256880579947335,0,4,1,0,0,0,0,0,0,0,0,0,0,0,0,0,0,1,0,0,0,0,0,0,0,0,0,0,0,0,0,0,0,0,0,0,0,,,0,0,0,0,0,0,0,0,0,0,0,0,,,,0,0,0,0,0,0,0,,0,0,0,0,,0,0,,0,0,0,0,0,0,0,0,0,0,2.8,4.8
00-0031795,D.Williams,DeShawn Williams,DE,DL,"https://static.www.nfl.com/image/upload/f_auto,q_auto/league/oomwiwcodj3uwrbd4bug",2021,REG,DEN,14,0,0,0,0,0,0,0,0,0,0,0,0,,,0,,0,0,0,0,0,0,0,0,0,0,,0,0,0,0,0,0,0,0,0,0,0,0,0,0,,0,0,0,0,0,,0,0,0,0,15,2,22,1,3,0,1,3,5,0,0,2,0,0,0,0,0,0,0,0,0,0,0,0,0,0,0,0,0,0,0,0,0,0,0,0,,,0,0,0,0,0,0,0,0,0,0,0,0,,,,0,0,0,0,0,0,0,,0,0,0,0,,0,0,,0,0,0,0,0,0,0,0,0,0,0,0
00-0031796,J.Coleman,Justin Coleman,CB,DB,"https://static.www.nfl.com/image/private/f_auto,q_auto/league/v4axwk5l0cixta9m4hw7",2021,REG,MIA,12,0,0,0,0,0,0,0,0,0,0,0,0,,,0,,0,0,0,0,0,0,0,0,0,0,,0,0,0,0,0,0,0,0,0,0,0,0,0,0,,0,0,0,0,0,,0,0,0,1,19,1,7,1,2,0,0,0,0,2,0,3,0,0,0,2,0,0,0,0,0,5,44,0,0,0,0,0,0,0,0,0,0,0,0,0,,,0,0,0,0,0,0,0,0,0,0,0,0,,,,0,0,0,0,0,0,0,,0,0,0,0,,0,0,,0,0,0,0,0,0,0,0,0,0,6,6
00-0031799,A.Harris,Anthony Harris,DB,DB,"https://static.www.nfl.com/image/private/f_auto,q_auto/league/yrs393stmux18uxypuvk",2021,REG,PHI,13,0,0,0,0,0,0,0,0,0,0,0,0,,,0,,0,0,0,0,0,0,0,0,0,0,,0,0,0,0,0,0,0,0,0,0,0,0,0,0,,0,0,0,0,0,,0,0,0,0,34,2,36,2,8,0,0,0,1,1,2,3,0,0,0,0,0,0,0,0,0,2,5,0,0,0,0,0,0,0,0,0,0,0,0,0,,,0,0,0,0,0,0,0,0,0,0,0,0,,,,0,0,0,0,0,0,0,,0,0,0,0,,0,0,,0,0,0,0,0,0,0,0,0,0,0,0
00-0031800,T.Heinicke,Taylor Heinicke,QB,QB,"https://static.www.nfl.com/image/upload/f_auto,q_auto/league/fz9e0aufjyyo5raclwji",2021,REG,WAS,16,321,494,3419,20,15,38,-278,4,2,3779,1747,167,-29.3573155791674,0.298624864468972,0,0.904736702831437,146,66,40,6,60,313,1,3,0,20,4.40026229061581,1,12,8,2,0,1,1,-2,0,0,0,-4,2,0,-1.0956080048345,0,0,0,0,0,0,0.00187265917602996,-0.000970873786407767,0.00212937711355951,0,1,0,0,0,0,0,0,0,0,0,0,0,0,0,0,0,6,-3,0,0,0,1,5,4,3,0,7,2,0,0,0,0,0,0,0,0,,,0,0,0,0,0,0,0,0,0,0,0,0,,,,0,0,0,0,0,0,0,,0,0,0,0,,0,0,,0,0,0,0,0,0,0,0,0,0,221.86,222.86
00-0031806,M.Brown,Malcolm Brown,RB,RB,"https://static.www.nfl.com/image/private/f_auto,q_auto/league/zxnjheichwlnvvu5qdyl",2021,REG,MIA,6,0,0,0,0,0,0,0,0,0,0,0,0,,,0,,0,0,0,0,33,125,1,0,0,6,-8.53826775227208,0,3,3,1,0,3,5,10,0,0,0,-2,8,0,-2.2526608449989,0,0,0,0,0,-5,0.00834724540901503,-0.000447327219861329,0.0122077390596196,0,0,0,0,0,0,0,0,0,0,0,0,0,0,0,0,0,0,0,0,0,0,1,15,0,0,0,0,0,0,0,0,0,0,0,0,0,,,0,0,0,0,0,0,0,0,0,0,0,0,,,,0,0,0,0,0,0,0,,0,0,0,0,,0,0,,0,0,0,0,0,0,0,0,0,0,19.5,22.5
00-0031838,J.Vaughters,James Vaughters,LB,LB,"https://static.www.nfl.com/image/private/f_auto,q_auto/league/kovtdtv8oy1loablf0pg",2021,REG,ATL,6,0,0,0,0,0,0,0,0,0,0,0,0,,,0,,0,0,0,0,0,0,0,0,0,0,,0,0,0,0,0,0,0,0,0,0,0,0,0,0,,0,0,0,0,0,,0,0,0,0,3,1,4,0,0,1,1,15,4,0,0,0,0,0,0,0,0,0,0,0,0,0,0,0,0,0,0,0,0,0,0,0,0,0,0,0,,,0,0,0,0,0,0,0,0,0,0,0,0,,,,0,0,0,0,0,0,0,,0,0,0,0,,0,0,,0,0,0,0,0,0,0,0,0,0,0,0
00-0031844,D.Everett,Deshazor Everett,DB,DB,"https://static.www.nfl.com/image/private/f_auto,q_auto/league/x9wxc1vtscwyyehml9dq",2021,REG,WAS,6,0,0,0,0,0,0,0,0,0,0,0,0,,,0,,0,0,0,0,0,0,0,0,0,0,,0,0,0,0,0,0,0,0,0,0,0,0,0,0,,0,0,0,0,0,,0,0,0,0,5,0,5,0,0,0,0,0,0,0,0,0,0,0,0,0,0,0,0,0,0,0,0,0,0,0,0,0,0,0,0,0,0,0,0,0,,,0,0,0,0,0,0,0,0,0,0,0,0,,,,0,0,0,0,0,0,0,,0,0,0,0,,0,0,,0,0,0,0,0,0,0,0,0,0,0,0
00-0031852,D.Andrews,David Andrews,C,OL,"https://static.www.nfl.com/image/private/f_auto,q_auto/league/wgk8dyj0opob0dgutfz6",2021,REG,NE,3,0,0,0,0,0,0,0,0,0,0,0,0,,,0,,0,0,0,0,0,0,0,0,0,0,,0,0,0,0,0,0,0,0,0,0,0,0,0,0,,0,0,0,0,0,,0,0,0,0,0,0,0,0,0,0,0,0,0,0,0,0,0,0,0,0,1,0,0,0,0,2,20,0,0,0,0,0,0,0,0,0,0,0,0,0,,,0,0,0,0,0,0,0,0,0,0,0,0,,,,0,0,0,0,0,0,0,,0,0,0,0,,0,0,,0,0,0,0,0,0,0,0,0,0,0,0
00-0031856,B.King,Brandon King,LB,LB,"https://static.www.nfl.com/image/private/f_auto,q_auto/league/xikcikwohuyr11a1slni",2021,REG,NE,9,0,0,0,0,0,0,0,0,0,0,0,0,,,0,,0,0,0,0,0,0,0,0,0,0,,0,0,0,0,0,0,0,0,0,0,0,0,0,0,,0,0,0,0,0,,0,0,0,0,3,1,6,0,0,0,0,0,0,0,0,0,0,0,0,0,0,0,0,0,0,3,29,0,0,0,0,0,0,0,0,0,0,0,0,0,,,0,0,0,0,0,0,0,0,0,0,0,0,,,,0,0,0,0,0,0,0,,0,0,0,0,,0,0,,0,0,0,0,0,0,0,0,0,0,0,0
00-0031868,D.Byrd,Damiere Byrd,WR,WR,"https://static.www.nfl.com/image/private/f_auto,q_auto/league/cskulleqxehtrgkqsl3u",2021,REG,CHI,11,0,0,0,0,0,0,0,0,0,0,0,0,,,0,,0,0,0,0,0,0,0,0,0,0,,0,0,0,0,0,26,38,329,1,0,0,325,116,18,8.97383256049748,1,18,6,3,1,1.01230769230769,0.0725190839694657,0.0723025583982203,0.159390416832953,0,0,0,0,0,0,0,0,0,0,0,0,0,0,1,0,0,0,0,0,0,0,1,5,0,1,0,1,1,1,0,0,0,0,0,0,0,,,0,0,0,0,0,0,0,0,0,0,0,0,,,,0,0,0,0,0,0,0,,0,0,0,0,,0,0,,0,0,0,0,0,0,0,0,0,0,40.9,66.9
00-0031870,D.Marlowe,Dean Marlowe,S,DB,"https://static.www.nfl.com/image/private/f_auto,q_auto/league/zs2gv5rqyvnaqlwl4yst",2021,REG,DET,13,0,0,0,0,0,0,0,0,0,0,0,0,,,0,,0,0,0,0,0,0,0,0,0,0,,0,0,0,0,0,0,0,0,0,0,0,0,0,0,,0,0,0,0,0,,0,0,0,0,29,8,30,0,0,0,0,0,2,0,0,2,0,0,0,0,0,0,1,0,0,0,0,0,0,0,0,0,0,0,0,0,0,0,0,0,,,0,0,0,0,0,0,0,0,0,0,0,0,,,,0,0,0,0,0,0,0,,0,0,0,0,,0,0,,0,0,0,0,0,0,0,0,0,0,0,0
00-0031893,J.Davis,Jesse Davis,G,OL,"https://static.www.nfl.com/image/private/f_auto,q_auto/league/ejoki0y64uknmm3lb1zf",2021,REG,MIA,4,0,0,0,0,0,0,0,0,0,0,0,0,,,0,,0,0,0,0,0,0,0,0,0,0,,0,0,0,0,0,0,0,0,0,0,0,0,0,0,,0,0,0,0,0,,0,0,0,0,0,0,0,0,0,0,0,0,0,0,0,0,0,0,0,0,1,0,0,0,0,3,19,0,0,0,0,0,0,0,0,0,0,0,0,0,,,0,0,0,0,0,0,0,0,0,0,0,0,,,,0,0,0,0,0,0,0,,0,0,0,0,,0,0,,0,0,0,0,0,0,0,0,0,0,0,0
00-0031898,A.Singleton,Alex Singleton,LB,LB,"https://static.www.nfl.com/image/upload/f_auto,q_auto/league/zohji3gr704zraihhqyl",2021,REG,PHI,16,0,0,0,0,0,0,0,0,0,0,0,0,,,0,,0,0,0,0,0,0,0,0,0,0,,0,0,0,0,0,0,0,0,0,0,0,0,0,0,,0,0,0,0,0,,0,0,0,0,73,8,56,4,6,1,0,0,2,1,29,4,1,0,0,0,1,0,0,0,0,2,30,0,0,0,0,0,0,0,0,0,0,0,0,0,,,0,0,0,0,0,0,0,0,0,0,0,0,,,,0,0,0,0,0,0,0,,0,0,0,0,,0,0,,0,0,0,0,0,0,0,0,0,0,0,0
00-0031904,B.Callahan,Bryce Callahan,CB,DB,"https://static.www.nfl.com/image/private/f_auto,q_auto/league/wrmvesdgdxl3pjhssgyh",2021,REG,DEN,11,0,0,0,0,0,0,0,0,0,0,0,0,,,0,,0,0,0,0,0,0,0,0,0,0,,0,0,0,0,0,0,0,0,0,0,0,0,0,0,,0,0,0,0,0,,0,0,0,0,24,1,4,2,3,0,1,1,0,0,0,4,0,0,0,0,0,0,0,0,0,0,0,0,0,0,0,0,0,0,0,0,0,0,0,0,,,0,0,0,0,0,0,0,0,0,0,0,0,,,,0,0,0,0,0,0,0,,0,0,0,0,,0,0,,0,0,0,0,0,0,0,0,0,0,0,0
00-0031911,R.Lovato,Rick Lovato,LS,SPEC,"https://static.www.nfl.com/image/upload/f_auto,q_auto/league/xbx0sf2o3zhorv6mbhl2",2021,REG,PHI,2,0,0,0,0,0,0,0,0,0,0,0,0,,,0,,0,0,0,0,0,0,0,0,0,0,,0,0,0,0,0,0,0,0,0,0,0,0,0,0,,0,0,0,0,0,,0,0,0,0,2,0,0,0,0,0,0,0,0,0,0,0,0,0,0,0,0,0,0,0,0,1,5,0,0,0,0,0,0,0,0,0,0,0,0,0,,,0,0,0,0,0,0,0,0,0,0,0,0,,,,0,0,0,0,0,0,0,,0,0,0,0,,0,0,,0,0,0,0,0,0,0,0,0,0,0,0
00-0031921,K.Lamm,Kendall Lamm,OT,OL,"https://static.www.nfl.com/image/upload/f_auto,q_auto/league/ppp9mcm3mqiymtwtmhmx",2021,REG,TEN,1,0,0,0,0,0,0,0,0,0,0,0,0,,,0,,0,0,0,0,0,0,0,0,0,0,,0,0,0,0,0,0,0,0,0,0,0,0,0,0,,0,0,0,0,0,,0,0,0,0,0,0,0,0,0,0,0,0,0,0,0,0,0,0,0,0,0,0,0,0,0,2,10,0,0,0,0,0,0,0,0,0,0,0,0,0,,,0,0,0,0,0,0,0,0,0,0,0,0,,,,0,0,0,0,0,0,0,,0,0,0,0,,0,0,,0,0,0,0,0,0,0,0,0,0,0,0
00-0031923,G.Mancz,Greg Mancz,G,OL,"https://static.www.nfl.com/image/private/f_auto,q_auto/league/xaeycyvaqxqa8ormajuk",2021,REG,MIA,1,0,0,0,0,0,0,0,0,0,0,0,0,,,0,,0,0,0,0,0,0,0,0,0,0,,0,0,0,0,0,0,0,0,0,0,0,0,0,0,,0,0,0,0,0,,0,0,0,0,1,0,0,0,0,0,0,0,0,0,0,0,0,0,0,0,0,0,0,0,0,0,0,0,0,0,0,0,0,0,0,0,0,0,0,0,,,0,0,0,0,0,0,0,0,0,0,0,0,,,,0,0,0,0,0,0,0,,0,0,0,0,,0,0,,0,0,0,0,0,0,0,0,0,0,0,0
00-0031933,L.Williams,Leonard Williams,DE,DL,"https://static.www.nfl.com/image/upload/f_auto,q_auto/league/jhaogtinjeyrwbjsvbl4",2021,REG,NYG,17,0,0,0,0,0,0,0,0,0,0,0,0,,,0,,0,0,0,0,0,0,0,0,0,0,,0,0,0,0,0,0,0,0,0,0,0,0,0,0,,0,0,0,0,0,,0,0,0,0,27,7,47,3,23,2,6.5,38.5,14,0,0,2,0,0,0,0,0,0,1,0,0,4,30,0,0,0,0,0,0,0,0,0,0,0,0,0,,,0,0,0,0,0,0,0,0,0,0,0,0,,,,0,0,0,0,0,0,0,,0,0,0,0,,0,0,,0,0,0,0,0,0,0,0,0,0,0,0
00-0031934,D.Smith,Devin Smith,WR,WR,"https://static.www.nfl.com/image/private/f_auto,q_auto/league/sxvloat4tcr7e6eghply",2021,REG,JAX,1,0,0,0,0,0,0,0,0,0,0,0,0,,,0,,0,0,0,0,0,0,0,0,0,0,,0,0,0,0,0,0,1,0,0,0,0,19,0,0,-4.46986348193605,0,0,0,0,0,0,0.00171526586620926,0.00398740818467996,0.00536408452858986,0,0,0,0,0,0,0,0,0,0,0,0,0,0,0,0,0,0,0,0,0,0,0,0,0,0,0,0,0,0,0,0,0,0,0,0,0,,,0,0,0,0,0,0,0,0,0,0,0,0,,,,0,0,0,0,0,0,0,,0,0,0,0,,0,0,,0,0,0,0,0,0,0,0,0,0,0,0
00-0031935,P.Smith,Preston Smith,DE,DL,"https://static.www.nfl.com/image/upload/f_auto,q_auto/league/etcwpdjr7xtc4gubw8gf",2021,REG,GB,12,0,0,0,0,0,0,0,0,0,0,0,0,,,0,,0,0,0,0,0,0,0,0,0,0,,0,0,0,0,0,0,0,0,0,0,0,0,0,0,,0,0,0,0,0,,0,0,0,0,22,3,13,9,55,2,9,65,17,0,0,2,0,1,0,0,1,0,1,6,0,1,5,1,0,0,1,0,0,0,0,0,0,0,0,0,,,0,0,0,0,0,0,0,0,0,0,0,0,,,,0,0,0,0,0,0,0,,0,0,0,0,,0,0,,0,0,0,0,0,0,0,0,0,0,0,0
00-0031936,M.Morse,Mitch Morse,C,OL,"https://static.www.nfl.com/image/upload/f_auto,q_auto/league/rlmszp2z31nrt5zoew30",2021,REG,BUF,3,0,0,0,0,0,0,0,0,0,0,0,0,,,0,,0,0,0,0,0,0,0,0,0,0,,0,0,0,0,0,0,0,0,0,0,0,0,0,0,,0,0,0,0,0,,0,0,0,0,0,0,0,0,0,0,0,0,0,0,0,0,0,0,0,0,0,0,0,0,0,3,28,0,0,0,0,0,0,0,0,0,0,0,0,0,,,0,0,0,0,0,0,0,0,0,0,0,0,,,,0,0,0,0,0,0,0,,0,0,0,0,,0,0,,0,0,0,0,0,0,0,0,0,0,0,0
00-0031938,Ca. Davis,Carl Davis,DT,DL,"https://static.www.nfl.com/image/upload/f_auto,q_auto/league/ozc21yaswwzhzdbcz0fm",2021,REG,NE,12,0,0,0,0,0,0,0,0,0,0,0,0,,,0,,0,0,0,0,0,0,0,0,0,0,,0,0,0,0,0,0,0,0,0,0,0,0,0,0,,0,0,0,0,0,,0,0,0,0,5,7,7,1,9,0,1,9,1,0,0,0,0,0,0,0,0,0,0,0,0,2,10,0,0,0,0,0,0,0,0,0,0,0,0,0,,,0,0,0,0,0,0,0,0,0,0,0,0,,,,0,0,0,0,0,0,0,,0,0,0,0,,0,0,,0,0,0,0,0,0,0,0,0,0,0,0
00-0031941,J.Crowder,Jamison Crowder,WR,WR,"https://static.www.nfl.com/image/upload/f_auto,q_auto/league/rfysbrjrvfdr72cx8who",2021,REG,NYJ,12,0,0,0,0,0,1,-3,0,0,0,0,0,-0.297815720390529,,1,,0,0,0,0,0,0,0,0,0,0,,0,0,0,0,0,51,71,447,2,1,1,448,174,24,6.70094427510675,1,19,6,3,0,0.997767857142857,0.122203098106713,0.103012186709588,0.255413177856781,0,1,0,0,0,0,0,0,0,0,0,0,0,0,0,0,0,0,0,0,0,0,0,0,1,0,0,1,1,0,0,0,0,0,0,0,0,,,0,0,0,0,0,0,0,0,0,0,0,0,,,,0,0,0,0,0,0,0,,0,0,0,0,,0,0,,0,0,0,0,0,0,0,0,0,0,58.7,109.7
00-0031947,T.Davison,Tyeler Davison,DT,DL,"https://static.www.nfl.com/image/private/f_auto,q_auto/league/sayuipn5ul8bvjr4rc1y",2021,REG,ATL,11,0,0,0,0,0,0,0,0,0,0,0,0,,,0,,0,0,0,0,0,0,0,0,0,0,,0,0,0,0,0,0,0,0,0,0,0,0,0,0,,0,0,0,0,0,,0,0,0,0,8,2,20,2,5,0,0,0,0,0,0,0,0,0,0,0,0,0,0,0,0,1,5,0,0,0,0,0,0,0,0,0,0,0,0,0,,,0,0,0,0,0,0,0,0,0,0,0,0,,,,0,0,0,0,0,0,0,,0,0,0,0,,0,0,,0,0,0,0,0,0,0,0,0,0,0,0
00-0031951,J.O'Shaughnessy,James O'Shaughnessy,TE,TE,"https://static.www.nfl.com/image/private/f_auto,q_auto/league/sz5g57zhnshipkpw39sz",2021,REG,JAX,7,0,0,0,0,0,0,0,0,0,0,0,0,,,0,,0,0,0,0,0,0,0,0,0,0,,0,0,0,0,0,24,34,244,0,0,0,226,114,10,2.40739811055265,1,8,5,5,0,1.07964601769912,0.0583190394511149,0.0474291710388248,0.12067897890385,0,1,0,0,0,0,0,0,0,0,0,0,0,0,0,0,0,0,0,0,0,0,2,15,0,0,0,0,0,0,0,0,0,0,0,0,0,,,0,0,0,0,0,0,0,0,0,0,0,0,,,,0,0,0,0,0,0,0,,0,0,0,0,,0,0,,0,0,0,0,0,0,0,0,0,0,26.4,50.4
00-0031957,R.Nunez-Roches,Rakeem Nunez-Roches,DT,DL,"https://static.www.nfl.com/image/upload/f_auto,q_auto/league/iugbhtbumlnt3nb8wqmi",2021,REG,TB,11,0,0,0,0,0,0,0,0,0,0,0,0,,,0,,0,0,0,0,0,0,0,0,0,0,,0,0,0,0,0,0,0,0,0,0,0,0,0,0,,0,0,0,0,0,,0,0,0,0,5,0,12,3,7,1,0,0,1,0,0,0,0,0,0,0,0,0,0,0,0,0,0,0,0,0,0,0,0,0,0,0,0,0,0,0,,,0,0,0,0,0,0,0,0,0,0,0,0,,,,0,0,0,0,0,0,0,,0,0,0,0,,0,0,,0,0,0,0,0,0,0,0,0,0,0,0
00-0031958,A.Reiter,Austin Reiter,C,OL,"https://static.www.nfl.com/image/private/f_auto,q_auto/league/mmujb8fl0pllf47jp4r3",2021,REG,MIA,3,0,0,0,0,0,0,0,0,0,0,0,0,,,0,,0,0,0,0,0,0,0,0,0,0,,0,0,0,0,0,0,0,0,0,0,0,0,0,0,,0,0,0,0,0,,0,0,0,0,0,0,0,0,0,0,0,0,0,0,0,0,0,0,0,0,0,-16,0,0,0,1,10,0,2,0,2,2,0,0,0,0,0,0,0,0,,,0,0,0,0,0,0,0,0,0,0,0,0,,,,0,0,0,0,0,0,0,,0,0,0,0,,0,0,,0,0,0,0,0,0,0,0,0,0,0,0
00-0031961,M.Nzeocha,Mark Nzeocha,OLB,LB,"https://static.www.nfl.com/image/private/f_auto,q_auto/league/k9wr94l5ed8rqumvqlsx",2021,REG,SF,1,0,0,0,0,0,0,0,0,0,0,0,0,,,0,,0,0,0,0,0,0,0,0,0,0,,0,0,0,0,0,0,0,0,0,0,0,0,0,0,,0,0,0,0,0,,0,0,0,0,1,0,1,0,0,0,0,0,0,0,0,0,0,0,0,0,0,0,0,0,0,0,0,0,0,0,0,0,0,0,0,0,0,0,0,0,,,0,0,0,0,0,0,0,0,0,0,0,0,,,,0,0,0,0,0,0,0,,0,0,0,0,,0,0,,0,0,0,0,0,0,0,0,0,0,0,0
00-0032009,A.Humphries,Adam Humphries,WR,WR,"https://static.www.nfl.com/image/private/f_auto,q_auto/league/l56ywjejfpraigzs4qia",2021,REG,WAS,17,0,0,0,0,0,0,0,0,0,0,0,0,,,0,,0,0,0,0,0,0,0,0,0,0,,0,0,0,0,0,41,62,383,0,0,0,411,158,23,-6.25826899843443,0,18,7,4,0,0.931873479318735,0.116104868913858,0.0997572815533981,0.243987400458165,0,0,1,1,0,0,0,0,0,0,0,0,0,0,0,0,0,0,0,0,0,0,1,15,0,0,0,0,0,0,0,0,0,0,0,0,0,,,0,0,0,0,0,0,0,0,0,0,0,0,,,,0,0,0,0,0,0,0,,0,0,0,0,,0,0,,0,0,0,0,0,0,0,0,0,0,38.3,79.3
00-0032043,Q.Spain,Quinton Spain,G,OL,"https://static.www.nfl.com/image/private/f_auto,q_auto/league/mvclppna34mfpbvttdke",2021,REG,CIN,4,0,0,0,0,0,0,0,0,0,0,0,0,,,0,,0,0,0,0,0,0,0,0,0,0,,0,0,0,0,0,0,0,0,0,0,0,0,0,0,,0,0,0,0,0,,0,0,0,0,1,0,0,0,0,0,0,0,0,0,0,0,0,0,0,0,0,0,0,0,0,4,35,0,0,0,0,0,0,0,0,0,0,0,0,0,,,0,0,0,0,0,0,0,0,0,0,0,0,,,,0,0,0,0,0,0,0,,0,0,0,0,,0,0,,0,0,0,0,0,0,0,0,0,0,0,0
00-0032052,D.Fowler,Dante Fowler Jr.,DE,DL,"https://static.www.nfl.com/image/upload/f_auto,q_auto/league/tuvfudn3repds06zb5hi",2021,REG,ATL,14,0,0,0,0,0,0,0,0,0,0,0,0,,,0,,0,0,0,0,0,0,0,0,0,0,,0,0,0,0,0,0,0,0,0,0,0,0,0,0,,0,0,0,0,0,,0,0,0,0,16,5,15,4,15,3,4.5,39,8,0,0,1,0,0,0,0,0,0,0,0,0,2,19,0,0,0,0,0,0,0,0,0,0,0,0,0,,,0,0,0,0,0,0,0,0,0,0,0,0,,,,0,0,0,0,0,0,0,,0,0,0,0,,0,0,,0,0,0,0,0,0,0,0,0,0,0,0
00-0032053,B.Scherff,Brandon Scherff,G,OL,"https://static.www.nfl.com/image/private/f_auto,q_auto/league/anatrup32nwke2whu7vo",2021,REG,WAS,4,0,0,0,0,0,0,0,0,0,0,0,0,,,0,,0,0,0,0,0,0,0,0,0,0,,0,0,0,0,0,0,0,0,0,0,0,0,0,0,,0,0,0,0,0,,0,0,0,0,1,0,0,0,0,0,0,0,0,0,0,0,0,0,0,0,0,0,0,0,0,5,34,0,0,0,0,0,0,0,0,0,0,0,0,0,,,0,0,0,0,0,0,0,0,0,0,0,0,,,,0,0,0,0,0,0,0,,0,0,0,0,,0,0,,0,0,0,0,0,0,0,0,0,0,0,0
00-0032054,B.Perriman,Breshad Perriman,WR,WR,"https://static.www.nfl.com/image/private/f_auto,q_auto/league/zpwov1n42bi5lsqdlxhh",2021,REG,TB,5,0,0,0,0,0,0,0,0,0,0,0,0,,,0,,0,0,0,0,1,-3,0,0,0,0,-0.7378263422288,0,0,0,0,0,11,18,167,1,0,0,169,102,5,7.0008826477049,0,4,3,3,1,0.988165680473373,0.0251396648044693,0.0286732270105192,0.0577807561140673,0,0,0,0,0,0,0,0,0,0,0,0,0,0,0,0,0,0,0,0,0,0,0,0,0,0,0,0,0,0,0,0,0,0,0,0,0,,,0,0,0,0,0,0,0,0,0,0,0,0,,,,0,0,0,0,0,0,0,,0,0,0,0,,0,0,,0,0,0,0,0,0,0,0,0,0,22.4,33.4
00-0032057,J.Tartt,Jaquiski Tartt,S,DB,"https://static.www.nfl.com/image/private/f_auto,q_auto/league/kvy8moe4ay9wtxp7typ7",2021,REG,SF,14,0,0,0,0,0,0,0,0,0,0,0,0,,,0,,0,0,0,0,0,0,0,0,0,0,,0,0,0,0,0,0,0,0,0,0,0,0,0,0,,0,0,0,0,0,,0,0,0,0,36,6,24,3,11,0,0,0,1,0,0,1,0,0,0,0,0,0,0,0,0,4,80,0,0,0,0,0,0,0,0,0,0,0,0,0,,,0,0,0,0,0,0,0,0,0,0,0,0,,,,0,0,0,0,0,0,0,,0,0,0,0,,0,0,,0,0,0,0,0,0,0,0,0,0,0,0
00-0032058,T.Coleman,Tevin Coleman,RB,RB,"https://static.www.nfl.com/image/private/f_auto,q_auto/league/wiu4r7bvhcafs9vamqc",2021,REG,NYJ,11,0,0,0,0,0,0,0,0,0,0,0,0,,,0,,0,0,0,0,84,356,0,0,0,19,-5.87963856130955,0,10,8,1,0,11,16,49,0,0,0,-23,88,2,-2.32467770623043,0,1,0,0,0,-2.1304347826087,0.0275387263339071,-0.00528857208553691,0.0376060890409848,0,1,0,1,0,0,0,0,0,0,0,0,0,0,0,0,0,0,0,0,0,0,0,0,0,0,0,0,0,0,0,11,317,0,0,0,0,,,0,0,0,0,0,0,0,0,0,0,0,0,,,,0,0,0,0,0,0,0,,0,0,0,0,,0,0,,0,0,0,0,0,0,0,0,0,0,40.5,51.5
00-0032059,P.Williams,P.J. Williams,S,DB,"https://static.www.nfl.com/image/private/f_auto,q_auto/league/owfturrb6icqusmtrncf",2021,REG,NO,15,0,0,0,0,0,0,0,0,0,0,0,0,,,0,,0,0,0,0,0,0,0,0,0,0,,0,0,0,0,0,0,0,0,0,0,0,0,0,0,,0,0,0,0,0,,0,0,0,0,35,1,6,2,8,1,2,16,4,3,86,5,1,0,0,0,0,0,0,0,0,0,0,0,0,0,0,0,0,0,0,0,0,0,0,0,,,0,0,0,0,0,0,0,0,0,0,0,0,,,,0,0,0,0,0,0,0,,0,0,0,0,,0,0,,0,0,0,0,0,0,0,0,0,0,0,0
00-0032062,B.Bell,Blake Bell,TE,TE,"https://static.www.nfl.com/image/private/f_auto,q_auto/league/eqrmmjto8koqqc9j2kjj",2021,REG,KC,11,0,0,0,0,0,0,0,0,0,0,0,0,,,0,,0,0,0,0,4,10,0,0,0,4,3.28366534638917,0,0,0,0,0,9,13,87,0,0,0,31,67,4,1.2283455611323,0,3,2,2,0,2.80645161290323,0.0204081632653061,0.00624370594159114,0.034982839057073,0,0,0,0,0,0,0,0,0,0,0,0,0,0,0,0,0,0,0,0,0,0,1,10,0,0,0,0,0,0,0,0,0,0,0,0,0,,,0,0,0,0,0,0,0,0,0,0,0,0,,,,0,0,0,0,0,0,0,,0,0,0,0,,0,0,,0,0,0,0,0,0,0,0,0,0,9.7,18.7
00-0032063,M.Davis,Mike Davis,RB,RB,"https://static.www.nfl.com/image/private/f_auto,q_auto/league/csrqinegeyunycijua2q",2021,REG,ATL,17,0,0,0,0,0,0,0,0,0,0,0,0,,,0,,0,0,0,0,138,503,3,2,1,21,-17.8081071490014,0,11,6,0,0,44,58,259,1,2,2,-52,306,12,-23.2166593079061,0,9,3,2,0,-4.98076923076923,0.104693140794224,-0.0125512913347816,0.148253807256989,0,1,0,0,0,0,0,0,0,0,0,0,0,0,0,0,0,1,0,0,0,0,0,0,4,0,0,4,3,0,0,0,0,0,0,0,0,,,0,0,0,0,0,0,0,0,0,0,0,0,,,,0,0,0,0,0,0,0,,0,0,0,0,,0,0,,0,0,0,0,0,0,0,0,0,0,94.2,138.2
00-0032065,B.Pinion,Bradley Pinion,P,SPEC,"https://static.www.nfl.com/image/upload/f_auto,q_auto/league/g6zs1z59umevxxtqc35z",2021,REG,TB,15,0,0,0,0,0,0,0,0,0,0,0,0,,,0,,0,0,0,0,0,0,0,0,0,0,,0,0,0,0,0,0,0,0,0,0,0,0,0,0,,0,0,0,0,0,,0,0,0,0,0,0,0,0,0,0,0,0,0,0,0,0,0,0,0,0,0,0,0,0,0,0,0,0,0,0,0,0,0,0,0,0,0,1,1,0,,0,0,0,0,0,0,0,0,0,0,0,0,1,,60,,0,60,0,0,0,0,0,,0,0,0,0,,56,0,65,2378,23,8,8,2,17,21,162,0,2176,0,0
00-0032071,T.Brown,Trent Brown,OT,OL,"https://static.www.nfl.com/image/upload/f_auto,q_auto/league/r0l3rruzqunyqlt0lrzm",2021,REG,NE,1,0,0,0,0,0,0,0,0,0,0,0,0,,,0,,0,0,0,0,0,0,0,0,0,0,,0,0,0,0,0,0,0,0,0,0,0,0,0,0,,0,0,0,0,0,,0,0,0,0,0,0,0,0,0,0,0,0,0,0,0,0,0,0,0,0,0,0,0,0,0,1,15,0,0,0,0,0,0,0,0,0,0,0,0,0,,,0,0,0,0,0,0,0,0,0,0,0,0,,,,0,0,0,0,0,0,0,,0,0,0,0,,0,0,,0,0,0,0,0,0,0,0,0,0,0,0
00-0032081,N.Dzubnar,Nick Dzubnar,LB,LB,"https://static.www.nfl.com/image/private/f_auto,q_auto/league/fvvyeowlfnxgybavjmaz",2021,REG,TEN,13,0,0,0,0,0,0,0,0,0,0,0,0,,,0,,0,0,0,0,0,0,0,0,0,0,,0,0,0,0,0,0,0,0,0,0,0,0,0,0,,0,0,0,0,0,,0,0,0,0,5,1,9,0,0,0,0,0,0,0,0,0,0,0,0,0,0,0,0,0,0,3,27,0,0,0,0,0,0,0,0,0,0,0,0,0,,,0,0,0,0,0,0,0,0,0,0,0,0,,,,0,0,0,0,0,0,0,,0,0,0,0,,0,0,,0,0,0,0,0,0,0,0,0,0,0,0
00-0032087,J.Lambo,Josh Lambo,K,SPEC,"https://static.www.nfl.com/image/private/f_auto,q_auto/league/kvqztgsqkm1bp6auhenp",2021,REG,JAX,3,0,0,0,0,0,0,0,0,0,0,0,0,,,0,,0,0,0,0,0,0,0,0,0,0,,0,0,0,0,0,0,0,0,0,0,0,0,0,0,,0,0,0,0,0,,0,0,0,0,0,0,0,0,0,0,0,0,0,0,0,0,0,0,0,0,0,0,0,0,0,0,0,0,0,0,0,0,0,0,0,0,0,3,3,0,,0,0,0,0,0,0,0,0,0,0,1,2,0,,55;52;48,,0,155,0,5,7,2,0,0.714285714285714,0,0,0,0,,0,0,,0,0,0,0,0,0,0,0,0,0,0,0
00-0032094,T.Adams,Tyrell Adams,LB,LB,"https://static.www.nfl.com/image/private/f_auto,q_auto/league/ti4tf8pz8netweld38ye",2021,REG,JAX,3,0,0,0,0,0,0,0,0,0,0,0,0,,,0,,0,0,0,0,0,0,0,0,0,0,,0,0,0,0,0,0,0,0,0,0,0,0,0,0,,0,0,0,0,0,,0,0,0,0,4,0,0,0,0,2,0,0,0,0,0,0,0,0,0,0,0,0,0,0,0,0,0,0,0,0,0,0,0,0,0,0,0,0,0,0,,,0,0,0,0,0,0,0,0,0,0,0,0,,,,0,0,0,0,0,0,0,,0,0,0,0,,0,0,,0,0,0,0,0,0,0,0,0,0,0,0
00-0032098,D.Brown,Daniel Brown,TE,TE,"https://static.www.nfl.com/image/private/f_auto,q_auto/league/fnhg5hbp5sjn3uuanqua",2021,REG,NYJ,3,0,0,0,0,0,0,0,0,0,0,0,0,,,0,,0,0,0,0,0,0,0,0,0,0,,0,0,0,0,0,2,2,29,0,0,0,7,22,1,1.33121470594779,0,1,1,1,0,4.14285714285714,0.00344234079173838,0.00160956541733732,0.0062902069797437,0,1,0,1,0,0,0,0,0,0,0,0,0,0,0,0,0,0,0,0,0,0,1,10,0,0,0,0,0,0,0,0,0,0,0,0,0,,,0,0,0,0,0,0,0,0,0,0,0,0,,,,0,0,0,0,0,0,0,,0,0,0,0,,0,0,,0,0,0,0,0,0,0,0,0,0,2.9,4.9
00-0032103,D.Perryman,Denzel Perryman,MLB,LB,"https://static.www.nfl.com/image/upload/f_auto,q_auto/league/fqxyjc6skhaprcaiknpj",2021,REG,LV,15,0,0,0,0,0,0,0,0,0,0,0,0,,,0,,0,0,0,0,0,0,0,0,0,0,,0,0,0,0,0,0,0,0,0,0,0,0,0,0,,0,0,0,0,0,,0,0,0,0,94,8,52,4,16,1,0,0,3,0,0,3,0,0,0,0,0,0,2,2,0,2,30,0,0,0,0,0,0,0,0,0,0,0,0,0,,,0,0,0,0,0,0,0,0,0,0,0,0,,,,0,0,0,0,0,0,0,,0,0,0,0,,0,0,,0,0,0,0,0,0,0,0,0,0,0,0
00-0032104,A.Abdullah,Ameer Abdullah,RB,RB,"https://static.www.nfl.com/image/upload/f_auto,q_auto/league/jvkgnlj5fn16mnmdyr4i",2021,REG,CAR,17,0,0,0,0,0,0,0,0,0,0,0,0,,,0,,0,0,0,0,51,166,0,0,0,8,-10.994161704571,0,3,2,0,0,38,53,289,1,0,0,43,294,13,-6.71509952953683,0,12,4,1,0,6.72093023255814,0.0916955017301038,0.00888062783973565,0.143759692082971,0,0,0,0,0,0,0,0,0,0,0,0,0,0,0,0,0,0,0,0,0,0,0,0,0,0,0,0,0,0,0,29,646,0,0,0,0,,,0,0,0,0,0,0,0,0,0,0,0,0,,,,0,0,0,0,0,0,0,,0,0,0,0,,0,0,,0,0,0,0,0,0,0,0,0,0,51.5,89.5
00-0032107,A.Blackson,Angelo Blackson,DE,DL,"https://static.www.nfl.com/image/upload/f_auto,q_auto/league/fqkyimdahqjlnqu60zqf",2021,REG,CHI,17,0,0,0,0,0,0,0,0,0,0,0,0,,,0,,0,0,0,0,0,0,0,0,0,0,,0,0,0,0,0,0,0,0,0,0,0,0,0,0,,0,0,0,0,0,,0,0,0,0,22,2,19,3,16,0,2.5,19.5,9,1,6,2,0,0,1,0,0,0,0,0,0,1,5,0,0,0,0,0,0,0,0,0,0,0,0,0,,,0,0,0,0,0,0,0,0,0,0,0,0,,,,0,0,0,0,0,0,0,,0,0,0,0,,0,0,,0,0,0,0,0,0,0,0,0,0,0,0
00-0032109,K.Alexander,Kwon Alexander,MLB,LB,"https://static.www.nfl.com/image/upload/f_auto,q_auto/league/rccrvhqts2qk8ycjqfmz",2021,REG,NO,12,0,0,0,0,0,0,0,0,0,0,0,0,,,0,,0,0,0,0,0,0,0,0,0,0,,0,0,0,0,0,0,0,0,0,0,0,0,0,0,,0,0,0,0,0,,0,0,0,0,32,7,11,6,27,1,3.5,19.5,7,1,0,2,0,1,0,0,0,0,1,8,0,2,9,1,0,1,1,0,0,0,0,0,0,0,0,0,,,0,0,0,0,0,0,0,0,0,0,0,0,,,,0,0,0,0,0,0,0,,0,0,0,0,,0,0,,0,0,0,0,0,0,0,0,0,0,0,0
00-0032116,D.Philon,Darius Philon,DT,DL,"https://static.www.nfl.com/image/private/f_auto,q_auto/league/gryzow4eritmhhvoqhwz",2021,REG,LV,8,0,0,0,0,0,0,0,0,0,0,0,0,,,0,,0,0,0,0,0,0,0,0,0,0,,0,0,0,0,0,0,0,0,0,0,0,0,0,0,,0,0,0,0,0,,0,0,0,0,16,3,8,4,17,0,2,10,2,0,0,2,0,0,0,0,0,0,2,2,0,2,10,0,0,0,0,0,0,0,0,0,0,0,0,0,,,0,0,0,0,0,0,0,0,0,0,0,0,,,,0,0,0,0,0,0,0,,0,0,0,0,,0,0,,0,0,0,0,0,0,0,0,0,0,0,0
00-0032127,M.Golden,Markus Golden,LB,LB,"https://static.www.nfl.com/image/upload/f_auto,q_auto/league/nardbsqj0aigwn7tm8g1",2021,REG,ARI,16,0,0,0,0,0,0,0,0,0,0,0,0,,,0,,0,0,0,0,0,0,0,0,0,0,,0,0,0,0,0,0,0,0,0,0,0,0,0,0,,0,0,0,0,0,,0,0,0,0,29,4,15,9,57,4,11,50,19,0,0,1,0,0,0,0,0,0,2,0,0,2,10,0,0,0,0,0,0,0,0,0,0,0,0,0,,,0,0,0,0,0,0,0,0,0,0,0,0,,,,0,0,0,0,0,0,0,,0,0,0,0,,0,0,,0,0,0,0,0,0,0,0,0,0,0,0
00-0032128,C.Conley,Chris Conley,WR,WR,"https://static.www.nfl.com/image/upload/f_auto,q_auto/league/mr4h7vx02uwpr7xlfk6y",2021,REG,HOU,14,0,0,0,0,0,0,0,0,0,0,0,0,,,0,,0,0,0,0,1,3,0,0,0,1,0.4300111241173,0,0,0,0,0,22,37,323,2,1,1,340,126,15,10.7344729667375,0,15,7,5,2,0.95,0.0707456978967495,0.0850637978483863,0.165663205338995,0,0,0,1,0,0,0,0,0,0,0,0,0,0,0,0,0,0,0,0,0,0,1,15,0,1,0,1,1,0,0,0,0,0,0,0,0,,,0,0,0,0,0,0,0,0,0,0,0,0,,,,0,0,0,0,0,0,0,,0,0,0,0,,0,0,,0,0,0,0,0,0,0,0,0,0,42.6,64.6
00-0032129,J.Hicks,Jordan Hicks,MLB,LB,"https://static.www.nfl.com/image/upload/f_auto,q_auto/league/nupnkxjio2iuqppmog1a",2021,REG,ARI,17,0,0,0,0,0,0,0,0,0,0,0,0,,,0,,0,0,0,0,0,0,0,0,0,0,,0,0,0,0,0,0,0,0,0,0,0,0,0,0,,0,0,0,0,0,,0,0,0,0,62,13,41,6,32,1,4,38,5,0,0,5,0,0,0,0,0,0,2,0,0,1,10,0,0,0,0,0,0,0,0,0,0,0,0,0,,,0,0,0,0,0,0,0,0,0,0,0,0,,,,0,0,0,0,0,0,0,,0,0,0,0,,0,0,,0,0,0,0,0,0,0,0,0,0,0,0
00-0032132,M.Garcia,Max Garcia,G,OL,"https://static.www.nfl.com/image/private/f_auto,q_auto/league/vtewzccgwdq5gr3qzvnx",2021,REG,ARI,3,0,0,0,0,0,0,0,0,0,0,0,0,,,0,,0,0,0,0,0,0,0,0,0,0,,0,0,0,0,0,0,0,0,0,0,0,0,0,0,,0,0,0,0,0,,0,0,0,0,0,0,0,0,0,0,0,0,0,0,0,0,0,0,0,0,0,-12,0,0,0,2,20,0,1,0,1,0,0,0,0,0,0,0,0,0,,,0,0,0,0,0,0,0,0,0,0,0,0,,,,0,0,0,0,0,0,0,,0,0,0,0,,0,0,,0,0,0,0,0,0,0,0,0,0,0,0
00-0032134,C.Uzomah,C.J. Uzomah,TE,TE,"https://static.www.nfl.com/image/private/f_auto,q_auto/league/hnkflpl5pzbfbdvtcv1c",2021,REG,CIN,16,0,0,0,0,0,0,0,0,0,0,0,0,,,0,,0,0,0,0,0,0,0,0,0,0,,0,0,0,0,0,49,63,493,5,0,0,274,300,24,19.4237881508718,0,17,8,7,1,1.7992700729927,0.116666666666667,0.0623152149192631,0.218620650443484,0,0,0,0,0,0,0,0,0,0,0,0,0,0,0,0,0,0,0,0,0,0,0,0,0,0,0,0,0,0,0,0,0,0,0,0,0,,,0,0,0,0,0,0,0,0,0,0,0,0,,,,0,0,0,0,0,0,0,,0,0,0,0,,0,0,,0,0,0,0,0,0,0,0,0,0,79.3,128.3
00-0032135,J.James,Jesse James,TE,TE,"https://static.www.nfl.com/image/private/f_auto,q_auto/league/rgk9zqdx9lmbcblem3xn",2021,REG,CHI,5,0,0,0,0,0,0,0,0,0,0,0,0,,,0,,0,0,0,0,0,0,0,0,0,0,,0,0,0,0,0,7,8,62,1,0,0,54,18,3,2.0551499077072,0,2,1,0,0,1.14814814814815,0.0152671755725191,0.0120133481646274,0.0313101070740178,0,1,0,0,0,0,1,0,0,0,0,0,0,0,0,0,0,0,0,0,0,0,1,10,0,0,0,0,0,0,0,0,0,0,0,0,0,,,0,0,0,0,0,0,0,0,0,0,0,0,,,,0,0,0,0,0,0,0,,0,0,0,0,,0,0,,0,0,0,0,0,0,0,0,0,0,12.2,19.2
00-0032141,G.Swaim,Geoff Swaim,TE,TE,"https://static.www.nfl.com/image/upload/f_auto,q_auto/league/kecuhwgbqvlqt6gb0dz6",2021,REG,TEN,16,0,0,0,0,0,0,0,0,0,0,0,0,,,0,,0,0,0,0,0,0,0,0,0,0,,0,0,0,0,0,31,40,210,3,0,0,146,139,12,9.25205968681257,0,5,3,2,0,1.43835616438356,0.0766283524904215,0.0364544319600499,0.140460631107667,0,2,0,1,0,0,0,0,0,0,0,0,0,0,0,0,0,0,0,0,0,0,3,31,0,0,0,0,0,0,0,0,0,0,0,0,0,,,0,0,0,0,0,0,0,0,0,0,0,0,,,,0,0,0,0,0,0,0,,0,0,0,0,,0,0,,0,0,0,0,0,0,0,0,0,0,39,70
00-0032143,D.Shelton,Danny Shelton,DT,DL,"https://static.www.nfl.com/image/private/f_auto,q_auto/league/nfwolstt4lyn2i7ct5b1",2021,REG,NYG,11,0,0,0,0,0,0,0,0,0,0,0,0,,,0,,0,0,0,0,0,0,0,0,0,0,,0,0,0,0,0,0,0,0,0,0,0,0,0,0,,0,0,0,0,0,,0,0,0,0,11,1,19,1,1,0,0.5,0.5,1,0,0,0,0,0,0,0,0,0,0,0,0,1,15,0,0,0,0,0,0,0,0,0,0,0,0,0,,,0,0,0,0,0,0,0,0,0,0,0,0,,,,0,0,0,0,0,0,0,,0,0,0,0,,0,0,,0,0,0,0,0,0,0,0,0,0,0,0
00-0032144,M.Gordon,Melvin Gordon,RB,RB,"https://static.www.nfl.com/image/private/f_auto,q_auto/league/i4g8x7yotpgszlyanow0",2021,REG,DEN,16,0,0,0,0,0,0,0,0,0,0,0,0,,,0,,0,0,0,0,203,918,8,3,3,48,-18.8745549496671,0,23,16,3,2,28,38,213,2,0,0,12,186,9,-2.6175525314612,0,6,3,3,0,17.75,0.0735009671179884,0.00263620386643234,0.112096793383485,0,0,0,0,0,0,0,0,0,0,0,0,0,0,0,0,0,0,0,0,0,0,0,0,3,0,0,3,3,0,0,0,0,0,0,0,0,,,0,0,0,0,0,0,0,0,0,0,0,0,,,,0,0,0,0,0,0,0,,0,0,0,0,,0,0,,0,0,0,0,0,0,0,0,0,0,167.1,195.1
00-0032145,C.Erving,Cameron Erving,G,OL,"https://static.www.nfl.com/image/upload/f_auto,q_auto/league/am4j5uzyvy1eow4ptemd",2021,REG,CAR,4,0,0,0,0,0,0,0,0,0,0,0,0,,,0,,0,0,0,0,0,0,0,0,0,0,,0,0,0,0,0,0,0,0,0,0,0,0,0,0,,0,0,0,0,0,,0,0,0,0,0,0,0,0,0,0,0,0,0,0,0,0,0,0,0,0,0,0,0,0,0,4,30,0,0,0,0,0,0,0,0,0,0,0,0,0,,,0,0,0,0,0,0,0,0,0,0,0,0,,,,0,0,0,0,0,0,0,,0,0,0,0,,0,0,,0,0,0,0,0,0,0,0,0,0,0,0
00-0032146,B.Dupree,Bud Dupree,OLB,LB,"https://static.www.nfl.com/image/upload/f_auto,q_auto/league/unn7gcyciu20lmm1bvpn",2021,REG,TEN,10,0,0,0,0,0,0,0,0,0,0,0,0,,,0,,0,0,0,0,0,0,0,0,0,0,,0,0,0,0,0,0,0,0,0,0,0,0,0,0,,0,0,0,0,0,,0,0,0,0,10,3,4,2,18,1,3,23,8,0,0,1,0,0,0,0,0,0,0,0,0,1,15,0,0,0,0,0,0,0,0,0,0,0,0,0,,,0,0,0,0,0,0,0,0,0,0,0,0,,,,0,0,0,0,0,0,0,,0,0,0,0,,0,0,,0,0,0,0,0,0,0,0,0,0,0,0
00-0032149,J.Miller,John Miller,G,OL,"https://static.www.nfl.com/image/private/f_auto,q_auto/league/xcpmm6e3x1l6ghlptqta",2021,REG,CAR,2,0,0,0,0,0,0,0,0,0,0,0,0,,,0,,0,0,0,0,0,0,0,0,0,0,,0,0,0,0,0,0,0,0,0,0,0,0,0,0,,0,0,0,0,0,,0,0,0,0,0,0,0,0,0,0,0,0,0,0,0,0,0,0,0,0,0,0,0,0,0,2,20,0,0,0,0,0,0,0,0,0,0,0,0,0,,,0,0,0,0,0,0,0,0,0,0,0,0,,,,0,0,0,0,0,0,0,,0,0,0,0,,0,0,,0,0,0,0,0,0,0,0,0,0,0,0
00-0032150,S.Nelson,Steven Nelson,CB,DB,"https://static.www.nfl.com/image/private/f_auto,q_auto/league/qaocvlmmgdkkubtkxqrt",2021,REG,PHI,15,0,0,0,0,0,0,0,0,0,0,0,0,,,0,,0,0,0,0,0,0,0,0,0,0,,0,0,0,0,0,0,0,0,0,0,0,0,0,0,,0,0,0,0,0,,0,0,0,0,31,3,16,0,0,0,0,0,0,1,4,7,0,0,0,0,0,0,0,0,0,5,78,0,0,0,0,0,0,0,0,0,0,0,0,0,,,0,0,0,0,0,0,0,0,0,0,0,0,,,,0,0,0,0,0,0,0,,0,0,0,0,,0,0,,0,0,0,0,0,0,0,0,0,0,0,0
00-0032151,J.Feliciano,Jon Feliciano,G,OL,"https://static.www.nfl.com/image/upload/f_auto,q_auto/league/mfsf1zkh4exfukfvuwuh",2021,REG,BUF,1,0,0,0,0,0,0,0,0,0,0,0,0,,,0,,0,0,0,0,0,0,0,0,0,0,,0,0,0,0,0,0,0,0,0,0,0,0,0,0,,0,0,0,0,0,,0,0,0,0,0,0,0,0,0,0,0,0,0,0,0,0,0,0,0,0,0,0,0,0,0,2,25,0,0,0,0,0,0,0,0,0,0,0,0,0,,,0,0,0,0,0,0,0,0,0,0,0,0,,,,0,0,0,0,0,0,0,,0,0,0,0,,0,0,,0,0,0,0,0,0,0,0,0,0,0,0
00-0032156,T.Siemian,Trevor Siemian,QB,QB,"https://static.www.nfl.com/image/private/f_auto,q_auto/league/vmksfbms9zefxezf39sb",2021,REG,NO,6,108,188,1154,11,3,9,-64,2,1,1329,507,61,-10.4923056882345,-4.72171408789499,0,0.868322046651618,49,23,15,1,9,20,1,0,0,2,-3.77158512477763,0,1,1,0,0,0,0,0,0,0,0,0,0,0,,0,0,0,0,0,,0,0,0,0,0,0,0,0,0,0,0,0,0,0,0,0,0,0,0,0,1,0,0,0,0,0,0,1,2,0,3,1,0,0,0,0,0,0,0,0,,,0,0,0,0,0,0,0,0,0,0,0,0,,,,0,0,0,0,0,0,0,,0,0,0,0,,0,0,,0,0,0,0,0,0,0,0,0,0,90.16,90.16
00-0032160,T.Williams,Tyrell Williams,WR,WR,"https://static.www.nfl.com/image/private/f_auto,q_auto/league/qixhze7yidydtc1vyeih",2021,REG,DET,1,0,0,0,0,0,0,0,0,0,0,0,0,,,0,,0,0,0,0,0,0,0,0,0,0,,0,0,0,0,0,2,3,14,0,0,0,13,8,1,0.79947291181982,0,0,0,0,0,1.07692307692308,0.00530973451327434,0.00343642611683849,0.0103701000516984,0,0,0,0,0,0,0,0,0,0,0,0,0,0,0,0,0,0,0,0,0,0,0,0,0,0,0,0,0,0,0,0,0,0,0,0,0,,,0,0,0,0,0,0,0,0,0,0,0,0,,,,0,0,0,0,0,0,0,,0,0,0,0,,0,0,,0,0,0,0,0,0,0,0,0,0,1.4,3.4
00-0032162,T.McGill,T.Y. McGill,DT,DL,"https://static.www.nfl.com/image/upload/f_auto,q_auto/league/v1rav6esnezg5ggbkwoz",2021,REG,MIN,1,0,0,0,0,0,0,0,0,0,0,0,0,,,0,,0,0,0,0,0,0,0,0,0,0,,0,0,0,0,0,0,0,0,0,0,0,0,0,0,,0,0,0,0,0,,0,0,0,0,0,0,1,0,0,0,0,0,1,0,0,1,0,0,0,0,0,0,0,0,0,0,0,0,0,0,0,0,0,0,0,0,0,0,0,0,,,0,0,0,0,0,0,0,0,0,0,0,0,,,,0,0,0,0,0,0,0,,0,0,0,0,,0,0,,0,0,0,0,0,0,0,0,0,0,0,0
00-0032164,A.Armstead,Arik Armstead,DE,DL,"https://static.www.nfl.com/image/upload/f_auto,q_auto/league/z6e5xcslnlyaz2egeke3",2021,REG,SF,17,0,0,0,0,0,0,0,0,0,0,0,0,,,0,,0,0,0,0,0,0,0,0,0,0,,0,0,0,0,0,0,0,0,0,0,0,0,0,0,,0,0,0,0,0,,0,0,0,0,22,7,34,6,35,0,6,43,11,0,0,0,0,0,0,0,0,0,0,0,0,4,40,0,0,0,0,0,0,0,0,0,0,0,0,0,,,0,0,0,0,0,0,0,0,0,0,0,0,,,,0,0,0,0,0,0,0,,0,0,0,0,,0,0,,0,0,0,0,0,0,0,0,0,0,0,0
00-0032187,D.Johnson,David Johnson,RB,RB,"https://static.www.nfl.com/image/private/f_auto,q_auto/league/y7dtsyyjnoafefkbylbb",2021,REG,HOU,13,0,0,0,0,0,0,0,0,0,0,0,0,,,0,,0,0,0,0,67,228,0,1,1,7,-21.6784528842545,0,3,2,0,0,32,42,225,1,0,0,87,191,11,-8.56870917309846,0,9,1,0,0,2.58620689655172,0.0803059273422562,0.0217663247435577,0.135695318333875,0,1,0,0,0,0,0,0,0,0,0,0,0,0,0,0,0,0,0,0,0,0,0,0,1,0,0,1,1,0,0,0,0,0,0,0,0,,,0,0,0,0,0,0,0,0,0,0,0,0,,,,0,0,0,0,0,0,0,,0,0,0,0,,0,0,,0,0,0,0,0,0,0,0,0,0,49.3,81.3
00-0032195,R.Darby,Ronald Darby,CB,DB,"https://static.www.nfl.com/image/upload/f_auto,q_auto/league/dn0kn2aw6crrzvsjiuvl",2021,REG,DEN,11,0,0,0,0,0,0,0,0,0,0,0,0,,,0,,0,0,0,0,0,0,0,0,0,0,,0,0,0,0,0,0,0,0,0,0,0,0,0,0,,0,0,0,0,0,,0,0,0,0,40,2,11,1,2,0,0,0,0,0,0,6,0,0,0,0,0,0,0,0,0,3,25,0,0,0,0,0,0,0,0,0,0,0,0,0,,,0,0,0,0,0,0,0,0,0,0,0,0,,,,0,0,0,0,0,0,0,,0,0,0,0,,0,0,,0,0,0,0,0,0,0,0,0,0,0,0
00-0032197,R.Gregory,Randy Gregory,LB,LB,"https://static.www.nfl.com/image/private/f_auto,q_auto/league/ntzrq0dmsyep6qjsdrjp",2021,REG,DAL,11,0,0,0,0,0,0,0,0,0,0,0,0,,,0,,0,0,0,0,0,0,0,0,0,0,,0,0,0,0,0,0,0,0,0,0,0,0,0,0,,0,0,0,0,0,,0,0,0,0,15,0,4,4,26,3,6,40,17,1,12,1,0,0,0,0,0,0,1,0,0,4,28,0,0,0,0,0,0,0,0,0,0,0,0,0,,,0,0,0,0,0,0,0,0,0,0,0,0,,,,0,0,0,0,0,0,0,,0,0,0,0,,0,0,,0,0,0,0,0,0,0,0,0,0,0,0
00-0032200,T.Montgomery,Ty Montgomery,WR,WR,"https://static.www.nfl.com/image/private/f_auto,q_auto/league/eagn4fvhnc9cp3wxeqoz",2021,REG,NO,14,0,0,0,0,0,0,0,0,0,0,0,0,,,0,,0,0,0,0,15,44,0,0,0,2,-6.02045034448383,0,0,0,0,0,16,26,95,0,0,0,46,87,5,-4.37627490650205,0,4,2,1,0,2.06521739130435,0.0548523206751055,0.012283044058745,0.0908766118537797,0,7,0,3,0,0,0,0,0,0,0,0,0,0,0,0,0,0,0,0,0,0,1,5,0,0,0,0,0,0,0,2,59,0,0,0,0,,,0,0,0,0,0,0,0,0,0,0,0,0,,,,0,0,0,0,0,0,0,,0,0,0,0,,0,0,,0,0,0,0,0,0,0,0,0,0,13.9,29.9
00-0032208,P.Dorsett,Phillip Dorsett,WR,WR,"https://static.www.nfl.com/image/upload/f_auto,q_auto/league/zkmdppfkcxqn5iwlcsyy",2021,REG,HOU,5,0,0,0,0,0,0,0,0,0,0,0,0,,,0,,0,0,0,0,1,0,0,0,0,0,-0.528008469147608,0,0,0,0,0,7,14,110,0,0,0,210,27,3,-0.90202973821239,0,4,2,2,0,0.523809523809524,0.0240137221269297,0.0440713536201469,0.0668705307244973,0,0,0,1,0,0,0,0,0,0,0,0,0,0,0,0,0,0,0,0,0,0,0,0,0,0,0,0,0,0,0,0,0,0,0,0,0,,,0,0,0,0,0,0,0,0,0,0,0,0,,,,0,0,0,0,0,0,0,,0,0,0,0,,0,0,,0,0,0,0,0,0,0,0,0,0,11,18
00-0032210,F.Clark,Frank Clark,LB,LB,"https://static.www.nfl.com/image/upload/f_auto,q_auto/league/imq9tljiopwvcfrsxwbh",2021,REG,KC,14,0,0,0,0,0,0,0,0,0,0,0,0,,,0,,0,0,0,0,0,0,0,0,0,0,,0,0,0,0,0,0,0,0,0,0,0,0,0,0,,0,0,0,0,0,,0,0,0,0,13,2,7,3,18,2,4.5,23.5,17,0,0,0,0,0,0,0,0,0,0,0,0,5,33,0,0,0,0,0,0,0,0,0,0,0,0,0,,,0,0,0,0,0,0,0,0,0,0,0,0,,,,0,0,0,0,0,0,0,,0,0,0,0,,0,0,,0,0,0,0,0,0,0,0,0,0,0,0
00-0032211,T.Lockett,Tyler Lockett,WR,WR,"https://static.www.nfl.com/image/upload/f_auto,q_auto/league/gyhvviyep9iigeaobxmi",2021,REG,SEA,16,0,0,0,0,0,0,0,0,0,0,0,0,,,0,,0,0,0,0,2,9,0,0,0,0,-0.155222098401282,0,0,0,0,0,73,107,1175,8,0,0,1562,277,41,53.6221462435526,1,36,26,22,7,0.752240717029449,0.225738396624473,0.338168434726131,0.575325499245001,0,1,0,0,0,0,0,0,0,0,0,0,0,0,0,0,0,0,0,0,0,0,1,5,0,0,0,0,0,1,3,0,0,0,0,0,0,,,0,0,0,0,0,0,0,0,0,0,0,0,,,,0,0,0,0,0,0,0,,0,0,0,0,,0,0,,0,0,0,0,0,0,0,0,0,0,168.4,241.4
00-0032214,T.Kroft,Tyler Kroft,TE,TE,"https://static.www.nfl.com/image/private/f_auto,q_auto/league/ztko1uhl01ebiutefibj",2021,REG,NYJ,9,0,0,0,0,0,0,0,0,0,0,0,0,,,0,,0,0,0,0,0,0,0,0,0,0,,0,0,0,0,0,16,25,173,1,0,0,144,74,9,5.4017754854514,0,8,3,3,0,1.20138888888889,0.0430292598967298,0.0331110600137963,0.087721631854752,0,3,0,0,0,0,0,0,0,0,0,0,0,0,0,0,0,0,0,0,0,0,1,5,0,0,0,0,0,0,0,0,0,0,0,0,0,,,0,0,0,0,0,0,0,0,0,0,0,0,,,,0,0,0,0,0,0,0,,0,0,0,0,,0,0,,0,0,0,0,0,0,0,0,0,0,23.3,39.3
00-0032215,D.Wilson,Damien Wilson,OLB,LB,"https://static.www.nfl.com/image/upload/f_auto,q_auto/league/ag2gfb62plvohhtp0jc5",2021,REG,JAX,17,0,0,0,0,0,0,0,0,0,0,0,0,,,0,,0,0,0,0,0,0,0,0,0,0,,0,0,0,0,0,0,0,0,0,0,0,0,0,0,,0,0,0,0,0,,0,0,0,0,55,4,47,5,21,1,3,28,5,1,1,5,0,0,0,0,0,0,0,0,0,1,15,0,0,0,0,0,0,0,0,0,0,0,0,0,,,0,0,0,0,0,0,0,0,0,0,0,0,,,,0,0,0,0,0,0,0,,0,0,0,0,,0,0,,0,0,0,0,0,0,0,0,0,0,0,0
00-0032217,D.Smith,Donovan Smith,OT,OL,"https://static.www.nfl.com/image/private/f_auto,q_auto/league/iivzp0ofngoslzvvb46q",2021,REG,TB,7,0,0,0,0,0,0,0,0,0,0,0,0,,,0,,0,0,0,0,0,0,0,0,0,0,,0,0,0,0,0,0,0,0,0,0,0,0,0,0,,0,0,0,0,0,,0,0,0,0,0,0,0,0,0,0,0,0,0,0,0,0,0,0,0,0,0,0,0,0,0,7,53,0,0,0,0,0,0,0,0,0,0,0,0,0,,,0,0,0,0,0,0,0,0,0,0,0,0,,,,0,0,0,0,0,0,0,,0,0,0,0,,0,0,,0,0,0,0,0,0,0,0,0,0,0,0
00-0032222,D.Humphries,D.J. Humphries,OT,OL,"https://static.www.nfl.com/image/upload/f_auto,q_auto/league/ruiab6fqdaerscb2qnkz",2021,REG,ARI,7,0,0,0,0,0,0,0,0,0,0,0,0,,,0,,0,0,0,0,0,0,0,0,0,0,,0,0,0,0,0,0,0,0,0,0,0,0,0,0,,0,0,0,0,0,,0,0,0,0,0,0,0,0,0,0,0,0,0,0,0,0,0,0,0,0,0,0,0,0,0,8,60,0,0,0,0,0,0,0,0,0,0,0,0,0,,,0,0,0,0,0,0,0,0,0,0,0,0,,,,0,0,0,0,0,0,0,,0,0,0,0,,0,0,,0,0,0,0,0,0,0,0,0,0,0,0
00-0032228,J.Cardona,Joe Cardona,LS,SPEC,"https://static.www.nfl.com/image/upload/f_auto,q_auto/league/cs3qvfnrrxiubflqqw2i",2021,REG,NE,1,0,0,0,0,0,0,0,0,0,0,0,0,,,0,,0,0,0,0,0,0,0,0,0,0,,0,0,0,0,0,0,0,0,0,0,0,0,0,0,,0,0,0,0,0,,0,0,0,0,1,0,0,0,0,0,0,0,0,0,0,0,0,0,0,0,0,0,0,0,0,1,5,0,0,0,0,0,0,0,0,0,0,0,0,0,,,0,0,0,0,0,0,0,0,0,0,0,0,,,,0,0,0,0,0,0,0,,0,0,0,0,,0,0,,0,0,0,0,0,0,0,0,0,0,0,0
00-0032234,L.Tomlinson,Laken Tomlinson,G,OL,"https://static.www.nfl.com/image/upload/f_auto,q_auto/league/thhrfc9q38r0m1qvfctv",2021,REG,SF,5,0,0,0,0,0,0,0,0,0,0,0,0,,,0,,0,0,0,0,0,0,0,0,0,0,,0,0,0,0,0,0,0,0,0,0,0,0,0,0,,0,0,0,0,0,,0,0,0,0,0,0,0,0,0,0,0,0,0,0,0,0,0,0,0,0,0,0,0,0,0,6,45,0,0,0,0,0,0,0,0,0,0,0,0,0,,,0,0,0,0,0,0,0,0,0,0,0,0,,,,0,0,0,0,0,0,0,,0,0,0,0,,0,0,,0,0,0,0,0,0,0,0,0,0,0,0
00-0032239,By.Jones,Byron Jones,CB,DB,"https://static.www.nfl.com/image/private/f_auto,q_auto/league/w4heni1qbdsyuouvkjxb",2021,REG,MIA,15,0,0,0,0,0,0,0,0,0,0,0,0,,,0,,0,0,0,0,0,0,0,0,0,0,,0,0,0,0,0,0,0,0,0,0,0,0,0,0,,0,0,0,0,0,,0,0,0,0,40,7,11,0,0,1,0,0,0,0,0,10,0,0,0,0,0,0,0,0,0,3,16,0,0,0,0,0,0,0,0,0,0,0,0,0,,,0,0,0,0,0,0,0,0,0,0,0,0,,,,0,0,0,0,0,0,0,,0,0,0,0,,0,0,,0,0,0,0,0,0,0,0,0,0,0,0
00-0032242,R.Havenstein,Rob Havenstein,OT,OL,"https://static.www.nfl.com/image/upload/f_auto,q_auto/league/cqsicmerjhzvzpnz77fz",2021,REG,LA,2,0,0,0,0,0,0,0,0,0,0,0,0,,,0,,0,0,0,0,0,0,0,0,0,0,,0,0,0,0,0,0,0,0,0,0,0,0,0,0,,0,0,0,0,0,,0,0,0,0,1,0,0,0,0,1,0,0,0,0,0,0,0,0,0,0,0,0,0,0,0,2,15,0,0,0,0,0,0,0,0,0,0,0,0,0,,,0,0,0,0,0,0,0,0,0,0,0,0,,,,0,0,0,0,0,0,0,,0,0,0,0,,0,0,,0,0,0,0,0,0,0,0,0,0,0,0
00-0032243,A.Marpet,Ali Marpet,G,OL,"https://static.www.nfl.com/image/private/f_auto,q_auto/league/k7sztrljegjwaugn2hsh",2021,REG,TB,3,0,0,0,0,0,0,0,0,0,0,0,0,,,0,,0,0,0,0,0,0,0,0,0,0,,0,0,0,0,0,0,0,0,0,0,0,0,0,0,,0,0,0,0,0,,0,0,0,0,1,0,1,0,0,0,0,0,0,0,0,0,0,0,0,0,0,0,0,0,0,3,29,0,0,0,0,0,0,0,0,0,0,0,0,0,,,0,0,0,0,0,0,0,0,0,0,0,0,,,,0,0,0,0,0,0,0,,0,0,0,0,,0,0,,0,0,0,0,0,0,0,0,0,0,0,0
00-0032245,S.Mannion,Sean Mannion,QB,QB,"https://static.www.nfl.com/image/private/f_auto,q_auto/league/lcuc7hhiijmt8xtitm77",2021,REG,MIN,1,22,36,189,1,0,2,-15,0,0,233,94,8,-10.9115954580929,-5.38791282212033,0,0.811158798283262,9,3,2,0,2,14,0,0,0,2,2.50176163506694,0,1,0,0,0,0,0,0,0,0,0,0,0,0,,0,0,0,0,0,,0,0,0,0,0,0,0,0,0,0,0,0,0,0,0,0,0,0,0,0,0,0,0,0,0,0,0,0,0,0,0,0,0,0,0,0,0,0,0,0,,,0,0,0,0,0,0,0,0,0,0,0,0,,,,0,0,0,0,0,0,0,,0,0,0,0,,0,0,,0,0,0,0,0,0,0,0,0,0,12.96,12.96
00-0032257,D.Johnson,Duke Johnson,RB,RB,"https://static.www.nfl.com/image/private/f_auto,q_auto/league/hf7lxjjesduggqdfktsg",2021,REG,MIA,5,0,0,0,0,0,0,0,0,0,0,0,0,,,0,,0,0,0,0,71,330,3,0,0,18,-1.47177171659072,0,11,5,1,0,4,5,41,0,0,0,-8,51,3,1.96116114751203,0,2,1,1,0,-5.125,0.00834724540901503,-0.00178930887944531,0.0112683518979108,0,0,0,0,0,0,0,0,0,0,0,0,0,0,0,0,0,1,0,0,0,0,0,0,0,0,0,0,0,0,0,0,0,0,0,0,0,,,0,0,0,0,0,0,0,0,0,0,0,0,,,,0,0,0,0,0,0,0,,0,0,0,0,,0,0,,0,0,0,0,0,0,0,0,0,0,55.1,59.1
00-0032259,E.Flowers,Ereck Flowers,G,OL,"https://static.www.nfl.com/image/private/f_auto,q_auto/league/dui4nltkl7uzpgeiguld",2021,REG,WAS,1,0,0,0,0,0,0,0,0,0,0,0,0,,,0,,0,0,0,0,0,0,0,0,0,0,,0,0,0,0,0,0,0,0,0,0,0,0,0,0,,0,0,0,0,0,,0,0,0,0,0,0,0,0,0,0,0,0,0,0,0,0,0,0,0,0,0,0,0,0,0,1,10,0,0,0,0,0,0,0,0,0,0,0,0,0,,,0,0,0,0,0,0,0,0,0,0,0,0,,,,0,0,0,0,0,0,0,,0,0,0,0,,0,0,,0,0,0,0,0,0,0,0,0,0,0,0
00-0032261,M.Brown,Malcom Brown,DT,DL,"https://static.www.nfl.com/image/private/f_auto,q_auto/league/udyfigpuqbsj3uaacirh",2021,REG,JAX,17,0,0,0,0,0,0,0,0,0,0,0,0,,,0,,0,0,0,0,0,0,0,0,0,0,,0,0,0,0,0,0,0,0,0,0,0,0,0,0,,0,0,0,0,0,,0,0,0,0,24,6,27,3,7,0,2,6,3,0,0,1,0,0,0,0,0,0,0,0,0,0,0,0,0,0,0,0,0,0,0,0,0,0,0,0,,,0,0,0,0,0,0,0,0,0,0,0,0,,,,0,0,0,0,0,0,0,,0,0,0,0,,0,0,,0,0,0,0,0,0,0,0,0,0,0,0
00-0032262,L.Collins,Landon Collins,LB,LB,"https://static.www.nfl.com/image/private/f_auto,q_auto/league/hyefzfcujafngv8nmzea",2021,REG,WAS,13,0,0,0,0,0,0,0,0,0,0,0,0,,,0,,0,0,0,0,0,0,0,0,0,0,,0,0,0,0,0,0,0,0,0,0,0,0,0,0,,0,0,0,0,0,,0,0,0,0,46,5,30,7,16,1,3,7,2,2,3,2,0,0,0,0,0,0,2,23,0,1,5,0,0,0,0,0,0,0,0,0,0,0,0,0,,,0,0,0,0,0,0,0,0,0,0,0,0,,,,0,0,0,0,0,0,0,,0,0,0,0,,0,0,,0,0,0,0,0,0,0,0,0,0,0,0
00-0032265,M.Edwards,Mario Edwards,DT,DL,"https://static.www.nfl.com/image/upload/f_auto,q_auto/league/cia50revbealvw5biusr",2021,REG,CHI,8,0,0,0,0,0,0,0,0,0,0,0,0,,,0,,0,0,0,0,0,0,0,0,0,0,,0,0,0,0,0,0,0,0,0,0,0,0,0,0,,0,0,0,0,0,,0,0,0,0,2,0,6,1,9,0,2,16,5,0,0,1,0,0,0,0,0,0,0,0,0,4,57,0,0,0,0,0,0,0,0,0,0,0,0,0,,,0,0,0,0,0,0,0,0,0,0,0,0,,,,0,0,0,0,0,0,0,,0,0,0,0,,0,0,,0,0,0,0,0,0,0,0,0,0,0,0
00-0032268,M.Mariota,Marcus Mariota,QB,QB,"https://static.www.nfl.com/image/upload/f_auto,q_auto/league/b9ribxqudeehvmjlw0va",2021,REG,LV,7,1,2,4,0,0,0,0,0,0,31,8,0,-0.720428425469436,-10.4416310787201,0,0.129032258064516,0,0,0,0,13,87,1,1,0,6,7.2433208815637,0,2,2,1,0,0,0,0,0,0,0,0,0,0,,0,0,0,0,0,,0,0,0,0,0,0,0,0,0,0,0,0,0,0,0,0,0,0,0,0,0,0,0,0,0,0,0,1,0,1,1,0,0,0,0,0,0,0,0,0,,,0,0,0,0,0,0,0,0,0,0,0,0,,,,0,0,0,0,0,0,0,,0,0,0,0,,0,0,,0,0,0,0,0,0,0,0,0,0,14.86,14.86
00-0032269,H.Anderson,Henry Anderson,DE,DL,"https://static.www.nfl.com/image/private/f_auto,q_auto/league/whijicwi8dymk1zhlafi",2021,REG,NE,3,0,0,0,0,0,0,0,0,0,0,0,0,,,0,,0,0,0,0,0,0,0,0,0,0,,0,0,0,0,0,0,0,0,0,0,0,0,0,0,,0,0,0,0,0,,0,0,0,0,3,0,0,0,0,0,0,0,0,0,0,0,0,0,0,0,0,0,0,0,0,0,0,0,0,0,0,0,0,0,0,0,0,0,0,0,,,0,0,0,0,0,0,0,0,0,0,0,0,,,,0,0,0,0,0,0,0,,0,0,0,0,,0,0,,0,0,0,0,0,0,0,0,0,0,0,0
00-0032320,E.Harris,Erik Harris,FS,DB,"https://static.www.nfl.com/image/private/f_auto,q_auto/league/vzqjwjllaqqqmrvvqwry",2021,REG,ATL,12,0,0,0,0,0,0,0,0,0,0,0,0,,,0,,0,0,0,0,0,0,0,0,0,0,,0,0,0,0,0,0,0,0,0,0,0,0,0,0,,0,0,0,0,0,,0,0,0,0,44,2,18,2,2,0,0.5,6,2,0,0,8,0,0,0,0,0,0,0,0,0,2,29,0,0,0,0,0,0,0,0,0,0,0,0,0,,,0,0,0,0,0,0,0,0,0,0,0,0,,,,0,0,0,0,0,0,0,,0,0,0,0,,0,0,,0,0,0,0,0,0,0,0,0,0,0,0
00-0032353,C.Milton,Chris Milton,CB,DB,"https://static.www.nfl.com/image/private/f_auto,q_auto/league/rrbu4n6jnejttc06pmpc",2021,REG,MIA,1,0,0,0,0,0,0,0,0,0,0,0,0,,,0,,0,0,0,0,0,0,0,0,0,0,,0,0,0,0,0,0,0,0,0,0,0,0,0,0,,0,0,0,0,0,,0,0,0,0,0,0,0,0,0,0,0,0,0,0,0,0,0,1,0,0,0,0,0,0,0,0,0,0,1,1,1,0,1,0,0,0,0,0,0,0,,,0,0,0,0,0,0,0,0,0,0,0,0,,,,0,0,0,0,0,0,0,,0,0,0,0,,0,0,,0,0,0,0,0,0,0,0,0,0,0,0
00-0032355,C.Rogers,Chester Rogers,WR,WR,"https://static.www.nfl.com/image/private/f_auto,q_auto/league/lkszsifhpwtjpvjvlxw5",2021,REG,TEN,16,0,0,0,0,0,0,0,0,0,0,0,0,,,0,,0,0,0,0,1,9,0,0,0,0,0.751375535386615,0,0,0,0,0,30,43,301,1,0,0,323,103,12,2.82184276543971,0,15,3,3,0,0.931888544891641,0.0823754789272031,0.0806491885143571,0.180017650350855,0,0,0,0,0,0,0,0,0,0,0,0,0,0,3,0,0,3,0,0,0,0,3,30,2,2,0,4,1,30,293,14,282,0,0,0,0,,,0,0,0,0,0,0,0,0,0,0,0,0,,,,0,0,0,0,0,0,0,,0,0,0,0,,0,0,,0,0,0,0,0,0,0,0,0,0,37,67
00-0032366,T.Matakevich,Tyler Matakevich,ILB,LB,"https://static.www.nfl.com/image/upload/f_auto,q_auto/league/ug86kkpgmc0c9ntyp5qb",2021,REG,BUF,9,0,0,0,0,0,0,0,0,0,0,0,0,,,0,,0,0,0,0,0,0,0,0,0,0,,0,0,0,0,0,0,0,0,0,0,0,0,0,0,,0,0,0,0,0,,0,0,0,0,10,2,7,0,0,0,0,0,0,1,15,1,0,0,0,0,0,0,0,0,0,1,10,0,0,0,0,0,0,0,0,0,0,0,0,0,,,0,0,0,0,0,0,0,0,0,0,0,0,,,,0,0,0,0,0,0,0,,0,0,0,0,,0,0,,0,0,0,0,0,0,0,0,0,0,0,0
00-0032378,D.Buckner,DeForest Buckner,DT,DL,"https://static.www.nfl.com/image/upload/f_auto,q_auto/league/mtyogyexnz2ik3fbs3am",2021,REG,IND,17,0,0,0,0,0,0,0,0,0,0,0,0,,,0,,0,0,0,0,0,0,0,0,0,0,,0,0,0,0,0,0,0,0,0,0,0,0,0,0,,0,0,0,0,0,,0,0,0,0,28,12,28,10,58,0,7,55.5,18,0,0,3,0,0,0,0,0,0,0,0,0,0,0,0,0,0,0,0,0,0,0,0,0,0,0,0,,,0,0,0,0,0,0,0,0,0,0,0,0,,,,0,0,0,0,0,0,0,,0,0,0,0,,0,0,,0,0,0,0,0,0,0,0,0,0,0,0
00-0032379,E.Apple,Eli Apple,CB,DB,"https://static.www.nfl.com/image/upload/f_auto,q_auto/league/szrv0msliekcbdfulpzb",2021,REG,CIN,16,0,0,0,0,0,0,0,0,0,0,0,0,,,0,,0,0,0,0,0,0,0,0,0,0,,0,0,0,0,0,0,0,0,0,0,0,0,0,0,,0,0,0,0,0,,0,0,0,0,35,3,11,2,5,0,0,0,0,2,50,10,0,1,0,0,1,0,0,0,0,5,72,0,1,0,1,0,0,0,0,0,0,0,0,0,,,0,0,0,0,0,0,0,0,0,0,0,0,,,,0,0,0,0,0,0,0,,0,0,0,0,,0,0,,0,0,0,0,0,0,0,0,0,0,0,0
00-0032380,L.Tunsil,Laremy Tunsil,OT,OL,"https://static.www.nfl.com/image/upload/f_auto,q_auto/league/ewy0qnfl6956hfatqszj",2021,REG,HOU,1,0,0,0,0,0,0,0,0,0,0,0,0,,,0,,0,0,0,0,0,0,0,0,0,0,,0,0,0,0,0,0,0,0,0,0,0,0,0,0,,0,0,0,0,0,,0,0,0,0,0,0,0,0,0,0,0,0,0,0,0,0,0,0,0,0,0,0,0,0,0,1,10,0,0,0,0,0,0,0,0,0,0,0,0,0,,,0,0,0,0,0,0,0,0,0,0,0,0,,,,0,0,0,0,0,0,0,,0,0,0,0,,0,0,,0,0,0,0,0,0,0,0,0,0,0,0
00-0032381,T.Decker,Taylor Decker,OT,OL,"https://static.www.nfl.com/image/upload/f_auto,q_auto/league/j0gbwayifwek9ggoraqm",2021,REG,DET,6,0,0,0,0,0,0,0,0,0,0,0,0,,,0,,0,0,0,0,0,0,0,0,0,0,,0,0,0,0,0,2,2,4,1,0,0,3,1,1,0.1940252922941,0,0,0,0,0,1.33333333333333,0.00353982300884956,0.000793021411578113,0.00586484950137902,0,0,0,0,0,0,0,0,0,0,0,0,0,0,0,0,0,0,0,0,0,0,6,40,0,0,0,0,0,0,0,0,0,0,0,0,0,,,0,0,0,0,0,0,0,0,0,0,0,0,,,,0,0,0,0,0,0,0,,0,0,0,0,,0,0,,0,0,0,0,0,0,0,0,0,0,6.4,8.4
00-0032382,K.Neal,Keanu Neal,S,DB,"https://static.www.nfl.com/image/private/f_auto,q_auto/league/zz77nplqxb4kvkzionja",2021,REG,DAL,14,0,0,0,0,0,0,0,0,0,0,0,0,,,0,,0,0,0,0,0,0,0,0,0,0,,0,0,0,0,0,0,0,0,0,0,0,0,0,0,,0,0,0,0,0,,0,0,0,0,42,2,28,4,10,0,1,1,2,0,0,0,0,0,0,0,0,0,0,0,0,0,0,0,0,0,0,0,0,0,0,0,0,0,0,0,,,0,0,0,0,0,0,0,0,0,0,0,0,,,,0,0,0,0,0,0,0,,0,0,0,0,,0,0,,0,0,0,0,0,0,0,0,0,0,0,0
00-0032383,R.Kelly,Ryan Kelly,C,OL,"https://static.www.nfl.com/image/upload/f_auto,q_auto/league/owzvmhrfz5lfh2rcalxd",2021,REG,IND,4,0,0,0,0,0,0,0,0,0,0,0,0,,,0,,0,0,0,0,0,0,0,0,0,0,,0,0,0,0,0,0,0,0,0,0,0,0,0,0,,0,0,0,0,0,,0,0,0,0,0,0,0,0,0,0,0,0,0,0,0,0,0,0,0,0,0,0,0,0,0,4,36,0,0,0,0,0,0,0,0,0,0,0,0,0,,,0,0,0,0,0,0,0,0,0,0,0,0,,,,0,0,0,0,0,0,0,,0,0,0,0,,0,0,,0,0,0,0,0,0,0,0,0,0,0,0
00-0032384,G.Ifedi,Germain Ifedi,OT,OL,"https://static.www.nfl.com/image/upload/f_auto,q_auto/league/qqjiis2ybfqh1gkc5jgm",2021,REG,CHI,4,0,0,0,0,0,0,0,0,0,0,0,0,,,0,,0,0,0,0,0,0,0,0,0,0,,0,0,0,0,0,0,0,0,0,0,0,0,0,0,,0,0,0,0,0,,0,0,0,0,0,0,0,0,0,0,0,0,0,0,0,0,0,0,0,0,1,0,0,0,0,5,24,0,0,0,0,0,0,0,0,0,0,0,0,0,,,0,0,0,0,0,0,0,0,0,0,0,0,,,,0,0,0,0,0,0,0,,0,0,0,0,,0,0,,0,0,0,0,0,0,0,0,0,0,0,0
00-0032385,S.Shepard,Sterling Shepard,WR,WR,"https://static.www.nfl.com/image/upload/f_auto,q_auto/league/l47czwi8aaznnit0se5h",2021,REG,NYG,7,0,0,0,0,0,0,0,0,0,0,0,0,,,0,,0,0,0,0,1,-9,0,0,0,0,-1.43972287885845,0,0,0,0,0,36,53,366,1,0,0,404,111,19,1.81747755290001,0,15,8,4,0,0.905940594059406,0.0939716312056738,0.0925968370387348,0.205775232735625,0,3,0,0,0,0,0,0,0,0,0,0,0,0,0,0,0,0,0,0,0,0,2,10,0,0,0,0,0,0,0,0,0,0,0,0,0,,,0,0,0,0,0,0,0,0,0,0,0,0,,,,0,0,0,0,0,0,0,,0,0,0,0,,0,0,,0,0,0,0,0,0,0,0,0,0,41.7,77.7
00-0032387,J.Reed,Jarran Reed,DT,DL,"https://static.www.nfl.com/image/upload/f_auto,q_auto/league/td7umxhgwkswls8rutk0",2021,REG,KC,16,0,0,0,0,0,0,0,0,0,0,0,0,,,0,,0,0,0,0,0,0,0,0,0,0,,0,0,0,0,0,0,0,0,0,0,0,0,0,0,,0,0,0,0,0,,0,0,0,0,20,3,20,2,15,2,2.5,16,12,0,0,1,0,0,0,0,0,0,1,10,0,1,7,0,0,0,0,0,0,0,0,0,0,0,0,0,,,0,0,0,0,0,0,0,0,0,0,0,0,,,,0,0,0,0,0,0,0,,0,0,0,0,,0,0,,0,0,0,0,0,0,0,0,0,0,0,0
00-0032388,D.Jones,Deion Jones,LB,LB,"https://static.www.nfl.com/image/upload/f_auto,q_auto/league/fpmevebnsvfm07e7xhcu",2021,REG,ATL,16,0,0,0,0,0,0,0,0,0,0,0,0,,,0,,0,0,0,0,0,0,0,0,0,0,,0,0,0,0,0,0,0,0,0,0,0,0,0,0,,0,0,0,0,0,,0,0,0,0,73,14,50,7,33,1,2,17,4,0,0,6,0,0,0,0,0,0,0,0,0,2,18,0,0,0,0,0,0,0,0,0,0,0,0,0,,,0,0,0,0,0,0,0,0,0,0,0,0,,,,0,0,0,0,0,0,0,,0,0,0,0,,0,0,,0,0,0,0,0,0,0,0,0,0,0,0
00-0032389,M.Alexander,Mackensie Alexander,CB,DB,"https://static.www.nfl.com/image/private/f_auto,q_auto/league/uyoo4t3miqcvjjva7x20",2021,REG,MIN,15,0,0,0,0,0,0,0,0,0,0,0,0,,,0,,0,0,0,0,0,0,0,0,0,0,,0,0,0,0,0,0,0,0,0,0,0,0,0,0,,0,0,0,0,0,,0,0,0,0,29,4,18,1,3,0,0,0,0,0,0,5,0,0,0,0,0,0,0,0,0,5,57,0,0,0,0,0,0,0,0,0,0,0,0,0,,,0,0,0,0,0,0,0,0,0,0,0,0,,,,0,0,0,0,0,0,0,,0,0,0,0,,0,0,,0,0,0,0,0,0,0,0,0,0,0,0
00-0032391,J.Thuney,Joe Thuney,G,OL,"https://static.www.nfl.com/image/upload/f_auto,q_auto/league/fstgjypwv8bcpfaae5mi",2021,REG,KC,8,0,0,0,0,0,0,0,0,0,0,0,0,,,0,,0,0,0,0,0,0,0,0,0,0,,0,0,0,0,0,0,0,0,0,0,0,0,0,0,,0,0,0,0,0,,0,0,0,0,0,0,0,0,0,0,0,0,0,0,0,0,0,0,0,0,1,0,0,0,0,7,50,0,0,0,0,0,0,0,0,0,0,0,0,0,,,0,0,0,0,0,0,0,0,0,0,0,0,,,,0,0,0,0,0,0,0,,0,0,0,0,,0,0,,0,0,0,0,0,0,0,0,0,0,0,0
00-0032392,A.Hooper,Austin Hooper,TE,TE,"https://static.www.nfl.com/image/upload/f_auto,q_auto/league/gfvav2gybtr174ckovpk",2021,REG,CLE,15,0,0,0,0,0,0,0,0,0,0,0,0,,,0,,0,0,0,0,0,0,0,0,0,0,,0,0,0,0,0,38,61,345,3,0,0,328,185,18,20.0215033067442,1,13,4,4,0,1.05182926829268,0.122244488977956,0.0764212488350419,0.236861607651463,0,2,0,0,0,0,0,0,0,0,0,0,0,0,0,0,0,0,0,0,0,0,1,5,0,0,0,0,0,0,0,0,0,0,0,0,0,,,0,0,0,0,0,0,0,0,0,0,0,0,,,,0,0,0,0,0,0,0,,0,0,0,0,,0,0,,0,0,0,0,0,0,0,0,0,0,54.5,92.5
00-0032394,N.Vannett,Nick Vannett,TE,TE,"https://static.www.nfl.com/image/upload/f_auto,q_auto/league/srrlkx2mydsb8gfco6fp",2021,REG,NO,7,0,0,0,0,0,0,0,0,0,0,0,0,,,0,,0,0,0,0,0,0,0,0,0,0,,0,0,0,0,0,9,15,133,1,0,0,83,92,7,6.71677217731671,0,7,4,2,0,1.60240963855422,0.0316455696202532,0.0221628838451268,0.0629823731219685,0,0,0,0,0,0,0,0,0,0,0,0,0,0,0,0,0,0,0,0,0,0,1,10,0,0,0,0,0,0,0,0,0,0,0,0,0,,,0,0,0,0,0,0,0,0,0,0,0,0,,,,0,0,0,0,0,0,0,,0,0,0,0,,0,0,,0,0,0,0,0,0,0,0,0,0,19.3,28.3
00-0032395,G.Glasgow,Graham Glasgow,C,OL,"https://static.www.nfl.com/image/upload/f_auto,q_auto/league/mgmeks8iieefdbtk2zob",2021,REG,DEN,3,0,0,0,0,0,0,0,0,0,0,0,0,,,0,,0,0,0,0,0,0,0,0,0,0,,0,0,0,0,0,0,0,0,0,0,0,0,0,0,,0,0,0,0,0,,0,0,0,0,0,0,1,0,0,0,0,0,0,0,0,0,0,0,0,0,0,0,0,0,0,2,15,0,0,0,0,0,0,0,0,0,0,0,0,0,,,0,0,0,0,0,0,0,0,0,0,0,0,,,,0,0,0,0,0,0,0,,0,0,0,0,,0,0,,0,0,0,0,0,0,0,0,0,0,0,0
00-0032398,C.Moore,Chris Moore,WR,WR,"https://static.www.nfl.com/image/upload/f_auto,q_auto/league/o0s29hnpztyxqotqdx8h",2021,REG,HOU,10,0,0,0,0,0,0,0,0,0,0,0,0,,,0,,0,0,0,0,0,0,0,0,0,0,,0,0,0,0,0,21,22,227,2,0,0,90,150,6,7.92604096379364,0,8,4,4,1,2.52222222222222,0.0420650095602294,0.0225168876657493,0.0788593357063687,0,2,0,3,0,0,0,0,0,0,0,0,0,0,0,0,0,0,0,0,0,0,2,20,0,0,0,0,0,0,0,0,0,0,0,0,0,,,0,0,0,0,0,0,0,0,0,0,0,0,,,,0,0,0,0,0,0,0,,0,0,0,0,,0,0,,0,0,0,0,0,0,0,0,0,0,34.7,55.7
00-0032399,M.Killebrew,Miles Killebrew,SAF,DB,"https://static.www.nfl.com/image/upload/f_auto,q_auto/league/f9p5bqqqb38i6kgvqzms",2021,REG,PIT,10,0,0,0,0,0,0,0,0,0,0,0,0,,,0,,0,0,0,0,0,0,0,0,0,0,,0,0,0,0,0,0,0,0,0,0,0,0,0,0,,0,0,0,0,0,,0,0,0,0,7,2,4,0,0,0,0,0,0,0,0,0,0,0,0,0,0,0,0,0,0,2,14,0,0,0,0,0,0,0,0,0,0,0,0,0,,,0,0,0,0,0,0,0,0,0,0,0,0,,,,0,0,0,0,0,0,0,,0,0,0,0,,0,0,,0,0,0,0,0,0,0,0,0,0,0,0
00-0032401,D.Campbell,De'Vondre Campbell,OLB,LB,"https://static.www.nfl.com/image/upload/f_auto,q_auto/league/wctve53etxcg6hx9o9cr",2021,REG,GB,16,0,0,0,0,0,0,0,0,0,0,0,0,,,0,,0,0,0,0,0,0,0,0,0,0,,0,0,0,0,0,0,0,0,0,0,0,0,0,0,,0,0,0,0,0,,0,0,0,0,88,14,44,5,16,2,2,8,6,2,15,5,0,0,0,0,0,0,1,3,0,1,15,0,0,0,0,0,0,0,0,0,0,0,0,0,,,0,0,0,0,0,0,0,0,0,0,0,0,,,,0,0,0,0,0,0,0,,0,0,0,0,,0,0,,0,0,0,0,0,0,0,0,0,0,0,0
00-0032402,H.Ridgeway,Hassan Ridgeway,DT,DL,"https://static.www.nfl.com/image/private/f_auto,q_auto/league/qwfblduq15msbj7vd0sn",2021,REG,PHI,12,0,0,0,0,0,0,0,0,0,0,0,0,,,0,,0,0,0,0,0,0,0,0,0,0,,0,0,0,0,0,0,0,0,0,0,0,0,0,0,,0,0,0,0,0,,0,0,0,0,8,2,10,1,8,1,2,19,5,0,0,0,0,0,0,0,0,0,0,0,0,2,7,0,0,0,0,0,0,0,0,0,0,0,0,0,,,0,0,0,0,0,0,0,0,0,0,0,0,,,,0,0,0,0,0,0,0,,0,0,0,0,,0,0,,0,0,0,0,0,0,0,0,0,0,0,0
00-0032403,J.Burris,Juston Burris,FS,DB,"https://static.www.nfl.com/image/private/f_auto,q_auto/league/jfec3gix9dui5nyxavh6",2021,REG,CAR,9,0,0,0,0,0,0,0,0,0,0,0,0,,,0,,0,0,0,0,0,0,0,0,0,0,,0,0,0,0,0,0,0,0,0,0,0,0,0,0,,0,0,0,0,0,,0,0,0,0,16,1,6,1,3,0,0,0,0,1,17,1,0,0,0,0,0,0,0,0,0,3,38,0,0,0,0,0,0,0,0,0,0,0,0,0,,,0,0,0,0,0,0,0,0,0,0,0,0,,,,0,0,0,0,0,0,0,,0,0,0,0,,0,0,,0,0,0,0,0,0,0,0,0,0,0,0
00-0032408,B.Martinez,Blake Martinez,ILB,LB,"https://static.www.nfl.com/image/private/f_auto,q_auto/league/cjnmypxafnr8cgfnbnvt",2021,REG,NYG,3,0,0,0,0,0,0,0,0,0,0,0,0,,,0,,0,0,0,0,0,0,0,0,0,0,,0,0,0,0,0,0,0,0,0,0,0,0,0,0,,0,0,0,0,0,,0,0,0,0,11,0,12,1,1,0,0,0,0,0,0,0,0,0,0,0,0,0,0,0,0,0,0,0,0,0,0,0,0,0,0,0,0,0,0,0,,,0,0,0,0,0,0,0,0,0,0,0,0,,,,0,0,0,0,0,0,0,,0,0,0,0,,0,0,,0,0,0,0,0,0,0,0,0,0,0,0
00-0032410,R.Robinson,Rashard Robinson,CB,DB,"https://static.www.nfl.com/image/private/f_auto,q_auto/league/geadldf3cbge9wcvxize",2021,REG,TB,3,0,0,0,0,0,0,0,0,0,0,0,0,,,0,,0,0,0,0,0,0,0,0,0,0,,0,0,0,0,0,0,0,0,0,0,0,0,0,0,,0,0,0,0,0,,0,0,0,0,3,0,1,0,0,0,0,0,0,0,0,0,0,0,0,0,0,0,0,0,0,1,10,0,0,0,0,0,0,0,0,0,0,0,0,0,,,0,0,0,0,0,0,0,0,0,0,0,0,,,,0,0,0,0,0,0,0,,0,0,0,0,,0,0,,0,0,0,0,0,0,0,0,0,0,0,0
00-0032412,D.Lowry,Dean Lowry,DE,DL,"https://static.www.nfl.com/image/upload/f_auto,q_auto/league/lwrt3rztaeonuykkrfh1",2021,REG,GB,17,0,0,0,0,0,0,0,0,0,0,0,0,,,0,,0,0,0,0,0,0,0,0,0,0,,0,0,0,0,0,0,0,0,0,0,0,0,0,0,,0,0,0,0,0,,0,0,0,0,20,4,18,5,40,0,5,42,9,0,0,4,0,0,0,0,0,0,1,0,0,2,7,0,0,0,0,0,0,0,0,0,0,0,0,0,,,0,0,0,0,0,0,0,0,0,0,0,0,,,,0,0,0,0,0,0,0,,0,0,0,0,,0,0,,0,0,0,0,0,0,0,0,0,0,0,0
00-0032413,R.Blair,Ronald Blair,DE,DL,"https://static.www.nfl.com/image/private/f_auto,q_auto/league/bntwfar7mf4sbmbhackj",2021,REG,NYJ,8,0,0,0,0,0,0,0,0,0,0,0,0,,,0,,0,0,0,0,0,0,0,0,0,0,,0,0,0,0,0,0,0,0,0,0,0,0,0,0,,0,0,0,0,0,,0,0,0,0,7,5,16,2,8,0,1,6,4,0,0,0,0,0,0,0,0,0,1,6,0,1,10,0,0,0,0,0,0,0,0,0,0,0,0,0,,,0,0,0,0,0,0,0,0,0,0,0,0,,,,0,0,0,0,0,0,0,,0,0,0,0,,0,0,,0,0,0,0,0,0,0,0,0,0,0,0
00-0032415,M.Judon,Matthew Judon,OLB,LB,"https://static.www.nfl.com/image/upload/f_auto,q_auto/league/xio1oo9c8qwfrouppuvk",2021,REG,NE,16,0,0,0,0,0,0,0,0,0,0,0,0,,,0,,0,0,0,0,0,0,0,0,0,0,,0,0,0,0,0,0,0,0,0,0,0,0,0,0,,0,0,0,0,0,,0,0,0,0,31,7,22,13,77,0,12.5,85,25,0,0,1,0,0,0,0,0,0,1,-6,0,6,60,0,0,0,0,0,0,0,0,0,0,0,0,0,,,0,0,0,0,0,0,0,0,0,0,0,0,,,,0,0,0,0,0,0,0,,0,0,0,0,,0,0,,0,0,0,0,0,0,0,0,0,0,0,0
00-0032416,Q.Jefferson,Quinton Jefferson,DE,DL,"https://static.www.nfl.com/image/upload/f_auto,q_auto/league/ntbok1dm3de173gjcozk",2021,REG,LV,17,0,0,0,0,0,0,0,0,0,0,0,0,,,0,,0,0,0,0,0,0,0,0,0,0,,0,0,0,0,0,0,0,0,0,0,0,0,0,0,,0,0,0,0,0,,0,0,0,0,13,4,30,3,19,2,4.5,31.5,16,0,0,1,0,0,0,0,0,0,0,0,0,1,5,0,0,0,0,0,0,0,0,0,0,0,0,0,,,0,0,0,0,0,0,0,0,0,0,0,0,,,,0,0,0,0,0,0,0,,0,0,0,0,,0,0,,0,0,0,0,0,0,0,0,0,0,0,0
00-0032419,J.Haeg,Joe Haeg,OT,OL,"https://static.www.nfl.com/image/private/f_auto,q_auto/league/r1dnsh9odto6vsiyzl9i",2021,REG,PIT,2,0,0,0,0,0,0,0,0,0,0,0,0,,,0,,0,0,0,0,0,0,0,0,0,0,,0,0,0,0,0,0,0,0,0,0,0,0,0,0,,0,0,0,0,0,,0,0,0,0,1,0,0,0,0,0,0,0,0,0,0,0,0,0,0,0,0,0,0,0,0,1,15,0,0,0,0,0,0,0,0,0,0,0,0,0,,,0,0,0,0,0,0,0,0,0,0,0,0,,,,0,0,0,0,0,0,0,,0,0,0,0,,0,0,,0,0,0,0,0,0,0,0,0,0,0,0
00-0032420,B.Shell,Brandon Shell,OT,OL,"https://static.www.nfl.com/image/private/f_auto,q_auto/league/n7mmrzvdf8kcetps15ix",2021,REG,SEA,1,0,0,0,0,0,0,0,0,0,0,0,0,,,0,,0,0,0,0,0,0,0,0,0,0,,0,0,0,0,0,0,0,0,0,0,0,0,0,0,,0,0,0,0,0,,0,0,0,0,0,0,0,0,0,0,0,0,0,0,0,0,0,0,0,0,0,0,0,0,0,1,5,0,0,0,0,0,0,0,0,0,0,0,0,0,,,0,0,0,0,0,0,0,0,0,0,0,0,,,,0,0,0,0,0,0,0,,0,0,0,0,,0,0,,0,0,0,0,0,0,0,0,0,0,0,0
00-0032424,D.Reader,DJ Reader,DT,DL,"https://static.www.nfl.com/image/upload/f_auto,q_auto/league/gbbbyrh2pgibo9w8ahd6",2021,REG,CIN,15,0,0,0,0,0,0,0,0,0,0,0,0,,,0,,0,0,0,0,0,0,0,0,0,0,,0,0,0,0,0,0,0,0,0,0,0,0,0,0,,0,0,0,0,0,,0,0,0,0,18,4,21,3,11,0,2,10,7,0,0,0,0,0,0,0,0,0,0,0,0,1,11,0,0,0,0,0,0,0,0,0,0,0,0,0,,,0,0,0,0,0,0,0,0,0,0,0,0,,,,0,0,0,0,0,0,0,,0,0,0,0,,0,0,,0,0,0,0,0,0,0,0,0,0,0,0
00-0032426,A.Collins,Alex Collins,RB,RB,"https://static.www.nfl.com/image/private/f_auto,q_auto/league/ddlhbm7zsi5o69wh6z5o",2021,REG,SEA,11,0,0,0,0,0,0,0,0,0,0,0,0,,,0,,0,0,0,0,108,411,2,0,0,22,-12.090981805406,0,9,6,2,0,9,10,87,0,1,1,2,96,3,-1.43144154545735,0,3,2,2,0,43.5,0.0210970464135021,0.000432994154578913,0.0319486655284584,0,0,0,0,0,0,0,0,0,0,0,0,0,0,0,0,0,0,0,0,0,0,1,10,1,0,0,1,1,0,0,0,0,0,0,0,0,,,0,0,0,0,0,0,0,0,0,0,0,0,,,,0,0,0,0,0,0,0,,0,0,0,0,,0,0,,0,0,0,0,0,0,0,0,0,0,59.8,68.8
00-0032432,W.Schweitzer,Wes Schweitzer,G,OL,"https://static.www.nfl.com/image/private/f_auto,q_auto/league/yx1jsxusuk83sjwlwrie",2021,REG,WAS,4,0,0,0,0,0,0,0,0,0,0,0,0,,,0,,0,0,0,0,0,0,0,0,0,0,,0,0,0,0,0,0,0,0,0,0,0,0,0,0,,0,0,0,0,0,,0,0,0,0,0,0,0,0,0,0,0,0,0,0,0,0,0,0,0,0,0,0,0,0,0,4,19,0,0,0,0,0,0,0,0,0,0,0,0,0,,,0,0,0,0,0,0,0,0,0,0,0,0,,,,0,0,0,0,0,0,0,,0,0,0,0,,0,0,,0,0,0,0,0,0,0,0,0,0,0,0
00-0032434,B.Allen,Brandon Allen,QB,QB,"https://static.www.nfl.com/image/upload/f_auto,q_auto/league/cz7oluypd7ahkdrr8net",2021,REG,CIN,5,17,34,149,2,0,4,-33,1,0,174,120,5,-11.5920854696045,-17.431490168427,0,0.85632183908046,4,2,2,0,7,-1,0,0,0,1,-6.82555352622876,0,0,0,0,0,0,0,0,0,0,0,0,0,0,,0,0,0,0,0,,0,0,0,0,0,0,0,0,0,0,0,0,0,0,0,0,0,0,0,0,1,0,0,0,0,0,0,1,0,0,1,0,0,0,0,0,0,0,0,0,,,0,0,0,0,0,0,0,0,0,0,0,0,,,,0,0,0,0,0,0,0,,0,0,0,0,,0,0,,0,0,0,0,0,0,0,0,0,0,13.86,13.86
00-0032437,K.Grugier-Hill,Kamu Grugier-Hill,OLB,LB,"https://static.www.nfl.com/image/upload/f_auto,q_auto/league/sxfai8ftbojvsdl3wvem",2021,REG,HOU,14,0,0,0,0,0,0,0,0,0,0,0,0,,,0,,0,0,0,0,0,0,0,0,0,0,,0,0,0,0,0,0,0,0,0,0,0,0,0,0,,0,0,0,0,0,,0,0,0,0,58,13,37,12,43,2,3,20,5,1,82,3,0,0,0,0,0,0,0,0,0,2,10,0,0,0,0,0,0,0,0,0,0,0,0,0,,,0,0,0,0,0,0,0,0,0,0,0,0,,,,0,0,0,0,0,0,0,,0,0,0,0,,0,0,,0,0,0,0,0,0,0,0,0,0,0,0
00-0032438,M.Canady,Maurice Canady,CB,DB,"https://static.www.nfl.com/image/private/f_auto,q_auto/league/xknlzhrce0o36exq7k50",2021,REG,DAL,4,0,0,0,0,0,0,0,0,0,0,0,0,,,0,,0,0,0,0,0,0,0,0,0,0,,0,0,0,0,0,0,0,0,0,0,0,0,0,0,,0,0,0,0,0,,0,0,0,0,3,1,2,0,0,0,0,0,0,0,0,0,0,0,0,0,0,0,0,0,0,0,0,0,0,0,0,0,0,0,0,0,0,0,0,0,,,0,0,0,0,0,0,0,0,0,0,0,0,,,,0,0,0,0,0,0,0,,0,0,0,0,,0,0,,0,0,0,0,0,0,0,0,0,0,0,0
00-0032442,E.Roberts,Elandon Roberts,OLB,LB,"https://static.www.nfl.com/image/upload/f_auto,q_auto/league/niydmsknfdiu1zyivwso",2021,REG,MIA,17,0,0,0,0,0,0,0,0,0,0,0,0,,,0,,0,0,0,0,0,0,0,0,0,0,,0,0,0,0,0,0,0,0,0,0,0,0,0,0,,0,0,0,0,0,,0,0,0,0,36,6,41,4,14,2,1,7,2,1,85,4,1,0,0,0,0,0,0,0,0,2,24,0,0,0,0,0,0,0,0,0,0,0,0,0,,,0,0,0,0,0,0,0,0,0,0,0,0,,,,0,0,0,0,0,0,0,,0,0,0,0,,0,0,,0,0,0,0,0,0,0,0,0,0,0,0
00-0032445,T.Karras,Ted Karras,G,OL,"https://static.www.nfl.com/image/upload/f_auto,q_auto/league/trz2xsxziqel2nertm1g",2021,REG,NE,2,0,0,0,0,0,0,0,0,0,0,0,0,,,0,,0,0,0,0,0,0,0,0,0,0,,0,0,0,0,0,0,0,0,0,0,0,0,0,0,,0,0,0,0,0,,0,0,0,0,0,0,0,0,0,0,0,0,0,0,0,0,0,0,0,0,0,0,0,0,0,2,15,0,0,0,0,0,0,0,0,0,0,0,0,0,,,0,0,0,0,0,0,0,0,0,0,0,0,,,,0,0,0,0,0,0,0,,0,0,0,0,,0,0,,0,0,0,0,0,0,0,0,0,0,0,0
00-0032448,S.Weatherly,Stephen Weatherly,DE,DL,"https://static.www.nfl.com/image/private/f_auto,q_auto/league/jsunriybiepcfkdhq5ys",2021,REG,DEN,12,0,0,0,0,0,0,0,0,0,0,0,0,,,0,,0,0,0,0,0,0,0,0,0,0,,0,0,0,0,0,0,0,0,0,0,0,0,0,0,,0,0,0,0,0,,0,0,0,0,13,1,9,6,28,0,2.5,22.5,7,0,0,0,0,0,0,0,0,0,0,0,0,1,5,0,0,0,0,0,0,0,0,0,0,0,0,0,,,0,0,0,0,0,0,0,0,0,0,0,0,,,,0,0,0,0,0,0,0,,0,0,0,0,,0,0,,0,0,0,0,0,0,0,0,0,0,0,0
00-0032449,L.Edwards,Lachlan Edwards,P,SPEC,"https://static.www.nfl.com/image/private/f_auto,q_auto/league/a5k94hwnr5wayvwnkdbj",2021,REG,CAR,10,0,0,0,0,0,0,0,0,0,0,0,0,,,0,,0,0,0,0,0,0,0,0,0,0,,0,0,0,0,0,0,0,0,0,0,0,0,0,0,,0,0,0,0,0,,0,0,0,0,0,0,0,0,0,0,0,0,0,0,0,0,0,0,0,0,0,0,0,0,0,0,0,0,0,0,0,0,0,0,0,0,0,0,0,0,,,0,0,0,0,0,0,0,0,0,0,0,0,,,,0,0,0,0,0,0,0,,0,0,0,0,,38,1,62,1821,8,2,2,2,9,23,200,0,1581,0,0
00-0032450,D.Washington,Dwayne Washington,RB,RB,"https://static.www.nfl.com/image/private/f_auto,q_auto/league/h1nintlpbk2zyxerjpy4",2021,REG,NO,8,0,0,0,0,0,0,0,0,0,0,0,0,,,0,,0,0,0,0,4,16,0,0,0,0,-0.221869002562016,0,0,0,0,0,2,2,12,0,0,0,2,10,0,-0.0143035751243588,0,0,0,0,0,6,0.00421940928270042,0.000534045393858478,0.00670294569975157,0,6,0,1,0,0,0,0,0,0,0,0,0,0,0,0,0,0,0,0,0,0,1,15,0,0,0,0,0,0,0,3,56,0,0,0,0,,,0,0,0,0,0,0,0,0,0,0,0,0,,,,0,0,0,0,0,0,0,,0,0,0,0,,0,0,,0,0,0,0,0,0,0,0,0,0,2.8,4.8
00-0032454,J.Kearse,Jayron Kearse,S,DB,"https://static.www.nfl.com/image/private/f_auto,q_auto/league/z2gtcioou83mkhnwte6w",2021,REG,DAL,16,0,0,0,0,0,0,0,0,0,0,0,0,,,0,,0,0,0,0,0,0,0,0,0,0,,0,0,0,0,0,0,0,0,0,0,0,0,0,0,,0,0,0,0,0,,0,0,0,0,60,7,34,7,12,0,1,2,6,2,34,10,0,0,0,0,0,0,1,1,0,3,26,0,0,0,0,0,0,0,0,0,0,0,0,0,,,0,0,0,0,0,0,0,0,0,0,0,0,,,,0,0,0,0,0,0,0,,0,0,0,0,,0,0,,0,0,0,0,0,0,0,0,0,0,0,0
00-0032463,K.Peko,Kyle Peko,NT,DL,"https://static.www.nfl.com/image/upload/f_auto,q_auto/league/fjkxpymzwv4qn2qui5me",2021,REG,TEN,6,0,0,0,0,0,0,0,0,0,0,0,0,,,0,,0,0,0,0,0,0,0,0,0,0,,0,0,0,0,0,0,0,0,0,0,0,0,0,0,,0,0,0,0,0,,0,0,0,0,6,1,3,1,3,1,2,5,3,0,0,0,0,0,0,0,0,0,0,0,0,1,15,0,0,0,0,0,0,0,0,0,0,0,0,0,,,0,0,0,0,0,0,0,0,0,0,0,0,,,,0,0,0,0,0,0,0,,0,0,0,0,,0,0,,0,0,0,0,0,0,0,0,0,0,0,0
00-0032464,K.Raymond,Kalif Raymond,WR,WR,"https://static.www.nfl.com/image/upload/f_auto,q_auto/league/e5z8bskwg89hqtsjwwgj",2021,REG,DET,16,0,0,0,0,0,0,0,0,0,0,0,0,,,0,,0,0,0,0,4,28,0,0,0,2,1.41380493855104,0,1,1,0,0,48,71,576,4,0,0,725,262,28,17.0472832758532,0,22,13,8,1,0.79448275862069,0.125663716814159,0.191646841131377,0.322648364013203,0,0,0,0,0,0,0,0,0,0,0,0,0,0,0,0,0,0,0,0,0,0,0,0,0,0,0,0,0,21,236,0,0,0,0,0,0,,,0,0,0,0,0,0,0,0,0,0,0,0,,,,0,0,0,0,0,0,0,,0,0,0,0,,0,0,,0,0,0,0,0,0,0,0,0,0,84.4,132.4
00-0032466,G.Fant,George Fant,OT,OL,"https://static.www.nfl.com/image/upload/f_auto,q_auto/league/weyqunb0xlroc0uuydjg",2021,REG,NYJ,4,0,0,0,0,0,0,0,0,0,0,0,0,,,0,,0,0,0,0,0,0,0,0,0,0,,0,0,0,0,0,0,0,0,0,0,0,0,0,0,,0,0,0,0,0,,0,0,0,0,2,0,0,0,0,1,0,0,0,0,0,0,0,0,0,0,0,0,0,0,0,2,18,0,0,0,0,0,0,0,0,0,0,0,0,0,,,0,0,0,0,0,0,0,0,0,0,0,0,,,,0,0,0,0,0,0,0,,0,0,0,0,,0,0,,0,0,0,0,0,0,0,0,0,0,0,0
00-0032496,M.Farley,Matthias Farley,DB,DB,"https://static.www.nfl.com/image/private/f_auto,q_auto/league/yz4nj2cu0emfjudr3ofz",2021,REG,TEN,10,1,1,6,0,0,0,0,0,0,4,2,1,3.06227189977653,31.0208857059479,0,1.5,0,0,0,0,0,0,0,0,0,0,,0,0,0,0,0,0,0,0,0,0,0,0,0,0,,0,0,0,0,0,,0,0,0,0,9,3,4,0,0,1,0,0,0,0,0,0,0,0,0,0,0,0,1,1,0,1,15,0,0,0,0,0,0,0,0,0,0,0,0,0,,,0,0,0,0,0,0,0,0,0,0,0,0,,,,0,0,0,0,0,0,0,,0,0,0,0,,0,0,,0,0,0,0,0,0,0,0,0,0,0.24,0.24
00-0032497,R.Ferguson,Reid Ferguson,LS,SPEC,"https://static.www.nfl.com/image/upload/f_auto,q_auto/league/tarla9ric6f8tijjqrkz",2021,REG,BUF,1,0,0,0,0,0,0,0,0,0,0,0,0,,,0,,0,0,0,0,0,0,0,0,0,0,,0,0,0,0,0,0,0,0,0,0,0,0,0,0,,0,0,0,0,0,,0,0,0,0,0,1,0,0,0,0,0,0,0,0,0,0,0,0,0,0,0,0,0,0,0,0,0,0,0,0,0,0,0,0,0,0,0,0,0,0,,,0,0,0,0,0,0,0,0,0,0,0,0,,,,0,0,0,0,0,0,0,,0,0,0,0,,0,0,,0,0,0,0,0,0,0,0,0,0,0,0
00-0032518,J.Zimmer,Justin Zimmer,DT,DL,"https://static.www.nfl.com/image/private/f_auto,q_auto/league/xgh3lgbrh0csrfynjpq6",2021,REG,BUF,5,0,0,0,0,0,0,0,0,0,0,0,0,,,0,,0,0,0,0,0,0,0,0,0,0,,0,0,0,0,0,0,0,0,0,0,0,0,0,0,,0,0,0,0,0,,0,0,0,0,1,1,6,1,10,0,1,10,4,0,0,0,0,0,0,0,0,0,0,0,0,0,0,0,0,0,0,0,0,0,0,0,0,0,0,0,,,0,0,0,0,0,0,0,0,0,0,0,0,,,,0,0,0,0,0,0,0,,0,0,0,0,,0,0,,0,0,0,0,0,0,0,0,0,0,0,0
00-0032520,R.Hill,Rashod Hill,OT,OL,"https://static.www.nfl.com/image/private/f_auto,q_auto/league/whweu08errpvkp2cmthq",2021,REG,MIN,2,0,0,0,0,0,0,0,0,0,0,0,0,,,0,,0,0,0,0,0,0,0,0,0,0,,0,0,0,0,0,0,0,0,0,0,0,0,0,0,,0,0,0,0,0,,0,0,0,0,0,0,0,0,0,0,0,0,0,0,0,0,0,0,0,0,0,0,0,0,0,3,30,0,0,0,0,0,0,0,0,0,0,0,0,0,,,0,0,0,0,0,0,0,0,0,0,0,0,,,,0,0,0,0,0,0,0,,0,0,0,0,,0,0,,0,0,0,0,0,0,0,0,0,0,0,0
00-0032521,M.Hilton,Mike Hilton,CB,DB,"https://static.www.nfl.com/image/upload/f_auto,q_auto/league/uippdcskzxubvfqoqxlo",2021,REG,CIN,17,0,0,0,0,0,0,0,0,0,0,0,0,,,0,,0,0,0,0,0,0,0,0,0,0,,0,0,0,0,0,0,0,0,0,0,0,0,0,0,,0,0,0,0,0,,0,0,0,0,43,5,18,7,16,1,0,0,2,2,59,5,1,0,0,0,0,0,0,0,0,2,20,0,0,0,0,0,0,0,0,0,0,0,0,0,,,0,0,0,0,0,0,0,0,0,0,0,0,,,,0,0,0,0,0,0,0,,0,0,0,0,,0,0,,0,0,0,0,0,0,0,0,0,0,0,0
00-0032525,J.Wilson,Jarrod Wilson,FS,DB,"https://static.www.nfl.com/image/private/f_auto,q_auto/league/ubprv9h2dimzokxfgc3n",2021,REG,SF,6,0,0,0,0,0,0,0,0,0,0,0,0,,,0,,0,0,0,0,0,0,0,0,0,0,,0,0,0,0,0,0,0,0,0,0,0,0,0,0,,0,0,0,0,0,,0,0,0,0,8,3,5,1,8,0,1,8,3,0,0,0,0,0,0,0,0,0,0,0,0,3,35,0,0,0,0,0,0,0,0,0,0,0,0,0,,,0,0,0,0,0,0,0,0,0,0,0,0,,,,0,0,0,0,0,0,0,,0,0,0,0,,0,0,,0,0,0,0,0,0,0,0,0,0,0,0
00-0032528,J.Murray,Justin Murray,OT,OL,"https://static.www.nfl.com/image/private/f_auto,q_auto/league/m2g6gfzborq0yheentjw",2021,REG,ARI,1,0,0,0,0,0,0,0,0,0,0,0,0,,,0,,0,0,0,0,0,0,0,0,0,0,,0,0,0,0,0,0,0,0,0,0,0,0,0,0,,0,0,0,0,0,,0,0,0,0,1,0,0,0,0,0,0,0,0,0,0,0,0,0,0,0,0,0,0,0,0,0,0,0,0,0,0,0,0,0,0,0,0,0,0,0,,,0,0,0,0,0,0,0,0,0,0,0,0,,,,0,0,0,0,0,0,0,,0,0,0,0,,0,0,,0,0,0,0,0,0,0,0,0,0,0,0
00-0032543,A.Erickson,Alex Erickson,WR,WR,"https://static.www.nfl.com/image/private/f_auto,q_auto/league/tnd77vbkyo8srrrkaisu",2021,REG,CAR,17,0,0,0,0,0,0,0,0,0,0,0,0,,,0,,0,0,0,0,0,0,0,0,0,0,,0,0,0,0,0,3,4,55,0,0,0,33,30,2,1.91760590166086,0,3,2,1,0,1.66666666666667,0.00695652173913044,0.00747113425401857,0.0156645765865086,0,1,0,0,0,0,0,0,0,0,0,0,0,0,0,0,0,0,0,0,0,0,0,0,0,0,0,0,0,23,204,2,57,0,0,0,0,,,0,0,0,0,0,0,0,0,0,0,0,0,,,,0,0,0,0,0,0,0,,0,0,0,0,,0,0,,0,0,0,0,0,0,0,0,0,0,5.5,8.5
00-0032560,C.Washington,Charles Washington,DB,DB,"https://static.www.nfl.com/image/private/f_auto,q_auto/league/tdkgm2yjdrw67v41lyxr",2021,REG,ARI,3,0,0,0,0,0,0,0,0,0,0,0,0,,,0,,0,0,0,0,0,0,0,0,0,0,,0,0,0,0,0,0,0,0,0,0,0,0,0,0,,0,0,0,0,0,,0,0,0,0,3,0,0,0,0,0,0,0,0,0,0,0,0,0,0,0,0,0,0,0,0,0,0,0,0,0,0,0,0,0,0,0,0,0,0,0,,,0,0,0,0,0,0,0,0,0,0,0,0,,,,0,0,0,0,0,0,0,,0,0,0,0,,0,0,,0,0,0,0,0,0,0,0,0,0,0,0
00-0032573,P.Onwuasor,Patrick Onwuasor,ILB,LB,"https://static.www.nfl.com/image/private/f_auto,q_auto/league/fy2subrcuff9d8fbbozl",2021,REG,LV,1,0,0,0,0,0,0,0,0,0,0,0,0,,,0,,0,0,0,0,0,0,0,0,0,0,,0,0,0,0,0,0,0,0,0,0,0,0,0,0,,0,0,0,0,0,,0,0,0,0,0,0,0,0,0,0,0,0,0,0,0,0,0,0,0,0,0,0,0,0,0,1,10,0,0,0,0,0,0,0,0,0,0,0,0,0,,,0,0,0,0,0,0,0,0,0,0,0,0,,,,0,0,0,0,0,0,0,,0,0,0,0,,0,0,,0,0,0,0,0,0,0,0,0,0,0,0
00-0032574,M.Pierce,Michael Pierce,DT,DL,"https://static.www.nfl.com/image/upload/f_auto,q_auto/league/k9oastt4cbi9gpksewri",2021,REG,MIN,7,0,0,0,0,0,0,0,0,0,0,0,0,,,0,,0,0,0,0,0,0,0,0,0,0,,0,0,0,0,0,0,0,0,0,0,0,0,0,0,,0,0,0,0,0,,0,0,0,0,11,1,8,3,15,1,3,20,4,0,0,0,0,0,0,0,0,0,0,0,0,0,0,0,0,0,0,0,0,0,0,0,0,0,0,0,,,0,0,0,0,0,0,0,0,0,0,0,0,,,,0,0,0,0,0,0,0,,0,0,0,0,,0,0,,0,0,0,0,0,0,0,0,0,0,0,0
00-0032575,M.Skura,Matt Skura,C,OL,"https://static.www.nfl.com/image/private/f_auto,q_auto/league/h9enr0ycapsfxudjqe43",2021,REG,NYG,5,0,0,0,0,0,0,0,0,0,0,0,0,,,0,,0,0,0,0,0,0,0,0,0,0,,0,0,0,0,0,0,0,0,0,0,0,0,0,0,,0,0,0,0,0,,0,0,0,0,0,0,0,0,0,0,0,0,0,0,0,0,0,0,0,0,1,0,0,0,0,4,30,0,0,0,0,0,0,0,0,0,0,0,0,0,,,0,0,0,0,0,0,0,0,0,0,0,0,,,,0,0,0,0,0,0,0,,0,0,0,0,,0,0,,0,0,0,0,0,0,0,0,0,0,0,0
00-0032578,W.Hamilton,Woodrow Hamilton,DT,DL,"https://static.www.nfl.com/image/private/f_auto,q_auto/league/s3uinm6pqyqwrmbgoynp",2021,REG,NYG,1,0,0,0,0,0,0,0,0,0,0,0,0,,,0,,0,0,0,0,0,0,0,0,0,0,,0,0,0,0,0,0,0,0,0,0,0,0,0,0,,0,0,0,0,0,,0,0,0,0,0,0,2,0,0,0,0,0,0,0,0,0,0,0,0,0,0,0,0,0,0,0,0,0,0,0,0,0,0,0,0,0,0,0,0,0,,,0,0,0,0,0,0,0,0,0,0,0,0,,,,0,0,0,0,0,0,0,,0,0,0,0,,0,0,,0,0,0,0,0,0,0,0,0,0,0,0
00-0032580,J.Jones,Jonathan Jones,DB,DB,"https://static.www.nfl.com/image/upload/f_auto,q_auto/league/shh2jg4hjsp0xwlnchv1",2021,REG,NE,6,0,0,0,0,0,0,0,0,0,0,0,0,,,0,,0,0,0,0,0,0,0,0,0,0,,0,0,0,0,0,0,0,0,0,0,0,0,0,0,,0,0,0,0,0,,0,0,0,0,15,0,5,0,0,0,0,0,0,1,0,3,0,0,0,0,0,0,0,0,0,0,0,0,0,0,0,0,0,0,0,0,0,0,0,0,,,0,0,0,0,0,0,0,0,0,0,0,0,,,,0,0,0,0,0,0,0,,0,0,0,0,,0,0,,0,0,0,0,0,0,0,0,0,0,0,0
00-0032592,S.Neasman,Sharrod Neasman,S,DB,"https://static.www.nfl.com/image/private/f_auto,q_auto/league/pckbvzn2atszhm8oi6x5",2021,REG,NYJ,5,0,0,0,0,0,0,0,0,0,0,0,0,,,0,,0,0,0,0,0,0,0,0,0,0,,0,0,0,0,0,0,0,0,0,0,0,0,0,0,,0,0,0,0,0,,0,0,0,0,9,3,2,1,1,0,0,0,0,1,13,3,0,0,0,0,0,0,0,0,0,0,0,0,0,0,0,0,0,0,0,0,0,0,0,0,,,0,0,0,0,0,0,0,0,0,0,0,0,,,,0,0,0,0,0,0,0,,0,0,0,0,,0,0,,0,0,0,0,0,0,0,0,0,0,0,0
00-0032602,J.McKissic,J.D. McKissic,RB,RB,"https://static.www.nfl.com/image/private/f_auto,q_auto/league/zi77vkqwrmklt5ic6lc6",2021,REG,WAS,11,0,0,0,0,0,0,0,0,0,0,0,0,,,0,,0,0,0,0,48,212,2,0,0,14,3.00042741785012,0,6,1,0,0,43,53,397,2,0,0,31,380,15,12.9325399948386,0,15,5,3,1,12.8064516129032,0.099250936329588,0.00752427184466019,0.154143394785644,0,1,0,0,0,0,0,0,0,0,0,0,0,0,0,0,0,0,0,0,0,0,1,10,0,0,0,0,0,0,0,0,0,0,0,0,0,,,0,0,0,0,0,0,0,0,0,0,0,0,,,,0,0,0,0,0,0,0,,0,0,0,0,,0,0,,0,0,0,0,0,0,0,0,0,0,84.9,127.9
00-0032626,G.Allison,Geronimo Allison,WR,WR,"https://static.www.nfl.com/image/private/f_auto,q_auto/league/pngohl9rhrwyiaf7ywnz",2021,REG,DET,1,0,0,0,0,0,0,0,0,0,0,0,0,,,0,,0,0,0,0,0,0,0,0,0,0,,0,0,0,0,0,0,2,0,0,0,0,20,0,0,-1.21637288200834,0,0,0,0,0,0,0.00353982300884956,0.00528680941052075,0.00901050110063886,0,0,0,0,0,0,0,0,0,0,0,0,0,0,0,0,0,0,0,0,0,0,0,0,0,0,0,0,0,0,0,0,0,0,0,0,0,,,0,0,0,0,0,0,0,0,0,0,0,0,,,,0,0,0,0,0,0,0,,0,0,0,0,,0,0,,0,0,0,0,0,0,0,0,0,0,0,0
00-0032637,A.Adams,Andrew Adams,DB,DB,"https://static.www.nfl.com/image/upload/f_auto,q_auto/league/vcek7tec4fmt3agbba2s",2021,REG,TB,9,0,0,0,0,0,0,0,0,0,0,0,0,,,0,,0,0,0,0,0,0,0,0,0,0,,0,0,0,0,0,0,0,0,0,0,0,0,0,0,,0,0,0,0,0,,0,0,0,0,15,1,8,1,1,0,0,0,1,1,17,4,0,0,0,0,0,0,0,0,0,4,41,0,0,0,0,0,0,0,0,0,0,0,0,0,,,0,0,0,0,0,0,0,0,0,0,0,0,,,,0,0,0,0,0,0,0,,0,0,0,0,,0,0,,0,0,0,0,0,0,0,0,0,0,0,0
00-0032641,D.Deayon,Donte' Deayon,CB,DB,"https://static.www.nfl.com/image/private/f_auto,q_auto/league/v6br1z7iifzh2wjzwnx0",2021,REG,LA,10,0,0,0,0,0,0,0,0,0,0,0,0,,,0,,0,0,0,0,0,0,0,0,0,0,,0,0,0,0,0,0,0,0,0,0,0,0,0,0,,0,0,0,0,0,,0,0,0,0,20,4,5,1,3,0,0,0,0,0,0,2,0,0,0,0,0,0,0,0,0,1,15,0,0,0,0,0,0,0,0,0,0,0,0,0,,,0,0,0,0,0,0,0,0,0,0,0,0,,,,0,0,0,0,0,0,0,,0,0,0,0,,0,0,,0,0,0,0,0,0,0,0,0,0,0,0
00-0032655,R.Okwara,Romeo Okwara,DE,DL,"https://static.www.nfl.com/image/private/f_auto,q_auto/league/rkasbg8asew3pyozpkcu",2021,REG,DET,3,0,0,0,0,0,0,0,0,0,0,0,0,,,0,,0,0,0,0,0,0,0,0,0,0,,0,0,0,0,0,0,0,0,0,0,0,0,0,0,,0,0,0,0,0,,0,0,0,0,3,0,3,1,6,0,1,6,2,0,0,0,0,0,0,0,0,0,0,0,0,0,0,0,0,0,0,0,0,0,0,0,0,0,0,0,,,0,0,0,0,0,0,0,0,0,0,0,0,,,,0,0,0,0,0,0,0,,0,0,0,0,,0,0,,0,0,0,0,0,0,0,0,0,0,0,0
00-0032660,B.Bryant,Brandin Bryant,DT,DL,"https://static.www.nfl.com/image/private/f_auto,q_auto/league/rksltgairgdkebuo3gvv",2021,REG,BUF,2,0,0,0,0,0,0,0,0,0,0,0,0,,,0,,0,0,0,0,0,0,0,0,0,0,,0,0,0,0,0,0,0,0,0,0,0,0,0,0,,0,0,0,0,0,,0,0,0,0,2,0,0,0,0,0,0,0,1,0,0,0,0,0,0,0,0,0,0,0,0,0,0,0,0,0,0,0,0,0,0,0,0,0,0,0,,,0,0,0,0,0,0,0,0,0,0,0,0,,,,0,0,0,0,0,0,0,,0,0,0,0,,0,0,,0,0,0,0,0,0,0,0,0,0,0,0
00-0032667,R.Robertson-Harris,Roy Robertson-Harris,DE,DL,"https://static.www.nfl.com/image/upload/f_auto,q_auto/league/lu3nlgnkltamn4jtdbtg",2021,REG,JAX,14,0,0,0,0,0,0,0,0,0,0,0,0,,,0,,0,0,0,0,0,0,0,0,0,0,,0,0,0,0,0,0,0,0,0,0,0,0,0,0,,0,0,0,0,0,,0,0,0,0,17,4,16,3,23,0,3,23,9,0,0,2,0,0,0,0,0,0,0,0,0,3,42,0,0,0,0,0,0,0,0,0,0,0,0,0,,,0,0,0,0,0,0,0,0,0,0,0,0,,,,0,0,0,0,0,0,0,,0,0,0,0,,0,0,,0,0,0,0,0,0,0,0,0,0,0,0
00-0032671,M.Fox,Morgan Fox,DE,DL,"https://static.www.nfl.com/image/upload/f_auto,q_auto/league/xq3ab5fr6dyyqc5ncjhq",2021,REG,CAR,16,0,0,0,0,0,0,0,0,0,0,0,0,,,0,,0,0,0,0,0,0,0,0,0,0,,0,0,0,0,0,0,0,0,0,0,0,0,0,0,,0,0,0,0,0,,0,0,0,0,14,2,18,2,4,1,1.5,8,7,0,0,0,0,0,0,0,0,0,1,3,0,1,15,0,0,0,0,0,0,0,0,0,0,0,0,0,,,0,0,0,0,0,0,0,0,0,0,0,0,,,,0,0,0,0,0,0,0,,0,0,0,0,,0,0,,0,0,0,0,0,0,0,0,0,0,0,0
00-0032677,C.Littleton,Cory Littleton,ILB,LB,"https://static.www.nfl.com/image/private/f_auto,q_auto/league/co7mjepkzseqkecrhqz3",2021,REG,LV,15,0,0,0,0,0,0,0,0,0,0,0,0,,,0,,0,0,0,0,0,0,0,0,0,0,,0,0,0,0,0,0,0,0,0,0,0,0,0,0,,0,0,0,0,0,,0,0,0,0,46,5,47,1,7,0,0.5,0.5,2,0,0,4,0,0,0,0,0,0,1,0,0,1,20,0,0,0,0,0,0,0,0,0,0,0,0,0,,,0,0,0,0,0,0,0,0,0,0,0,0,,,,0,0,0,0,0,0,0,,0,0,0,0,,0,0,,0,0,0,0,0,0,0,0,0,0,0,0
00-0032688,R.Anderson,Robbie Chosen,WR,WR,"https://static.www.nfl.com/image/upload/f_auto,q_auto/league/kz2hbymqgrobo1uynciv",2021,REG,CAR,17,0,0,0,0,0,0,0,0,0,0,0,0,,,0,,0,0,0,0,3,36,0,0,0,1,2.22492585459258,0,1,1,1,0,53,110,519,5,0,0,1156,158,27,-28.5943300228586,0,21,10,3,1,0.448961937716263,0.191304347826087,0.261716096898347,0.470157789567974,0,1,0,0,0,0,0,0,0,0,0,0,0,0,0,0,0,0,0,0,0,0,0,0,0,0,0,0,0,0,0,0,0,0,0,0,0,,,0,0,0,0,0,0,0,0,0,0,0,0,,,,0,0,0,0,0,0,0,,0,0,0,0,,0,0,,0,0,0,0,0,0,0,0,0,0,85.5,138.5
00-0032725,S.Anderson,Stephen Anderson,TE,TE,"https://static.www.nfl.com/image/private/f_auto,q_auto/league/inufsxftnotmpeot1lh2",2021,REG,LAC,14,0,0,0,0,0,0,0,0,0,0,0,0,,,0,,0,0,0,0,0,0,0,0,0,0,,0,0,0,0,0,16,19,165,1,0,0,67,115,9,7.20989115905832,0,7,3,3,0,2.46268656716418,0.0288315629742033,0.0131837859110586,0.0524759945990461,0,4,1,1,0,0,0,0,0,0,0,0,0,0,0,0,0,0,0,0,0,0,2,15,0,0,0,0,0,0,0,0,0,0,0,0,0,,,0,0,0,0,0,0,0,0,0,0,0,0,,,,0,0,0,0,0,0,0,,0,0,0,0,,0,0,,0,0,0,0,0,0,0,0,0,0,22.5,38.5
00-0032726,K.Fairbairn,Ka'imi Fairbairn,K,SPEC,"https://static.www.nfl.com/image/upload/f_auto,q_auto/league/nbrs7doetqydf2rzhjjl",2021,REG,HOU,13,0,0,0,0,0,0,0,0,0,0,0,0,,,0,,0,0,0,0,0,0,0,0,0,0,,0,0,0,0,0,0,0,0,0,0,0,0,0,0,,0,0,0,0,0,,0,0,0,0,0,0,0,0,0,0,0,0,0,0,0,0,0,0,0,0,0,0,0,0,0,0,0,0,0,0,0,0,0,0,0,0,15,19,4,0,61,0.789473684210526,0,4,5,2,3,1,0,0,0,2,2,0,33;31;53;31;40;20;43;24;37;21;61;52;51;25;31,56;45;55;45,,553,201,0,13,16,3,0,0.8125,0,0,0,0,,0,0,,0,0,0,0,0,0,0,0,0,0,0,0
00-0032734,B.Scarlett,Brennan Scarlett,OLB,LB,"https://static.www.nfl.com/image/private/f_auto,q_auto/league/auygeb68uz5qs6kfieib",2021,REG,MIA,9,0,0,0,0,0,0,0,0,0,0,0,0,,,0,,0,0,0,0,0,0,0,0,0,0,,0,0,0,0,0,0,0,0,0,0,0,0,0,0,,0,0,0,0,0,,0,0,0,0,3,3,13,0,0,0,0,0,1,0,0,1,0,0,0,0,0,0,0,0,0,1,5,0,0,0,0,0,0,0,0,0,0,0,0,0,,,0,0,0,0,0,0,0,0,0,0,0,0,,,,0,0,0,0,0,0,0,,0,0,0,0,,0,0,,0,0,0,0,0,0,0,0,0,0,0,0
00-0032741,P.Barber,Peyton Barber,RB,RB,"https://static.www.nfl.com/image/private/f_auto,q_auto/league/yjcjcrdiztmfwjgcfbux",2021,REG,LV,9,0,0,0,0,0,0,0,0,0,0,0,0,,,0,,0,0,0,0,55,212,2,2,0,12,-9.86762250050215,0,6,5,1,0,10,13,67,0,0,0,20,73,3,-0.0441777537344024,0,3,1,1,0,3.35,0.021558872305141,0.00391006842619746,0.0350753563560497,0,0,0,0,0,0,0,0,0,0,0,0,0,0,0,0,0,1,0,0,0,0,0,0,2,0,0,2,0,0,0,2,49,0,0,0,0,,,0,0,0,0,0,0,0,0,0,0,0,0,,,,0,0,0,0,0,0,0,,0,0,0,0,,0,0,,0,0,0,0,0,0,0,0,0,0,39.9,49.9
00-0032758,V.Hargreaves,Vernon Hargreaves III,CB,DB,"https://static.www.nfl.com/image/private/f_auto,q_auto/league/jgnipmfwa4tmyicvwdoh",2021,REG,CIN,8,0,0,0,0,0,0,0,0,0,0,0,0,,,0,,0,0,0,0,0,0,0,0,0,0,,0,0,0,0,0,0,0,0,0,0,0,0,0,0,,0,0,0,0,0,,0,0,0,0,18,3,11,0,0,0,0,0,0,1,18,3,0,0,0,0,0,0,0,0,0,1,3,0,0,0,0,0,0,0,0,0,0,0,0,0,,,0,0,0,0,0,0,0,0,0,0,0,0,,,,0,0,0,0,0,0,0,,0,0,0,0,,0,0,,0,0,0,0,0,0,0,0,0,0,0,0
00-0032759,S.Rankins,Sheldon Rankins,DT,DL,"https://static.www.nfl.com/image/upload/f_auto,q_auto/league/ec78oc2cpukwczkzhyrw",2021,REG,NYJ,15,0,0,0,0,0,0,0,0,0,0,0,0,,,0,,0,0,0,0,0,0,0,0,0,0,,0,0,0,0,0,0,0,0,0,0,0,0,0,0,,0,0,0,0,0,,0,0,0,0,12,3,17,5,43,0,3,15,7,0,0,0,0,0,0,0,0,0,2,0,0,1,5,0,0,0,0,0,0,0,0,0,0,0,0,0,,,0,0,0,0,0,0,0,0,0,0,0,0,,,,0,0,0,0,0,0,0,,0,0,0,0,,0,0,,0,0,0,0,0,0,0,0,0,0,0,0
00-0032761,R.Nkemdiche,Robert Nkemdiche,DT,DL,"https://static.www.nfl.com/image/private/f_auto,q_auto/league/jmkt9rqj574temt7bpfy",2021,REG,SEA,9,0,0,0,0,0,0,0,0,0,0,0,0,,,0,,0,0,0,0,0,0,0,0,0,0,,0,0,0,0,0,0,0,0,0,0,0,0,0,0,,0,0,0,0,0,,0,0,0,0,4,3,8,0,0,0,0,0,1,0,0,1,0,0,0,0,0,0,0,0,0,1,12,0,0,0,0,0,0,0,0,0,0,0,0,0,,,0,0,0,0,0,0,0,0,0,0,0,0,,,,0,0,0,0,0,0,0,,0,0,0,0,,0,0,,0,0,0,0,0,0,0,0,0,0,0,0
00-0032762,C.Jones,Chris Jones,DE,DL,"https://static.www.nfl.com/image/upload/f_auto,q_auto/league/yrka1thykkvkfo4ixrxc",2021,REG,KC,13,0,0,0,0,0,0,0,0,0,0,0,0,,,0,,0,0,0,0,0,0,0,0,0,0,,0,0,0,0,0,0,0,0,0,0,0,0,0,0,,0,0,0,0,0,,0,0,0,0,17,1,9,8,53,1,9,65.5,17,0,0,5,0,0,0,0,0,0,1,-2,0,6,35,0,0,0,0,0,0,0,0,0,0,0,0,0,,,0,0,0,0,0,0,0,0,0,0,0,0,,,,0,0,0,0,0,0,0,,0,0,0,0,,0,0,,0,0,0,0,0,0,0,0,0,0,0,0
00-0032763,A.Johnson,Austin Johnson,NT,DL,"https://static.www.nfl.com/image/upload/f_auto,q_auto/league/wmwnpt1s8wxxztkkqd0z",2021,REG,NYG,17,0,0,0,0,0,0,0,0,0,0,0,0,,,0,,0,0,0,0,0,0,0,0,0,0,,0,0,0,0,0,0,0,0,0,0,0,0,0,0,,0,0,0,0,0,,0,0,0,0,25,6,41,5,24,0,3.5,23.5,7,0,0,1,0,0,0,0,0,0,1,0,0,0,0,0,0,0,0,0,0,0,0,0,0,0,0,0,,,0,0,0,0,0,0,0,0,0,0,0,0,,,,0,0,0,0,0,0,0,,0,0,0,0,,0,0,,0,0,0,0,0,0,0,0,0,0,0,0
00-0032764,D.Henry,Derrick Henry,RB,RB,"https://static.www.nfl.com/image/upload/f_auto,q_auto/league/jxtikemnvpkw9r0ex2wv",2021,REG,TEN,8,1,1,5,1,0,0,0,0,0,5,0,1,1.03209029574646,57.4945956468582,0,1,0,0,0,0,219,937,10,1,0,49,-4.84225413301408,1,20,14,3,2,18,20,154,0,0,0,-3,160,7,9.71497040960821,0,7,1,0,0,-51.3333333333333,0.0383141762452107,-0.000749063670411985,0.0569469197985277,0,0,0,0,0,0,0,0,0,0,0,0,0,0,0,0,0,1,0,0,0,0,1,5,1,0,0,1,0,0,0,0,0,0,0,0,0,,,0,0,0,0,0,0,0,0,0,0,0,0,,,,0,0,0,0,0,0,0,,0,0,0,0,,0,0,,0,0,0,0,0,0,0,0,0,0,175.3,193.3
00-0032766,J.Spriggs,Jason Spriggs,OT,OL,"https://static.www.nfl.com/image/private/f_auto,q_auto/league/qds8oiiybnr1lgcajtob",2021,REG,ATL,2,0,0,0,0,0,0,0,0,0,0,0,0,,,0,,0,0,0,0,0,0,0,0,0,0,,0,0,0,0,0,0,0,0,0,0,0,0,0,0,,0,0,0,0,0,,0,0,0,0,0,0,0,0,0,0,0,0,0,0,0,0,0,0,0,0,0,0,0,0,0,2,20,0,0,0,0,0,0,0,0,0,0,0,0,0,,,0,0,0,0,0,0,0,0,0,0,0,0,,,,0,0,0,0,0,0,0,,0,0,0,0,,0,0,,0,0,0,0,0,0,0,0,0,0,0,0
00-0032768,C.Whitehair,Cody Whitehair,G,OL,"https://static.www.nfl.com/image/upload/f_auto,q_auto/league/rp4zb2zxkhjosnuo6zer",2021,REG,CHI,5,0,0,0,0,0,0,0,0,0,0,0,0,,,0,,0,0,0,0,0,0,0,0,0,0,,0,0,0,0,0,0,0,0,0,0,0,0,0,0,,0,0,0,0,0,,0,0,0,0,1,0,0,0,0,0,0,0,0,0,0,0,0,0,0,0,0,0,0,0,0,5,45,0,0,0,0,0,0,0,0,0,0,0,0,0,,,0,0,0,0,0,0,0,0,0,0,0,0,,,,0,0,0,0,0,0,0,,0,0,0,0,,0,0,,0,0,0,0,0,0,0,0,0,0,0,0
00-0032770,T.Young,Tavon Young,CB,DB,"https://static.www.nfl.com/image/private/f_auto,q_auto/league/aemzuxgenmqo1xpmogee",2021,REG,BAL,15,0,0,0,0,0,0,0,0,0,0,0,0,,,0,,0,0,0,0,0,0,0,0,0,0,,0,0,0,0,0,0,0,0,0,0,0,0,0,0,,0,0,0,0,0,,0,0,0,0,29,1,5,4,23,0,2,20,3,1,0,3,0,0,0,0,0,0,0,0,0,4,58,0,0,0,0,0,0,0,0,0,0,0,0,0,,,0,0,0,0,0,0,0,0,0,0,0,0,,,,0,0,0,0,0,0,0,,0,0,0,0,,0,0,,0,0,0,0,0,0,0,0,0,0,0,0
00-0032771,P.Ehinger,Parker Ehinger,G,OL,"https://static.www.nfl.com/image/private/f_auto,q_auto/league/zhndfyv06empalrapux8",2021,REG,DET,1,0,0,0,0,0,0,0,0,0,0,0,0,,,0,,0,0,0,0,0,0,0,0,0,0,,0,0,0,0,0,0,0,0,0,0,0,0,0,0,,0,0,0,0,0,,0,0,0,0,0,0,0,0,0,0,0,0,0,0,0,0,0,0,0,0,0,0,0,0,0,1,5,0,0,0,0,0,0,0,0,0,0,0,0,0,,,0,0,0,0,0,0,0,0,0,0,0,0,,,,0,0,0,0,0,0,0,,0,0,0,0,,0,0,,0,0,0,0,0,0,0,0,0,0,0,0
00-0032772,R.Smith,Ryan Smith,CB,DB,"https://static.www.nfl.com/image/private/f_auto,q_auto/league/rr2dson0ucuhmzizbjry",2021,REG,LAC,2,0,0,0,0,0,0,0,0,0,0,0,0,,,0,,0,0,0,0,0,0,0,0,0,0,,0,0,0,0,0,0,0,0,0,0,0,0,0,0,,0,0,0,0,0,,0,0,0,0,4,0,1,0,0,0,0,0,0,0,0,0,0,0,0,0,0,0,0,0,0,0,0,0,0,0,0,0,0,0,0,0,0,0,0,0,,,0,0,0,0,0,0,0,0,0,0,0,0,,,,0,0,0,0,0,0,0,,0,0,0,0,,0,0,,0,0,0,0,0,0,0,0,0,0,0,0
00-0032773,N.Kwiatkoski,Nick Kwiatkoski,ILB,LB,"https://static.www.nfl.com/image/private/f_auto,q_auto/league/y4kxbbep5gxsvsdjjdnf",2021,REG,LV,7,0,0,0,0,0,0,0,0,0,0,0,0,,,0,,0,0,0,0,0,0,0,0,0,0,,0,0,0,0,0,0,0,0,0,0,0,0,0,0,,0,0,0,0,0,,0,0,0,0,12,1,8,1,1,1,0,0,0,0,0,0,0,0,0,0,0,0,0,0,0,0,0,0,0,0,0,0,1,6,0,0,0,0,0,0,,,0,0,0,0,0,0,0,0,0,0,0,0,,,,0,0,0,0,0,0,0,,0,0,0,0,,0,0,,0,0,0,0,0,0,0,0,0,0,0,0
00-0032774,D.Bush,Deon Bush,SAF,DB,"https://static.www.nfl.com/image/upload/f_auto,q_auto/league/v0inth9nfhbpq1ufqpmv",2021,REG,CHI,12,0,0,0,0,0,0,0,0,0,0,0,0,,,0,,0,0,0,0,0,0,0,0,0,0,,0,0,0,0,0,0,0,0,0,0,0,0,0,0,,0,0,0,0,0,,0,0,0,0,28,3,9,0,0,0,0,0,0,2,42,5,0,0,0,0,0,0,0,0,0,2,23,0,0,0,0,0,0,0,0,0,0,0,0,0,,,0,0,0,0,0,0,0,0,0,0,0,0,,,,0,0,0,0,0,0,0,,0,0,0,0,,0,0,,0,0,0,0,0,0,0,0,0,0,0,0
00-0032775,D.Robinson,Demarcus Robinson,WR,WR,"https://static.www.nfl.com/image/upload/f_auto,q_auto/league/aynbxqjpwz1vhpxbxvv8",2021,REG,KC,14,0,0,0,0,0,0,0,0,0,0,0,0,,,0,,0,0,0,0,0,0,0,0,0,0,,0,0,0,0,0,25,41,264,3,0,0,427,62,13,9.85642905299566,0,11,4,3,0,0.618266978922717,0.0643642072213501,0.0860020140986908,0.156747720701109,0,0,0,0,0,0,0,0,0,0,0,0,0,0,0,0,0,0,0,0,0,0,4,40,0,0,0,0,0,1,3,0,0,0,0,0,0,,,0,0,0,0,0,0,0,0,0,0,0,0,,,,0,0,0,0,0,0,0,,0,0,0,0,,0,0,,0,0,0,0,0,0,0,0,0,0,44.4,69.4
00-0032778,T.Sharpe,Tajae Sharpe,WR,WR,"https://static.www.nfl.com/image/private/f_auto,q_auto/league/c8fgfxrl2gmdv8thgw1p",2021,REG,ATL,14,0,0,0,0,0,0,0,0,0,0,0,0,,,0,,0,0,0,0,0,0,0,0,0,0,,0,0,0,0,0,25,37,230,0,0,0,347,69,14,4.76819341704452,0,10,3,0,0,0.662824207492795,0.0667870036101083,0.0837557325609462,0.158809518207825,0,1,0,0,0,0,0,0,0,0,0,0,0,0,0,0,0,0,0,0,0,0,0,0,0,0,0,0,0,0,0,0,0,0,0,0,0,,,0,0,0,0,0,0,0,0,0,0,0,0,,,,0,0,0,0,0,0,0,,0,0,0,0,,0,0,,0,0,0,0,0,0,0,0,0,0,23,48
00-0032780,J.Howard,Jordan Howard,RB,RB,"https://static.www.nfl.com/image/private/f_auto,q_auto/league/nbvb6bsrmjupmqrrf1n4",2021,REG,PHI,7,0,0,0,0,0,0,0,0,0,0,0,0,,,0,,0,0,0,0,86,406,3,0,0,24,-0.571893505462789,0,9,6,1,0,2,5,19,0,0,0,9,14,2,-0.827064380398952,0,1,0,0,0,2.11111111111111,0.0106837606837607,0.00212765957446809,0.0175150027277687,0,1,0,0,0,0,0,0,0,0,0,0,0,0,0,0,0,1,0,0,0,0,0,0,0,0,0,0,0,0,0,0,0,0,0,0,0,,,0,0,0,0,0,0,0,0,0,0,0,0,,,,0,0,0,0,0,0,0,,0,0,0,0,,0,0,,0,0,0,0,0,0,0,0,0,0,60.5,62.5
00-0032781,M.Ioannidis,Matthew Ioannidis,DT,DL,"https://static.www.nfl.com/image/private/f_auto,q_auto/league/lpssqcmedzhumg82rpex",2021,REG,WAS,15,0,0,0,0,0,0,0,0,0,0,0,0,,,0,,0,0,0,0,0,0,0,0,0,0,,0,0,0,0,0,0,0,0,0,0,0,0,0,0,,0,0,0,0,0,,0,0,0,0,14,2,22,3,13,0,2.5,10.5,11,0,0,0,0,0,0,0,0,0,0,0,0,2,7,0,0,0,0,0,0,0,0,0,0,0,0,0,,,0,0,0,0,0,0,0,0,0,0,0,0,,,,0,0,0,0,0,0,0,,0,0,0,0,,0,0,,0,0,0,0,0,0,0,0,0,0,0,0
00-0032782,W.Smallwood,Wendell Smallwood,RB,RB,"https://static.www.nfl.com/image/private/f_auto,q_auto/league/r20rhl0c17ql8dtnl5kz",2021,REG,WAS,2,0,0,0,0,0,0,0,0,0,0,0,0,,,0,,0,0,0,0,5,25,0,0,0,2,0.765405635931529,0,1,1,0,0,4,5,22,0,0,0,3,14,0,-1.47583956969902,0,0,0,0,0,7.33333333333333,0.00936329588014981,0.000728155339805825,0.0145546525580888,0,0,0,0,0,0,0,0,0,0,0,0,0,0,0,0,0,0,0,0,0,0,0,0,0,0,0,0,0,0,0,0,0,0,0,0,0,,,0,0,0,0,0,0,0,0,0,0,0,0,,,,0,0,0,0,0,0,0,,0,0,0,0,,0,0,,0,0,0,0,0,0,0,0,0,0,4.7,8.7
00-0032785,H.Vaitai,Halapoulivaati Vaitai,G,OL,"https://static.www.nfl.com/image/private/f_auto,q_auto/league/pfzazftnjpo529mvpo8e",2021,REG,DET,2,0,0,0,0,0,0,0,0,0,0,0,0,,,0,,0,0,0,0,0,0,0,0,0,0,,0,0,0,0,0,0,0,0,0,0,0,0,0,0,,0,0,0,0,0,,0,0,0,0,1,0,0,0,0,0,0,0,0,0,0,0,0,0,0,0,0,0,0,0,0,2,15,0,0,0,0,0,0,0,0,0,0,0,0,0,,,0,0,0,0,0,0,0,0,0,0,0,0,,,,0,0,0,0,0,0,0,,0,0,0,0,,0,0,,0,0,0,0,0,0,0,0,0,0,0,0
00-0032786,M.Christian,Marqui Christian,DB,DB,"https://static.www.nfl.com/image/private/f_auto,q_auto/league/bk79sr1yjbieayejzi9a",2021,REG,CHI,9,0,0,0,0,0,0,0,0,0,0,0,0,,,0,,0,0,0,0,0,0,0,0,0,0,,0,0,0,0,0,0,0,0,0,0,0,0,0,0,,0,0,0,0,0,,0,0,0,0,4,3,5,0,0,0,0,0,0,0,0,1,0,0,0,0,0,0,0,0,0,1,10,0,0,0,0,0,0,0,0,0,0,0,0,0,,,0,0,0,0,0,0,0,0,0,0,0,0,,,,0,0,0,0,0,0,0,,0,0,0,0,,0,0,,0,0,0,0,0,0,0,0,0,0,0,0
00-0032790,D.Houston-Carson,DeAndre Houston-Carson,DB,DB,"https://static.www.nfl.com/image/private/f_auto,q_auto/league/fxpb4ojlixre6s7tn5ru",2021,REG,CHI,12,0,0,0,0,0,0,0,0,0,0,0,0,,,0,,0,0,0,0,0,0,0,0,0,0,,0,0,0,0,0,0,0,0,0,0,0,0,0,0,,0,0,0,0,0,,0,0,0,0,28,5,18,0,0,0,0,0,0,1,0,4,0,0,0,0,0,0,2,25,1,0,0,0,0,0,0,0,0,0,0,0,0,0,0,0,,,0,0,0,0,0,0,0,0,0,0,0,0,,,,0,0,0,0,0,0,0,,0,0,0,0,,0,0,,0,0,0,0,0,0,0,0,0,0,0,0
00-0032791,J.Grant,Jakeem Grant,WR,WR,"https://static.www.nfl.com/image/private/f_auto,q_auto/league/f2ujcvb61rknhjyxcrsu",2021,REG,CHI,15,0,0,0,0,0,0,0,0,0,0,0,0,,,0,,0,0,0,0,5,33,0,0,0,2,0.943557511724066,0,2,1,0,0,11,17,132,2,1,1,80,103,7,2.44266299367882,0,5,2,2,1,1.65,0.0283806343906511,0.0178930887944531,0.0550961137420938,1,1,0,0,0,0,0,0,0,0,0,0,0,0,1,0,0,0,0,0,0,0,1,5,2,1,0,3,3,26,309,23,539,0,0,0,0,,,0,0,0,0,0,0,0,0,0,0,0,0,,,,0,0,0,0,0,0,0,,0,0,0,0,,0,0,,0,0,0,0,0,0,0,0,0,0,32.5,43.5
00-0032803,J.Mills,Jalen Mills,CB,DB,"https://static.www.nfl.com/image/upload/f_auto,q_auto/league/yc4745ngoppgf1syjghl",2021,REG,NE,15,0,0,0,0,0,0,0,0,0,0,0,0,,,0,,0,0,0,0,0,0,0,0,0,0,,0,0,0,0,0,0,0,0,0,0,0,0,0,0,,0,0,0,0,0,,0,0,0,0,33,2,12,1,2,0,0,0,0,0,0,7,0,0,0,0,0,0,1,0,0,3,52,0,0,0,0,0,0,0,0,0,0,0,0,0,,,0,0,0,0,0,0,0,0,0,0,0,0,,,,0,0,0,0,0,0,0,,0,0,0,0,,0,0,,0,0,0,0,0,0,0,0,0,0,0,0
00-0032807,C.Fejedelem,Clayton Fejedelem,DB,DB,"https://static.www.nfl.com/image/private/f_auto,q_auto/league/mlxzah8tensxhgwc7z3x",2021,REG,MIA,7,0,0,0,0,0,0,0,0,0,0,0,0,,,0,,0,0,0,0,1,0,0,1,1,0,-3.50586333242245,0,0,0,0,0,0,0,0,0,0,0,0,0,0,,0,0,0,0,0,,0,0,0,0,5,0,2,0,0,0,0,0,0,0,0,0,0,0,0,0,0,-3,0,0,0,1,8,0,1,0,1,1,0,0,0,0,0,0,0,0,,,0,0,0,0,0,0,0,0,0,0,0,0,,,,0,0,0,0,0,0,0,,0,0,0,0,,0,0,,0,0,0,0,0,0,0,0,0,0,-2,-2
00-0032809,J.Walker,Joe Walker,LB,LB,"https://static.www.nfl.com/image/private/f_auto,q_auto/league/atg9crnzdxhx8cya6eh0",2021,REG,ARI,6,0,0,0,0,0,0,0,0,0,0,0,0,,,0,,0,0,0,0,0,0,0,0,0,0,,0,0,0,0,0,0,0,0,0,0,0,0,0,0,,0,0,0,0,0,,0,0,0,0,4,2,5,0,0,0,0,0,0,0,0,0,0,0,0,0,0,0,0,0,0,0,0,0,0,0,0,0,0,0,0,0,0,0,0,0,,,0,0,0,0,0,0,0,0,0,0,0,0,,,,0,0,0,0,0,0,0,,0,0,0,0,,0,0,,0,0,0,0,0,0,0,0,0,0,0,0
00-0032813,E.Penny,Elijhaa Penny,FB,RB,"https://static.www.nfl.com/image/private/f_auto,q_auto/league/jiebuu94lu81xzneqrsf",2021,REG,NYG,13,0,0,0,0,0,0,0,0,0,0,0,0,,,0,,0,0,0,0,24,99,1,0,0,9,0.508807438613972,1,2,1,0,0,9,13,30,1,0,0,-4,36,4,-4.11426882405067,0,1,1,0,0,-7.5,0.0230496453900709,-0.000916800366720147,0.0339327078284023,0,2,1,6,0,0,0,0,0,0,0,0,0,0,0,0,0,0,0,0,0,0,3,21,0,0,0,0,0,0,0,0,0,0,0,0,0,,,0,0,0,0,0,0,0,0,0,0,0,0,,,,0,0,0,0,0,0,0,,0,0,0,0,,0,0,,0,0,0,0,0,0,0,0,0,0,26.9,35.9
00-0032848,K.Peterson,Kevin Peterson,CB,DB,"https://static.www.nfl.com/image/private/f_auto,q_auto/league/zxah6cxxtk8knftopqym",2021,REG,ARI,2,0,0,0,0,0,0,0,0,0,0,0,0,,,0,,0,0,0,0,0,0,0,0,0,0,,0,0,0,0,0,0,0,0,0,0,0,0,0,0,,0,0,0,0,0,,0,0,0,0,5,1,2,0,0,0,0,0,0,0,0,0,0,0,0,0,0,0,0,0,0,0,0,0,0,0,0,0,0,0,0,0,0,0,0,0,,,0,0,0,0,0,0,0,0,0,0,0,0,,,,0,0,0,0,0,0,0,,0,0,0,0,,0,0,,0,0,0,0,0,0,0,0,0,0,0,0
00-0032870,A.Rosas,Aldrick Rosas,K,SPEC,"https://static.www.nfl.com/image/private/f_auto,q_auto/league/jyjstniyvbv82ihgml4w",2021,REG,DET,5,0,0,0,0,0,0,0,0,0,0,0,0,,,0,,0,0,0,0,0,0,0,0,0,0,,0,0,0,0,0,0,0,0,0,0,0,0,0,0,,0,0,0,0,0,,0,0,0,0,0,0,0,0,0,0,0,0,0,0,0,0,0,0,0,0,0,0,0,0,0,0,0,0,0,0,0,0,0,0,0,0,2,5,3,0,44,0.4,0,0,0,2,0,0,0,0,1,0,2,0,44;43,52;36;58,,87,146,0,14,14,0,0,1,0,0,0,0,,0,0,,0,0,0,0,0,0,0,0,0,0,0,0
00-0032871,A.Woods,Antwaun Woods,DT,DL,"https://static.www.nfl.com/image/private/f_auto,q_auto/league/qdd3dcj1cukyqvxzn1zx",2021,REG,IND,3,0,0,0,0,0,0,0,0,0,0,0,0,,,0,,0,0,0,0,0,0,0,0,0,0,,0,0,0,0,0,0,0,0,0,0,0,0,0,0,,0,0,0,0,0,,0,0,0,0,2,0,3,0,0,0,0,0,0,0,0,0,0,0,0,0,0,0,0,0,0,0,0,0,0,0,0,0,0,0,0,0,0,0,0,0,,,0,0,0,0,0,0,0,0,0,0,0,0,,,,0,0,0,0,0,0,0,,0,0,0,0,,0,0,,0,0,0,0,0,0,0,0,0,0,0,0
00-0032875,K.Crawley,Ken Crawley,CB,DB,"https://static.www.nfl.com/image/private/f_auto,q_auto/league/aobwnrjrxizyovaox0ma",2021,REG,NO,2,0,0,0,0,0,0,0,0,0,0,0,0,,,0,,0,0,0,0,0,0,0,0,0,0,,0,0,0,0,0,0,0,0,0,0,0,0,0,0,,0,0,0,0,0,,0,0,0,0,3,0,0,0,0,0,0,0,0,0,0,0,0,0,0,0,0,0,0,0,0,0,0,0,0,0,0,0,0,0,0,0,0,0,0,0,,,0,0,0,0,0,0,0,0,0,0,0,0,,,,0,0,0,0,0,0,0,,0,0,0,0,,0,0,,0,0,0,0,0,0,0,0,0,0,0,0
00-0032881,T.Lewis,Tommylee Lewis,WR,WR,"https://static.www.nfl.com/image/private/f_auto,q_auto/league/qvf3ud6rgqusejdd4f5u",2021,REG,MIA,2,0,0,0,0,0,0,0,0,0,0,0,0,,,0,,0,0,0,0,0,0,0,0,0,0,,0,0,0,0,0,1,2,7,0,0,0,6,11,1,0.253530551446602,0,0,0,0,0,1.16666666666667,0.00333889816360601,0.00134198165958399,0.0059477344071178,0,0,0,0,0,0,0,0,0,0,0,0,0,0,0,0,0,0,0,0,0,0,0,0,0,0,0,0,0,3,4,1,23,0,0,0,0,,,0,0,0,0,0,0,0,0,0,0,0,0,,,,0,0,0,0,0,0,0,,0,0,0,0,,0,0,,0,0,0,0,0,0,0,0,0,0,0.7,1.7
00-0032888,K.Joseph,Karl Joseph,FS,DB,"https://static.www.nfl.com/image/private/f_auto,q_auto/league/owp3ymcd9oo2veexzuhr",2021,REG,PIT,1,0,0,0,0,0,0,0,0,0,0,0,0,,,0,,0,0,0,0,0,0,0,0,0,0,,0,0,0,0,0,0,0,0,0,0,0,0,0,0,,0,0,0,0,0,,0,0,0,0,1,0,1,0,0,0,0,0,0,0,0,1,0,0,0,0,0,0,0,0,0,1,5,0,0,0,0,0,0,0,0,0,0,0,0,0,,,0,0,0,0,0,0,0,0,0,0,0,0,,,,0,0,0,0,0,0,0,,0,0,0,0,,0,0,,0,0,0,0,0,0,0,0,0,0,0,0
00-0032889,A.Robinson,A'Shawn Robinson,DT,DL,"https://static.www.nfl.com/image/upload/f_auto,q_auto/league/o2si1evbe2wsnwyrypjj",2021,REG,LA,16,0,0,0,0,0,0,0,0,0,0,0,0,,,0,,0,0,0,0,0,0,0,0,0,0,,0,0,0,0,0,0,0,0,0,0,0,0,0,0,,0,0,0,0,0,,0,0,0,0,24,9,34,2,12,2,2,25,2,0,0,0,0,0,0,0,0,0,0,0,0,0,0,0,0,0,0,0,0,0,0,0,0,0,0,0,,,0,0,0,0,0,0,0,0,0,0,0,0,,,,0,0,0,0,0,0,0,,0,0,0,0,,0,0,,0,0,0,0,0,0,0,0,0,0,0,0
00-0032890,J.Bradberry,James Bradberry,CB,DB,"https://static.www.nfl.com/image/private/f_auto,q_auto/league/aicnvekzwdh4mw66wh8g",2021,REG,NYG,16,0,0,0,0,0,0,0,0,0,0,0,0,,,0,,0,0,0,0,0,0,0,0,0,0,,0,0,0,0,0,0,0,0,0,0,0,0,0,0,,0,0,0,0,0,,0,0,0,0,36,1,10,0,0,0,0,0,0,4,19,17,0,1,0,0,1,0,1,13,0,5,49,0,1,0,1,0,0,0,0,0,0,0,0,0,,,0,0,0,0,0,0,0,0,0,0,0,0,,,,0,0,0,0,0,0,0,,0,0,0,0,,0,0,,0,0,0,0,0,0,0,0,0,0,0,0
00-0032891,D.Worley,Daryl Worley,CB,DB,"https://static.www.nfl.com/image/private/f_auto,q_auto/league/rxotapqf0dvdbnhkk5fl",2021,REG,BAL,3,0,0,0,0,0,0,0,0,0,0,0,0,,,0,,0,0,0,0,0,0,0,0,0,0,,0,0,0,0,0,0,0,0,0,0,0,0,0,0,,0,0,0,0,0,,0,0,0,0,5,0,2,0,0,0,0,0,0,0,0,0,0,0,0,0,0,0,0,0,0,1,2,0,0,0,0,0,0,0,0,0,0,0,0,0,,,0,0,0,0,0,0,0,0,0,0,0,0,,,,0,0,0,0,0,0,0,,0,0,0,0,,0,0,,0,0,0,0,0,0,0,0,0,0,0,0
00-0032892,N.Vigil,Nick Vigil,OLB,LB,"https://static.www.nfl.com/image/upload/f_auto,q_auto/league/wa0mujrluz8esidfvi8v",2021,REG,MIN,15,0,0,0,0,0,0,0,0,0,0,0,0,,,0,,0,0,0,0,0,0,0,0,0,0,,0,0,0,0,0,0,0,0,0,0,0,0,0,0,,0,0,0,0,0,,0,0,0,0,39,6,40,4,21,0,1,12,3,1,38,1,1,0,0,0,0,0,0,0,0,0,0,0,0,0,0,0,0,0,0,0,0,0,0,0,,,0,0,0,0,0,0,0,0,0,0,0,0,,,,0,0,0,0,0,0,0,,0,0,0,0,,0,0,,0,0,0,0,0,0,0,0,0,0,0,0
00-0032897,D.Watt,Derek Watt,FB,RB,"https://static.www.nfl.com/image/private/f_auto,q_auto/league/jrhk6npb7u3tmgzt7rwn",2021,REG,PIT,11,0,0,0,0,0,0,0,0,0,0,0,0,,,0,,0,0,0,0,1,1,0,0,0,1,2.14324945467524,0,0,0,0,0,3,3,15,0,0,0,-1,16,0,0.466171666164883,0,0,0,0,0,-15,0.00459418070444104,-0.000225275963054742,0.00673357788252324,0,9,1,4,0,0,0,0,0,0,0,0,0,0,0,0,0,0,0,0,0,0,0,0,0,0,0,0,0,0,0,0,0,0,0,0,0,,,0,0,0,0,0,0,0,0,0,0,0,0,,,,0,0,0,0,0,0,0,,0,0,0,0,,0,0,,0,0,0,0,0,0,0,0,0,0,1.6,4.6
00-0032918,C.Ham,C.J. Ham,FB,RB,"https://static.www.nfl.com/image/upload/f_auto,q_auto/league/evssvutwjy6szq7dpelm",2021,REG,MIN,15,0,0,0,0,0,0,0,0,0,0,0,0,,,0,,0,0,0,0,7,34,0,0,0,3,0.11409412935609,0,1,1,1,0,17,18,125,0,0,0,67,61,6,0.285948918841314,0,4,3,1,0,1.86567164179104,0.0311418685121107,0.0138372573316811,0.0563988829003429,0,0,0,1,0,0,0,0,0,0,0,0,0,0,0,0,0,0,0,0,0,0,2,10,0,0,0,0,0,0,0,0,0,0,0,0,0,,,0,0,0,0,0,0,0,0,0,0,0,0,,,,0,0,0,0,0,0,0,,0,0,0,0,,0,0,,0,0,0,0,0,0,0,0,0,0,15.9,32.9
00-0032933,A.Hamilton,Antonio Hamilton,CB,DB,"https://static.www.nfl.com/image/upload/f_auto,q_auto/league/ezqh9yn3k2gnriphk8q8",2021,REG,ARI,16,0,0,0,0,0,0,0,0,0,0,0,0,,,0,,0,0,0,0,0,0,0,0,0,0,,0,0,0,0,0,0,0,0,0,0,0,0,0,0,,0,0,0,0,0,,0,0,0,0,29,2,7,1,4,0,0,0,0,0,0,4,0,0,0,0,1,0,0,0,0,3,20,0,0,0,0,0,0,0,0,0,0,0,0,0,,,0,0,0,0,0,0,0,0,0,0,0,0,,,,0,0,0,0,0,0,0,,0,0,0,0,,0,0,,0,0,0,0,0,0,0,0,0,0,0,0
00-0032939,V.Bell,Vonn Bell,S,DB,"https://static.www.nfl.com/image/upload/f_auto,q_auto/league/sgfnqlbea65ktiiem6kp",2021,REG,CIN,16,0,0,0,0,0,0,0,0,0,0,0,0,,,0,,0,0,0,0,0,0,0,0,0,0,,0,0,0,0,0,0,0,0,0,0,0,0,0,0,,0,0,0,0,0,,0,0,0,0,62,2,33,4,7,3,0.5,6,1,1,15,8,0,0,0,0,0,0,1,0,0,3,33,0,0,0,0,0,0,0,0,0,0,0,0,0,,,0,0,0,0,0,0,0,0,0,0,0,0,,,,0,0,0,0,0,0,0,,0,0,0,0,,0,0,,0,0,0,0,0,0,0,0,0,0,0,0
00-0032942,K.Seymour,Kevon Seymour,CB,DB,"https://static.www.nfl.com/image/upload/f_auto,q_auto/league/krkiyzpkfb69x6dtt2bv",2021,REG,BAL,6,0,0,0,0,0,0,0,0,0,0,0,0,,,0,,0,0,0,0,0,0,0,0,0,0,,0,0,0,0,0,0,0,0,0,0,0,0,0,0,,0,0,0,0,0,,0,0,0,0,15,2,8,3,12,0,1,9,1,0,0,1,0,0,0,0,0,0,0,0,0,2,12,0,0,0,0,0,0,0,0,0,0,0,0,0,,,0,0,0,0,0,0,0,0,0,0,0,0,,,,0,0,0,0,0,0,0,,0,0,0,0,,0,0,,0,0,0,0,0,0,0,0,0,0,0,0
00-0032943,R.Dixon,Riley Dixon,P,SPEC,"https://static.www.nfl.com/image/upload/f_auto,q_auto/league/nkjfawzgxosjvjesf1ad",2021,REG,NYG,17,0,1,0,0,0,0,0,0,0,13,0,0,-2.85103766736574,-59.439891576767,0,0,0,0,0,0,0,0,0,0,0,0,,0,0,0,0,0,0,0,0,0,0,0,0,0,0,,0,0,0,0,0,,0,0,0,0,1,0,0,0,0,0,0,0,0,0,0,0,0,0,0,0,0,0,0,0,0,0,0,0,0,0,0,0,0,0,0,0,0,0,0,0,,,0,0,0,0,0,0,0,0,0,0,0,0,,,,0,0,0,0,0,0,0,,0,0,0,0,,74,0,63,3283,24,8,17,6,15,28,237,0,2926,0,0
00-0032950,C.Wentz,Carson Wentz,QB,QB,"https://static.www.nfl.com/image/upload/f_auto,q_auto/league/ot6wu9gw3cgcdb2cx6is",2021,REG,IND,17,322,516,3563,27,7,32,-227,4,4,3937,1650,165,13.0587300000473,-2.12075262662151,2,0.90500381000762,137,65,42,9,57,215,1,4,1,21,7.85790185829222,0,8,5,0,0,0,0,0,0,0,0,0,0,0,,0,0,0,0,0,,0,0,0,0,0,0,0,0,0,0,0,0,0,0,0,0,0,0,0,0,1,-6,0,0,0,1,10,5,3,0,8,5,0,0,0,0,0,0,0,0,,,0,0,0,0,0,0,0,0,0,0,0,0,,,,0,0,0,0,0,0,0,,0,0,0,0,,0,0,,0,0,0,0,0,0,0,0,0,0,258.02,258.02
00-0032951,L.Treadwell,Laquon Treadwell,WR,WR,"https://static.www.nfl.com/image/upload/f_auto,q_auto/league/b6hu3zlkauy5tcrseyv2",2021,REG,JAX,12,0,0,0,0,0,0,0,0,0,0,0,0,,,0,,0,0,0,0,0,0,0,0,0,0,,0,0,0,0,0,33,51,434,1,0,0,613,122,22,23.1323142503435,0,17,10,6,2,0.707993474714519,0.0874785591766724,0.128646379853095,0.221270304662175,0,1,0,1,0,0,0,0,0,0,0,0,0,0,0,0,0,0,0,0,0,0,2,10,0,0,0,0,0,0,0,0,0,0,0,0,0,,,0,0,0,0,0,0,0,0,0,0,0,0,,,,0,0,0,0,0,0,0,,0,0,0,0,,0,0,,0,0,0,0,0,0,0,0,0,0,49.4,82.4
00-0032952,N.Spence,Noah Spence,DE,DL,"https://static.www.nfl.com/image/private/f_auto,q_auto/league/vxxxto3x9ynxu48plg4e",2021,REG,CIN,2,0,0,0,0,0,0,0,0,0,0,0,0,,,0,,0,0,0,0,0,0,0,0,0,0,,0,0,0,0,0,0,0,0,0,0,0,0,0,0,,0,0,0,0,0,,0,0,0,0,3,1,2,0,0,0,0,0,2,0,0,0,0,0,0,0,0,0,0,0,0,0,0,0,0,0,0,0,0,0,0,0,0,0,0,0,,,0,0,0,0,0,0,0,0,0,0,0,0,,,,0,0,0,0,0,0,0,,0,0,0,0,,0,0,,0,0,0,0,0,0,0,0,0,0,0,0
00-0032954,I.Seumalo,Isaac Seumalo,G,OL,"https://static.www.nfl.com/image/upload/f_auto,q_auto/league/ffnqudvi1hv5rymj20d1",2021,REG,PHI,3,0,0,0,0,0,0,0,0,0,0,0,0,,,0,,0,0,0,0,0,0,0,0,0,0,,0,0,0,0,0,0,0,0,0,0,0,0,0,0,,0,0,0,0,0,,0,0,0,0,0,0,0,0,0,0,0,0,0,0,0,0,0,0,0,0,0,0,0,0,0,4,25,0,0,0,0,0,0,0,0,0,0,0,0,0,,,0,0,0,0,0,0,0,0,0,0,0,0,,,,0,0,0,0,0,0,0,,0,0,0,0,,0,0,,0,0,0,0,0,0,0,0,0,0,0,0
00-0032955,K.Fackrell,Kyler Fackrell,LB,LB,"https://static.www.nfl.com/image/private/f_auto,q_auto/league/stc6dn3vpwl5vagaf8tx",2021,REG,LAC,12,0,0,0,0,0,0,0,0,0,0,0,0,,,0,,0,0,0,0,0,0,0,0,0,0,,0,0,0,0,0,0,0,0,0,0,0,0,0,0,,0,0,0,0,0,,0,0,0,0,10,1,6,3,12,1,3,17,4,0,0,1,0,0,0,0,0,0,1,0,0,1,5,0,0,0,0,0,0,0,0,0,0,0,0,0,,,0,0,0,0,0,0,0,0,0,0,0,0,,,,0,0,0,0,0,0,0,,0,0,0,0,,0,0,,0,0,0,0,0,0,0,0,0,0,0,0
00-0032956,A.Janovich,Andy Janovich,FB,RB,"https://static.www.nfl.com/image/private/f_auto,q_auto/league/kf26fsuyxdvkloora0ox",2021,REG,CLE,6,0,0,0,0,0,0,0,0,0,0,0,0,,,0,,0,0,0,0,2,0,1,0,0,1,0.420954257424455,0,0,0,0,0,3,4,9,0,0,0,9,4,1,1.24247797687724,1,0,0,0,0,1,0.00801603206412826,0.00209692451071761,0.0134918952536947,0,2,0,0,0,0,0,0,0,0,0,0,0,0,0,0,0,0,0,0,0,0,0,0,0,0,0,0,0,0,0,2,19,0,0,0,0,,,0,0,0,0,0,0,0,0,0,0,0,0,,,,0,0,0,0,0,0,0,,0,0,0,0,,0,0,,0,0,0,0,0,0,0,0,0,0,8.9,11.9
00-0032958,W.Parks,Will Parks,S,DB,"https://static.www.nfl.com/image/private/f_auto,q_auto/league/lfhinmy4ca72xl7c9ead",2021,REG,NYJ,3,0,0,0,0,0,0,0,0,0,0,0,0,,,0,,0,0,0,0,0,0,0,0,0,0,,0,0,0,0,0,0,0,0,0,0,0,0,0,0,,0,0,0,0,0,,0,0,0,0,7,0,2,1,2,0,0,0,0,0,0,1,0,0,0,0,0,0,0,0,0,0,0,0,0,0,0,0,0,0,0,0,0,0,0,0,,,0,0,0,0,0,0,0,0,0,0,0,0,,,,0,0,0,0,0,0,0,,0,0,0,0,,0,0,,0,0,0,0,0,0,0,0,0,0,0,0
00-0032967,V.Butler,Vernon Butler,DT,DL,"https://static.www.nfl.com/image/private/f_auto,q_auto/league/spxzurteytkysxgspmze",2021,REG,BUF,8,0,0,0,0,0,0,0,0,0,0,0,0,,,0,,0,0,0,0,0,0,0,0,0,0,,0,0,0,0,0,0,0,0,0,0,0,0,0,0,,0,0,0,0,0,,0,0,0,0,3,3,5,0,0,0,0,0,1,0,0,0,0,0,0,0,0,0,0,0,0,2,10,0,0,0,0,0,0,0,0,0,0,0,0,0,,,0,0,0,0,0,0,0,0,0,0,0,0,,,,0,0,0,0,0,0,0,,0,0,0,0,,0,0,,0,0,0,0,0,0,0,0,0,0,0,0
00-0032968,M.Jack,Myles Jack,MLB,LB,"https://static.www.nfl.com/image/private/f_auto,q_auto/league/snqammtqrlvcsml5kbx2",2021,REG,JAX,15,0,0,0,0,0,0,0,0,0,0,0,0,,,0,,0,0,0,0,0,0,0,0,0,0,,0,0,0,0,0,0,0,0,0,0,0,0,0,0,,0,0,0,0,0,,0,0,0,0,51,11,46,2,5,0,0,0,2,0,0,0,0,0,0,0,0,0,0,0,0,1,3,0,0,0,0,0,0,0,0,0,0,0,0,0,,,0,0,0,0,0,0,0,0,0,0,0,0,,,,0,0,0,0,0,0,0,,0,0,0,0,,0,0,,0,0,0,0,0,0,0,0,0,0,0,0
00-0032969,N.Martin,Nick Martin,C,OL,"https://static.www.nfl.com/image/private/f_auto,q_auto/league/e2vj7s5hlbsjd5le7xvo",2021,REG,LV,1,0,0,0,0,0,0,0,0,0,0,0,0,,,0,,0,0,0,0,0,0,0,0,0,0,,0,0,0,0,0,0,0,0,0,0,0,0,0,0,,0,0,0,0,0,,0,0,0,0,0,0,0,0,0,0,0,0,0,0,0,0,0,0,0,0,0,0,0,0,0,1,15,0,0,0,0,0,0,0,0,0,0,0,0,0,,,0,0,0,0,0,0,0,0,0,0,0,0,,,,0,0,0,0,0,0,0,,0,0,0,0,,0,0,,0,0,0,0,0,0,0,0,0,0,0,0
00-0032970,J.Jenkins,Jordan Jenkins,DE,DL,"https://static.www.nfl.com/image/private/f_auto,q_auto/league/dwdlmnbznpvpudy545ft",2021,REG,HOU,10,0,0,0,0,0,0,0,0,0,0,0,0,,,0,,0,0,0,0,0,0,0,0,0,0,,0,0,0,0,0,0,0,0,0,0,0,0,0,0,,0,0,0,0,0,,0,0,0,0,8,1,11,4,23,0,2.5,24,5,0,0,0,0,0,0,0,0,0,0,0,0,2,20,0,0,0,0,0,0,0,0,0,0,0,0,0,,,0,0,0,0,0,0,0,0,0,0,0,0,,,,0,0,0,0,0,0,0,,0,0,0,0,,0,0,,0,0,0,0,0,0,0,0,0,0,0,0
00-0032971,J.Simmons,Justin Simmons,FS,DB,"https://static.www.nfl.com/image/upload/f_auto,q_auto/league/hepfele9gi8zbjin8kbf",2021,REG,DEN,17,0,0,0,0,0,0,0,0,0,0,0,0,,,0,,0,0,0,0,0,0,0,0,0,0,,0,0,0,0,0,0,0,0,0,0,0,0,0,0,,0,0,0,0,0,,0,0,0,0,49,11,20,1,11,0,1.5,13,2,5,76,12,0,0,0,0,0,0,0,0,0,0,0,0,0,0,0,0,0,0,0,0,0,0,0,0,,,0,0,0,0,0,0,0,0,0,0,0,0,,,,0,0,0,0,0,0,0,,0,0,0,0,,0,0,,0,0,0,0,0,0,0,0,0,0,0,0
00-0032972,D.Booker,Devontae Booker,RB,RB,"https://static.www.nfl.com/image/private/f_auto,q_auto/league/y5fw68qxcmxykv1uchlo",2021,REG,NYG,16,0,0,0,0,0,0,0,0,0,0,0,0,,,0,,0,0,0,0,145,593,2,0,0,31,-13.0684032377845,0,14,10,3,0,40,45,268,1,0,0,-12,297,11,5.79598372915643,0,8,3,1,1,-22.3333333333333,0.0797872340425532,-0.00275040110016044,0.117755570293717,0,3,0,0,0,0,0,0,0,0,0,0,0,0,0,0,0,0,0,0,0,0,2,10,0,0,0,0,0,0,0,0,0,0,0,0,0,,,0,0,0,0,0,0,0,0,0,0,0,0,,,,0,0,0,0,0,0,0,,0,0,0,0,,0,0,,0,0,0,0,0,0,0,0,0,0,104.1,144.1
00-0032975,J.Williams,Jonathan Williams,RB,RB,"https://static.www.nfl.com/image/private/f_auto,q_auto/league/dnlboggtjcflj9fxauub",2021,REG,WAS,5,0,0,0,0,0,0,0,0,0,0,0,0,,,0,,0,0,0,0,17,79,1,0,0,7,7.31190442910884,0,2,1,1,0,4,6,28,0,0,0,-14,36,2,-8.52761055552401,0,2,1,0,0,-2,0.0112359550561798,-0.00339805825242718,0.0144752918075706,0,1,0,1,0,0,0,0,0,0,0,0,0,0,0,0,0,1,0,0,0,0,0,0,0,0,0,0,0,0,0,0,0,0,0,0,0,,,0,0,0,0,0,0,0,0,0,0,0,0,,,,0,0,0,0,0,0,0,,0,0,0,0,,0,0,,0,0,0,0,0,0,0,0,0,0,16.7,20.7
00-0032977,R.Higgins,Rashard Higgins,WR,WR,"https://static.www.nfl.com/image/private/f_auto,q_auto/league/mdn4he3iuc2mwx3cfvfj",2021,REG,CLE,12,0,0,0,0,0,0,0,0,0,0,0,0,,,0,,0,0,0,0,0,0,0,0,0,0,,0,0,0,0,0,24,47,275,1,0,0,546,41,16,5.27309531600001,0,16,7,1,0,0.503663003663004,0.094188376753507,0.127213420316869,0.230331959352069,0,0,0,0,0,0,0,0,0,0,0,0,0,0,0,0,0,0,0,0,0,0,1,5,0,0,0,0,0,0,0,0,0,0,0,0,0,,,0,0,0,0,0,0,0,0,0,0,0,0,,,,0,0,0,0,0,0,0,,0,0,0,0,,0,0,,0,0,0,0,0,0,0,0,0,0,33.5,57.5
00-0032980,M.Johnson,Marcus Johnson,WR,WR,"https://static.www.nfl.com/image/private/f_auto,q_auto/league/pwq2yi4ewqtsx6buynay",2021,REG,TEN,7,0,0,0,0,0,0,0,0,0,0,0,0,,,0,,0,0,0,0,2,-2,0,0,0,1,-1.42043848498724,0,0,0,0,0,9,19,160,0,0,0,171,95,7,0.285265531332698,0,7,5,3,1,0.935672514619883,0.0363984674329502,0.0426966292134831,0.0844853415988635,0,0,1,0,0,0,0,0,0,0,0,0,0,0,0,0,0,0,0,0,0,0,1,6,0,0,0,0,0,0,0,9,179,0,0,0,0,,,0,0,0,0,0,0,0,0,0,0,0,0,,,,0,0,0,0,0,0,0,,0,0,0,0,,0,0,,0,0,0,0,0,0,0,0,0,0,15.8,24.8
00-0032986,J.Holtz,J.P. Holtz,TE,TE,"https://static.www.nfl.com/image/private/f_auto,q_auto/league/qmr1ixr4moaj0cri78sq",2021,REG,CHI,5,0,0,0,0,0,0,0,0,0,0,0,0,,,0,,0,0,0,0,0,0,0,0,0,0,,0,0,0,0,0,0,0,0,0,0,0,0,0,0,,0,0,0,0,0,,0,0,0,0,1,1,2,0,0,0,0,0,0,0,0,0,0,0,0,0,0,0,0,0,0,2,20,0,0,0,0,0,0,0,0,0,0,0,0,0,,,0,0,0,0,0,0,0,0,0,0,0,0,,,,0,0,0,0,0,0,0,,0,0,0,0,,0,0,,0,0,0,0,0,0,0,0,0,0,0,0
00-0032998,J.Norris,Jared Norris,LB,LB,"https://static.www.nfl.com/image/private/f_auto,q_auto/league/yjolxd0hrcomhpzjlvfg",2021,REG,WAS,2,0,0,0,0,0,0,0,0,0,0,0,0,,,0,,0,0,0,0,0,0,0,0,0,0,,0,0,0,0,0,0,0,0,0,0,0,0,0,0,,0,0,0,0,0,,0,0,0,0,1,1,1,0,0,0,0,0,0,0,0,0,0,0,0,0,0,0,0,0,0,0,0,0,0,0,0,0,0,0,0,0,0,0,0,0,,,0,0,0,0,0,0,0,0,0,0,0,0,,,,0,0,0,0,0,0,0,,0,0,0,0,,0,0,,0,0,0,0,0,0,0,0,0,0,0,0
00-0033006,J.Mickens,Jaydon Mickens,WR,WR,"https://static.www.nfl.com/image/private/f_auto,q_auto/league/edjmdcnmfcqucsqym7ku",2021,REG,JAX,11,0,0,0,0,0,0,0,0,0,0,0,0,,,0,,0,0,0,0,0,0,0,0,0,0,,0,0,0,0,0,2,3,10,0,0,0,58,3,1,0.590312995249406,0,1,0,0,0,0.172413793103448,0.00418994413407821,0.00984051577875806,0.013173277246248,0,1,0,0,0,0,0,0,0,0,0,0,0,0,1,0,0,0,0,0,0,0,0,0,1,0,0,1,0,14,136,13,302,0,0,0,0,,,0,0,0,0,0,0,0,0,0,0,0,0,,,,0,0,0,0,0,0,0,,0,0,0,0,,0,0,,0,0,0,0,0,0,0,0,0,0,1,3
00-0033009,T.Boyd,Tyler Boyd,WR,WR,"https://static.www.nfl.com/image/upload/f_auto,q_auto/league/ttifog0hjxprlhkagugu",2021,REG,CIN,16,1,1,46,0,0,0,0,0,0,-4,50,1,3.19244362713653,12.3739778995514,0,0,1,1,1,1,2,22,0,0,0,1,1.35556690348312,0,1,1,0,0,67,94,828,5,1,0,744,389,37,19.2971001435303,0,33,18,10,2,1.11290322580645,0.174074074074074,0.16920627700705,0.379555505016046,0,1,0,0,0,0,0,0,0,0,0,0,0,0,0,0,0,1,0,0,0,0,2,10,0,1,0,1,0,1,1,0,0,0,0,0,0,,,0,0,0,0,0,0,0,0,0,0,0,0,,,,0,0,0,0,0,0,0,,0,0,0,0,,0,0,,0,0,0,0,0,0,0,0,0,0,116.84,183.84
00-0033010,S.Day,Sheldon Day,DT,DL,"https://static.www.nfl.com/image/upload/f_auto,q_auto/league/cxw7fnka7letqbn7e1h3",2021,REG,CLE,7,0,0,0,0,0,0,0,0,0,0,0,0,,,0,,0,0,0,0,0,0,0,0,0,0,,0,0,0,0,0,0,0,0,0,0,0,0,0,0,,0,0,0,0,0,,0,0,0,0,6,1,14,0,0,0,1,3.5,1,0,0,2,0,0,0,0,0,0,0,0,0,1,15,0,0,0,0,0,0,0,0,0,0,0,0,0,,,0,0,0,0,0,0,0,0,0,0,0,0,,,,0,0,0,0,0,0,0,,0,0,0,0,,0,0,,0,0,0,0,0,0,0,0,0,0,0,0
00-0033011,C.McGovern,Connor McGovern,G,OL,"https://static.www.nfl.com/image/upload/f_auto,q_auto/league/ldgfrqc1yt4lkktp1iky",2021,REG,NYJ,5,0,0,0,0,0,0,0,0,0,0,0,0,,,0,,0,0,0,0,0,0,0,0,0,0,,0,0,0,0,0,0,0,0,0,0,0,0,0,0,,0,0,0,0,0,,0,0,0,0,3,0,0,0,0,0,0,0,0,0,0,0,0,0,0,0,0,0,0,0,0,3,35,0,0,0,0,0,0,0,0,0,0,0,0,0,,,0,0,0,0,0,0,0,0,0,0,0,0,,,,0,0,0,0,0,0,0,,0,0,0,0,,0,0,,0,0,0,0,0,0,0,0,0,0,0,0
00-0033025,J.Richard,Jalen Richard,RB,RB,"https://static.www.nfl.com/image/private/f_auto,q_auto/league/evmn0ccnvk73tukpmk5f",2021,REG,LV,9,0,0,0,0,0,0,0,0,0,0,0,0,,,0,,0,0,0,0,9,40,0,0,0,3,-1.32040608338119,0,1,1,1,0,12,14,72,0,0,0,7,67,4,-3.11693634284893,0,2,1,0,0,10.2857142857143,0.0232172470978441,0.00136852394916911,0.0357838374111845,0,0,0,0,0,0,0,0,0,0,0,0,0,0,0,0,0,0,0,0,0,0,0,0,0,0,0,0,0,0,0,11,227,0,0,0,0,,,0,0,0,0,0,0,0,0,0,0,0,0,,,,0,0,0,0,0,0,0,,0,0,0,0,,0,0,,0,0,0,0,0,0,0,0,0,0,11.2,23.2
00-0033038,E.Murray,Eric Murray,S,DB,"https://static.www.nfl.com/image/upload/f_auto,q_auto/league/owvt87ldq6ygpyq7ub4h",2021,REG,HOU,15,0,0,0,0,0,0,0,0,0,0,0,0,,,0,,0,0,0,0,0,0,0,0,0,0,,0,0,0,0,0,0,0,0,0,0,0,0,0,0,,0,0,0,0,0,,0,0,0,0,42,6,28,0,0,0,0,0,0,1,0,4,0,0,0,0,0,0,0,0,0,4,71,0,0,0,0,0,0,0,0,0,0,0,0,0,,,0,0,0,0,0,0,0,0,0,0,0,0,,,,0,0,0,0,0,0,0,,0,0,0,0,,0,0,,0,0,0,0,0,0,0,0,0,0,0,0
00-0033040,T.Hill,Tyreek Hill,WR,WR,"https://static.www.nfl.com/image/upload/f_auto,q_auto/league/gg73gnfivrn80oyqwazl",2021,REG,KC,17,0,0,0,0,0,0,0,0,0,0,0,0,,,0,,0,0,0,0,9,96,0,0,0,4,2.9771603627014,0,5,4,1,0,111,159,1239,9,2,1,1647,444,75,62.3657152911482,0,49,20,13,3,0.752276867030965,0.249607535321821,0.331722054380665,0.606616741049197,0,2,0,0,0,0,0,0,0,0,0,0,0,0,0,0,0,1,0,0,0,0,2,10,2,0,0,2,1,0,0,0,0,0,0,0,0,,,0,0,0,0,0,0,0,0,0,0,0,0,,,,0,0,0,0,0,0,0,,0,0,0,0,,0,0,,0,0,0,0,0,0,0,0,0,0,185.5,296.5
00-0033045,E.Elliott,Ezekiel Elliott,RB,RB,"https://static.www.nfl.com/image/upload/f_auto,q_auto/league/d4yr6htg4dbs0bgcfqnd",2021,REG,DAL,17,1,1,4,0,0,0,0,0,0,-4,8,0,-0.79311397834681,17.1617925167084,0,0,0,0,0,0,237,1002,10,1,1,55,-16.1093724808694,3,24,13,3,1,47,65,287,2,0,0,22,303,16,-1.12333506497126,0,11,3,1,0,13.0454545454545,0.102040816326531,0.00430023455824863,0.15607138868057,0,1,0,0,0,0,0,0,0,0,0,0,0,0,0,0,0,2,0,0,0,0,0,0,1,0,0,1,1,0,0,0,0,0,0,0,0,,,0,0,0,0,0,0,0,0,0,0,0,0,,,,0,0,0,0,0,0,0,,0,0,0,0,,0,0,,0,0,0,0,0,0,0,0,0,0,205.06,252.06
00-0033046,J.Ward,Jihad Ward,LB,LB,"https://static.www.nfl.com/image/upload/f_auto,q_auto/league/btmkbywpoicg8fcgvfhc",2021,REG,JAX,15,0,0,0,0,0,0,0,0,0,0,0,0,,,0,,0,0,0,0,0,0,0,0,0,0,,0,0,0,0,0,0,0,0,0,0,0,0,0,0,,0,0,0,0,0,,0,0,0,0,10,0,22,3,12,0,2,10,7,0,0,0,0,0,0,0,0,0,0,0,0,2,22,0,0,0,0,0,0,0,0,0,0,0,0,0,,,0,0,0,0,0,0,0,0,0,0,0,0,,,,0,0,0,0,0,0,0,,0,0,0,0,,0,0,,0,0,0,0,0,0,0,0,0,0,0,0
00-0033047,A.Brown,Anthony Brown,CB,DB,"https://static.www.nfl.com/image/upload/f_auto,q_auto/league/b0di12hyti7dtrbs9stm",2021,REG,DAL,16,0,0,0,0,0,0,0,0,0,0,0,0,,,0,,0,0,0,0,0,0,0,0,0,0,,0,0,0,0,0,0,0,0,0,0,0,0,0,0,,0,0,0,0,0,,0,0,0,0,56,3,12,1,4,1,0,0,0,3,45,17,1,0,0,0,0,0,0,0,0,5,96,0,0,0,0,0,0,0,0,0,0,0,0,0,,,0,0,0,0,0,0,0,0,0,0,0,0,,,,0,0,0,0,0,0,0,,0,0,0,0,,0,0,,0,0,0,0,0,0,0,0,0,0,0,0
00-0033050,X.Howard,Xavien Howard,CB,DB,"https://static.www.nfl.com/image/upload/f_auto,q_auto/league/jbebiqcxa5rrf9ihaxkp",2021,REG,MIA,16,0,0,0,0,0,0,0,0,0,0,0,0,,,0,,0,0,0,0,0,0,0,0,0,0,,0,0,0,0,0,0,0,0,0,0,0,0,0,0,,0,0,0,0,0,,0,0,0,0,35,4,11,0,0,2,1,0,1,5,54,16,1,0,0,0,0,0,2,49,1,3,34,0,0,0,0,0,0,0,0,0,0,0,0,0,,,0,0,0,0,0,0,0,0,0,0,0,0,,,,0,0,0,0,0,0,0,,0,0,0,0,,0,0,,0,0,0,0,0,0,0,0,0,0,0,0
00-0033051,D.Onyemata,David Onyemata,DT,DL,"https://static.www.nfl.com/image/upload/f_auto,q_auto/league/zzqx9ig8ltlva2uo0cgd",2021,REG,NO,9,0,0,0,0,0,0,0,0,0,0,0,0,,,0,,0,0,0,0,0,0,0,0,0,0,,0,0,0,0,0,0,0,0,0,0,0,0,0,0,,0,0,0,0,0,,0,0,0,0,10,2,22,1,10,0,2,17,10,0,0,0,0,0,0,0,0,0,1,0,0,2,17,0,0,0,0,0,0,0,0,0,0,0,0,0,,,0,0,0,0,0,0,0,0,0,0,0,0,,,,0,0,0,0,0,0,0,,0,0,0,0,,0,0,,0,0,0,0,0,0,0,0,0,0,0,0
00-0033052,J.Smith,Jaylon Smith,MLB,LB,"https://static.www.nfl.com/image/upload/f_auto,q_auto/league/gsbqo2w6mf7wubadhflr",2021,REG,NYG,9,0,0,0,0,0,0,0,0,0,0,0,0,,,0,,0,0,0,0,0,0,0,0,0,0,,0,0,0,0,0,0,0,0,0,0,0,0,0,0,,0,0,0,0,0,,0,0,0,0,24,2,12,1,9,0,1,9,1,0,0,1,0,0,0,0,0,0,0,0,0,0,0,0,0,0,0,0,0,0,0,0,0,0,0,0,,,0,0,0,0,0,0,0,0,0,0,0,0,,,,0,0,0,0,0,0,0,,0,0,0,0,,0,0,,0,0,0,0,0,0,0,0,0,0,0,0
00-0033055,J.Ramsey,Jalen Ramsey,CB,DB,"https://static.www.nfl.com/image/upload/f_auto,q_auto/league/pjozgun3xstol72jfoow",2021,REG,LA,16,0,0,0,0,0,0,0,0,0,0,0,0,,,0,,0,0,0,0,0,0,0,0,0,0,,0,0,0,0,0,0,0,0,0,0,0,0,0,0,,0,0,0,0,0,,0,0,0,0,52,10,15,8,17,1,0,0,1,4,41,16,0,0,0,0,0,0,1,8,0,5,57,0,0,0,0,0,0,0,0,0,0,0,0,0,,,0,0,0,0,0,0,0,0,0,0,0,0,,,,0,0,0,0,0,0,0,,0,0,0,0,,0,0,,0,0,0,0,0,0,0,0,0,0,0,0
00-0033057,J.Conklin,Jack Conklin,OT,OL,"https://static.www.nfl.com/image/upload/f_auto,q_auto/league/n8bh3p91qk6myrjqmast",2021,REG,CLE,2,0,0,0,0,0,0,0,0,0,0,0,0,,,0,,0,0,0,0,0,0,0,0,0,0,,0,0,0,0,0,0,0,0,0,0,0,0,0,0,,0,0,0,0,0,,0,0,0,0,1,0,0,0,0,0,0,0,0,0,0,0,0,0,0,0,0,0,0,0,0,2,20,0,0,0,0,0,0,0,0,0,0,0,0,0,,,0,0,0,0,0,0,0,0,0,0,0,0,,,,0,0,0,0,0,0,0,,0,0,0,0,,0,0,,0,0,0,0,0,0,0,0,0,0,0,0
00-0033058,R.Ragland,Reggie Ragland,ILB,LB,"https://static.www.nfl.com/image/private/f_auto,q_auto/league/yyprvaghhgtf41mpuazp",2021,REG,NYG,15,0,0,0,0,0,0,0,0,0,0,0,0,,,0,,0,0,0,0,0,0,0,0,0,0,,0,0,0,0,0,0,0,0,0,0,0,0,0,0,,0,0,0,0,0,,0,0,0,0,31,7,29,1,1,0,0,0,1,0,0,2,0,0,0,0,0,0,1,0,0,0,0,0,0,0,0,0,0,0,0,0,0,0,0,0,,,0,0,0,0,0,0,0,0,0,0,0,0,,,,0,0,0,0,0,0,0,,0,0,0,0,,0,0,,0,0,0,0,0,0,0,0,0,0,0,0
00-0033059,T.Green,T.J. Green,DB,DB,"https://static.www.nfl.com/image/private/f_auto,q_auto/league/xlab3zv5zsx18dor6vu2",2021,REG,ATL,4,0,0,0,0,0,0,0,0,0,0,0,0,,,0,,0,0,0,0,0,0,0,0,0,0,,0,0,0,0,0,0,0,0,0,0,0,0,0,0,,0,0,0,0,0,,0,0,0,0,8,0,5,0,0,0,0,0,0,0,0,1,0,0,0,0,0,0,0,0,0,0,0,0,0,0,0,0,0,0,0,0,0,0,0,0,,,0,0,0,0,0,0,0,0,0,0,0,0,,,,0,0,0,0,0,0,0,,0,0,0,0,,0,0,,0,0,0,0,0,0,0,0,0,0,0,0
00-0033064,A.Gotsis,Adam Gotsis,DE,DL,"https://static.www.nfl.com/image/upload/f_auto,q_auto/league/vos0byevm4wxvjrb6pd7",2021,REG,JAX,13,0,0,0,0,0,0,0,0,0,0,0,0,,,0,,0,0,0,0,0,0,0,0,0,0,,0,0,0,0,0,0,0,0,0,0,0,0,0,0,,0,0,0,0,0,,0,0,0,0,19,1,7,6,24,0,3,17,7,0,0,0,0,0,0,0,0,0,0,0,0,1,5,0,0,0,0,0,0,0,0,0,0,0,0,0,,,0,0,0,0,0,0,0,0,0,0,0,0,,,,0,0,0,0,0,0,0,,0,0,0,0,,0,0,,0,0,0,0,0,0,0,0,0,0,0,0
00-0033066,A.Billings,Andrew Billings,DT,DL,"https://static.www.nfl.com/image/upload/f_auto,q_auto/league/rfxthtnhruxgqnofnuzg",2021,REG,CLE,1,0,0,0,0,0,0,0,0,0,0,0,0,,,0,,0,0,0,0,0,0,0,0,0,0,,0,0,0,0,0,0,0,0,0,0,0,0,0,0,,0,0,0,0,0,,0,0,0,0,0,0,1,0,0,0,0,0,0,0,0,0,0,0,0,0,0,0,0,0,0,0,0,0,0,0,0,0,0,0,0,0,0,0,0,0,,,0,0,0,0,0,0,0,0,0,0,0,0,,,,0,0,0,0,0,0,0,,0,0,0,0,,0,0,,0,0,0,0,0,0,0,0,0,0,0,0
00-0033072,L.Floyd,Leonard Floyd,DE,DL,"https://static.www.nfl.com/image/upload/f_auto,q_auto/league/hmojdd6skft3sfhs59ma",2021,REG,LA,17,0,0,0,0,0,0,0,0,0,0,0,0,,,0,,0,0,0,0,0,0,0,0,0,0,,0,0,0,0,0,0,0,0,0,0,0,0,0,0,,0,0,0,0,0,,0,0,0,0,30,7,33,6,41,1,9.5,68.5,18,1,11,3,0,0,0,0,0,0,1,0,0,6,31,0,0,0,0,0,0,0,0,0,0,0,0,0,,,0,0,0,0,0,0,0,0,0,0,0,0,,,,0,0,0,0,0,0,0,,0,0,0,0,,0,0,,0,0,0,0,0,0,0,0,0,0,0,0
00-0033073,E.Ogbah,Emmanuel Ogbah,DE,DL,"https://static.www.nfl.com/image/upload/f_auto,q_auto/league/uaj08gf9lrokgxgrbgcn",2021,REG,MIA,17,0,0,0,0,0,0,0,0,0,0,0,0,,,0,,0,0,0,0,0,0,0,0,0,0,,0,0,0,0,0,0,0,0,0,0,0,0,0,0,,0,0,0,0,0,,0,0,0,0,19,7,15,8,53,1,9,64,24,0,0,12,0,0,0,0,0,0,1,0,0,1,8,0,0,0,0,0,0,0,0,0,0,0,0,0,,,0,0,0,0,0,0,0,0,0,0,0,0,,,,0,0,0,0,0,0,0,,0,0,0,0,,0,0,,0,0,0,0,0,0,0,0,0,0,0,0
00-0033077,D.Prescott,Dak Prescott,QB,QB,"https://static.www.nfl.com/image/upload/f_auto,q_auto/league/blixemm3s9sa4gmqk5yn",2021,REG,DAL,16,410,596,4449,37,10,30,-144,5,3,4629,2028,227,108.333460174767,2.31415576495408,2,0.961114711600778,184,86,55,7,48,146,1,7,3,7,-23.3559228579805,1,6,4,1,0,0,0,0,0,0,0,0,0,0,,0,0,0,0,0,,0,0,0,0,1,0,0,0,0,0,0,0,0,0,0,0,0,0,0,0,7,-12,0,0,0,0,0,8,6,1,14,6,0,0,0,0,0,0,0,0,,,0,0,0,0,0,0,0,0,0,0,0,0,,,,0,0,0,0,0,0,0,,0,0,0,0,,0,0,,0,0,0,0,0,0,0,0,0,0,320.56,320.56
00-0033082,L.Patrick,Lucas Patrick,G,OL,"https://static.www.nfl.com/image/upload/f_auto,q_auto/league/gpkpw7ira7e2yi26vold",2021,REG,GB,4,0,0,0,0,0,0,0,0,0,0,0,0,,,0,,0,0,0,0,0,0,0,0,0,0,,0,0,0,0,0,0,0,0,0,0,0,0,0,0,,0,0,0,0,0,,0,0,0,0,0,0,0,0,0,0,0,0,0,0,0,0,0,0,0,0,1,0,0,0,0,4,36,0,0,0,0,0,0,0,0,0,0,0,0,0,,,0,0,0,0,0,0,0,0,0,0,0,0,,,,0,0,0,0,0,0,0,,0,0,0,0,,0,0,,0,0,0,0,0,0,0,0,0,0,0,0
00-0033083,D.Thompson,Darian Thompson,DB,DB,"https://static.www.nfl.com/image/private/f_auto,q_auto/league/nfzpwopmrdccg8or1hj4",2021,REG,DAL,2,0,0,0,0,0,0,0,0,0,0,0,0,,,0,,0,0,0,0,0,0,0,0,0,0,,0,0,0,0,0,0,0,0,0,0,0,0,0,0,,0,0,0,0,0,,0,0,0,0,3,0,0,0,0,0,0,0,0,0,0,0,0,0,0,0,0,0,0,0,0,0,0,0,0,0,0,0,0,0,0,0,0,0,0,0,,,0,0,0,0,0,0,0,0,0,0,0,0,,,,0,0,0,0,0,0,0,,0,0,0,0,,0,0,,0,0,0,0,0,0,0,0,0,0,0,0
00-0033084,K.Fuller,Kendall Fuller,CB,DB,"https://static.www.nfl.com/image/upload/f_auto,q_auto/league/pdznqfqyrrwcjdrjb3s5",2021,REG,WAS,16,0,0,0,0,0,0,0,0,0,0,0,0,,,0,,0,0,0,0,0,0,0,0,0,0,,0,0,0,0,0,0,0,0,0,0,0,0,0,0,,0,0,0,0,0,,0,0,0,0,58,6,13,2,9,0,1,6,1,1,0,16,0,0,0,0,0,0,0,0,0,1,13,0,0,0,0,0,0,0,0,0,0,0,0,0,,,0,0,0,0,0,0,0,0,0,0,0,0,,,,0,0,0,0,0,0,0,,0,0,0,0,,0,0,,0,0,0,0,0,0,0,0,0,0,0,0
00-0033090,H.Henry,Hunter Henry,TE,TE,"https://static.www.nfl.com/image/upload/f_auto,q_auto/league/l0fsrutz9fwbohx10lcf",2021,REG,NE,16,0,0,0,0,0,0,0,0,0,0,0,0,,,0,,0,0,0,0,0,0,0,0,0,0,,0,0,0,0,0,50,75,603,9,0,0,726,144,34,34.4443843149253,0,25,12,8,0,0.830578512396694,0.143129770992366,0.169309701492537,0.333211447533326,0,0,0,0,0,0,0,0,0,0,0,0,0,0,0,0,0,0,0,0,0,0,3,15,0,0,0,0,0,0,0,0,0,0,0,0,0,,,0,0,0,0,0,0,0,0,0,0,0,0,,,,0,0,0,0,0,0,0,,0,0,0,0,,0,0,,0,0,0,0,0,0,0,0,0,0,114.3,164.3
00-0033091,K.Russell,KeiVarae Russell,CB,DB,"https://static.www.nfl.com/image/private/f_auto,q_auto/league/salh9f7cjif8mjbbpced",2021,REG,NO,1,0,0,0,0,0,0,0,0,0,0,0,0,,,0,,0,0,0,0,0,0,0,0,0,0,,0,0,0,0,0,0,0,0,0,0,0,0,0,0,,0,0,0,0,0,,0,0,0,0,1,0,0,0,0,0,0,0,0,0,0,0,0,0,0,0,0,0,0,0,0,0,0,0,0,0,0,0,0,0,0,0,0,0,0,0,,,0,0,0,0,0,0,0,0,0,0,0,0,,,,0,0,0,0,0,0,0,,0,0,0,0,,0,0,,0,0,0,0,0,0,0,0,0,0,0,0
00-0033093,J.Bullard,Jonathan Bullard,DE,DL,"https://static.www.nfl.com/image/upload/f_auto,q_auto/league/z0iwn1oavvemgjupnkep",2021,REG,ATL,9,0,0,0,0,0,0,0,0,0,0,0,0,,,0,,0,0,0,0,0,0,0,0,0,0,,0,0,0,0,0,0,0,0,0,0,0,0,0,0,,0,0,0,0,0,,0,0,0,0,7,1,13,0,0,0,0,0,1,0,0,1,0,0,0,0,0,0,0,0,0,0,0,0,0,0,0,0,0,0,0,0,0,0,0,0,,,0,0,0,0,0,0,0,0,0,0,0,0,,,,0,0,0,0,0,0,0,,0,0,0,0,,0,0,,0,0,0,0,0,0,0,0,0,0,0,0
00-0033094,M.Hall,Marvin Hall,WR,WR,"https://static.www.nfl.com/image/private/f_auto,q_auto/league/dgyruyvyeuy4cwxhysox",2021,REG,ATL,1,0,0,0,0,0,0,0,0,0,0,0,0,,,0,,0,0,0,0,0,0,0,0,0,0,,0,0,0,0,0,1,1,10,0,0,0,5,5,1,1.1529732060153,0,1,0,0,0,2,0.00180505415162455,0.00120685493603669,0.00355237968266251,0,0,0,0,0,0,0,0,0,0,0,0,0,0,0,0,0,0,0,0,0,0,0,0,0,0,0,0,0,0,0,0,0,0,0,0,0,,,0,0,0,0,0,0,0,0,0,0,0,0,,,,0,0,0,0,0,0,0,,0,0,0,0,,0,0,,0,0,0,0,0,0,0,0,0,0,1,2
00-0033095,G.Griffin,Garrett Griffin,TE,TE,"https://static.www.nfl.com/image/private/f_auto,q_auto/league/ss70hidq9xcteze3rdeg",2021,REG,NO,5,0,0,0,0,0,0,0,0,0,0,0,0,,,0,,0,0,0,0,0,0,0,0,0,0,,0,0,0,0,0,4,4,39,0,1,0,12,27,2,2.2624495245982,0,2,0,0,0,3.25,0.00843881856540084,0.00320427236315087,0.0149012185023069,0,1,0,1,0,0,0,0,0,0,0,0,0,0,0,0,0,0,0,0,0,0,2,16,1,0,1,1,0,0,0,0,0,0,0,0,0,,,0,0,0,0,0,0,0,0,0,0,0,0,,,,0,0,0,0,0,0,0,,0,0,0,0,,0,0,,0,0,0,0,0,0,0,0,0,0,3.9,7.9
00-0033096,S.Lawson,Shaq Lawson,DE,DL,"https://static.www.nfl.com/image/private/f_auto,q_auto/league/p2vm0nb8vtpc9urat9zo",2021,REG,NYJ,12,0,0,0,0,0,0,0,0,0,0,0,0,,,0,,0,0,0,0,0,0,0,0,0,0,,0,0,0,0,0,0,0,0,0,0,0,0,0,0,,0,0,0,0,0,,0,0,0,0,11,4,8,3,3,0,1,7,5,1,1,2,0,0,0,0,0,0,1,0,0,5,55,0,0,0,0,0,0,0,0,0,0,0,0,0,,,0,0,0,0,0,0,0,0,0,0,0,0,,,,0,0,0,0,0,0,0,,0,0,0,0,,0,0,,0,0,0,0,0,0,0,0,0,0,0,0
00-0033103,A.Burns,Artie Burns,CB,DB,"https://static.www.nfl.com/image/upload/f_auto,q_auto/league/jxdtjdgthvex3gzb4mdd",2021,REG,CHI,6,0,0,0,0,0,0,0,0,0,0,0,0,,,0,,0,0,0,0,0,0,0,0,0,0,,0,0,0,0,0,0,0,0,0,0,0,0,0,0,,0,0,0,0,0,,0,0,0,0,17,2,4,1,1,0,0,0,0,0,0,6,0,0,0,0,0,0,0,0,0,2,13,0,0,0,0,0,0,0,0,0,0,0,0,0,,,0,0,0,0,0,0,0,0,0,0,0,0,,,,0,0,0,0,0,0,0,,0,0,0,0,,0,0,,0,0,0,0,0,0,0,0,0,0,0,0
00-0033106,J.Goff,Jared Goff,QB,QB,"https://static.www.nfl.com/image/upload/f_auto,q_auto/league/yggfwr4ak4po9byj0qor",2021,REG,DET,14,332,494,3245,19,8,35,-280,6,4,3148,1754,162,-25.5310835443533,0.552964165838679,4,1.03081321473952,121,60,39,3,17,87,0,3,2,4,-13.9135212544352,0,4,3,1,0,0,0,0,0,0,0,0,0,0,,0,0,0,0,0,,0,0,0,0,0,0,0,0,0,0,0,0,0,0,0,0,0,0,0,0,3,-4,0,0,0,1,14,6,3,0,9,6,0,0,0,0,0,0,0,0,,,0,0,0,0,0,0,0,0,0,0,0,0,,,,0,0,0,0,0,0,0,,0,0,0,0,,0,0,,0,0,0,0,0,0,0,0,0,0,194.5,194.5
00-0033107,W.Jackson,William Jackson,CB,DB,"https://static.www.nfl.com/image/private/f_auto,q_auto/league/ecy3oh2pt5nx8cxwcspc",2021,REG,WAS,12,0,0,0,0,0,0,0,0,0,0,0,0,,,0,,0,0,0,0,0,0,0,0,0,0,,0,0,0,0,0,0,0,0,0,0,0,0,0,0,,0,0,0,0,0,,0,0,0,0,34,2,3,0,0,0,0,0,0,2,0,8,0,0,0,0,0,0,0,0,0,7,103,0,0,0,0,0,0,0,0,0,0,0,0,0,,,0,0,0,0,0,0,0,0,0,0,0,0,,,,0,0,0,0,0,0,0,,0,0,0,0,,0,0,,0,0,0,0,0,0,0,0,0,0,0,0
00-0033109,J.Hargrave,Javon Hargrave,NT,DL,"https://static.www.nfl.com/image/upload/f_auto,q_auto/league/ql5febs5kjgtrpj555ex",2021,REG,PHI,16,0,0,0,0,0,0,0,0,0,0,0,0,,,0,,0,0,0,0,0,0,0,0,0,0,,0,0,0,0,0,0,0,0,0,0,0,0,0,0,,0,0,0,0,0,,0,0,0,0,25,2,36,9,56,1,7.5,54.5,18,0,0,1,0,0,0,0,0,0,0,0,0,4,25,0,0,0,0,0,0,0,0,0,0,0,0,0,,,0,0,0,0,0,0,0,0,0,0,0,0,,,,0,0,0,0,0,0,0,,0,0,0,0,,0,0,,0,0,0,0,0,0,0,0,0,0,0,0
00-0033110,T.Higbee,Tyler Higbee,TE,TE,"https://static.www.nfl.com/image/upload/f_auto,q_auto/league/x1d4osiefibd04df6gow",2021,REG,LA,15,0,0,0,0,0,0,0,0,0,0,0,0,,,0,,0,0,0,0,0,0,0,0,0,0,,0,0,0,0,0,61,85,560,5,1,0,458,275,33,4.09071714272279,0,24,8,3,0,1.22270742358079,0.141196013289037,0.0892091936112193,0.274240455461408,0,0,0,0,0,0,0,0,0,0,0,0,0,0,0,0,0,0,0,0,0,0,2,5,1,0,0,1,0,0,0,0,0,0,0,0,0,,,0,0,0,0,0,0,0,0,0,0,0,0,,,,0,0,0,0,0,0,0,,0,0,0,0,,0,0,,0,0,0,0,0,0,0,0,0,0,86,147
00-0033111,P.Cooper,Pharoh Cooper,WR,WR,"https://static.www.nfl.com/image/private/f_auto,q_auto/league/mnsqfcfqiehw5aocr1lg",2021,REG,NYG,8,0,0,0,0,0,0,0,0,0,0,0,0,,,0,,0,0,0,0,1,3,0,0,0,0,-0.194386996794492,0,0,0,0,0,4,11,33,0,0,0,79,7,1,-10.6204814410503,0,1,0,0,0,0.417721518987342,0.0195035460992908,0.0181068072427229,0.0419300842188422,0,0,0,2,0,0,0,0,0,0,0,0,0,0,0,0,0,0,0,0,0,0,0,0,0,0,0,0,0,11,90,12,207,0,0,0,0,,,0,0,0,0,0,0,0,0,0,0,0,0,,,,0,0,0,0,0,0,0,,0,0,0,0,,0,0,,0,0,0,0,0,0,0,0,0,0,3.6,7.6
00-0033114,M.Thomas,Mike Thomas,WR,WR,"https://static.www.nfl.com/image/private/f_auto,q_auto/league/sytj4awk8kseyootqzec",2021,REG,CIN,7,0,0,0,0,0,0,0,0,0,0,0,0,,,0,,0,0,0,0,0,0,0,0,0,0,,0,0,0,0,0,5,11,52,0,0,0,109,13,3,-2.69886653181748,0,3,2,0,0,0.477064220183486,0.0203703703703704,0.0247896292926996,0.0479082960604453,0,2,0,1,0,0,1,0,0,0,0,0,0,0,0,0,0,0,0,0,0,0,1,9,0,0,0,0,0,0,0,0,0,0,0,0,0,,,0,0,0,0,0,0,0,0,0,0,0,0,,,,0,0,0,0,0,0,0,,0,0,0,0,,0,0,,0,0,0,0,0,0,0,0,0,0,5.2,10.2
00-0033118,K.Drake,Kenyan Drake,RB,RB,"https://static.www.nfl.com/image/private/f_auto,q_auto/league/rp5apwel9vuk49b4lykn",2021,REG,LV,12,0,0,0,0,0,0,0,0,0,0,0,0,,,0,,0,0,0,0,63,254,2,0,0,15,-9.10874572265311,0,5,4,1,0,30,40,291,1,0,0,71,259,12,5.37560965719901,0,13,6,3,0,4.09859154929578,0.066334991708126,0.013880742913001,0.10921900760129,0,0,0,0,0,0,0,0,0,0,0,0,0,0,0,0,0,1,0,0,0,0,0,0,1,0,0,1,0,0,0,10,192,0,0,0,0,,,0,0,0,0,0,0,0,0,0,0,0,0,,,,0,0,0,0,0,0,0,,0,0,0,0,,0,0,,0,0,0,0,0,0,0,0,0,0,72.5,102.5
00-0033119,J.Brissett,Jacoby Brissett,QB,QB,"https://static.www.nfl.com/image/upload/f_auto,q_auto/league/rdxowm5dvpbb8p3aazbc",2021,REG,MIA,10,141,225,1283,5,4,19,-132,4,3,1703,508,69,-22.8580213116116,-2.21460848909369,1,0.753376394597769,49,23,15,2,19,70,1,0,0,9,3.04190991976066,0,2,1,0,0,0,0,0,0,0,0,0,0,0,,0,0,0,0,0,,0,0,0,0,0,0,0,0,0,0,0,0,0,0,0,0,0,0,0,0,2,0,0,0,0,1,10,4,2,0,6,3,0,0,0,0,0,0,0,0,,,0,0,0,0,0,0,0,0,0,0,0,0,,,,0,0,0,0,0,0,0,,0,0,0,0,,0,0,,0,0,0,0,0,0,0,0,0,0,72.32,72.32
00-0033120,K.Clark,Kenny Clark,NT,DL,"https://static.www.nfl.com/image/upload/f_auto,q_auto/league/ydhhuuqdppcs8vzi6v7d",2021,REG,GB,16,0,0,0,0,0,0,0,0,0,0,0,0,,,0,,0,0,0,0,0,0,0,0,0,0,,0,0,0,0,0,0,0,0,0,0,0,0,0,0,,0,0,0,0,0,,0,0,0,0,23,4,21,5,34,0,4,46,13,0,0,0,0,0,0,0,0,0,1,0,0,0,0,0,0,0,0,0,0,0,0,0,0,0,0,0,,,0,0,0,0,0,0,0,0,0,0,0,0,,,,0,0,0,0,0,0,0,,0,0,0,0,,0,0,,0,0,0,0,0,0,0,0,0,0,0,0
00-0033123,Y.Ngakoue,Yannick Ngakoue,DE,DL,"https://static.www.nfl.com/image/upload/f_auto,q_auto/league/ivskxqgndid0umkimrdw",2021,REG,LV,14,0,0,0,0,0,0,0,0,0,0,0,0,,,0,,0,0,0,0,0,0,0,0,0,0,,0,0,0,0,0,0,0,0,0,0,0,0,0,0,,0,0,0,0,0,,0,0,0,0,14,3,11,8,51,2,10,50,23,0,0,3,0,0,0,0,0,0,0,0,0,5,45,0,0,0,0,0,0,0,0,0,0,0,0,0,,,0,0,0,0,0,0,0,0,0,0,0,0,,,,0,0,0,0,0,0,0,,0,0,0,0,,0,0,,0,0,0,0,0,0,0,0,0,0,0,0
00-0033125,J.Schobert,Joe Schobert,MLB,LB,"https://static.www.nfl.com/image/private/f_auto,q_auto/league/expy1fbbfzmswqd0f77r",2021,REG,PIT,16,0,0,0,0,0,0,0,0,0,0,0,0,,,0,,0,0,0,0,0,0,0,0,0,0,,0,0,0,0,0,0,0,0,0,0,0,0,0,0,,0,0,0,0,0,,0,0,0,0,57,13,42,1,1,1,0,0,1,1,23,6,0,0,0,0,0,0,0,0,0,1,5,0,0,0,0,0,0,0,0,0,0,0,0,0,,,0,0,0,0,0,0,0,0,0,0,0,0,,,,0,0,0,0,0,0,0,,0,0,0,0,,0,0,,0,0,0,0,0,0,0,0,0,0,0,0
00-0033127,W.Fuller,Will Fuller,WR,WR,"https://static.www.nfl.com/image/private/f_auto,q_auto/league/dgemxvhu8ffqmvmqczks",2021,REG,MIA,2,0,0,0,0,0,0,0,0,0,0,0,0,,,0,,0,0,0,0,0,0,0,0,0,0,,0,0,0,0,0,4,8,26,0,0,0,131,10,3,0.303899320351891,1,1,0,0,0,0.198473282442748,0.013355592654424,0.029299932900917,0.040543342012278,0,0,0,0,0,0,0,0,0,0,0,0,0,0,0,0,0,0,0,0,0,0,0,0,0,0,0,0,0,0,0,0,0,0,0,0,0,,,0,0,0,0,0,0,0,0,0,0,0,0,,,,0,0,0,0,0,0,0,,0,0,0,0,,0,0,,0,0,0,0,0,0,0,0,0,0,4.6,8.6
00-0033129,C.Nassib,Carl Nassib,LB,LB,"https://static.www.nfl.com/image/private/f_auto,q_auto/league/luelmcumocbaqvp20gyr",2021,REG,LV,11,0,0,0,0,0,0,0,0,0,0,0,0,,,0,,0,0,0,0,0,0,0,0,0,0,,0,0,0,0,0,0,0,0,0,0,0,0,0,0,,0,0,0,0,0,,0,0,0,0,13,3,5,3,8,1,1.5,12.5,4,0,0,0,0,0,0,0,0,0,0,0,0,0,0,0,0,0,0,0,0,0,0,0,0,0,0,0,,,0,0,0,0,0,0,0,0,0,0,0,0,,,,0,0,0,0,0,0,0,,0,0,0,0,,0,0,,0,0,0,0,0,0,0,0,0,0,0,0
00-0033131,M.Collins,Maliek Collins,DT,DL,"https://static.www.nfl.com/image/upload/f_auto,q_auto/league/tjyv74ytq62fprrfnjrv",2021,REG,HOU,15,0,0,0,0,0,0,0,0,0,0,0,0,,,0,,0,0,0,0,0,0,0,0,0,0,,0,0,0,0,0,0,0,0,0,0,0,0,0,0,,0,0,0,0,0,,0,0,0,0,15,3,11,7,29,0,2.5,22,7,1,0,1,0,0,0,0,0,0,1,0,0,6,66,0,0,0,0,0,0,0,0,0,0,0,0,0,,,0,0,0,0,0,0,0,0,0,0,0,0,,,,0,0,0,0,0,0,0,,0,0,0,0,,0,0,,0,0,0,0,0,0,0,0,0,0,0,0
00-0033132,K.Byard,Kevin Byard,FS,DB,"https://static.www.nfl.com/image/upload/f_auto,q_auto/league/ymu0jcrm7clsyhhvmcki",2021,REG,TEN,17,0,0,0,0,0,0,0,0,0,0,0,0,,,0,,0,0,0,0,0,0,0,0,0,0,,0,0,0,0,0,0,0,0,0,0,0,0,0,0,,0,0,0,0,0,,0,0,0,0,42,15,31,1,11,2,1,11,4,5,66,13,1,0,0,0,0,0,1,30,1,3,61,0,0,0,0,0,0,0,0,0,0,0,0,0,,,0,0,0,0,0,0,0,0,0,0,0,0,,,,0,0,0,0,0,0,0,,0,0,0,0,,0,0,,0,0,0,0,0,0,0,0,0,0,0,0
00-0033156,J.Bosa,Joey Bosa,DE,DL,"https://static.www.nfl.com/image/upload/f_auto,q_auto/league/soo7a4n5mxia4iky4so8",2021,REG,LAC,16,0,0,0,0,0,0,0,0,0,0,0,0,,,0,,0,0,0,0,0,0,0,0,0,0,,0,0,0,0,0,0,0,0,0,0,0,0,0,0,,0,0,0,0,0,,0,0,0,0,30,6,15,5,34,7,10.5,70,20,0,0,0,0,0,0,0,0,0,0,0,0,8,81,0,0,0,0,0,0,0,0,0,0,0,0,0,,,0,0,0,0,0,0,0,0,0,0,0,0,,,,0,0,0,0,0,0,0,,0,0,0,0,,0,0,,0,0,0,0,0,0,0,0,0,0,0,0
00-0033161,I.Williams,Isaiah Williams,OT,OL,"https://static.www.nfl.com/image/private/f_auto,q_auto/league/ycvjsnojzyudutozcuqu",2021,REG,NYJ,1,0,0,0,0,0,0,0,0,0,0,0,0,,,0,,0,0,0,0,0,0,0,0,0,0,,0,0,0,0,0,0,0,0,0,0,0,0,0,0,,0,0,0,0,0,,0,0,0,0,0,0,0,0,0,0,0,0,0,0,0,0,0,0,0,0,0,0,0,0,0,1,5,0,0,0,0,0,0,0,0,0,0,0,0,0,,,0,0,0,0,0,0,0,0,0,0,0,0,,,,0,0,0,0,0,0,0,,0,0,0,0,,0,0,,0,0,0,0,0,0,0,0,0,0,0,0
00-0033196,Z.Triner,Zach Triner,LS,SPEC,"https://static.www.nfl.com/image/upload/f_auto,q_auto/league/trv1mvslxupeqavhldgc",2021,REG,TB,2,0,0,0,0,0,0,0,0,0,0,0,0,,,0,,0,0,0,0,0,0,0,0,0,0,,0,0,0,0,0,0,0,0,0,0,0,0,0,0,,0,0,0,0,0,,0,0,0,0,2,1,0,0,0,0,0,0,0,0,0,0,0,0,0,0,0,0,0,0,0,1,10,0,0,0,0,0,0,0,0,0,0,0,0,0,,,0,0,0,0,0,0,0,0,0,0,0,0,,,,0,0,0,0,0,0,0,,0,0,0,0,,0,0,,0,0,0,0,0,0,0,0,0,0,0,0
00-0033215,C.Grayson,Cyril Grayson,WR,WR,"https://static.www.nfl.com/image/private/f_auto,q_auto/league/klv5np9csnnm6p6zpkcs",2021,REG,TB,3,0,0,0,0,0,0,0,0,0,0,0,0,,,0,,0,0,0,0,1,14,0,0,0,1,1.01729571720352,0,1,1,0,0,10,12,212,2,0,0,185,70,8,17.2843609300908,0,6,4,4,2,1.14594594594595,0.0167597765363129,0.0313878520529352,0.0471111612415239,0,0,0,0,0,0,0,0,0,0,0,0,0,0,0,0,0,0,0,0,0,0,0,0,0,0,0,0,0,0,0,1,7,0,0,0,0,,,0,0,0,0,0,0,0,0,0,0,0,0,,,,0,0,0,0,0,0,0,,0,0,0,0,,0,0,,0,0,0,0,0,0,0,0,0,0,34.6,44.6
00-0033217,M.Alie-Cox,Mo Alie-Cox,TE,TE,"https://static.www.nfl.com/image/upload/f_auto,q_auto/league/qss1euhktuj7qje9heoi",2021,REG,IND,17,0,0,0,0,0,0,0,0,0,0,0,0,,,0,,0,0,0,0,0,0,0,0,0,0,,0,0,0,0,0,24,45,316,4,1,0,442,150,14,8.91981320666043,0,12,9,5,0,0.714932126696833,0.0896414342629482,0.1105,0.211812151394422,0,2,0,1,0,0,0,0,0,0,0,0,0,0,0,0,0,0,0,0,0,0,1,5,1,0,1,1,0,0,0,0,0,0,0,0,0,,,0,0,0,0,0,0,0,0,0,0,0,0,,,,0,0,0,0,0,0,0,,0,0,0,0,,0,0,,0,0,0,0,0,0,0,0,0,0,55.6,79.6
00-0033221,D.Brunskill,Daniel Brunskill,OT,OL,"https://static.www.nfl.com/image/upload/f_auto,q_auto/league/lrak5cbjwhudqx5wiigo",2021,REG,SF,3,0,0,0,0,0,0,0,0,0,0,0,0,,,0,,0,0,0,0,0,0,0,0,0,0,,0,0,0,0,0,0,0,0,0,0,0,0,0,0,,0,0,0,0,0,,0,0,0,0,3,0,0,0,0,0,0,0,0,0,0,0,0,0,0,0,0,0,0,0,0,1,10,0,0,0,0,0,0,0,0,0,0,0,0,0,,,0,0,0,0,0,0,0,0,0,0,0,0,,,,0,0,0,0,0,0,0,,0,0,0,0,,0,0,,0,0,0,0,0,0,0,0,0,0,0,0
00-0033246,J.Mundt,Johnny Mundt,TE,TE,"https://static.www.nfl.com/image/upload/f_auto,q_auto/league/dnvrns7mliks2ptijfo0",2021,REG,LA,3,0,0,0,0,0,0,0,0,0,0,0,0,,,0,,0,0,0,0,0,0,0,0,0,0,,0,0,0,0,0,1,1,9,0,0,0,7,2,1,1.34623726073187,0,0,0,0,0,1.28571428571429,0.00166112956810631,0.00136345929100117,0.00344611585586029,0,1,0,0,0,0,0,0,0,0,0,0,0,0,0,0,0,0,0,0,0,0,1,10,0,0,0,0,0,0,0,0,0,0,0,0,0,,,0,0,0,0,0,0,0,0,0,0,0,0,,,,0,0,0,0,0,0,0,,0,0,0,0,,0,0,,0,0,0,0,0,0,0,0,0,0,0.9,1.9
00-0033251,Z.Pascal,Zach Pascal,WR,WR,"https://static.www.nfl.com/image/upload/f_auto,q_auto/league/pfhgz8ofqgoubhnuqtme",2021,REG,IND,16,0,0,0,0,0,0,0,0,0,0,0,0,,,0,,0,0,0,0,2,21,0,0,0,0,1.91784300701693,0,1,1,0,0,38,69,384,3,1,1,608,121,16,-12.8681033295107,0,14,6,5,1,0.631578947368421,0.137450199203187,0.152,0.312575298804781,0,1,1,0,0,0,0,0,0,0,0,0,0,0,0,0,0,0,0,0,0,0,4,45,1,0,0,1,1,0,0,1,14,0,0,0,0,,,0,0,0,0,0,0,0,0,0,0,0,0,,,,0,0,0,0,0,0,0,,0,0,0,0,,0,0,,0,0,0,0,0,0,0,0,0,0,56.5,94.5
00-0033258,D.Daniels,Darrell Daniels,TE,TE,"https://static.www.nfl.com/image/private/f_auto,q_auto/league/uite1keyl09qsvofsqzf",2021,REG,ARI,10,0,0,0,0,0,0,0,0,0,0,0,0,,,0,,0,0,0,0,0,0,0,0,0,0,,0,0,0,0,0,1,4,0,0,0,0,22,1,0,-2.44981020793784,0,0,0,0,0,0,0.00701754385964912,0.00497175141242938,0.0140065417781742,0,3,0,3,0,0,0,0,0,0,0,0,0,0,0,0,0,0,0,0,0,0,2,14,0,0,0,0,0,0,0,1,6,0,0,0,0,,,0,0,0,0,0,0,0,0,0,0,0,0,,,,0,0,0,0,0,0,0,,0,0,0,0,,0,0,,0,0,0,0,0,0,0,0,0,0,0,1
00-0033260,T.Hennessy,Thomas Hennessy,LS,SPEC,"https://static.www.nfl.com/image/upload/f_auto,q_auto/league/dzwef96yf2ovfdcppbmo",2021,REG,NYJ,2,0,0,0,0,0,0,0,0,0,0,0,0,,,0,,0,0,0,0,0,0,0,0,0,0,,0,0,0,0,0,0,0,0,0,0,0,0,0,0,,0,0,0,0,0,,0,0,0,0,0,0,2,0,0,0,0,0,0,0,0,0,0,0,0,0,0,0,0,0,0,0,0,0,0,0,0,0,0,0,0,0,0,0,0,0,,,0,0,0,0,0,0,0,0,0,0,0,0,,,,0,0,0,0,0,0,0,,0,0,0,0,,0,0,,0,0,0,0,0,0,0,0,0,0,0,0
00-0033266,J.Natson,JoJo Natson,WR,WR,"https://static.www.nfl.com/image/private/f_auto,q_auto/league/ctmojzcskxm2rhyotsxo",2021,REG,CLE,3,0,0,0,0,0,0,0,0,0,0,0,0,,,0,,0,0,0,0,0,0,0,0,0,0,,0,0,0,0,0,0,0,0,0,0,0,0,0,0,,0,0,0,0,0,,0,0,0,0,0,0,0,0,0,0,0,0,0,0,0,0,0,0,0,0,0,0,0,0,0,0,0,0,0,0,0,0,3,15,5,107,0,0,0,0,,,0,0,0,0,0,0,0,0,0,0,0,0,,,,0,0,0,0,0,0,0,,0,0,0,0,,0,0,,0,0,0,0,0,0,0,0,0,0,0,0
00-0033269,R.Sanchez,Rigoberto Sanchez,P,SPEC,"https://static.www.nfl.com/image/upload/f_auto,q_auto/league/io2gctkkefyopm7m7mnj",2021,REG,IND,17,0,0,0,0,0,0,0,0,0,0,0,0,,,0,,0,0,0,0,0,0,0,0,0,0,,0,0,0,0,0,0,0,0,0,0,0,0,0,0,,0,0,0,0,0,,0,0,0,0,2,0,1,0,0,0,0,0,0,0,0,0,0,0,0,0,0,0,0,0,0,0,0,0,0,0,0,0,0,0,0,0,0,0,0,0,,,0,0,0,0,0,0,0,0,0,0,0,0,,,,0,0,0,0,0,0,0,,0,0,0,0,,59,0,79,2627,24,7,8,1,15,28,267,0,2340,0,0
00-0033275,P.Walker,PJ Walker,QB,QB,"https://static.www.nfl.com/image/upload/f_auto,q_auto/league/rfbfapksdwh1o4othraq",2021,REG,CAR,5,36,66,362,1,3,7,-47,0,0,594,137,19,-14.4491259040825,-9.20492869157058,1,0.609427609427609,18,8,1,0,7,13,0,2,1,2,-5.59150962199783,0,1,1,0,0,0,0,0,0,0,0,0,0,0,,0,0,0,0,0,,0,0,0,0,0,0,1,0,0,0,0,0,0,0,0,0,0,0,0,0,2,-4,0,0,0,0,0,0,3,0,3,1,0,0,0,0,0,0,0,0,,,0,0,0,0,0,0,0,0,0,0,0,0,,,,0,0,0,0,0,0,0,,0,0,0,0,,0,0,,0,0,0,0,0,0,0,0,0,0,13.78,13.78
00-0033280,C.McCaffrey,Christian McCaffrey,RB,RB,"https://static.www.nfl.com/image/upload/f_auto,q_auto/league/resjdwihunsqckohcorj",2021,REG,CAR,7,0,0,0,0,0,0,0,0,0,0,0,0,,,0,,0,0,0,0,99,442,1,1,0,20,1.77806626372612,0,15,8,0,0,37,41,343,1,0,0,91,258,21,21.083400368283,0,13,6,4,0,3.76923076923077,0.071304347826087,0.0206022187004754,0.121378074829463,0,1,0,0,0,0,0,0,0,0,0,0,0,0,0,0,0,1,0,0,0,0,0,0,1,0,0,1,0,0,0,0,0,0,0,0,0,,,0,0,0,0,0,0,0,0,0,0,0,0,,,,0,0,0,0,0,0,0,,0,0,0,0,,0,0,,0,0,0,0,0,0,0,0,0,0,90.5,127.5
00-0033281,M.Humphrey,Marlon Humphrey,CB,DB,"https://static.www.nfl.com/image/upload/f_auto,q_auto/league/zru6ellib9fzob6zq5c3",2021,REG,BAL,12,0,0,0,0,0,0,0,0,0,0,0,0,,,0,,0,0,0,0,0,0,0,0,0,0,,0,0,0,0,0,0,0,0,0,0,0,0,0,0,,0,0,0,0,0,,0,0,0,0,41,3,14,0,0,1,0,0,1,1,0,13,0,0,0,0,0,0,0,0,0,7,54,0,0,0,0,0,0,0,0,0,0,0,0,0,,,0,0,0,0,0,0,0,0,0,0,0,0,,,,0,0,0,0,0,0,0,,0,0,0,0,,0,0,,0,0,0,0,0,0,0,0,0,0,0,0
00-0033282,C.Samuel,Curtis Samuel,WR,WR,"https://static.www.nfl.com/image/upload/f_auto,q_auto/league/vyibrxegz375ntjby5zs",2021,REG,WAS,5,0,0,0,0,0,0,0,0,0,0,0,0,,,0,,0,0,0,0,4,11,0,0,0,0,-1.89852571404241,0,0,0,0,0,6,9,27,0,0,0,21,40,4,-0.0446163640590385,0,1,0,0,0,1.28571428571429,0.0168539325842697,0.00509708737864078,0.028848860041453,0,1,0,0,0,0,0,0,0,0,0,0,0,0,0,0,0,0,0,0,0,0,0,0,0,0,0,0,0,0,0,0,0,0,0,0,0,,,0,0,0,0,0,0,0,0,0,0,0,0,,,,0,0,0,0,0,0,0,,0,0,0,0,,0,0,,0,0,0,0,0,0,0,0,0,0,3.8,9.8
00-0033283,T.Bowser,Tyus Bowser,LB,LB,"https://static.www.nfl.com/image/upload/f_auto,q_auto/league/ya9ueczkdruaxw1vnijr",2021,REG,BAL,16,0,0,0,0,0,0,0,0,0,0,0,0,,,0,,0,0,0,0,0,0,0,0,0,0,,0,0,0,0,0,0,0,0,0,0,0,0,0,0,,0,0,0,0,0,,0,0,0,0,29,4,26,6,46,2,7,56,15,0,0,4,0,0,0,0,0,0,0,0,0,1,15,0,0,0,0,0,0,0,0,0,0,0,0,0,,,0,0,0,0,0,0,0,0,0,0,0,0,,,,0,0,0,0,0,0,0,,0,0,0,0,,0,0,,0,0,0,0,0,0,0,0,0,0,0,0
00-0033284,T.Moton,Taylor Moton,OT,OL,"https://static.www.nfl.com/image/upload/f_auto,q_auto/league/sfwnn5fqfzp64p0zkwkl",2021,REG,CAR,4,0,0,0,0,0,0,0,0,0,0,0,0,,,0,,0,0,0,0,0,0,0,0,0,0,,0,0,0,0,0,0,0,0,0,0,0,0,0,0,,0,0,0,0,0,,0,0,0,0,0,0,1,0,0,0,0,0,0,0,0,0,0,0,0,0,0,0,0,0,0,4,30,0,0,0,0,0,0,0,0,0,0,0,0,0,,,0,0,0,0,0,0,0,0,0,0,0,0,,,,0,0,0,0,0,0,0,,0,0,0,0,,0,0,,0,0,0,0,0,0,0,0,0,0,0,0
00-0033288,G.Kittle,George Kittle,TE,TE,"https://static.www.nfl.com/image/upload/f_auto,q_auto/league/ztz3xqjaqgok9m4nylgs",2021,REG,SF,14,0,0,0,0,0,0,0,0,0,0,0,0,,,0,,0,0,0,0,3,20,0,0,0,0,1.73898651404306,0,0,0,0,0,71,94,910,6,2,1,777,450,42,24.5743306412054,0,38,21,13,1,1.17117117117117,0.189134808853119,0.194104421683737,0.419575308458294,0,2,0,0,0,0,0,0,0,0,0,0,0,0,0,0,0,0,6,0,0,0,4,20,2,0,0,2,1,0,0,0,0,0,0,0,0,,,0,0,0,0,0,0,0,0,0,0,0,0,,,,0,0,0,0,0,0,0,,0,0,0,0,,0,0,,0,0,0,0,0,0,0,0,0,0,127,198
00-0033289,C.Elder,Corn Elder,CB,DB,"https://static.www.nfl.com/image/private/f_auto,q_auto/league/imtqxygrnsdx5nqvojnz",2021,REG,WAS,2,0,0,0,0,0,0,0,0,0,0,0,0,,,0,,0,0,0,0,0,0,0,0,0,0,,0,0,0,0,0,0,0,0,0,0,0,0,0,0,,0,0,0,0,0,,0,0,0,0,3,2,0,0,0,0,0,0,0,0,0,1,0,0,0,0,0,0,0,0,0,0,0,0,0,0,0,0,0,0,0,0,0,0,0,0,,,0,0,0,0,0,0,0,0,0,0,0,0,,,,0,0,0,0,0,0,0,,0,0,0,0,,0,0,,0,0,0,0,0,0,0,0,0,0,0,0
00-0033292,T.Taylor,Trent Taylor,WR,WR,"https://static.www.nfl.com/image/upload/f_auto,q_auto/league/ei3usgh5l8gikdvksulr",2021,REG,CIN,4,0,0,0,0,0,0,0,0,0,0,0,0,,,0,,0,0,0,0,0,0,0,0,0,0,,0,0,0,0,0,2,3,41,0,0,0,39,7,2,3.19549148149975,0,2,1,1,0,1.05128205128205,0.00555555555555556,0.00886968387536957,0.014542112046092,0,0,0,0,0,0,0,0,0,0,0,0,0,0,0,0,0,0,0,0,0,0,0,0,0,0,0,0,0,7,52,4,68,0,0,0,0,,,0,0,0,0,0,0,0,0,0,0,0,0,,,,0,0,0,0,0,0,0,,0,0,0,0,,0,0,,0,0,0,0,0,0,0,0,0,0,4.1,6.1
00-0033293,A.Jones,Aaron Jones,RB,RB,"https://static.www.nfl.com/image/upload/f_auto,q_auto/league/bktkfvgfwujkdbzkcfim",2021,REG,GB,15,0,0,0,0,0,0,0,0,0,0,0,0,,,0,,0,0,0,0,171,799,4,1,1,37,1.50547911042498,0,16,11,5,1,52,65,391,6,1,0,56,412,22,9.13248180772674,0,17,6,4,0,6.98214285714286,0.114035087719298,0.0122324159021407,0.179615322710446,0,0,0,0,0,0,0,0,0,0,0,0,0,0,0,0,0,0,0,0,0,0,0,0,2,0,1,2,1,0,0,2,19,0,0,0,0,,,0,0,0,0,0,0,0,0,0,0,0,0,,,,0,0,0,0,0,0,0,,0,0,0,0,,0,0,,0,0,0,0,0,0,0,0,0,0,177,229
00-0033294,C.Clark,Chuck Clark,SAF,DB,"https://static.www.nfl.com/image/upload/f_auto,q_auto/league/yv3fcxrrkt1c0tavgpq7",2021,REG,BAL,16,0,0,0,0,0,0,0,0,0,0,0,0,,,0,,0,0,0,0,0,0,0,0,0,0,,0,0,0,0,0,0,0,0,0,0,0,0,0,0,,0,0,0,0,0,,0,0,0,0,45,4,31,2,13,0,1,12,1,2,17,12,1,0,0,0,0,0,0,0,0,1,5,0,0,0,0,0,0,0,0,0,0,0,0,0,,,0,0,0,0,0,0,0,0,0,0,0,0,,,,0,0,0,0,0,0,0,,0,0,0,0,,0,0,,0,0,0,0,0,0,0,0,0,0,0,0
00-0033296,A.Armah,Alex Armah,RB,RB,"https://static.www.nfl.com/image/private/f_auto,q_auto/league/pvbqmdwlukehpxovupsg",2021,REG,WAS,9,0,0,0,0,0,0,0,0,0,0,0,0,,,0,,0,0,0,0,5,21,0,0,0,4,0.472470811568201,0,0,0,0,0,1,1,1,1,0,0,0,1,1,1.31586847224389,0,0,0,0,0,0,0.00210970464135021,0,0.00316455696202532,0,2,0,2,0,0,0,0,0,0,0,0,0,0,0,0,0,0,0,0,0,0,0,0,0,0,0,0,0,0,0,2,28,0,0,0,0,,,0,0,0,0,0,0,0,0,0,0,0,0,,,,0,0,0,0,0,0,0,,0,0,0,0,,0,0,,0,0,0,0,0,0,0,0,0,0,8.2,9.2
00-0033297,D.Jones,D.J. Jones,DT,DL,"https://static.www.nfl.com/image/upload/f_auto,q_auto/league/ft4g8bxpn85mshqvp4lj",2021,REG,SF,16,0,0,0,0,0,0,0,0,0,0,0,0,,,0,,0,0,0,0,0,0,0,0,0,0,,0,0,0,0,0,0,0,0,0,0,0,0,0,0,,0,0,0,0,0,,0,0,0,0,34,6,16,8,39,2,2,20,3,0,0,1,0,0,0,0,0,0,0,0,0,0,0,0,0,0,0,0,0,0,0,0,0,0,0,0,,,0,0,0,0,0,0,0,0,0,0,0,0,,,,0,0,0,0,0,0,0,,0,0,0,0,,0,0,,0,0,0,0,0,0,0,0,0,0,0,0
00-0033300,C.McDermott,Conor McDermott,OT,OL,"https://static.www.nfl.com/image/upload/f_auto,q_auto/league/v0n8mrrqv0a03zok2kvg",2021,REG,NYJ,2,0,0,0,0,0,0,0,0,0,0,0,0,,,0,,0,0,0,0,0,0,0,0,0,0,,0,0,0,0,0,1,1,1,1,0,0,1,0,1,2.46467829169706,0,0,0,0,0,1,0.00172117039586919,0.000229937916762474,0.00274271213553752,0,0,0,0,0,0,0,0,0,0,0,0,0,0,0,0,0,0,0,0,0,0,1,10,0,0,0,0,0,0,0,0,0,0,0,0,0,,,0,0,0,0,0,0,0,0,0,0,0,0,,,,0,0,0,0,0,0,0,,0,0,0,0,,0,0,,0,0,0,0,0,0,0,0,0,0,6.1,7.1
00-0033302,A.Colbert,Adrian Colbert,FS,DB,"https://static.www.nfl.com/image/upload/f_auto,q_auto/league/f96eyatbjt9mayqg7znh",2021,REG,NYJ,4,0,0,0,0,0,0,0,0,0,0,0,0,,,0,,0,0,0,0,0,0,0,0,0,0,,0,0,0,0,0,0,0,0,0,0,0,0,0,0,,0,0,0,0,0,,0,0,0,0,9,1,6,0,0,0,0,0,0,0,0,0,0,0,0,0,0,0,0,0,0,0,0,0,0,0,0,0,0,0,0,0,0,0,0,0,,,0,0,0,0,0,0,0,0,0,0,0,0,,,,0,0,0,0,0,0,0,,0,0,0,0,,0,0,,0,0,0,0,0,0,0,0,0,0,0,0
00-0033303,H.Butker,Harrison Butker,K,SPEC,"https://static.www.nfl.com/image/upload/f_auto,q_auto/league/ove4pmnrtqtuyta6rrlc",2021,REG,KC,16,0,0,0,0,0,0,0,0,0,0,0,0,,,0,,0,0,0,0,0,0,0,0,0,0,,0,0,0,0,0,0,0,0,0,0,0,0,0,0,,0,0,0,0,0,,0,0,0,0,0,0,0,0,0,0,0,0,0,0,0,0,0,0,0,0,0,0,0,0,0,0,0,0,0,0,0,0,0,0,0,0,25,28,3,0,56,0.892857142857143,0,3,11,4,7,0,0,0,0,1,2,0,28;43;34;38;54;52;42;36;34;24;55;40;35;37;53;56;45;26;54;37;30;33;34;34;51,57;46;51,,1005,154,0,47,49,2,0,0.959183673469388,0,0,0,0,,1,0,31,31,1,0,1,0,0,0,0,0,31,0,0
00-0033307,K.Bourne,Kendrick Bourne,WR,WR,"https://static.www.nfl.com/image/upload/f_auto,q_auto/league/rroh157jvpywprbfn3vx",2021,REG,NE,17,1,1,25,1,0,0,0,0,0,22,3,1,2.34783104597591,64.8948192596436,0,1.13636363636364,1,1,1,0,12,125,0,0,0,7,9.5788863869966,0,6,5,0,0,55,70,800,5,1,1,592,385,27,42.3776122647124,0,28,17,10,5,1.35135135135135,0.133587786259542,0.138059701492537,0.297023470434089,0,0,0,0,0,0,0,0,0,0,0,0,0,0,0,0,0,0,0,0,0,0,3,25,1,0,0,1,1,0,0,0,0,0,0,0,0,,,0,0,0,0,0,0,0,0,0,0,0,0,,,,0,0,0,0,0,0,0,,0,0,0,0,,0,0,,0,0,0,0,0,0,0,0,0,0,125.5,180.5
00-0033308,M.Breida,Matt Breida,RB,RB,"https://static.www.nfl.com/image/private/f_auto,q_auto/league/rc4m1xw0xmtsrxswd0bg",2021,REG,BUF,7,0,0,0,0,0,0,0,0,0,0,0,0,,,0,,0,0,0,0,26,125,1,1,1,5,-8.59583328961162,0,3,2,1,0,7,9,72,2,0,0,8,61,4,5.8264256149414,0,3,2,1,0,9,0.014446227929374,0.00149393090569561,0.0227150935280479,0,1,0,1,0,0,0,0,0,0,0,0,0,0,0,0,0,0,0,0,0,0,0,0,1,0,0,1,1,0,0,1,27,0,0,0,0,,,0,0,0,0,0,0,0,0,0,0,0,0,,,,0,0,0,0,0,0,0,,0,0,0,0,,0,0,,0,0,0,0,0,0,0,0,0,0,35.7,42.7
00-0033319,N.Mullens,Nick Mullens,QB,QB,"https://static.www.nfl.com/image/upload/f_auto,q_auto/league/xrpcaavzkqoq1ybqthgm",2021,REG,CLE,1,20,30,147,1,0,0,0,0,0,213,71,9,2.16466211134212,4.74357306957245,0,0.690140845070423,5,1,1,0,0,0,0,0,0,0,,0,0,0,0,0,0,0,0,0,0,0,0,0,0,,0,0,0,0,0,,0,0,0,0,0,0,0,0,0,0,0,0,0,0,0,0,0,0,0,0,0,0,0,0,0,0,0,0,0,0,0,0,0,0,0,0,0,0,0,0,,,0,0,0,0,0,0,0,0,0,0,0,0,,,,0,0,0,0,0,0,0,,0,0,0,0,,0,0,,0,0,0,0,0,0,0,0,0,0,9.88,9.88
00-0033324,T.Bower,Tashawn Bower,DE,DL,"https://static.www.nfl.com/image/private/f_auto,q_auto/league/h6ioogkk8kw2ik3vfdjd",2021,REG,MIN,3,0,0,0,0,0,0,0,0,0,0,0,0,,,0,,0,0,0,0,0,0,0,0,0,0,,0,0,0,0,0,0,0,0,0,0,0,0,0,0,,0,0,0,0,0,,0,0,0,0,2,0,2,1,6,0,1,6,1,0,0,0,0,0,0,0,0,0,0,0,0,0,0,0,0,0,0,0,0,0,0,0,0,0,0,0,,,0,0,0,0,0,0,0,0,0,0,0,0,,,,0,0,0,0,0,0,0,,0,0,0,0,,0,0,,0,0,0,0,0,0,0,0,0,0,0,0
00-0033336,E.Wilson,Eric Wilson,LB,LB,"https://static.www.nfl.com/image/upload/f_auto,q_auto/league/ita0jmgsuikjagrpuqqb",2021,REG,HOU,9,0,0,0,0,0,0,0,0,0,0,0,0,,,0,,0,0,0,0,0,0,0,0,0,0,,0,0,0,0,0,0,0,0,0,0,0,0,0,0,,0,0,0,0,0,,0,0,0,0,17,3,26,1,3,0,0,0,1,1,7,1,0,0,0,0,0,0,0,0,0,1,10,0,0,0,0,0,0,0,0,0,0,0,0,0,,,0,0,0,0,0,0,0,0,0,0,0,0,,,,0,0,0,0,0,0,0,,0,0,0,0,,0,0,,0,0,0,0,0,0,0,0,0,0,0,0
00-0033338,C.Carter,Cethan Carter,TE,TE,"https://static.www.nfl.com/image/private/f_auto,q_auto/league/soxu9ft40rqaizt9yizp",2021,REG,MIA,8,0,0,0,0,0,0,0,0,0,0,0,0,,,0,,0,0,0,0,0,0,0,0,0,0,,0,0,0,0,0,2,2,16,0,0,0,8,8,0,0.872670122655109,0,0,0,0,0,2,0.00333889816360601,0.00178930887944531,0.00626086346102074,0,4,0,4,0,0,0,0,0,0,0,0,0,0,0,0,0,0,0,0,0,0,1,10,0,0,0,0,0,0,0,0,0,0,0,0,0,,,0,0,0,0,0,0,0,0,0,0,0,0,,,,0,0,0,0,0,0,0,,0,0,0,0,,0,0,,0,0,0,0,0,0,0,0,0,0,1.6,3.6
00-0033344,H.Nickerson,Hardy Nickerson,MLB,LB,"https://static.www.nfl.com/image/private/f_auto,q_auto/league/w2uuz8nnm26wdpzs5e0d",2021,REG,HOU,2,0,0,0,0,0,0,0,0,0,0,0,0,,,0,,0,0,0,0,0,0,0,0,0,0,,0,0,0,0,0,0,0,0,0,0,0,0,0,0,,0,0,0,0,0,,0,0,0,0,2,0,0,0,0,0,0,0,0,0,0,0,0,0,0,0,0,0,0,0,0,0,0,0,0,0,0,0,0,0,0,0,0,0,0,0,,,0,0,0,0,0,0,0,0,0,0,0,0,,,,0,0,0,0,0,0,0,,0,0,0,0,,0,0,,0,0,0,0,0,0,0,0,0,0,0,0
00-0033347,J.Tupou,Josh Tupou,DT,DL,"https://static.www.nfl.com/image/upload/f_auto,q_auto/league/l2qbcwd7xkczaf4yibdf",2021,REG,CIN,10,0,0,0,0,0,0,0,0,0,0,0,0,,,0,,0,0,0,0,0,0,0,0,0,0,,0,0,0,0,0,0,0,0,0,0,0,0,0,0,,0,0,0,0,0,,0,0,0,0,2,1,9,0,0,0,0,0,1,0,0,0,0,0,0,0,0,0,0,0,0,0,0,0,0,0,0,0,0,0,0,0,0,0,0,0,,,0,0,0,0,0,0,0,0,0,0,0,0,,,,0,0,0,0,0,0,0,,0,0,0,0,,0,0,,0,0,0,0,0,0,0,0,0,0,0,0
00-0033357,T.Hill,Taysom Hill,TE,TE,"https://static.www.nfl.com/image/upload/f_auto,q_auto/league/q8itjlocg5do60qat4l3",2021,REG,NO,12,78,134,978,4,5,9,-64,1,0,991,521,43,-11.434644389409,-7.09601321558314,0,0.986881937436932,33,21,14,2,70,374,5,1,0,26,14.2918101518954,0,7,5,3,1,4,6,52,0,0,0,19,50,4,-2.82954332279041,0,4,0,0,0,2.73684210526316,0.0126582278481013,0.00507343124165554,0.0225387436413108,0,1,0,1,0,0,0,0,0,0,0,0,0,0,0,0,0,2,-2,0,0,0,1,13,0,2,0,2,0,0,0,0,0,0,0,0,0,,,0,0,0,0,0,0,0,0,0,0,0,0,,,,0,0,0,0,0,0,0,,0,0,0,0,,0,0,,0,0,0,0,0,0,0,0,0,0,117.72,121.72
00-0033367,C.Board,C.J. Board,WR,WR,"https://static.www.nfl.com/image/private/f_auto,q_auto/league/pzshlaz0iihftpmg9imt",2021,REG,NYG,6,0,0,0,0,0,0,0,0,0,0,0,0,,,0,,0,0,0,0,1,6,0,0,0,0,0.333063101978041,0,0,0,0,0,4,6,51,0,0,0,102,13,3,-0.555520301219076,0,1,1,1,0,0.5,0.0106382978723404,0.0233784093513637,0.0323223333544653,0,0,0,2,0,0,0,0,0,0,0,0,0,0,0,0,0,0,0,0,0,0,2,13,0,0,0,0,0,2,33,11,273,0,0,0,0,,,0,0,0,0,0,0,0,0,0,0,0,0,,,,0,0,0,0,0,0,0,,0,0,0,0,,0,0,,0,0,0,0,0,0,0,0,0,0,5.7,9.7
00-0033375,T.Patrick,Tim Patrick,WR,WR,"https://static.www.nfl.com/image/upload/f_auto,q_auto/league/ovltsc9sdoo5e62fpa9b",2021,REG,DEN,16,0,0,0,0,0,0,0,0,0,0,0,0,,,0,,0,0,0,0,0,0,0,0,0,0,,0,0,0,0,0,53,85,734,5,0,0,995,202,39,37.6587988242859,0,33,16,10,1,0.737688442211055,0.164410058027079,0.218585237258348,0.399624753121463,0,0,0,0,0,0,0,0,0,0,0,0,0,0,0,0,0,1,2,0,0,0,2,30,0,0,0,0,0,0,0,0,0,0,0,0,0,,,0,0,0,0,0,0,0,0,0,0,0,0,,,,0,0,0,0,0,0,0,,0,0,0,0,,0,0,,0,0,0,0,0,0,0,0,0,0,103.4,156.4
00-0033376,P.Ricard,Patrick Ricard,RB,RB,"https://static.www.nfl.com/image/upload/f_auto,q_auto/league/l5nzsaigpp87jl5h5mtc",2021,REG,BAL,8,0,0,0,0,0,0,0,0,0,0,0,0,,,0,,0,0,0,0,2,4,0,0,0,2,0.712798242690042,0,0,0,0,0,8,13,63,1,0,0,14,45,3,-3.17006365870475,0,2,1,1,0,4.5,0.0219966159052454,0.00267584097859327,0.0348680125428833,0,0,0,0,0,0,0,0,0,0,0,0,0,0,0,0,0,0,0,0,0,0,1,11,0,0,0,0,0,0,0,0,0,0,0,0,0,,,0,0,0,0,0,0,0,0,0,0,0,0,,,,0,0,0,0,0,0,0,,0,0,0,0,,0,0,,0,0,0,0,0,0,0,0,0,0,12.7,20.7
00-0033381,A.Butler,Adam Butler,DT,DL,"https://static.www.nfl.com/image/upload/f_auto,q_auto/league/t9cxogz67nugvjyqif73",2021,REG,MIA,13,0,0,0,0,0,0,0,0,0,0,0,0,,,0,,0,0,0,0,0,0,0,0,0,0,,0,0,0,0,0,0,0,0,0,0,0,0,0,0,,0,0,0,0,0,,0,0,0,0,7,2,8,2,13,0,2,13,5,0,0,3,0,0,0,0,0,0,0,0,0,0,0,0,0,0,0,0,0,0,0,0,0,0,0,0,,,0,0,0,0,0,0,0,0,0,0,0,0,,,,0,0,0,0,0,0,0,,0,0,0,0,,0,0,,0,0,0,0,0,0,0,0,0,0,0,0
00-0033386,C.Hollister,Cody Hollister,WR,WR,"https://static.www.nfl.com/image/private/f_auto,q_auto/league/naicfqo1ayh448qi86xq",2021,REG,TEN,3,0,0,0,0,0,0,0,0,0,0,0,0,,,0,,0,0,0,0,0,0,0,0,0,0,,0,0,0,0,0,4,7,33,0,0,0,72,17,4,-1.77734214311931,0,1,0,0,0,0.458333333333333,0.0134099616858238,0.0179775280898876,0.032699212191657,0,0,0,0,0,0,0,0,0,0,0,0,0,0,0,0,0,0,0,0,0,0,0,0,0,0,0,0,0,0,0,0,0,0,0,0,0,,,0,0,0,0,0,0,0,0,0,0,0,0,,,,0,0,0,0,0,0,0,,0,0,0,0,,0,0,,0,0,0,0,0,0,0,0,0,0,3.3,7.3
00-0033387,J.Hollister,Jacob Hollister,TE,TE,"https://static.www.nfl.com/image/private/f_auto,q_auto/league/qdny7ap8ly1ozectd8zu",2021,REG,JAX,7,0,0,0,0,0,0,0,0,0,0,0,0,,,0,,0,0,0,0,0,0,0,0,0,0,,0,0,0,0,0,9,14,55,1,0,0,66,31,2,-12.457760905192,0,1,0,0,0,0.833333333333333,0.0240137221269297,0.0138509968520462,0.0457162809868268,0,1,0,1,0,0,0,0,0,0,0,0,0,0,0,0,0,0,0,0,0,0,0,0,0,0,0,0,0,0,0,0,0,0,0,0,0,,,0,0,0,0,0,0,0,0,0,0,0,0,,,,0,0,0,0,0,0,0,,0,0,0,0,,0,0,,0,0,0,0,0,0,0,0,0,0,11.5,20.5
00-0033392,H.Langi,Harvey Langi,LB,LB,"https://static.www.nfl.com/image/private/f_auto,q_auto/league/aydxopdtyvmbju00gmyt",2021,REG,NE,3,0,0,0,0,0,0,0,0,0,0,0,0,,,0,,0,0,0,0,0,0,0,0,0,0,,0,0,0,0,0,0,0,0,0,0,0,0,0,0,,0,0,0,0,0,,0,0,0,0,0,1,2,0,0,0,0,0,0,0,0,0,0,0,0,0,0,0,0,0,0,0,0,0,0,0,0,0,0,0,0,0,0,0,0,0,,,0,0,0,0,0,0,0,0,0,0,0,0,,,,0,0,0,0,0,0,0,,0,0,0,0,,0,0,,0,0,0,0,0,0,0,0,0,0,0,0
00-0033393,K.Moore,Kenny Moore II,CB,DB,"https://static.www.nfl.com/image/private/f_auto,q_auto/league/ji3hdoi86xonnhxlr6gl",2021,REG,IND,17,0,0,0,0,0,0,0,0,0,0,0,0,,,0,,0,0,0,0,0,0,0,0,0,0,,0,0,0,0,0,0,0,0,0,0,0,0,0,0,,0,0,0,0,0,,0,0,0,0,73,9,20,6,11,1,1,1,1,4,78,13,0,0,0,0,0,0,0,0,0,1,12,0,0,0,0,0,0,0,0,0,0,0,0,0,,,0,0,0,0,0,0,0,0,0,0,0,0,,,,0,0,0,0,0,0,0,,0,0,0,0,,0,0,,0,0,0,0,0,0,0,0,0,0,0,0
00-0033400,M.Haack,Matt Haack,P,SPEC,"https://static.www.nfl.com/image/upload/f_auto,q_auto/league/q0pk8i0ehgn4bccwbmme",2021,REG,BUF,16,0,0,0,0,0,0,0,0,0,0,0,0,,,0,,0,0,0,0,0,0,0,0,0,0,,0,0,0,0,0,0,0,0,0,0,0,0,0,0,,0,0,0,0,0,,0,0,0,0,0,0,0,0,0,0,0,0,0,0,0,0,0,0,0,0,1,0,0,0,0,0,0,0,1,0,1,0,0,0,0,0,0,0,0,0,,,0,0,0,0,0,0,0,0,0,0,0,0,,,,0,0,0,0,0,0,0,,0,0,0,0,,52,1,63,2230,18,8,9,7,11,17,96,0,1994,0,0
00-0033403,C.Malveaux,Cameron Malveaux,DE,DL,"https://static.www.nfl.com/image/private/f_auto,q_auto/league/ymrrstfoqczhqxbdpyyg",2021,REG,PHI,3,0,0,0,0,0,0,0,0,0,0,0,0,,,0,,0,0,0,0,0,0,0,0,0,0,,0,0,0,0,0,0,0,0,0,0,0,0,0,0,,0,0,0,0,0,,0,0,0,0,0,0,3,0,0,0,0,0,2,0,0,0,0,0,0,0,0,0,0,0,0,0,0,0,0,0,0,0,0,0,0,0,0,0,0,0,,,0,0,0,0,0,0,0,0,0,0,0,0,,,,0,0,0,0,0,0,0,,0,0,0,0,,0,0,,0,0,0,0,0,0,0,0,0,0,0,0
00-0033405,T.McTyer,Torry McTyer,CB,DB,"https://static.www.nfl.com/image/private/f_auto,q_auto/league/fihkqpnzwigqms2mh2sx",2021,REG,WAS,2,0,0,0,0,0,0,0,0,0,0,0,0,,,0,,0,0,0,0,0,0,0,0,0,0,,0,0,0,0,0,0,0,0,0,0,0,0,0,0,,0,0,0,0,0,,0,0,0,0,1,0,0,0,0,0,0,0,0,0,0,2,0,0,0,0,0,0,0,0,0,1,28,0,0,0,0,0,0,0,0,0,0,0,0,0,,,0,0,0,0,0,0,0,0,0,0,0,0,,,,0,0,0,0,0,0,0,,0,0,0,0,,0,0,,0,0,0,0,0,0,0,0,0,0,0,0
00-0033421,A.Auclair,Antony Auclair,TE,TE,"https://static.www.nfl.com/image/private/f_auto,q_auto/league/qkktgjw9l0ntyfiobegs",2021,REG,HOU,4,0,0,0,0,0,0,0,0,0,0,0,0,,,0,,0,0,0,0,0,0,0,0,0,0,,0,0,0,0,0,5,5,47,1,0,0,22,25,2,5.69449596334016,0,2,0,0,0,2.13636363636364,0.00956022944550669,0.00550412809607206,0.0181932338355105,0,1,0,0,0,0,0,0,0,0,0,0,0,0,0,0,0,0,0,0,0,0,1,10,0,0,0,0,0,0,0,1,11,0,0,0,0,,,0,0,0,0,0,0,0,0,0,0,0,0,,,,0,0,0,0,0,0,0,,0,0,0,0,,0,0,,0,0,0,0,0,0,0,0,0,0,10.7,15.7
00-0033430,G.Mabin,Greg Mabin,CB,DB,"https://static.www.nfl.com/image/private/f_auto,q_auto/league/kx7eaysqokv69ecev8s0",2021,REG,TEN,4,0,0,0,0,0,0,0,0,0,0,0,0,,,0,,0,0,0,0,0,0,0,0,0,0,,0,0,0,0,0,0,0,0,0,0,0,0,0,0,,0,0,0,0,0,,0,0,0,0,7,2,1,0,0,0,0,0,0,0,0,1,0,0,0,0,0,0,0,0,0,1,12,0,0,0,0,0,0,0,0,0,0,0,0,0,,,0,0,0,0,0,0,0,0,0,0,0,0,,,,0,0,0,0,0,0,0,,0,0,0,0,,0,0,,0,0,0,0,0,0,0,0,0,0,0,0
00-0033435,B.Borders,Breon Borders,CB,DB,"https://static.www.nfl.com/image/private/f_auto,q_auto/league/z27qeupe0konar5g4ovl",2021,REG,ARI,6,0,0,0,0,0,0,0,0,0,0,0,0,,,0,,0,0,0,0,0,0,0,0,0,0,,0,0,0,0,0,0,0,0,0,0,0,0,0,0,,0,0,0,0,0,,0,0,0,0,7,0,1,0,0,0,0,0,0,0,0,2,0,0,0,0,0,0,0,0,0,1,39,0,0,0,0,0,0,0,0,0,0,0,0,0,,,0,0,0,0,0,0,0,0,0,0,0,0,,,,0,0,0,0,0,0,0,,0,0,0,0,,0,0,,0,0,0,0,0,0,0,0,0,0,0,0
00-0033439,P.Brown,Pharaoh Brown,TE,TE,"https://static.www.nfl.com/image/upload/f_auto,q_auto/league/hfgg6gr7aiyzmdzh4iww",2021,REG,HOU,13,0,0,0,0,0,0,0,0,0,0,0,0,,,0,,0,0,0,0,0,0,0,0,0,0,,0,0,0,0,0,23,34,171,0,1,1,146,106,6,-10.3834399700882,0,5,2,2,0,1.17123287671233,0.0650095602294455,0.03652739554666,0.12308351722683,0,1,0,0,0,0,0,0,0,0,0,0,0,0,0,0,0,0,0,0,0,0,9,72,1,0,0,1,1,0,0,0,0,0,0,0,0,,,0,0,0,0,0,0,0,0,0,0,0,0,,,,0,0,0,0,0,0,0,,0,0,0,0,,0,0,,0,0,0,0,0,0,0,0,0,0,15.1,38.1
00-0033452,A.Calitro,Austin Calitro,ILB,LB,"https://static.www.nfl.com/image/private/f_auto,q_auto/league/kgiqm9wqj1gurqewpwxg",2021,REG,CIN,3,0,0,0,0,0,0,0,0,0,0,0,0,,,0,,0,0,0,0,0,0,0,0,0,0,,0,0,0,0,0,0,0,0,0,0,0,0,0,0,,0,0,0,0,0,,0,0,0,0,4,0,2,0,0,0,0,0,0,0,0,0,0,0,0,0,0,0,0,0,0,0,0,0,0,0,0,0,0,0,0,0,0,0,0,0,,,0,0,0,0,0,0,0,0,0,0,0,0,,,,0,0,0,0,0,0,0,,0,0,0,0,,0,0,,0,0,0,0,0,0,0,0,0,0,0,0
00-0033455,A.Firkser,Anthony Firkser,TE,TE,"https://static.www.nfl.com/image/upload/f_auto,q_auto/league/rpbs9wsnuhu9tgipzwuv",2021,REG,TEN,15,0,0,0,0,0,0,0,0,0,0,0,0,,,0,,0,0,0,0,0,0,0,0,0,0,,0,0,0,0,0,34,43,291,2,1,1,250,111,15,10.048556437281,0,13,2,1,0,1.164,0.0823754789272031,0.0624219725343321,0.167258599164837,0,1,0,0,0,0,0,0,0,0,0,0,0,0,0,0,0,2,-7,1,0,1,4,18,2,0,0,2,1,0,0,0,0,0,0,0,0,,,0,0,0,0,0,0,0,0,0,0,0,0,,,,0,0,0,0,0,0,0,,0,0,0,0,,0,0,,0,0,0,0,0,0,0,0,0,0,39.1,73.1
00-0033460,J.Ross,John Ross,WR,WR,"https://static.www.nfl.com/image/upload/f_auto,q_auto/league/olf4tixsulbplr0hkas5",2021,REG,NYG,9,0,0,0,0,0,0,0,0,0,0,0,0,,,0,,0,0,0,0,1,16,0,0,0,1,0.979927982436493,0,1,1,0,0,11,20,224,1,1,0,314,40,8,12.212102882273,0,8,5,3,2,0.713375796178344,0.0354609929078014,0.0719688287875315,0.103569669512974,0,0,0,0,0,0,0,0,0,0,0,0,0,0,0,0,0,1,0,0,0,0,1,5,1,0,0,1,0,0,0,1,12,0,0,0,0,,,0,0,0,0,0,0,0,0,0,0,0,0,,,,0,0,0,0,0,0,0,,0,0,0,0,,0,0,,0,0,0,0,0,0,0,0,0,0,30,41
00-0033466,I.McKenzie,Isaiah McKenzie,WR,WR,"https://static.www.nfl.com/image/upload/f_auto,q_auto/league/gy6grhpxsegfgklfadte",2021,REG,BUF,15,0,0,0,0,0,0,0,0,0,0,0,0,,,0,,0,0,0,0,9,47,1,0,0,4,1.94753755404963,0,1,0,0,0,20,26,178,1,0,0,157,81,13,16.9549489303608,0,6,3,1,0,1.13375796178344,0.0417335473515249,0.0293183940242764,0.0831231968442808,0,1,0,0,0,0,0,0,0,0,0,0,0,0,1,0,0,1,0,0,0,0,0,0,0,2,0,2,1,19,147,24,584,0,0,0,0,,,0,0,0,0,0,0,0,0,0,0,0,0,,,,0,0,0,0,0,0,0,,0,0,0,0,,0,0,,0,0,0,0,0,0,0,0,0,0,34.5,54.5
00-0033469,V.Taylor,Vincent Taylor,DT,DL,"https://static.www.nfl.com/image/private/f_auto,q_auto/league/wbhxbvig9a5u742ydron",2021,REG,HOU,1,0,0,0,0,0,0,0,0,0,0,0,0,,,0,,0,0,0,0,0,0,0,0,0,0,,0,0,0,0,0,0,0,0,0,0,0,0,0,0,,0,0,0,0,0,,0,0,0,0,1,0,1,0,0,0,0,0,0,0,0,0,0,0,0,0,0,0,0,0,0,0,0,0,0,0,0,0,0,0,0,0,0,0,0,0,,,0,0,0,0,0,0,0,0,0,0,0,0,,,,0,0,0,0,0,0,0,,0,0,0,0,,0,0,,0,0,0,0,0,0,0,0,0,0,0,0
00-0033471,I.Ford,Isaiah Ford,WR,WR,"https://static.www.nfl.com/image/private/f_auto,q_auto/league/ycqftcjsc9vyqmc8tlmw",2021,REG,MIA,10,0,0,0,0,0,0,0,0,0,0,0,0,,,0,,0,0,0,0,0,0,0,0,0,0,,0,0,0,0,0,12,17,161,2,0,0,144,60,7,10.6004306722898,0,6,4,2,1,1.11805555555556,0.0283806343906511,0.0322075598300157,0.0651162434669876,0,1,0,0,0,0,0,0,0,0,0,0,0,0,0,0,0,0,0,0,0,0,1,10,0,0,0,0,0,0,0,0,0,0,0,0,0,,,0,0,0,0,0,0,0,0,0,0,0,0,,,,0,0,0,0,0,0,0,,0,0,0,0,,0,0,,0,0,0,0,0,0,0,0,0,0,28.1,40.1
00-0033481,M.Kemp,Marcus Kemp,WR,WR,"https://static.www.nfl.com/image/private/f_auto,q_auto/league/hetkew9ad3agbj8cq1r3",2021,REG,KC,12,0,0,0,0,0,0,0,0,0,0,0,0,,,0,,0,0,0,0,0,0,0,0,0,0,,0,0,0,0,0,2,5,24,0,0,0,62,8,1,-0.52446079661604,0,1,1,0,0,0.387096774193548,0.00784929356357928,0.0124874118831823,0.0205151286635965,0,9,0,2,1,8,0,0,0,0,0,0,0,0,0,0,0,0,0,0,0,0,1,15,0,0,0,0,0,0,0,0,0,0,0,0,0,,,0,0,0,0,0,0,0,0,0,0,0,0,,,,0,0,0,0,0,0,0,,0,0,0,0,,0,0,,0,0,0,0,0,0,0,0,0,0,2.4,4.4
00-0033503,A.Maulet,Arthur Maulet,CB,DB,"https://static.www.nfl.com/image/upload/f_auto,q_auto/league/aubd7y8fpt8tdx3tci9t",2021,REG,PIT,14,0,0,0,0,0,0,0,0,0,0,0,0,,,0,,0,0,0,0,0,0,0,0,0,0,,0,0,0,0,0,0,0,0,0,0,0,0,0,0,,0,0,0,0,0,,0,0,0,0,36,2,9,5,15,1,0,0,2,0,0,1,0,0,0,0,0,0,0,0,0,0,0,0,0,0,0,0,0,0,0,0,0,0,0,0,,,0,0,0,0,0,0,0,0,0,0,0,0,,,,0,0,0,0,0,0,0,,0,0,0,0,,0,0,,0,0,0,0,0,0,0,0,0,0,0,0
00-0033511,S.Harlow,Sean Harlow,C,OL,"https://static.www.nfl.com/image/private/f_auto,q_auto/league/zumjqygjzqrwtccm5jco",2021,REG,ARI,3,0,0,0,0,0,0,0,0,0,0,0,0,,,0,,0,0,0,0,0,0,0,0,0,0,,0,0,0,0,0,0,0,0,0,0,0,0,0,0,,0,0,0,0,0,,0,0,0,0,0,0,0,0,0,0,0,0,0,0,0,0,0,0,0,0,0,0,0,0,0,4,40,0,0,0,0,0,0,0,0,0,0,0,0,0,,,0,0,0,0,0,0,0,0,0,0,0,0,,,,0,0,0,0,0,0,0,,0,0,0,0,,0,0,,0,0,0,0,0,0,0,0,0,0,0,0
00-0033512,D.Kazee,Damontae Kazee,S,DB,"https://static.www.nfl.com/image/upload/f_auto,q_auto/league/cz9f72l19xvvmplddbxd",2021,REG,DAL,17,0,0,0,0,0,0,0,0,0,0,0,0,,,0,,0,0,0,0,0,0,0,0,0,0,,0,0,0,0,0,0,0,0,0,0,0,0,0,0,,0,0,0,0,0,,0,0,0,0,33,2,17,0,0,2,0,0,0,2,8,4,0,0,0,0,0,0,0,0,0,3,45,0,0,0,0,0,0,0,0,0,0,0,0,0,,,0,0,0,0,0,0,0,0,0,0,0,0,,,,0,0,0,0,0,0,0,,0,0,0,0,,0,0,,0,0,0,0,0,0,0,0,0,0,0,0
00-0033523,Jon.Allen,Jonathan Allen,DE,DL,"https://static.www.nfl.com/image/upload/f_auto,q_auto/league/pri0osdjdsziyqrd14ar",2021,REG,WAS,17,0,0,0,0,0,0,0,0,0,0,0,0,,,0,,0,0,0,0,0,0,0,0,0,0,,0,0,0,0,0,0,0,0,0,0,0,0,0,0,,0,0,0,0,0,,0,0,0,0,24,7,31,10,53,0,9,56,30,0,0,0,0,0,0,0,0,0,0,0,0,1,5,0,0,0,0,0,0,0,0,0,0,0,0,0,,,0,0,0,0,0,0,0,0,0,0,0,0,,,,0,0,0,0,0,0,0,,0,0,0,0,,0,0,,0,0,0,0,0,0,0,0,0,0,0,0
00-0033524,K.King,Kevin King,CB,DB,"https://static.www.nfl.com/image/upload/f_auto,q_auto/league/gtqricr7gub4urjpyadn",2021,REG,GB,10,0,0,0,0,0,0,0,0,0,0,0,0,,,0,,0,0,0,0,0,0,0,0,0,0,,0,0,0,0,0,0,0,0,0,0,0,0,0,0,,0,0,0,0,0,,0,0,0,0,21,0,8,0,0,0,0,0,1,1,0,3,0,0,0,0,0,0,0,0,0,0,0,0,0,0,0,0,0,0,0,0,0,0,0,0,,,0,0,0,0,0,0,0,0,0,0,0,0,,,,0,0,0,0,0,0,0,,0,0,0,0,,0,0,,0,0,0,0,0,0,0,0,0,0,0,0
00-0033526,S.Perine,Samaje Perine,RB,RB,"https://static.www.nfl.com/image/upload/f_auto,q_auto/league/ur3jv6biq0pefkrgpzty",2021,REG,CIN,15,0,0,0,0,0,0,0,0,0,0,0,0,,,0,,0,0,0,0,55,246,1,0,0,11,-6.75531870154576,0,7,4,2,1,27,31,196,1,0,0,7,198,9,6.599092864265,0,8,1,1,0,28,0.0574074074074074,0.001591994541733,0.0872255072903242,0,6,0,0,0,0,0,0,0,0,0,0,0,0,0,0,0,0,0,0,0,0,0,0,0,0,0,0,0,0,0,0,0,0,0,0,0,,,0,0,0,0,0,0,0,0,0,0,0,0,,,,0,0,0,0,0,0,0,,0,0,0,0,,0,0,,0,0,0,0,0,0,0,0,0,0,56.2,83.2
00-0033528,J.Sprinkle,Jeremy Sprinkle,TE,TE,"https://static.www.nfl.com/image/private/f_auto,q_auto/league/cncqiyqmj7ohm5k70bog",2021,REG,DAL,6,0,0,0,0,0,0,0,0,0,0,0,0,,,0,,0,0,0,0,0,0,0,0,0,0,,0,0,0,0,0,3,3,31,0,0,0,12,19,2,2.60527822549921,0,3,0,0,0,2.58333333333333,0.00470957613814757,0.00234558248631744,0.00870627194764355,0,2,0,0,0,0,0,0,0,0,0,0,0,0,0,0,0,0,0,0,0,0,2,16,0,0,0,0,0,0,0,0,0,0,0,0,0,,,0,0,0,0,0,0,0,0,0,0,0,0,,,,0,0,0,0,0,0,0,,0,0,0,0,,0,0,,0,0,0,0,0,0,0,0,0,0,3.1,6.1
00-0033529,C.Roullier,Chase Roullier,C,OL,"https://static.www.nfl.com/image/private/f_auto,q_auto/league/voxaxvxnn0khqrdeouzs",2021,REG,WAS,3,0,0,0,0,0,0,0,0,0,0,0,0,,,0,,0,0,0,0,0,0,0,0,0,0,,0,0,0,0,0,0,0,0,0,0,0,0,0,0,,0,0,0,0,0,,0,0,0,0,0,0,0,0,0,0,0,0,0,0,0,0,0,0,0,0,1,-3,0,0,0,1,10,0,1,0,1,0,0,0,0,0,0,0,0,0,,,0,0,0,0,0,0,0,0,0,0,0,0,,,,0,0,0,0,0,0,0,,0,0,0,0,,0,0,,0,0,0,0,0,0,0,0,0,0,0,0
00-0033536,M.Williams,Mike Williams,WR,WR,"https://static.www.nfl.com/image/upload/f_auto,q_auto/league/atprqcuqsl4spdak76fy",2021,REG,LAC,16,0,0,0,0,0,0,0,0,0,0,0,0,,,0,,0,0,0,0,0,0,0,0,0,0,,0,0,0,0,0,76,129,1146,9,0,0,1497,415,51,66.6682888225789,1,41,23,17,9,0.765531062124249,0.195751138088012,0.29456906729634,0.499825054239456,0,0,0,0,0,0,0,0,0,0,0,0,0,0,0,0,0,0,0,0,0,0,1,10,0,0,0,0,0,0,0,0,0,0,0,0,0,,,0,0,0,0,0,0,0,0,0,0,0,0,,,,0,0,0,0,0,0,0,,0,0,0,0,,0,0,,0,0,0,0,0,0,0,0,0,0,170.6,246.6
00-0033538,G.Bolles,Garett Bolles,OT,OL,"https://static.www.nfl.com/image/upload/f_auto,q_auto/league/dpgttf9sbcrvmqvohqtn",2021,REG,DEN,5,0,0,0,0,0,0,0,0,0,0,0,0,,,0,,0,0,0,0,0,0,0,0,0,0,,0,0,0,0,0,0,0,0,0,0,0,0,0,0,,0,0,0,0,0,,0,0,0,0,0,0,0,0,0,0,0,0,0,0,0,0,0,0,0,0,0,0,0,0,0,6,50,0,0,0,0,0,0,0,0,0,0,0,0,0,,,0,0,0,0,0,0,0,0,0,0,0,0,,,,0,0,0,0,0,0,0,,0,0,0,0,,0,0,,0,0,0,0,0,0,0,0,0,0,0,0
00-0033539,J.Davis,Jarrad Davis,MLB,LB,"https://static.www.nfl.com/image/private/f_auto,q_auto/league/aojjnufhksozv3ztodf2",2021,REG,NYJ,7,0,0,0,0,0,0,0,0,0,0,0,0,,,0,,0,0,0,0,0,0,0,0,0,0,,0,0,0,0,0,0,0,0,0,0,0,0,0,0,,0,0,0,0,0,,0,0,0,0,15,3,7,0,0,0,0,0,0,0,0,0,0,0,0,0,0,0,0,0,0,0,0,0,0,0,0,0,0,0,0,0,0,0,0,0,,,0,0,0,0,0,0,0,0,0,0,0,0,,,,0,0,0,0,0,0,0,,0,0,0,0,,0,0,,0,0,0,0,0,0,0,0,0,0,0,0
00-0033540,T.McKinley,Takk McKinley,DE,DL,"https://static.www.nfl.com/image/upload/f_auto,q_auto/league/bkkszbovn5ncxprku7rh",2021,REG,CLE,9,0,0,0,0,0,0,0,0,0,0,0,0,,,0,,0,0,0,0,0,0,0,0,0,0,,0,0,0,0,0,0,0,0,0,0,0,0,0,0,,0,0,0,0,0,,0,0,0,0,9,1,8,3,18,1,2.5,14,8,0,0,0,0,0,0,0,0,0,0,0,0,0,0,0,0,0,0,0,0,0,0,0,0,0,0,0,,,0,0,0,0,0,0,0,0,0,0,0,0,,,,0,0,0,0,0,0,0,,0,0,0,0,,0,0,,0,0,0,0,0,0,0,0,0,0,0,0
00-0033541,T.Charlton,Taco Charlton,DE,DL,"https://static.www.nfl.com/image/private/f_auto,q_auto/league/vfj6yqbgzkb09odi6xfc",2021,REG,PIT,8,0,0,0,0,0,0,0,0,0,0,0,0,,,0,,0,0,0,0,0,0,0,0,0,0,,0,0,0,0,0,0,0,0,0,0,0,0,0,0,,0,0,0,0,0,,0,0,0,0,7,0,11,0,0,0,0.5,2,2,0,0,1,0,0,0,0,0,0,0,0,0,0,0,0,0,0,0,0,0,0,0,0,0,0,0,0,,,0,0,0,0,0,0,0,0,0,0,0,0,,,,0,0,0,0,0,0,0,,0,0,0,0,,0,0,,0,0,0,0,0,0,0,0,0,0,0,0
00-0033543,S.Jones,Sidney Jones,CB,DB,"https://static.www.nfl.com/image/private/f_auto,q_auto/league/qsxywzc7mfcj0ibjjevc",2021,REG,SEA,12,0,0,0,0,0,0,0,0,0,0,0,0,,,0,,0,0,0,0,0,0,0,0,0,0,,0,0,0,0,0,0,0,0,0,0,0,0,0,0,,0,0,0,0,0,,0,0,0,0,38,7,21,1,2,0,0,0,0,0,0,10,0,0,0,0,0,0,0,0,0,2,17,0,0,0,0,0,0,0,0,0,0,0,0,0,,,0,0,0,0,0,0,0,0,0,0,0,0,,,,0,0,0,0,0,0,0,,0,0,0,0,,0,0,,0,0,0,0,0,0,0,0,0,0,0,0
00-0033545,T.Tabor,Teez Tabor,CB,DB,"https://static.www.nfl.com/image/private/f_auto,q_auto/league/xrcqxkph85tilwfbkctv",2021,REG,CHI,3,0,0,0,0,0,0,0,0,0,0,0,0,,,0,,0,0,0,0,0,0,0,0,0,0,,0,0,0,0,0,0,0,0,0,0,0,0,0,0,,0,0,0,0,0,,0,0,0,0,6,0,2,0,0,0,0,0,0,0,0,0,0,0,0,0,0,0,0,0,0,2,19,0,0,0,0,0,0,0,0,0,0,0,0,0,,,0,0,0,0,0,0,0,0,0,0,0,0,,,,0,0,0,0,0,0,0,,0,0,0,0,,0,0,,0,0,0,0,0,0,0,0,0,0,0,0
00-0033546,D.Tomlinson,Dalvin Tomlinson,DE,DL,"https://static.www.nfl.com/image/upload/f_auto,q_auto/league/al9wtdcyop0h56lby8ba",2021,REG,MIN,16,0,0,0,0,0,0,0,0,0,0,0,0,,,0,,0,0,0,0,0,0,0,0,0,0,,0,0,0,0,0,0,0,0,0,0,0,0,0,0,,0,0,0,0,0,,0,0,0,0,11,6,22,1,9,0,2.5,11,7,0,0,2,0,0,0,0,0,0,1,0,0,1,15,0,0,0,0,0,0,0,0,0,0,0,0,0,,,0,0,0,0,0,0,0,0,0,0,0,0,,,,0,0,0,0,0,0,0,,0,0,0,0,,0,0,,0,0,0,0,0,0,0,0,0,0,0,0
00-0033547,Z.Cunningham,Zach Cunningham,ILB,LB,"https://static.www.nfl.com/image/upload/f_auto,q_auto/league/gxugy1m0xlxbyk8dv5rr",2021,REG,TEN,14,0,0,0,0,0,0,0,0,0,0,0,0,,,0,,0,0,0,0,0,0,0,0,0,0,,0,0,0,0,0,0,0,0,0,0,0,0,0,0,,0,0,0,0,0,,0,0,0,0,44,7,42,6,15,1,0,0,1,0,0,3,0,0,0,0,0,0,0,0,0,0,0,0,0,0,0,0,0,0,0,0,0,0,0,0,,,0,0,0,0,0,0,0,0,0,0,0,0,,,,0,0,0,0,0,0,0,,0,0,0,0,,0,0,,0,0,0,0,0,0,0,0,0,0,0,0
00-0033548,C.Awuzie,Chidobe Awuzie,CB,DB,"https://static.www.nfl.com/image/upload/f_auto,q_auto/league/qmjzimecbg4ftseg8myr",2021,REG,CIN,14,0,0,0,0,0,0,0,0,0,0,0,0,,,0,,0,0,0,0,0,0,0,0,0,0,,0,0,0,0,0,0,0,0,0,0,0,0,0,0,,0,0,0,0,0,,0,0,0,0,49,4,11,4,6,0,0,0,0,2,42,14,0,0,0,0,0,0,0,0,0,2,18,0,0,0,0,0,0,0,0,0,0,0,0,0,,,0,0,0,0,0,0,0,0,0,0,0,0,,,,0,0,0,0,0,0,0,,0,0,0,0,,0,0,,0,0,0,0,0,0,0,0,0,0,0,0
00-0033549,D.Riley,Duke Riley,MLB,LB,"https://static.www.nfl.com/image/upload/f_auto,q_auto/league/qupmregt7cnl5jgzvuug",2021,REG,MIA,10,0,0,0,0,0,0,0,0,0,0,0,0,,,0,,0,0,0,0,0,0,0,0,0,0,,0,0,0,0,0,0,0,0,0,0,0,0,0,0,,0,0,0,0,0,,0,0,0,0,11,4,11,0,0,0,0,0,0,0,0,0,0,0,0,0,0,0,0,0,0,1,10,0,0,0,0,0,0,0,0,0,0,0,0,0,,,0,0,0,0,0,0,0,0,0,0,0,0,,,,0,0,0,0,0,0,0,,0,0,0,0,,0,0,,0,0,0,0,0,0,0,0,0,0,0,0
00-0033550,D.Webb,Davis Webb,QB,QB,"https://static.www.nfl.com/image/private/f_auto,q_auto/league/rxvilxbyuvwvorzzxhxf",2021,REG,BUF,1,0,0,0,0,0,0,0,0,0,0,0,0,,,0,,0,0,0,0,2,-3,0,0,0,0,0,0,0,0,0,0,0,0,0,0,0,0,0,0,0,,0,0,0,0,0,,0,0,0,0,0,0,0,0,0,0,0,0,0,0,0,0,0,0,0,0,0,0,0,0,0,0,0,0,0,0,0,0,0,0,0,0,0,0,0,0,,,0,0,0,0,0,0,0,0,0,0,0,0,,,,0,0,0,0,0,0,0,,0,0,0,0,,0,0,,0,0,0,0,0,0,0,0,0,0,-0.3,-0.3
00-0033551,R.Douglas,Rasul Douglas,CB,DB,"https://static.www.nfl.com/image/upload/f_auto,q_auto/league/f2ac9dmdbhc6rvgllcbt",2021,REG,GB,12,0,0,0,0,0,0,0,0,0,0,0,0,,,0,,0,0,0,0,0,0,0,0,0,0,,0,0,0,0,0,0,0,0,0,0,0,0,0,0,,0,0,0,0,0,,0,0,0,0,51,1,5,1,4,1,0,0,0,5,105,13,2,0,0,0,0,0,0,0,0,4,50,0,0,0,0,0,0,0,0,0,0,0,0,0,,,0,0,0,0,0,0,0,0,0,0,0,0,,,,0,0,0,0,0,0,0,,0,0,0,0,,0,0,,0,0,0,0,0,0,0,0,0,0,0,0
00-0033553,J.Conner,James Conner,RB,RB,"https://static.www.nfl.com/image/upload/f_auto,q_auto/league/g5yjordcmt76j0saytzb",2021,REG,ARI,15,0,0,0,0,0,0,0,0,0,0,0,0,,,0,,0,0,0,0,202,752,15,2,0,53,-3.65187164347221,0,15,10,3,0,37,39,375,3,0,0,11,382,18,25.1282445145189,0,16,9,5,1,34.0909090909091,0.068421052631579,0.00248587570621469,0.104371691941719,0,1,0,0,0,0,0,0,0,0,0,0,0,0,0,0,0,1,0,0,0,0,0,0,2,0,1,2,0,0,0,0,0,0,0,0,0,,,0,0,0,0,0,0,0,0,0,0,0,0,,,,0,0,0,0,0,0,0,,0,0,0,0,,0,0,,0,0,0,0,0,0,0,0,0,0,220.7,257.7
00-0033555,M.Hollins,Mack Hollins,WR,WR,"https://static.www.nfl.com/image/upload/f_auto,q_auto/league/qbz7whjzsittudcecezw",2021,REG,MIA,15,0,0,0,0,0,0,0,0,0,0,0,0,,,0,,0,0,0,0,0,0,0,0,0,0,,0,0,0,0,0,14,28,223,4,0,0,425,41,11,12.5958325181302,0,7,5,4,2,0.524705882352941,0.0467445742904841,0.0950570342205323,0.136656785390099,0,8,1,2,0,0,0,0,0,0,0,0,0,0,0,0,0,0,0,0,0,0,1,10,0,0,0,0,0,0,0,0,0,0,0,0,0,,,0,0,0,0,0,0,0,0,0,0,0,0,,,,0,0,0,0,0,0,0,,0,0,0,0,,0,0,,0,0,0,0,0,0,0,0,0,0,46.3,60.3
00-0033557,J.Reeves-Maybin,Jalen Reeves-Maybin,LB,LB,"https://static.www.nfl.com/image/upload/f_auto,q_auto/league/oczccxuvy4ltvjy4fhmu",2021,REG,DET,15,0,0,0,0,0,0,0,0,0,0,0,0,,,0,,0,0,0,0,0,0,0,0,0,0,,0,0,0,0,0,0,0,0,0,0,0,0,0,0,,0,0,0,0,0,,0,0,0,0,47,6,29,4,12,2,0,0,1,0,0,4,0,0,0,0,0,0,1,0,0,1,15,0,0,0,0,0,0,0,0,0,0,0,0,0,,,0,0,0,0,0,0,0,0,0,0,0,0,,,,0,0,0,0,0,0,0,,0,0,0,0,,0,0,,0,0,0,0,0,0,0,0,0,0,0,0
00-0033560,J.Davenport,Julie'n Davenport,OT,OL,"https://static.www.nfl.com/image/upload/f_auto,q_auto/league/vtf8xuyok7a7q9ksuxnh",2021,REG,IND,1,0,0,0,0,0,0,0,0,0,0,0,0,,,0,,0,0,0,0,0,0,0,0,0,0,,0,0,0,0,0,0,0,0,0,0,0,0,0,0,,0,0,0,0,0,,0,0,0,0,1,0,0,0,0,0,0,0,0,0,0,0,0,0,0,0,0,0,0,0,0,1,5,0,0,0,0,0,0,0,0,0,0,0,0,0,,,0,0,0,0,0,0,0,0,0,0,0,0,,,,0,0,0,0,0,0,0,,0,0,0,0,,0,0,,0,0,0,0,0,0,0,0,0,0,0,0
00-0033563,C.Watkins,Carlos Watkins,DE,DL,"https://static.www.nfl.com/image/upload/f_auto,q_auto/league/ehyurz829tzomfafkjxb",2021,REG,DAL,14,0,0,0,0,0,0,0,0,0,0,0,0,,,0,,0,0,0,0,0,0,0,0,0,0,,0,0,0,0,0,0,0,0,0,0,0,0,0,0,,0,0,0,0,0,,0,0,0,0,14,3,15,3,11,0,1,8,2,1,29,1,1,0,0,0,0,0,1,0,0,1,5,0,0,0,0,0,0,0,0,0,0,0,0,0,,,0,0,0,0,0,0,0,0,0,0,0,0,,,,0,0,0,0,0,0,0,,0,0,0,0,,0,0,,0,0,0,0,0,0,0,0,0,0,0,0
00-0033566,D.King,Desmond King,DB,DB,"https://static.www.nfl.com/image/upload/f_auto,q_auto/league/bqwzwewlpjcgm8zgvcs9",2021,REG,HOU,16,0,0,0,0,0,0,0,0,0,0,0,0,,,0,,0,0,0,0,0,0,0,0,0,0,,0,0,0,0,0,0,0,0,0,0,0,0,0,0,,0,0,0,0,0,,0,0,0,0,63,5,25,1,1,1,0,0,0,3,25,6,0,0,0,0,0,0,0,0,0,4,41,0,0,0,0,0,17,154,1,27,0,0,0,0,,,0,0,0,0,0,0,0,0,0,0,0,0,,,,0,0,0,0,0,0,0,,0,0,0,0,,0,0,,0,0,0,0,0,0,0,0,0,0,0,0
00-0033567,B.Hill,Brian Hill,RB,RB,"https://static.www.nfl.com/image/private/f_auto,q_auto/league/bsgtdhaylnpxdhfxtx0y",2021,REG,SF,1,0,0,0,0,0,0,0,0,0,0,0,0,,,0,,0,0,0,0,0,0,0,0,0,0,,0,0,0,0,0,0,0,0,0,0,0,0,0,0,,0,0,0,0,0,,0,0,0,0,0,0,1,0,0,0,0,0,0,0,0,0,0,0,0,0,0,0,0,0,0,0,0,0,0,0,0,0,0,0,0,0,0,0,0,0,,,0,0,0,0,0,0,0,0,0,0,0,0,,,,0,0,0,0,0,0,0,,0,0,0,0,,0,0,,0,0,0,0,0,0,0,0,0,0,0,0
00-0033568,N.Hairston,Nate Hairston,CB,DB,"https://static.www.nfl.com/image/private/f_auto,q_auto/league/frbu4og5nodhqzb6wxaa",2021,REG,DEN,8,0,0,0,0,0,0,0,0,0,0,0,0,,,0,,0,0,0,0,0,0,0,0,0,0,,0,0,0,0,0,0,0,0,0,0,0,0,0,0,,0,0,0,0,0,,0,0,0,0,4,2,3,0,0,0,0,0,0,0,0,4,0,0,0,0,0,0,0,0,0,1,5,0,0,0,0,0,0,0,0,0,0,0,0,0,,,0,0,0,0,0,0,0,0,0,0,0,0,,,,0,0,0,0,0,0,0,,0,0,0,0,,0,0,,0,0,0,0,0,0,0,0,0,0,0,0
00-0033570,A.Walker,Anthony Walker,MLB,LB,"https://static.www.nfl.com/image/upload/f_auto,q_auto/league/kschvtoxhs5s7ulew3oe",2021,REG,CLE,13,0,0,0,0,0,0,0,0,0,0,0,0,,,0,,0,0,0,0,0,0,0,0,0,0,,0,0,0,0,0,0,0,0,0,0,0,0,0,0,,0,0,0,0,0,,0,0,0,0,59,10,44,2,6,0,1,5,1,0,0,2,0,0,0,0,0,0,0,0,0,1,5,0,0,0,0,0,0,0,0,0,0,0,0,0,,,0,0,0,0,0,0,0,0,0,0,0,0,,,,0,0,0,0,0,0,0,,0,0,0,0,,0,0,,0,0,0,0,0,0,0,0,0,0,0,0
00-0033571,M.Milano,Matt Milano,OLB,LB,"https://static.www.nfl.com/image/upload/f_auto,q_auto/league/ikmvrrbegypwn8wejcge",2021,REG,BUF,16,0,0,0,0,0,0,0,0,0,0,0,0,,,0,,0,0,0,0,0,0,0,0,0,0,,0,0,0,0,0,0,0,0,0,0,0,0,0,0,,0,0,0,0,0,,0,0,0,0,45,12,29,13,48,0,3,27,6,0,0,5,0,0,0,0,0,0,2,0,0,1,15,0,0,0,0,0,0,0,0,0,0,0,0,0,,,0,0,0,0,0,0,0,0,0,0,0,0,,,,0,0,0,0,0,0,0,,0,0,0,0,,0,0,,0,0,0,0,0,0,0,0,0,0,0,0
00-0033572,J.Agnew,Jamal Agnew,WR,WR,"https://static.www.nfl.com/image/upload/f_auto,q_auto/league/buapoaxrvjzwsr4l34mq",2021,REG,JAX,10,0,0,0,0,0,0,0,0,0,0,0,0,,,0,,0,0,0,0,7,111,1,0,0,3,8.05819022411015,0,3,1,1,1,24,39,229,1,0,0,291,118,14,5.70905432357958,0,6,4,4,0,0.786941580756014,0.0668953687821612,0.0610703043022036,0.143092266184784,2,0,0,0,0,0,0,0,0,0,0,0,0,0,0,0,109,0,0,0,0,0,0,0,1,0,1,1,0,11,74,22,525,0,0,0,0,,,0,0,0,0,0,0,0,0,0,0,0,0,,,,0,0,0,0,0,0,0,,0,0,0,0,,0,0,,0,0,0,0,0,0,0,0,0,0,58,82
00-0033576,E.Saubert,Eric Saubert,TE,TE,"https://static.www.nfl.com/image/upload/f_auto,q_auto/league/ojoapzazehxdd01fadz6",2021,REG,DEN,10,0,0,0,0,0,0,0,0,0,0,0,0,,,0,,0,0,0,0,0,0,0,0,0,0,,0,0,0,0,0,8,12,47,1,0,0,40,29,2,-0.528154179977719,0,1,0,0,0,1.175,0.02321083172147,0.00878734622144113,0.0409673899372138,0,2,0,0,0,0,0,0,0,0,0,0,0,0,0,0,0,0,0,0,0,0,2,15,0,0,0,0,0,0,0,0,0,0,0,0,0,,,0,0,0,0,0,0,0,0,0,0,0,0,,,,0,0,0,0,0,0,0,,0,0,0,0,,0,0,,0,0,0,0,0,0,0,0,0,0,10.7,18.7
00-0033579,X.Woods,Xavier Woods,FS,DB,"https://static.www.nfl.com/image/upload/f_auto,q_auto/league/of7kdkfale5fnuz6u8gr",2021,REG,MIN,17,0,0,0,0,0,0,0,0,0,0,0,0,,,0,,0,0,0,0,0,0,0,0,0,0,,0,0,0,0,0,0,0,0,0,0,0,0,0,0,,0,0,0,0,0,,0,0,0,0,65,7,36,1,1,2,1,3,1,3,54,10,0,0,0,0,0,0,0,0,0,4,86,0,0,0,0,0,0,0,0,0,0,0,0,0,,,0,0,0,0,0,0,0,0,0,0,0,0,,,,0,0,0,0,0,0,0,,0,0,0,0,,0,0,,0,0,0,0,0,0,0,0,0,0,0,0
00-0033580,T.Vallejo,Tanner Vallejo,ILB,LB,"https://static.www.nfl.com/image/private/f_auto,q_auto/league/yuami4bsadm32py6yhlr",2021,REG,ARI,8,0,0,0,0,0,0,0,0,0,0,0,0,,,0,,0,0,0,0,0,0,0,0,0,0,,0,0,0,0,0,0,0,0,0,0,0,0,0,0,,0,0,0,0,0,,0,0,0,0,5,2,4,1,1,0,0.5,0,1,0,0,1,0,0,0,0,0,0,0,0,0,2,20,0,0,0,0,0,0,0,0,0,0,0,0,0,,,0,0,0,0,0,0,0,0,0,0,0,0,,,,0,0,0,0,0,0,0,,0,0,0,0,,0,0,,0,0,0,0,0,0,0,0,0,0,0,0
00-0033588,I.Rochell,Isaac Rochell,DE,DL,"https://static.www.nfl.com/image/private/f_auto,q_auto/league/pltdnt3jewadxdfzhso3",2021,REG,IND,10,0,0,0,0,0,0,0,0,0,0,0,0,,,0,,0,0,0,0,0,0,0,0,0,0,,0,0,0,0,0,0,0,0,0,0,0,0,0,0,,0,0,0,0,0,,0,0,0,0,8,2,7,0,0,0,0,0,3,0,0,0,0,0,0,0,0,0,0,0,0,0,0,0,0,0,0,0,0,0,0,0,0,0,0,0,,,0,0,0,0,0,0,0,0,0,0,0,0,,,,0,0,0,0,0,0,0,,0,0,0,0,,0,0,,0,0,0,0,0,0,0,0,0,0,0,0
00-0033589,D.Moore,David Moore,WR,WR,"https://static.www.nfl.com/image/upload/f_auto,q_auto/league/k2szy47lyxy9u5om7vd1",2021,REG,GB,2,0,0,0,0,0,0,0,0,0,0,0,0,,,0,,0,0,0,0,0,0,0,0,0,0,,0,0,0,0,0,0,2,0,0,0,0,28,0,0,-0.973813073360361,0,0,0,0,0,0,0.00386847195357834,0.00615114235500879,0.0101085075788737,0,0,0,0,0,0,0,0,0,0,0,0,0,0,0,0,0,0,0,0,0,0,0,0,0,0,0,0,0,3,33,0,0,0,0,0,0,,,0,0,0,0,0,0,0,0,0,0,0,0,,,,0,0,0,0,0,0,0,,0,0,0,0,,0,0,,0,0,0,0,0,0,0,0,0,0,0,0
00-0033591,N.Brown,Noah Brown,WR,WR,"https://static.www.nfl.com/image/upload/f_auto,q_auto/league/nv6ix0p8965yiugsuhwh",2021,REG,DAL,9,0,0,0,0,0,0,0,0,0,0,0,0,,,0,,0,0,0,0,0,0,0,0,0,0,,0,0,0,0,0,16,25,184,0,0,0,227,68,6,0.197123359248508,0,6,4,3,0,0.81057268722467,0.0392464678178964,0.0443706020328382,0.0899291231498313,0,0,0,2,0,0,0,0,0,0,0,0,0,0,0,0,0,0,0,0,0,0,1,10,0,0,0,0,0,0,0,0,0,0,0,0,0,,,0,0,0,0,0,0,0,0,0,0,0,0,,,,0,0,0,0,0,0,0,,0,0,0,0,,0,0,,0,0,0,0,0,0,0,0,0,0,18.4,34.4
00-0033592,K.Fuller,Kyle Fuller,G,OL,"https://static.www.nfl.com/image/private/f_auto,q_auto/league/bzgk8lg7fiakaeo7sbkn",2021,REG,SEA,1,0,0,0,0,0,0,0,0,0,0,0,0,,,0,,0,0,0,0,0,0,0,0,0,0,,0,0,0,0,0,0,0,0,0,0,0,0,0,0,,0,0,0,0,0,,0,0,0,0,0,0,0,0,0,0,0,0,0,0,0,0,0,0,0,0,0,0,0,0,0,1,5,0,0,0,0,0,0,0,0,0,0,0,0,0,,,0,0,0,0,0,0,0,0,0,0,0,0,,,,0,0,0,0,0,0,0,,0,0,0,0,,0,0,,0,0,0,0,0,0,0,0,0,0,0,0
00-0033594,C.Carson,Chris Carson,RB,RB,"https://static.www.nfl.com/image/private/f_auto,q_auto/league/zxjqunrgf4j8p2eg4xyl",2021,REG,SEA,4,0,0,0,0,0,0,0,0,0,0,0,0,,,0,,0,0,0,0,54,232,3,1,1,11,-1.7708722470561,0,2,2,2,0,6,6,29,0,0,0,-13,42,1,-0.487740251817741,0,1,1,0,0,-2.23076923076923,0.0126582278481013,-0.00281446200476294,0.0170172183688178,0,0,0,0,0,0,0,0,0,0,0,0,0,0,0,0,0,0,0,0,0,0,0,0,1,0,0,1,1,0,0,0,0,0,0,0,0,,,0,0,0,0,0,0,0,0,0,0,0,0,,,,0,0,0,0,0,0,0,,0,0,0,0,,0,0,,0,0,0,0,0,0,0,0,0,0,42.1,48.1
00-0033595,P.O'Connor,Pat O'Connor,DE,DL,"https://static.www.nfl.com/image/upload/f_auto,q_auto/league/hlyhbl1hpgksy8swksa8",2021,REG,TB,6,0,0,0,0,0,0,0,0,0,0,0,0,,,0,,0,0,0,0,0,0,0,0,0,0,,0,0,0,0,0,0,0,0,0,0,0,0,0,0,,0,0,0,0,0,,0,0,0,0,2,0,2,1,3,0,0.5,3.5,2,0,0,0,0,0,0,0,0,0,0,0,0,1,10,0,0,0,0,0,0,0,0,0,0,0,0,0,,,0,0,0,0,0,0,0,0,0,0,0,0,,,,0,0,0,0,0,0,0,,0,0,0,0,,0,0,,0,0,0,0,0,0,0,0,0,0,0,0
00-0033598,E.Ankou,Eli Ankou,DT,DL,"https://static.www.nfl.com/image/upload/f_auto,q_auto/league/vo3rcoaq6owinjqnlzis",2021,REG,BUF,5,0,0,0,0,0,0,0,0,0,0,0,0,,,0,,0,0,0,0,0,0,0,0,0,0,,0,0,0,0,0,0,0,0,0,0,0,0,0,0,,0,0,0,0,0,,0,0,0,0,3,2,7,1,2,0,1,2,1,0,0,0,0,0,0,0,0,0,0,0,0,1,5,0,0,0,0,0,0,0,0,0,0,0,0,0,,,0,0,0,0,0,0,0,0,0,0,0,0,,,,0,0,0,0,0,0,0,,0,0,0,0,,0,0,,0,0,0,0,0,0,0,0,0,0,0,0
00-0033611,R.Seals-Jones,Ricky Seals-Jones,TE,TE,"https://static.www.nfl.com/image/private/f_auto,q_auto/league/nqwpbsutfe0anvjkqeux",2021,REG,WAS,11,0,0,0,0,0,0,0,0,0,0,0,0,,,0,,0,0,0,0,0,0,0,0,0,0,,0,0,0,0,0,30,49,271,2,0,0,268,152,14,-6.21384793289962,0,11,4,1,0,1.01119402985075,0.0917602996254682,0.0650485436893204,0.183174430020727,0,0,0,0,0,0,0,0,0,0,0,0,0,0,0,0,0,1,0,0,0,0,4,20,0,0,0,0,0,0,0,0,0,0,0,0,0,,,0,0,0,0,0,0,0,0,0,0,0,0,,,,0,0,0,0,0,0,0,,0,0,0,0,,0,0,,0,0,0,0,0,0,0,0,0,0,39.1,69.1
00-0033649,K.Nacua,Kai Nacua,DB,DB,"https://static.www.nfl.com/image/private/f_auto,q_auto/league/vdesbkgnajybqizumaww",2021,REG,NYJ,2,0,0,0,0,0,0,0,0,0,0,0,0,,,0,,0,0,0,0,0,0,0,0,0,0,,0,0,0,0,0,0,0,0,0,0,0,0,0,0,,0,0,0,0,0,,0,0,0,0,3,0,1,0,0,0,0,0,0,0,0,0,0,0,0,0,0,0,0,0,0,0,0,0,0,0,0,0,0,0,0,0,0,0,0,0,,,0,0,0,0,0,0,0,0,0,0,0,0,,,,0,0,0,0,0,0,0,,0,0,0,0,,0,0,,0,0,0,0,0,0,0,0,0,0,0,0
00-0033658,B.Jarwin,Blake Jarwin,TE,TE,"https://static.www.nfl.com/image/private/f_auto,q_auto/league/fsn8rvgup22r5e53mu7i",2021,REG,DAL,8,0,0,0,0,0,0,0,0,0,0,0,0,,,0,,0,0,0,0,0,0,0,0,0,0,,0,0,0,0,0,11,17,96,2,0,0,128,38,5,-1.35170850739814,0,3,2,1,0,0.75,0.0266875981161695,0.0250195465207193,0.0575450797387578,0,1,0,0,0,0,0,0,0,0,0,0,0,0,0,0,0,0,0,0,0,0,1,5,0,0,0,0,0,0,0,0,0,0,0,0,0,,,0,0,0,0,0,0,0,0,0,0,0,0,,,,0,0,0,0,0,0,0,,0,0,0,0,,0,0,,0,0,0,0,0,0,0,0,0,0,21.6,32.6
00-0033659,Jo.Jones,Joe Jones,LB,LB,"https://static.www.nfl.com/image/private/f_auto,q_auto/league/sxvgaf3z5h6n9kb9rs5y",2021,REG,TEN,3,0,0,0,0,0,0,0,0,0,0,0,0,,,0,,0,0,0,0,0,0,0,0,0,0,,0,0,0,0,0,0,0,0,0,0,0,0,0,0,,0,0,0,0,0,,0,0,0,0,2,0,4,0,0,0,0,0,0,0,0,0,0,0,0,0,0,0,0,0,0,0,0,0,0,0,0,0,0,0,0,0,0,0,0,0,,,0,0,0,0,0,0,0,0,0,0,0,0,,,,0,0,0,0,0,0,0,,0,0,0,0,,0,0,,0,0,0,0,0,0,0,0,0,0,0,0
00-0033662,C.Rush,Cooper Rush,QB,QB,"https://static.www.nfl.com/image/upload/f_auto,q_auto/league/mwrtykpswz7nbfisqlmj",2021,REG,DAL,4,30,47,422,3,1,3,-19,1,1,424,207,18,8.0256944791296,-3.46603704259751,0,0.995283018867925,13,8,5,2,9,-8,0,0,0,0,-0.617726071272045,0,0,0,0,0,0,0,0,0,0,0,0,0,0,,0,0,0,0,0,,0,0,0,0,0,0,0,0,0,0,0,0,0,0,0,0,0,0,0,0,0,0,0,0,0,0,0,1,0,0,1,1,0,0,0,0,0,0,0,0,,,0,0,0,0,0,0,0,0,0,0,0,0,,,,0,0,0,0,0,0,0,,0,0,0,0,,0,0,,0,0,0,0,0,0,0,0,0,0,24.08,24.08
00-0033681,K.Cole,Keelan Cole,WR,WR,"https://static.www.nfl.com/image/private/f_auto,q_auto/league/djdjurxk3b6y347zirvz",2021,REG,NYJ,14,0,1,0,0,0,0,0,0,0,8,0,0,-0.740858779405244,-30.4310321807861,0,0,0,0,0,0,0,0,0,0,0,0,,0,0,0,0,0,28,51,449,1,0,0,686,85,20,7.28159438390582,0,19,10,7,2,0.654518950437318,0.0877796901893287,0.157737410899057,0.242085722913333,0,2,0,0,0,0,0,0,0,0,0,0,0,0,0,0,0,0,0,0,0,0,1,5,0,0,0,0,0,1,3,7,137,0,0,0,0,,,0,0,0,0,0,0,0,0,0,0,0,0,,,,0,0,0,0,0,0,0,,0,0,0,0,,0,0,,0,0,0,0,0,0,0,0,0,0,50.9,78.9
00-0033697,M.Davis,Michael Davis,CB,DB,"https://static.www.nfl.com/image/upload/f_auto,q_auto/league/bh8fcv8fcihcx1munujm",2021,REG,LAC,14,0,0,0,0,0,0,0,0,0,0,0,0,,,0,,0,0,0,0,0,0,0,0,0,0,,0,0,0,0,0,0,0,0,0,0,0,0,0,0,,0,0,0,0,0,,0,0,0,0,37,5,12,1,2,0,0,0,0,1,0,12,0,0,0,0,0,0,2,34,0,5,34,0,0,0,0,0,0,0,0,0,0,0,0,0,,,0,0,0,0,0,0,0,0,0,0,0,0,,,,0,0,0,0,0,0,0,,0,0,0,0,,0,0,,0,0,0,0,0,0,0,0,0,0,0,0
00-0033699,A.Ekeler,Austin Ekeler,RB,RB,"https://static.www.nfl.com/image/upload/f_auto,q_auto/league/sldndpn2zwt4uhkj2zks",2021,REG,LAC,16,0,0,0,0,0,0,0,0,0,0,0,0,,,0,,0,0,0,0,206,911,12,0,0,53,-0.895590727799339,1,22,16,3,0,70,94,647,8,4,3,171,627,31,-0.663806268296188,1,30,10,3,1,3.78362573099415,0.142640364188164,0.0336481700118064,0.23751426529051,0,0,0,0,0,0,0,0,0,0,0,0,0,0,0,0,0,0,0,0,0,0,0,0,4,0,1,4,3,0,0,0,0,0,0,0,0,,,0,0,0,0,0,0,0,0,0,0,0,0,,,,0,0,0,0,0,0,0,,0,0,0,0,,0,0,,0,0,0,0,0,0,0,0,0,0,273.8,343.8
00-0033702,Y.Koo,Younghoe Koo,K,SPEC,"https://static.www.nfl.com/image/upload/f_auto,q_auto/league/d6k1yzhzj3mikcheisnm",2021,REG,ATL,17,0,0,0,0,0,0,0,0,0,0,0,0,,,0,,0,0,0,0,0,0,0,0,0,0,,0,0,0,0,0,0,0,0,0,0,0,0,0,0,,0,0,0,0,0,,0,0,0,0,2,0,1,0,0,0,0,0,0,0,0,0,0,0,0,0,0,0,0,0,0,0,0,0,0,0,0,0,0,0,0,0,27,29,2,0,54,0.931034482758621,0,8,9,6,4,0,0,0,0,1,1,0,21;27;36;40;25;31;52;33;36;36;46;53;32;29;35;21;32;38;48;48;22;53;48;28;24;48;54,45;50,,996,95,0,30,30,0,0,1,3,3,0,0,40;36;29,2,0,45,70,0,1,1,0,0,0,0,0,70,0,0
00-0033716,C.Munson,Calvin Munson,LB,LB,"https://static.www.nfl.com/image/private/f_auto,q_auto/league/gsavlqgk7u4z9pobxxwo",2021,REG,MIA,6,0,0,0,0,0,0,0,0,0,0,0,0,,,0,,0,0,0,0,0,0,0,0,0,0,,0,0,0,0,0,0,0,0,0,0,0,0,0,0,,0,0,0,0,0,,0,0,0,0,5,2,4,0,0,0,0,0,0,0,0,0,0,0,0,0,0,0,0,0,0,1,5,0,0,0,0,0,0,0,0,0,0,0,0,0,,,0,0,0,0,0,0,0,0,0,0,0,0,,,,0,0,0,0,0,0,0,,0,0,0,0,,0,0,,0,0,0,0,0,0,0,0,0,0,0,0
00-0033720,C.Thompson,Colin Thompson,TE,TE,"https://static.www.nfl.com/image/private/f_auto,q_auto/league/lbjhmxtdg1i6ichpzrbw",2021,REG,CAR,3,0,0,0,0,0,0,0,0,0,0,0,0,,,0,,0,0,0,0,0,0,0,0,0,0,,0,0,0,0,0,0,1,0,0,0,0,5,0,0,-1.74037983547896,0,0,0,0,0,0,0.00173913043478261,0.00113199003848766,0.00340108867911528,0,1,0,0,0,0,0,0,0,0,0,0,0,0,0,0,0,0,0,0,0,0,1,5,0,0,0,0,0,0,0,0,0,0,0,0,0,,,0,0,0,0,0,0,0,0,0,0,0,0,,,,0,0,0,0,0,0,0,,0,0,0,0,,0,0,,0,0,0,0,0,0,0,0,0,0,0,0
00-0033725,C.Clement,Corey Clement,RB,RB,"https://static.www.nfl.com/image/private/f_auto,q_auto/league/rrbdxl0frmnyr1qcgexd",2021,REG,DAL,11,0,0,0,0,0,0,0,0,0,0,0,0,,,0,,0,0,0,0,33,140,0,0,0,7,-4.94427906977944,0,2,1,1,0,6,7,29,1,0,0,12,17,1,-1.87181569076206,0,0,0,0,0,2.41666666666667,0.010989010989011,0.00234558248631744,0.0181254242239387,0,4,0,0,0,0,0,0,0,0,0,0,0,0,0,0,0,0,0,0,0,0,0,0,0,0,0,0,0,0,0,11,215,0,0,0,0,,,0,0,0,0,0,0,0,0,0,0,0,0,,,,0,0,0,0,0,0,0,,0,0,0,0,,0,0,,0,0,0,0,0,0,0,0,0,0,22.9,28.9
00-0033729,C.Johnston,Cameron Johnston,P,SPEC,"https://static.www.nfl.com/image/upload/f_auto,q_auto/league/ppcxjnntytozgd78mhzz",2021,REG,HOU,17,0,0,0,0,0,0,0,0,0,0,0,0,,,0,,0,0,0,0,0,0,0,0,0,0,,0,0,0,0,0,0,0,0,0,0,0,0,0,0,,0,0,0,0,0,,0,0,0,0,0,0,0,0,0,0,0,0,0,0,0,0,0,0,0,0,0,0,0,0,0,0,0,0,0,0,0,0,0,0,0,0,0,0,0,0,,,0,0,0,0,0,0,0,0,0,0,0,0,,,,0,0,0,0,0,0,0,,0,0,0,0,,88,0,69,4108,37,7,10,4,22,45,355,0,3673,0,0
00-0033733,G.Ward,Greg Ward,WR,WR,"https://static.www.nfl.com/image/private/f_auto,q_auto/league/avy32bijim6pgiiu8gtz",2021,REG,PHI,10,1,2,2,0,0,0,0,0,0,2,3,0,-3.35382924124133,-13.6091887950897,0,1,0,0,0,0,0,0,0,0,0,0,,0,0,0,0,0,7,11,95,3,0,0,85,16,4,10.6431241171667,0,4,2,1,0,1.11764705882353,0.0235042735042735,0.0200945626477541,0.0493226041098382,0,0,0,0,0,0,0,0,0,0,0,0,0,0,0,0,0,0,0,0,0,0,2,20,0,0,0,0,0,2,12,1,3,0,0,0,0,,,0,0,0,0,0,0,0,0,0,0,0,0,,,,0,0,0,0,0,0,0,,0,0,0,0,,0,0,,0,0,0,0,0,0,0,0,0,0,27.58,34.58
00-0033734,J.Perry,Jomal Wiltz,CB,DB,"https://static.www.nfl.com/image/private/f_auto,q_auto/league/xbabvurdiqjrj1g0xtqw",2021,REG,MIA,1,0,0,0,0,0,0,0,0,0,0,0,0,,,0,,0,0,0,0,0,0,0,0,0,0,,0,0,0,0,0,0,0,0,0,0,0,0,0,0,,0,0,0,0,0,,0,0,0,0,1,1,0,0,0,0,0,0,0,0,0,0,0,0,0,0,0,0,0,0,0,0,0,0,0,0,0,0,0,0,0,0,0,0,0,0,,,0,0,0,0,0,0,0,0,0,0,0,0,,,,0,0,0,0,0,0,0,,0,0,0,0,,0,0,,0,0,0,0,0,0,0,0,0,0,0,0
00-0033752,S.Norton,Storm Norton,OT,OL,"https://static.www.nfl.com/image/upload/f_auto,q_auto/league/mr7jtocgjgjggcgnpuko",2021,REG,LAC,2,0,0,0,0,0,0,0,0,0,0,0,0,,,0,,0,0,0,0,0,0,0,0,0,0,,0,0,0,0,0,0,0,0,0,0,0,0,0,0,,0,0,0,0,0,,0,0,0,0,1,0,0,0,0,0,0,0,0,0,0,0,0,0,0,0,0,0,0,0,0,3,25,0,0,0,0,0,0,0,0,0,0,0,0,0,,,0,0,0,0,0,0,0,0,0,0,0,0,,,,0,0,0,0,0,0,0,,0,0,0,0,,0,0,,0,0,0,0,0,0,0,0,0,0,0,0
00-0033757,R.Tonyan,Robert Tonyan,TE,TE,"https://static.www.nfl.com/image/upload/f_auto,q_auto/league/m8h8rzmxq4sjywitqnyb",2021,REG,GB,8,0,0,0,0,0,0,0,0,0,0,0,0,,,0,,0,0,0,0,0,0,0,0,0,0,,0,0,0,0,0,18,29,204,2,0,0,262,104,10,10.8116566995981,0,8,5,4,0,0.778625954198473,0.0508771929824561,0.0572302315421582,0.116376951553195,0,0,0,0,0,0,0,0,0,0,0,0,0,0,0,0,0,0,0,0,0,0,1,5,0,0,0,0,0,0,0,0,0,0,0,0,0,,,0,0,0,0,0,0,0,0,0,0,0,0,,,,0,0,0,0,0,0,0,,0,0,0,0,,0,0,,0,0,0,0,0,0,0,0,0,0,32.4,50.4
00-0033765,D.Cole,Dylan Cole,LB,LB,"https://static.www.nfl.com/image/private/f_auto,q_auto/league/wgsh2du4mjwkidx86ue5",2021,REG,TEN,8,0,0,0,0,0,0,0,0,0,0,0,0,,,0,,0,0,0,0,0,0,0,0,0,0,,0,0,0,0,0,0,0,0,0,0,0,0,0,0,,0,0,0,0,0,,0,0,0,0,8,2,6,1,3,1,0,0,1,0,0,1,0,0,0,0,0,0,0,0,0,1,15,0,0,0,0,0,0,0,0,0,0,0,0,0,,,0,0,0,0,0,0,0,0,0,0,0,0,,,,0,0,0,0,0,0,0,,0,0,0,0,,0,0,,0,0,0,0,0,0,0,0,0,0,0,0
00-0033770,J.Hardee,Justin Hardee,DB,DB,"https://static.www.nfl.com/image/upload/f_auto,q_auto/league/mcsbislogexqzusejqkn",2021,REG,NYJ,11,0,0,0,0,0,0,0,0,0,0,0,0,,,0,,0,0,0,0,0,0,0,0,0,0,,0,0,0,0,0,0,0,0,0,0,0,0,0,0,,0,0,0,0,0,,0,0,0,0,4,1,7,0,0,0,0,0,0,0,0,0,0,0,0,0,0,0,0,0,0,5,70,0,0,0,0,0,0,0,0,0,0,0,0,0,,,0,0,0,0,0,0,0,0,0,0,0,0,,,,0,0,0,0,0,0,0,,0,0,0,0,,0,0,,0,0,0,0,0,0,0,0,0,0,0,0
00-0033779,D.Virgin,Dee Virgin,DB,DB,"https://static.www.nfl.com/image/private/f_auto,q_auto/league/cpgutvhrcpu537ytonqd",2021,REG,CHI,2,0,0,0,0,0,0,0,0,0,0,0,0,,,0,,0,0,0,0,0,0,0,0,0,0,,0,0,0,0,0,0,0,0,0,0,0,0,0,0,,0,0,0,0,0,,0,0,0,0,2,0,1,0,0,0,0,0,0,0,0,0,0,0,0,0,0,0,0,0,0,1,10,0,0,0,0,0,0,0,0,0,0,0,0,0,,,0,0,0,0,0,0,0,0,0,0,0,0,,,,0,0,0,0,0,0,0,,0,0,0,0,,0,0,,0,0,0,0,0,0,0,0,0,0,0,0
00-0033782,D.Walker,DeMarcus Walker,DE,DL,"https://static.www.nfl.com/image/upload/f_auto,q_auto/league/srytj7u2ver5a0lnanpg",2021,REG,HOU,13,0,0,0,0,0,0,0,0,0,0,0,0,,,0,,0,0,0,0,0,0,0,0,0,0,,0,0,0,0,0,0,0,0,0,0,0,0,0,0,,0,0,0,0,0,,0,0,0,0,17,4,10,3,18,1,2,17,7,0,0,1,0,0,0,0,0,0,0,0,0,2,10,0,0,0,0,0,0,0,0,0,0,0,0,0,,,0,0,0,0,0,0,0,0,0,0,0,0,,,,0,0,0,0,0,0,0,,0,0,0,0,,0,0,,0,0,0,0,0,0,0,0,0,0,0,0
00-0033783,A.Witherspoon,Ahkello Witherspoon,CB,DB,"https://static.www.nfl.com/image/upload/f_auto,q_auto/league/ub7code8rbhomboifmob",2021,REG,PIT,8,0,0,0,0,0,0,0,0,0,0,0,0,,,0,,0,0,0,0,0,0,0,0,0,0,,0,0,0,0,0,0,0,0,0,0,0,0,0,0,,0,0,0,0,0,,0,0,0,0,12,2,1,1,1,0,0,0,0,3,45,9,0,0,0,0,0,0,0,0,0,0,0,0,0,0,0,0,0,0,0,0,0,0,0,0,,,0,0,0,0,0,0,0,0,0,0,0,0,,,,0,0,0,0,0,0,0,,0,0,0,0,,0,0,,0,0,0,0,0,0,0,0,0,0,0,0
00-0033784,E.Jackson,Eddie Jackson,FS,DB,"https://static.www.nfl.com/image/upload/f_auto,q_auto/league/ixwxc8m6qpilrwnuxfff",2021,REG,CHI,13,0,0,0,0,0,0,0,0,0,0,0,0,,,0,,0,0,0,0,0,0,0,0,0,0,,0,0,0,0,0,0,0,0,0,0,0,0,0,0,,0,0,0,0,0,,0,0,0,0,49,5,22,3,8,1,0,0,0,0,0,2,0,0,0,0,0,0,0,0,0,1,4,0,0,0,0,0,0,0,0,0,0,0,0,0,,,0,0,0,0,0,0,0,0,0,0,0,0,,,,0,0,0,0,0,0,0,,0,0,0,0,,0,0,,0,0,0,0,0,0,0,0,0,0,0,0
00-0033787,J.Elliott,Jake Elliott,K,SPEC,"https://static.www.nfl.com/image/upload/f_auto,q_auto/league/v35j7b3tofdn0kfskdhj",2021,REG,PHI,17,0,0,0,0,0,0,0,0,0,0,0,0,,,0,,0,0,0,0,0,0,0,0,0,0,,0,0,0,0,0,0,0,0,0,0,0,0,0,0,,0,0,0,0,0,,0,0,0,0,0,0,0,0,0,0,0,0,0,0,0,0,0,0,0,0,0,0,0,0,0,0,0,0,0,0,0,0,0,0,0,0,30,33,2,1,58,0.909090909090909,0,7,10,10,3,0,0,0,0,2,0,0,43;45;29;25;31;30;58;43;26;41;24;30;52;23;50;37;33;47;31;32;43;46;20;37;22;37;42;41;38;40,46;41,47,1096,87,47,44,44,0,0,1,0,0,0,0,,0,0,,0,0,0,0,0,0,0,0,0,0,0,0
00-0033790,J.Evans,Jordan Evans,OLB,LB,"https://static.www.nfl.com/image/private/f_auto,q_auto/league/aemtussu71w2bxnsvo8g",2021,REG,CIN,3,0,0,0,0,0,0,0,0,0,0,0,0,,,0,,0,0,0,0,0,0,0,0,0,0,,0,0,0,0,0,0,0,0,0,0,0,0,0,0,,0,0,0,0,0,,0,0,0,0,3,0,2,0,0,0,0,0,0,0,0,0,0,0,0,0,0,0,0,0,0,0,0,0,0,0,0,0,0,0,0,0,0,0,0,0,,,0,0,0,0,0,0,0,0,0,0,0,0,,,,0,0,0,0,0,0,0,,0,0,0,0,,0,0,,0,0,0,0,0,0,0,0,0,0,0,0
00-0033791,B.Wilson,Brandon Wilson,DB,DB,"https://static.www.nfl.com/image/private/f_auto,q_auto/league/qivxnok733r3757ruzqy",2021,REG,CIN,9,0,0,0,0,0,0,0,0,0,0,0,0,,,0,,0,0,0,0,0,0,0,0,0,0,,0,0,0,0,0,0,0,0,0,0,0,0,0,0,,0,0,0,0,0,,0,0,0,0,3,0,3,0,0,0,0,0,0,0,0,0,0,0,0,0,0,0,0,0,0,0,0,0,0,0,0,0,0,0,13,291,0,0,0,0,,,0,0,0,0,0,0,0,0,0,0,0,0,,,,0,0,0,0,0,0,0,,0,0,0,0,,0,0,,0,0,0,0,0,0,0,0,0,0,0,0
00-0033792,R.Ford,Rudy Ford,FS,DB,"https://static.www.nfl.com/image/private/f_auto,q_auto/league/lcxikptlx1eo7hom7hcu",2021,REG,JAX,14,0,0,0,0,0,0,0,0,0,0,0,0,,,0,,0,0,0,0,0,0,0,0,0,0,,0,0,0,0,0,0,0,0,0,0,0,0,0,0,,0,0,0,0,0,,0,0,0,0,38,1,14,1,1,0,0.5,2.5,2,1,8,3,0,0,0,0,0,0,0,0,0,0,0,0,0,0,0,0,0,0,0,0,0,0,0,0,,,0,0,0,0,0,0,0,0,0,0,0,0,,,,0,0,0,0,0,0,0,,0,0,0,0,,0,0,,0,0,0,0,0,0,0,0,0,0,0,0
00-0033831,A.Wylie,Andrew Wylie,G,OL,"https://static.www.nfl.com/image/upload/f_auto,q_auto/league/ocotasgekygqeq8tmgzh",2021,REG,KC,4,0,0,0,0,0,0,0,0,0,0,0,0,,,0,,0,0,0,0,0,0,0,0,0,0,,0,0,0,0,0,0,0,0,0,0,0,0,0,0,,0,0,0,0,0,,0,0,0,0,0,0,0,0,0,0,0,0,0,0,0,0,0,0,0,0,0,0,0,0,0,4,30,0,0,0,0,0,0,0,0,0,0,0,0,0,,,0,0,0,0,0,0,0,0,0,0,0,0,,,,0,0,0,0,0,0,0,,0,0,0,0,,0,0,,0,0,0,0,0,0,0,0,0,0,0,0
00-0033839,D.Westbrook,Dede Westbrook,WR,WR,"https://static.www.nfl.com/image/private/f_auto,q_auto/league/jjlxw2ircxecpx3ipeax",2021,REG,MIN,15,0,0,0,0,0,0,0,0,0,0,0,0,,,0,,0,0,0,0,0,0,0,0,0,0,,0,0,0,0,0,10,15,68,0,0,0,110,17,3,-1.90988538676218,0,2,1,0,0,0.618181818181818,0.0259515570934256,0.0227178851714168,0.0548298552601302,0,1,0,0,0,0,0,0,0,0,0,0,0,0,2,0,0,1,0,0,0,0,0,0,1,1,0,2,0,22,183,0,0,0,0,0,0,,,0,0,0,0,0,0,0,0,0,0,0,0,,,,0,0,0,0,0,0,0,,0,0,0,0,,0,0,,0,0,0,0,0,0,0,0,0,0,6.8,16.8
00-0033854,D.Ogunbowale,Dare Ogunbowale,RB,RB,"https://static.www.nfl.com/image/upload/f_auto,q_auto/league/bsm0k0jkytuiej2riudv",2021,REG,JAX,13,0,0,0,0,0,0,0,0,0,0,0,0,,,0,,0,0,0,0,43,137,1,0,0,5,-10.2992118688531,0,1,1,0,0,13,21,114,1,0,0,31,100,3,-1.17545017547673,0,3,2,1,0,3.67741935483871,0.0360205831903945,0.00650577124868835,0.0585849146596736,0,4,2,1,0,0,0,0,0,0,0,0,0,0,0,0,0,0,0,0,0,0,0,0,0,0,0,0,0,0,0,0,0,0,0,0,0,,,0,0,0,0,0,0,0,0,0,0,0,0,,,,0,0,0,0,0,0,0,,0,0,0,0,,0,0,,0,0,0,0,0,0,0,0,0,0,37.1,50.1
00-0033856,L.Fournette,Leonard Fournette,RB,RB,"https://static.www.nfl.com/image/private/f_auto,q_auto/league/atxppoc7zqcjnbnk0awz",2021,REG,TB,14,0,1,0,0,0,0,0,0,0,0,0,0,-0.663301464170218,-64.3264293670654,0,,0,0,0,0,180,812,8,0,0,45,8.42861096230183,0,15,12,5,1,69,84,454,2,1,0,57,449,30,-0.443573618150674,0,18,5,1,0,7.96491228070175,0.11731843575419,0.00967085171360706,0.18274724983081,0,0,0,1,0,0,0,0,0,0,0,0,0,0,0,0,0,0,0,0,0,0,0,0,1,0,1,1,0,0,0,0,0,0,0,0,0,,,0,0,0,0,0,0,0,0,0,0,0,0,,,,0,0,0,0,0,0,0,,0,0,0,0,,0,0,,0,0,0,0,0,0,0,0,0,0,186.6,255.6
00-0033857,J.Smith-Schuster,JuJu Smith-Schuster,WR,WR,"https://static.www.nfl.com/image/upload/f_auto,q_auto/league/fmjrhk2zt9z22uifctv0",2021,REG,PIT,5,0,0,0,0,0,0,0,0,0,0,0,0,,,0,,0,0,0,0,3,9,1,0,0,1,0.704068042628933,0,0,0,0,0,15,28,129,0,0,0,183,68,6,-8.17464221835365,0,5,3,1,0,0.704918032786885,0.0428790199081164,0.0412255012390178,0.093176380729487,0,0,0,0,0,0,0,0,0,0,0,0,0,0,0,0,0,0,0,0,0,0,2,16,0,0,0,0,0,0,0,0,0,0,0,0,0,,,0,0,0,0,0,0,0,0,0,0,0,0,,,,0,0,0,0,0,0,0,,0,0,0,0,,0,0,,0,0,0,0,0,0,0,0,0,0,19.8,34.8
00-0033858,J.Smith,Jonnu Smith,TE,TE,"https://static.www.nfl.com/image/upload/f_auto,q_auto/league/egd6llghj3n5wfdrqacw",2021,REG,NE,16,0,0,0,0,0,0,0,0,0,0,0,0,,,0,,0,0,0,0,9,40,0,0,0,2,0.195683562080376,0,0,0,0,0,28,45,294,1,1,0,249,232,15,-9.73865688356058,0,14,8,5,0,1.18072289156627,0.0858778625954199,0.0580690298507463,0.169465114788652,0,0,0,0,0,0,0,0,0,0,0,0,0,0,0,0,0,2,0,0,0,0,5,40,1,0,0,1,0,0,0,0,0,0,0,0,0,,,0,0,0,0,0,0,0,0,0,0,0,0,,,,0,0,0,0,0,0,0,,0,0,0,0,,0,0,,0,0,0,0,0,0,0,0,0,0,39.4,67.4
00-0033860,D.Godchaux,Davon Godchaux,DT,DL,"https://static.www.nfl.com/image/upload/f_auto,q_auto/league/ggliw5fteiagipksotkk",2021,REG,NE,17,0,0,0,0,0,0,0,0,0,0,0,0,,,0,,0,0,0,0,0,0,0,0,0,0,,0,0,0,0,0,0,0,0,0,0,0,0,0,0,,0,0,0,0,0,,0,0,0,0,25,7,33,1,7,1,1,7,5,0,0,0,0,0,0,0,0,0,0,0,0,1,5,0,0,0,0,0,0,0,0,0,0,0,0,0,,,0,0,0,0,0,0,0,0,0,0,0,0,,,,0,0,0,0,0,0,0,,0,0,0,0,,0,0,,0,0,0,0,0,0,0,0,0,0,0,0
00-0033862,Z.Gonzalez,Zane Gonzalez,K,SPEC,"https://static.www.nfl.com/image/upload/f_auto,q_auto/league/tytaxive5qhdumjqy2o2",2021,REG,CAR,12,0,0,0,0,0,0,0,0,0,0,0,0,,,0,,0,0,0,0,0,0,0,0,0,0,,0,0,0,0,0,0,0,0,0,0,0,0,0,0,,0,0,0,0,0,,0,0,0,0,1,0,0,0,0,0,0,0,0,0,0,0,0,0,0,0,0,0,0,0,0,0,0,0,0,0,0,0,0,0,0,0,20,22,1,1,57,0.909090909090909,0,6,1,10,3,0,0,0,0,0,1,0,20;42;21;48;43;50;47;23;45;29;51;57;23;39;49;44;48;49;27;41,54,50,796,54,50,22,23,1,0,0.956521739130435,0,0,0,0,,1,0,40,40,0,0,0,1,0,0,0,0,20,0,0
00-0033868,M.Garrett,Myles Garrett,DE,DL,"https://static.www.nfl.com/image/private/f_auto,q_auto/league/y33rmtjxhgil7cjcftlc",2021,REG,CLE,17,0,0,0,0,0,0,0,0,0,0,0,0,,,0,,0,0,0,0,0,0,0,0,0,0,,0,0,0,0,0,0,0,0,0,0,0,0,0,0,,0,0,0,0,0,,0,0,0,0,31,2,18,17,98,1,16,91.5,33,0,0,3,0,0,0,0,0,0,1,15,1,2,10,0,0,0,0,0,0,0,0,0,0,0,0,0,,,0,0,0,0,0,0,0,0,0,0,0,0,,,,0,0,0,0,0,0,0,,0,0,0,0,,0,0,,0,0,0,0,0,0,0,0,0,0,0,0
00-0033869,M.Trubisky,Mitchell Trubisky,QB,QB,"https://static.www.nfl.com/image/upload/f_auto,q_auto/league/fw9ec0v5pn3sorobytpb",2021,REG,BUF,5,6,8,43,0,1,0,0,0,0,41,17,2,-1.66113387118094,1.52872055768967,0,1.04878048780488,1,0,0,0,13,24,1,0,0,3,-3.85445407303632,0,1,1,1,0,0,0,0,0,0,0,0,0,0,,0,0,0,0,0,,0,0,0,0,0,0,0,0,0,0,0,0,0,0,0,0,0,0,0,0,0,0,0,0,0,0,0,0,0,0,0,0,0,0,0,0,0,0,0,0,,,0,0,0,0,0,0,0,0,0,0,0,0,,,,0,0,0,0,0,0,0,,0,0,0,0,,0,0,,0,0,0,0,0,0,0,0,0,0,8.12,8.12
00-0033870,S.Thomas,Solomon Thomas,DE,DL,"https://static.www.nfl.com/image/upload/f_auto,q_auto/league/pk5ozcdcbehjnw3txvu8",2021,REG,LV,14,0,0,0,0,0,0,0,0,0,0,0,0,,,0,,0,0,0,0,0,0,0,0,0,0,,0,0,0,0,0,0,0,0,0,0,0,0,0,0,,0,0,0,0,0,,0,0,0,0,15,2,17,3,18,2,3.5,19.5,12,0,0,2,0,0,0,0,0,0,0,0,0,4,29,0,0,0,0,0,0,0,0,0,0,0,0,0,,,0,0,0,0,0,0,0,0,0,0,0,0,,,,0,0,0,0,0,0,0,,0,0,0,0,,0,0,,0,0,0,0,0,0,0,0,0,0,0,0
00-0033871,C.Davis,Corey Davis,WR,WR,"https://static.www.nfl.com/image/private/f_auto,q_auto/league/hr0uv4ai1zhkn7nof2a2",2021,REG,NYJ,9,0,0,0,0,0,0,0,0,0,0,0,0,,,0,,0,0,0,0,0,0,0,0,0,0,,0,0,0,0,0,34,59,492,4,2,1,765,129,23,-0.834799230174736,0,22,11,9,1,0.643137254901961,0.101549053356282,0.175902506323293,0.275455334460728,0,0,0,0,0,0,0,0,0,0,0,0,0,0,0,0,0,1,0,0,0,0,0,0,2,0,0,2,1,0,0,0,0,0,0,0,0,,,0,0,0,0,0,0,0,0,0,0,0,0,,,,0,0,0,0,0,0,0,,0,0,0,0,,0,0,,0,0,0,0,0,0,0,0,0,0,71.2,105.2
00-0033872,J.Adams,Jamal Adams,LB,LB,"https://static.www.nfl.com/image/upload/f_auto,q_auto/league/plodzh6kwjvhpo2mf3ie",2021,REG,SEA,12,0,0,0,0,0,0,0,0,0,0,0,0,,,0,,0,0,0,0,0,0,0,0,0,0,,0,0,0,0,0,0,0,0,0,0,0,0,0,0,,0,0,0,0,0,,0,0,0,0,47,9,31,1,5,0,0,0,2,2,0,5,0,0,0,0,0,0,0,0,0,3,23,0,0,0,0,0,0,0,0,0,0,0,0,0,,,0,0,0,0,0,0,0,0,0,0,0,0,,,,0,0,0,0,0,0,0,,0,0,0,0,,0,0,,0,0,0,0,0,0,0,0,0,0,0,0
00-0033873,P.Mahomes,Patrick Mahomes,QB,QB,"https://static.www.nfl.com/image/upload/f_auto,q_auto/league/iireqbn32cpg9fn4sfy7",2021,REG,KC,17,436,658,4839,37,13,28,-146,5,2,4829,2699,260,138.787449126212,2.67356600972914,1,1.00207082211638,194,85,58,11,66,381,2,3,2,25,14.3284487031198,1,18,10,4,0,0,0,0,0,0,0,0,0,0,,0,0,0,0,0,,0,0,0,0,1,0,0,0,0,0,0,0,0,0,0,0,0,0,0,0,2,-7,0,0,0,4,38,6,3,0,9,4,0,0,0,0,0,0,0,0,,,0,0,0,0,0,0,0,0,0,0,0,0,,,,0,0,0,0,0,0,0,,0,0,0,0,,0,0,,0,0,0,0,0,0,0,0,0,0,361.66,361.66
00-0033874,M.Lattimore,Marshon Lattimore,CB,DB,"https://static.www.nfl.com/image/upload/f_auto,q_auto/league/z4npwlwl5teozc1lp8ky",2021,REG,NO,16,0,0,0,0,0,0,0,0,0,0,0,0,,,0,,0,0,0,0,0,0,0,0,0,0,,0,0,0,0,0,0,0,0,0,0,0,0,0,0,,0,0,0,0,0,,0,0,0,0,53,2,13,0,0,0,0,0,0,3,35,19,0,0,0,0,0,0,1,1,0,5,58,0,0,0,0,0,0,0,0,0,0,0,0,0,,,0,0,0,0,0,0,0,0,0,0,0,0,,,,0,0,0,0,0,0,0,,0,0,0,0,,0,0,,0,0,0,0,0,0,0,0,0,0,0,0
00-0033875,H.Reddick,Haason Reddick,OLB,LB,"https://static.www.nfl.com/image/upload/f_auto,q_auto/league/to1hxe921e7wc8rarebt",2021,REG,CAR,16,0,0,0,0,0,0,0,0,0,0,0,0,,,0,,0,0,0,0,0,0,0,0,0,0,,0,0,0,0,0,0,0,0,0,0,0,0,0,0,,0,0,0,0,0,,0,0,0,0,31,6,31,9,54,2,11,72.5,18,0,0,0,0,0,0,0,0,0,1,22,0,3,35,0,0,0,0,0,0,0,0,0,0,0,0,0,,,0,0,0,0,0,0,0,0,0,0,0,0,,,,0,0,0,0,0,0,0,,0,0,0,0,,0,0,,0,0,0,0,0,0,0,0,0,0,0,0
00-0033876,D.Barnett,Derek Barnett,DE,DL,"https://static.www.nfl.com/image/upload/f_auto,q_auto/league/eh9ienpeakbbr9mw4vlm",2021,REG,PHI,16,0,0,0,0,0,0,0,0,0,0,0,0,,,0,,0,0,0,0,0,0,0,0,0,0,,0,0,0,0,0,0,0,0,0,0,0,0,0,0,,0,0,0,0,0,,0,0,0,0,17,3,26,5,47,0,2,27,11,0,0,0,0,0,0,0,0,0,0,0,0,7,47,0,0,0,0,0,0,0,0,0,0,0,0,0,,,0,0,0,0,0,0,0,0,0,0,0,0,,,,0,0,0,0,0,0,0,,0,0,0,0,,0,0,,0,0,0,0,0,0,0,0,0,0,0,0
00-0033877,M.Hooker,Malik Hooker,FS,DB,"https://static.www.nfl.com/image/upload/f_auto,q_auto/league/juvd0vtnne04b8fbqaf6",2021,REG,DAL,15,0,0,0,0,0,0,0,0,0,0,0,0,,,0,,0,0,0,0,0,0,0,0,0,0,,0,0,0,0,0,0,0,0,0,0,0,0,0,0,,0,0,0,0,0,,0,0,0,0,28,2,14,1,1,0,0,0,0,1,0,2,0,0,0,0,0,0,0,0,0,1,15,0,0,0,0,0,0,0,0,0,0,0,0,0,,,0,0,0,0,0,0,0,0,0,0,0,0,,,,0,0,0,0,0,0,0,,0,0,0,0,,0,0,,0,0,0,0,0,0,0,0,0,0,0,0
00-0033878,A.Jackson,Adoree' Jackson,CB,DB,"https://static.www.nfl.com/image/upload/f_auto,q_auto/league/jtskiyzkosuajjatls72",2021,REG,NYG,13,0,0,0,0,0,0,0,0,0,0,0,0,,,0,,0,0,0,0,0,0,0,0,0,0,,0,0,0,0,0,0,0,0,0,0,0,0,0,0,,0,0,0,0,0,,0,0,0,0,41,6,15,1,3,0,0,0,0,1,10,8,0,0,0,0,0,0,0,0,0,0,0,0,0,0,0,0,0,0,0,0,0,0,0,0,,,0,0,0,0,0,0,0,0,0,0,0,0,,,,0,0,0,0,0,0,0,,0,0,0,0,,0,0,,0,0,0,0,0,0,0,0,0,0,0,0
00-0033879,O.Howard,O.J. Howard,TE,TE,"https://static.www.nfl.com/image/private/f_auto,q_auto/league/usf4x1xgc8bqnuaewkp2",2021,REG,TB,10,0,0,0,0,0,0,0,0,0,0,0,0,,,0,,0,0,0,0,0,0,0,0,0,0,,0,0,0,0,0,14,21,135,1,0,0,136,83,10,3.82030609101158,0,7,1,1,0,0.992647058823529,0.0293296089385475,0.0230743128605361,0.0601464324101965,0,0,0,0,0,0,0,0,0,0,0,0,0,0,0,0,0,0,0,0,0,0,2,10,0,0,0,0,0,0,0,0,0,0,0,0,0,,,0,0,0,0,0,0,0,0,0,0,0,0,,,,0,0,0,0,0,0,0,,0,0,0,0,,0,0,,0,0,0,0,0,0,0,0,0,0,19.5,33.5
00-0033880,C.Harris,Charles Harris,LB,LB,"https://static.www.nfl.com/image/upload/f_auto,q_auto/league/xssxsqkbd4osqsrbtxr5",2021,REG,DET,17,0,0,0,0,0,0,0,0,0,0,0,0,,,0,,0,0,0,0,0,0,0,0,0,0,,0,0,0,0,0,0,0,0,0,0,0,0,0,0,,0,0,0,0,0,,0,0,0,0,31,3,31,9,47,2,7.5,70,16,0,0,0,0,0,0,0,0,0,0,0,0,4,46,0,0,0,0,0,0,0,0,0,0,0,0,0,,,0,0,0,0,0,0,0,0,0,0,0,0,,,,0,0,0,0,0,0,0,,0,0,0,0,,0,0,,0,0,0,0,0,0,0,0,0,0,0,0
00-0033881,E.Engram,Evan Engram,TE,TE,"https://static.www.nfl.com/image/upload/f_auto,q_auto/league/vsrjso6phkjqki88qw9y",2021,REG,NYG,15,0,0,0,0,0,0,0,0,0,0,0,0,,,0,,0,0,0,0,1,-3,0,0,0,0,-1.52449800691102,0,0,0,0,0,46,73,408,3,1,1,366,185,21,-10.7480713350008,0,16,7,2,0,1.11475409836066,0.129432624113475,0.0838872335548934,0.252869999658638,0,1,0,0,0,0,0,0,0,0,0,0,0,0,0,0,0,0,0,0,0,0,0,0,1,0,0,1,1,0,0,0,0,0,0,0,0,,,0,0,0,0,0,0,0,0,0,0,0,0,,,,0,0,0,0,0,0,0,,0,0,0,0,,0,0,,0,0,0,0,0,0,0,0,0,0,56.5,102.5
00-0033883,J.Peppers,Jabrill Peppers,FS,DB,"https://static.www.nfl.com/image/upload/f_auto,q_auto/league/ibsp6bicwpzoghc9mofe",2021,REG,NYG,6,0,0,0,0,0,0,0,0,0,0,0,0,,,0,,0,0,0,0,0,0,0,0,0,0,,0,0,0,0,0,0,0,0,0,0,0,0,0,0,,0,0,0,0,0,,0,0,0,0,19,0,10,2,5,0,1,4,4,0,0,1,0,0,0,0,0,0,0,0,0,0,0,0,0,0,0,0,9,58,0,0,0,0,0,0,,,0,0,0,0,0,0,0,0,0,0,0,0,,,,0,0,0,0,0,0,0,,0,0,0,0,,0,0,,0,0,0,0,0,0,0,0,0,0,0,0
00-0033884,T.White,Tre'Davious White,CB,DB,"https://static.www.nfl.com/image/upload/f_auto,q_auto/league/uxwbh1qimnyieywlu6ic",2021,REG,BUF,11,0,0,0,0,0,0,0,0,0,0,0,0,,,0,,0,0,0,0,0,0,0,0,0,0,,0,0,0,0,0,0,0,0,0,0,0,0,0,0,,0,0,0,0,0,,0,0,0,0,23,4,14,1,2,1,0.5,3,1,1,0,6,0,0,0,0,0,0,1,0,0,5,48,0,0,0,0,0,0,0,0,0,0,0,0,0,,,0,0,0,0,0,0,0,0,0,0,0,0,,,,0,0,0,0,0,0,0,,0,0,0,0,,0,0,,0,0,0,0,0,0,0,0,0,0,0,0
00-0033885,D.Njoku,David Njoku,TE,TE,"https://static.www.nfl.com/image/upload/f_auto,q_auto/league/gdwtgcfz3mxj6codxdpn",2021,REG,CLE,15,0,0,0,0,0,0,0,0,0,0,0,0,,,0,,0,0,0,0,1,1,0,0,0,0,-0.505711786448956,0,0,0,0,0,36,53,475,4,0,0,432,247,17,21.5071245886562,0,15,9,8,2,1.09953703703704,0.106212424849699,0.100652376514445,0.229775300834661,0,2,0,0,0,0,0,0,0,0,0,0,0,0,0,0,0,1,0,0,0,0,4,35,0,0,0,0,0,0,0,0,0,0,0,0,0,,,0,0,0,0,0,0,0,0,0,0,0,0,,,,0,0,0,0,0,0,0,,0,0,0,0,,0,0,,0,0,0,0,0,0,0,0,0,0,71.6,107.6
00-0033886,T.Watt,T.J. Watt,OLB,LB,"https://static.www.nfl.com/image/upload/f_auto,q_auto/league/aywegy4gpj1d32vrl67u",2021,REG,PIT,15,0,0,0,0,0,0,0,0,0,0,0,0,,,0,,0,0,0,0,0,0,0,0,0,0,,0,0,0,0,0,0,0,0,0,0,0,0,0,0,,0,0,0,0,0,,0,0,0,0,42,6,16,20,100,5,22.5,111.5,39,0,0,7,0,0,0,0,0,0,3,0,0,3,24,0,0,0,0,0,0,0,0,0,0,0,0,0,,,0,0,0,0,0,0,0,0,0,0,0,0,,,,0,0,0,0,0,0,0,,0,0,0,0,,0,0,,0,0,0,0,0,0,0,0,0,0,0,0
00-0033889,C.Robinson,Cam Robinson,OT,OL,"https://static.www.nfl.com/image/upload/f_auto,q_auto/league/lqgjpx9ttpdhpbvswdly",2021,REG,JAX,4,0,0,0,0,0,0,0,0,0,0,0,0,,,0,,0,0,0,0,0,0,0,0,0,0,,0,0,0,0,0,0,0,0,0,0,0,0,0,0,,0,0,0,0,0,,0,0,0,0,0,0,0,0,0,0,0,0,0,0,0,0,0,0,0,0,0,0,0,0,0,4,20,0,0,0,0,0,0,0,0,0,0,0,0,0,,,0,0,0,0,0,0,0,0,0,0,0,0,,,,0,0,0,0,0,0,0,,0,0,0,0,,0,0,,0,0,0,0,0,0,0,0,0,0,0,0
00-0033890,B.Baker,Budda Baker,S,DB,"https://static.www.nfl.com/image/upload/f_auto,q_auto/league/ja3tkctpkfcschgpowoe",2021,REG,ARI,17,0,0,0,0,0,0,0,0,0,0,0,0,,,0,,0,0,0,0,0,0,0,0,0,0,,0,0,0,0,0,0,0,0,0,0,0,0,0,0,,0,0,0,0,0,,0,0,0,0,60,3,35,6,13,0,2,5,3,3,101,7,0,0,0,0,0,0,1,5,0,1,5,0,0,0,0,0,0,0,0,0,0,0,0,0,,,0,0,0,0,0,0,0,0,0,0,0,0,,,,0,0,0,0,0,0,0,,0,0,0,0,,0,0,,0,0,0,0,0,0,0,0,0,0,0,0
00-0033891,Z.Jones,Zay Jones,WR,WR,"https://static.www.nfl.com/image/upload/f_auto,q_auto/league/qihjjzfk0vwzoyrzztkq",2021,REG,LV,15,0,0,0,0,0,0,0,0,0,0,0,0,,,0,,0,0,0,0,2,3,0,0,0,0,-0.516879247035831,0,0,0,0,0,47,70,546,1,1,1,979,170,29,6.00350957193494,0,22,9,8,2,0.557711950970378,0.116086235489221,0.191397849462366,0.308107847857487,0,3,0,1,0,0,0,0,0,0,0,0,0,0,0,0,0,0,0,0,0,0,0,0,1,0,0,1,1,0,0,0,0,0,0,0,0,,,0,0,0,0,0,0,0,0,0,0,0,0,,,,0,0,0,0,0,0,0,,0,0,0,0,,0,0,,0,0,0,0,0,0,0,0,0,0,58.9,105.9
00-0033892,M.Maye,Marcus Maye,FS,DB,"https://static.www.nfl.com/image/upload/f_auto,q_auto/league/jkqmwuujqfh8kir8wzdq",2021,REG,NYJ,6,0,0,0,0,0,0,0,0,0,0,0,0,,,0,,0,0,0,0,0,0,0,0,0,0,,0,0,0,0,0,0,0,0,0,0,0,0,0,0,,0,0,0,0,0,,0,0,0,0,26,4,16,4,13,0,1,10,1,0,0,2,0,0,0,0,0,0,0,0,0,2,20,0,0,0,0,0,0,0,0,0,0,0,0,0,,,0,0,0,0,0,0,0,0,0,0,0,0,,,,0,0,0,0,0,0,0,,0,0,0,0,,0,0,,0,0,0,0,0,0,0,0,0,0,0,0
00-0033893,D.Cook,Dalvin Cook,RB,RB,"https://static.www.nfl.com/image/upload/f_auto,q_auto/league/uurolop9ktcloxqh4fid",2021,REG,MIN,13,0,0,0,0,0,0,0,0,0,0,0,0,,,0,,0,0,0,0,249,1159,6,3,2,57,-9.77577269769949,1,36,30,9,1,34,49,224,0,0,0,-79,278,9,-4.86366920654871,0,8,3,1,0,-2.83544303797468,0.0847750865051903,-0.0163155720776539,0.115741729303428,0,0,0,0,0,0,0,0,0,0,0,0,0,0,0,0,0,0,0,0,0,0,0,0,3,0,0,3,2,0,0,0,0,0,0,0,0,,,0,0,0,0,0,0,0,0,0,0,0,0,,,,0,0,0,0,0,0,0,,0,0,0,0,,0,0,,0,0,0,0,0,0,0,0,0,0,172.3,206.3
00-0033894,M.Williams,Marcus Williams,FS,DB,"https://static.www.nfl.com/image/upload/f_auto,q_auto/league/niqp2dje7qvlegxtsttn",2021,REG,NO,16,0,0,0,0,0,0,0,0,0,0,0,0,,,0,,0,0,0,0,0,0,0,0,0,0,,0,0,0,0,0,0,0,0,0,0,0,0,0,0,,0,0,0,0,0,,0,0,0,0,50,2,22,0,0,1,0,0,0,2,56,8,0,0,0,0,0,0,0,0,0,0,0,0,0,0,0,0,0,0,0,0,0,0,0,0,,,0,0,0,0,0,0,0,0,0,0,0,0,,,,0,0,0,0,0,0,0,,0,0,0,0,,0,0,,0,0,0,0,0,0,0,0,0,0,0,0
00-0033895,G.Everett,Gerald Everett,TE,TE,"https://static.www.nfl.com/image/upload/f_auto,q_auto/league/aayw74rhaupmfnnikzak",2021,REG,SEA,15,0,0,0,0,0,0,0,0,0,0,0,0,,,0,,0,0,0,0,3,20,0,0,0,2,0.355888462858275,0,2,2,0,0,48,63,478,4,2,2,330,249,26,10.8636543869333,0,19,7,5,1,1.44848484848485,0.132911392405063,0.0714440355055207,0.249377913461459,0,0,0,0,0,0,0,0,0,0,0,0,0,0,0,0,0,0,0,0,0,0,3,29,2,0,0,2,2,0,0,0,0,0,0,0,0,,,0,0,0,0,0,0,0,0,0,0,0,0,,,,0,0,0,0,0,0,0,,0,0,0,0,,0,0,,0,0,0,0,0,0,0,0,0,0,69.8,117.8
00-0033896,A.Shaheen,Adam Shaheen,TE,TE,"https://static.www.nfl.com/image/private/f_auto,q_auto/league/rvj5swstfh0vf6f6w2hr",2021,REG,MIA,7,0,0,0,0,0,0,0,0,0,0,0,0,,,0,,0,0,0,0,0,0,0,0,0,0,,0,0,0,0,0,12,16,110,0,0,0,92,41,5,2.7934769367761,0,5,2,1,0,1.19565217391304,0.0267111853088481,0.0205770521136211,0.0544707144428069,0,0,0,0,0,0,0,0,0,0,0,0,0,0,0,0,0,0,0,0,0,0,0,0,0,0,0,0,0,0,0,0,0,0,0,0,0,,,0,0,0,0,0,0,0,0,0,0,0,0,,,,0,0,0,0,0,0,0,,0,0,0,0,,0,0,,0,0,0,0,0,0,0,0,0,0,11,23
00-0033897,J.Mixon,Joe Mixon,RB,RB,"https://static.www.nfl.com/image/upload/f_auto,q_auto/league/gwyhozfhjgedwdmmjjcf",2021,REG,CIN,16,0,0,0,0,0,0,0,0,0,0,0,0,,,0,,0,0,0,0,292,1205,13,1,1,60,-25.4333107376832,0,26,16,6,0,42,48,314,3,1,0,-8,318,11,8.68478629522724,0,8,3,3,3,-39.25,0.0888888888888889,-0.00181942233340914,0.132059737699947,0,0,0,1,0,0,0,0,0,0,0,0,0,0,0,0,0,2,0,0,0,0,0,0,2,0,0,2,1,0,0,0,0,0,0,0,0,,,0,0,0,0,0,0,0,0,0,0,0,0,,,,0,0,0,0,0,0,0,,0,0,0,0,,0,0,,0,0,0,0,0,0,0,0,0,0,245.9,287.9
00-0033901,E.Pocic,Ethan Pocic,C,OL,"https://static.www.nfl.com/image/upload/f_auto,q_auto/league/yl6ylttfhl37pjf4iqxi",2021,REG,SEA,2,0,0,0,0,0,0,0,0,0,0,0,0,,,0,,0,0,0,0,0,0,0,0,0,0,,0,0,0,0,0,0,0,0,0,0,0,0,0,0,,0,0,0,0,0,,0,0,0,0,0,0,0,0,0,0,0,0,0,0,0,0,0,0,0,0,1,0,0,0,0,1,10,0,0,0,0,0,0,0,0,0,0,0,0,0,,,0,0,0,0,0,0,0,0,0,0,0,0,,,,0,0,0,0,0,0,0,,0,0,0,0,,0,0,,0,0,0,0,0,0,0,0,0,0,0,0
00-0033902,T.Kpassagnon,Tanoh Kpassagnon,DE,DL,"https://static.www.nfl.com/image/private/f_auto,q_auto/league/ilr1bs7qesfq7fryeetc",2021,REG,NO,8,0,0,0,0,0,0,0,0,0,0,0,0,,,0,,0,0,0,0,0,0,0,0,0,0,,0,0,0,0,0,0,0,0,0,0,0,0,0,0,,0,0,0,0,0,,0,0,0,0,13,1,4,3,34,1,4,38,8,0,0,2,0,0,0,0,0,0,0,0,0,0,0,0,0,0,0,0,0,0,0,0,0,0,0,0,,,0,0,0,0,0,0,0,0,0,0,0,0,,,,0,0,0,0,0,0,0,,0,0,0,0,,0,0,,0,0,0,0,0,0,0,0,0,0,0,0
00-0033903,Jo.Jones,Josh Jones,S,DB,"https://static.www.nfl.com/image/private/f_auto,q_auto/league/ywylkm98gm6vqgxq9zg5",2021,REG,SEA,4,0,0,0,0,0,0,0,0,0,0,0,0,,,0,,0,0,0,0,0,0,0,0,0,0,,0,0,0,0,0,0,0,0,0,0,0,0,0,0,,0,0,0,0,0,,0,0,0,0,6,4,6,0,0,0,0,0,0,0,0,1,0,0,0,0,0,0,0,0,0,0,0,0,0,0,0,0,0,0,0,0,0,0,0,0,,,0,0,0,0,0,0,0,0,0,0,0,0,,,,0,0,0,0,0,0,0,,0,0,0,0,,0,0,,0,0,0,0,0,0,0,0,0,0,0,0
00-0033904,D.Dawkins,Dion Dawkins,OT,OL,"https://static.www.nfl.com/image/upload/f_auto,q_auto/league/wuczkzxwxypvr9ssis5h",2021,REG,BUF,7,0,0,0,0,0,0,0,0,0,0,0,0,,,0,,0,0,0,0,0,0,0,0,0,0,,0,0,0,0,0,0,1,0,0,0,0,1,0,0,-0.225900366902351,0,0,0,0,0,0,0.00160513643659711,0.000186741363211951,0.00253842360914403,0,1,0,0,0,0,0,0,0,0,0,0,0,0,0,0,0,0,0,0,0,0,7,70,0,0,0,0,0,0,0,0,0,0,0,0,0,,,0,0,0,0,0,0,0,0,0,0,0,0,,,,0,0,0,0,0,0,0,,0,0,0,0,,0,0,,0,0,0,0,0,0,0,0,0,0,0,0
00-0033905,L.Ogunjobi,Larry Ogunjobi,DT,DL,"https://static.www.nfl.com/image/upload/f_auto,q_auto/league/gt0gj15hsswookg40d39",2021,REG,CIN,15,0,0,0,0,0,0,0,0,0,0,0,0,,,0,,0,0,0,0,0,0,0,0,0,0,,0,0,0,0,0,0,0,0,0,0,0,0,0,0,,0,0,0,0,0,,0,0,0,0,23,6,20,9,55,0,7,51.5,16,0,0,0,0,0,0,0,0,0,0,0,0,1,5,0,0,0,0,0,0,0,0,0,0,0,0,0,,,0,0,0,0,0,0,0,0,0,0,0,0,,,,0,0,0,0,0,0,0,,0,0,0,0,,0,0,,0,0,0,0,0,0,0,0,0,0,0,0
00-0033906,A.Kamara,Alvin Kamara,RB,RB,"https://static.www.nfl.com/image/upload/f_auto,q_auto/league/uay6uo9lonegelngihki",2021,REG,NO,13,0,0,0,0,0,0,0,0,0,0,0,0,,,0,,0,0,0,0,240,898,4,0,0,42,-40.4698313004611,0,21,12,3,0,47,67,439,5,0,0,77,437,20,10.8024138160697,0,18,6,4,0,5.7012987012987,0.141350210970464,0.0205607476635514,0.226417839820182,0,1,0,0,0,0,0,0,0,0,0,0,0,0,0,0,0,1,0,0,0,0,1,15,0,0,0,0,0,3,29,0,0,0,0,0,0,,,0,0,0,0,0,0,0,0,0,0,0,0,,,,0,0,0,0,0,0,0,,0,0,0,0,,0,0,,0,0,0,0,0,0,0,0,0,0,187.7,234.7
00-0033907,D.Smoot,Dawuane Smoot,DE,DL,"https://static.www.nfl.com/image/upload/f_auto,q_auto/league/gmwsx9fddqfaqsm6dx0a",2021,REG,JAX,14,0,0,0,0,0,0,0,0,0,0,0,0,,,0,,0,0,0,0,0,0,0,0,0,0,,0,0,0,0,0,0,0,0,0,0,0,0,0,0,,0,0,0,0,0,,0,0,0,0,20,2,14,6,48,1,6,48.5,16,0,0,3,0,0,0,0,0,0,0,0,0,3,25,0,0,0,0,0,0,0,0,0,0,0,0,0,,,0,0,0,0,0,0,0,0,0,0,0,0,,,,0,0,0,0,0,0,0,,0,0,0,0,,0,0,,0,0,0,0,0,0,0,0,0,0,0,0
00-0033908,C.Kupp,Cooper Kupp,WR,WR,"https://static.www.nfl.com/image/upload/f_auto,q_auto/league/lpaxi9rsedlg9sdr5quw",2021,REG,LA,17,0,1,0,0,0,0,0,0,0,25,0,0,-0.402064944501035,-28.7507683038712,0,0,0,0,0,0,4,18,0,0,0,1,-1.43761236546415,0,1,1,0,0,145,191,1947,16,0,0,1641,846,89,112.935847675216,1,66,41,30,9,1.18647166361974,0.317275747508306,0.319633813790417,0.69965729091575,0,1,0,0,0,0,0,0,0,0,0,0,0,0,0,0,0,0,0,0,0,0,0,0,0,0,0,0,0,1,8,2,20,0,0,0,0,,,0,0,0,0,0,0,0,0,0,0,0,0,,,,0,0,0,0,0,0,0,,0,0,0,0,,0,0,,0,0,0,0,0,0,0,0,0,0,294.5,439.5
00-0033909,P.Elflein,Pat Elflein,C,OL,"https://static.www.nfl.com/image/private/f_auto,q_auto/league/t5un8s4gk7guev4prq4k",2021,REG,CAR,4,0,0,0,0,0,0,0,0,0,0,0,0,,,0,,0,0,0,0,0,0,0,0,0,0,,0,0,0,0,0,0,0,0,0,0,0,0,0,0,,0,0,0,0,0,,0,0,0,0,1,0,0,0,0,0,0,0,0,0,0,0,0,0,0,0,0,-2,0,0,0,2,20,0,1,0,1,0,0,0,0,0,0,0,0,0,,,0,0,0,0,0,0,0,0,0,0,0,0,,,,0,0,0,0,0,0,0,,0,0,0,0,,0,0,,0,0,0,0,0,0,0,0,0,0,0,0
00-0033912,J.Willis,Jordan Willis,DE,DL,"https://static.www.nfl.com/image/private/f_auto,q_auto/league/imwccwkvlhglwhhis6nn",2021,REG,SF,7,0,0,0,0,0,0,0,0,0,0,0,0,,,0,,0,0,0,0,0,0,0,0,0,0,,0,0,0,0,0,0,0,0,0,0,0,0,0,0,,0,0,0,0,0,,0,0,0,0,6,0,9,2,15,1,3,23,5,0,0,0,0,0,0,0,0,0,0,0,0,0,0,0,0,0,0,0,0,0,0,0,0,0,0,0,,,0,0,0,0,0,0,0,0,0,0,0,0,,,,0,0,0,0,0,0,0,,0,0,0,0,,0,0,,0,0,0,0,0,0,0,0,0,0,0,0
00-0033913,C.Wormley,Chris Wormley,NT,DL,"https://static.www.nfl.com/image/upload/f_auto,q_auto/league/qqmbvbpitcgchhjcptve",2021,REG,PIT,15,0,0,0,0,0,0,0,0,0,0,0,0,,,0,,0,0,0,0,0,0,0,0,0,0,,0,0,0,0,0,0,0,0,0,0,0,0,0,0,,0,0,0,0,0,,0,0,0,0,24,5,22,6,47,1,7,55.5,10,0,0,3,0,0,0,0,0,0,0,0,0,0,0,0,0,0,0,0,0,0,0,0,0,0,0,0,,,0,0,0,0,0,0,0,0,0,0,0,0,,,,0,0,0,0,0,0,0,,0,0,0,0,,0,0,,0,0,0,0,0,0,0,0,0,0,0,0
00-0033914,A.Anzalone,Alex Anzalone,MLB,LB,"https://static.www.nfl.com/image/upload/f_auto,q_auto/league/gbqizpfxe7nsijlw4gwv",2021,REG,DET,12,0,0,0,0,0,0,0,0,0,0,0,0,,,0,,0,0,0,0,0,0,0,0,0,0,,0,0,0,0,0,0,0,0,0,0,0,0,0,0,,0,0,0,0,0,,0,0,0,0,44,5,29,1,3,0,1,3,2,1,0,7,0,0,0,0,0,0,0,0,0,1,5,0,0,0,0,0,0,0,0,0,0,0,0,0,,,0,0,0,0,0,0,0,0,0,0,0,0,,,,0,0,0,0,0,0,0,,0,0,0,0,,0,0,,0,0,0,0,0,0,0,0,0,0,0,0
00-0033917,T.Basham,Tarell Basham,LB,LB,"https://static.www.nfl.com/image/private/f_auto,q_auto/league/jdy7wcc1g0aw6ujtugbl",2021,REG,DAL,16,0,0,0,0,0,0,0,0,0,0,0,0,,,0,,0,0,0,0,0,0,0,0,0,0,,0,0,0,0,0,0,0,0,0,0,0,0,0,0,,0,0,0,0,0,,0,0,0,0,17,4,18,2,16,1,3.5,20,11,0,0,0,0,0,0,0,0,0,1,0,0,3,25,0,0,0,0,0,0,0,0,0,0,0,0,0,,,0,0,0,0,0,0,0,0,0,0,0,0,,,,0,0,0,0,0,0,0,,0,0,0,0,,0,0,,0,0,0,0,0,0,0,0,0,0,0,0
00-0033918,F.Moreau,Fabian Moreau,CB,DB,"https://static.www.nfl.com/image/upload/f_auto,q_auto/league/osj1pbe8mj5f7h47l2op",2021,REG,ATL,16,0,0,0,0,0,0,0,0,0,0,0,0,,,0,,0,0,0,0,0,0,0,0,0,0,,0,0,0,0,0,0,0,0,0,0,0,0,0,0,,0,0,0,0,0,,0,0,0,0,42,2,17,2,8,0,0,0,0,0,0,11,0,0,0,0,0,0,1,0,0,8,97,0,0,0,0,0,0,0,0,0,0,0,0,0,,,0,0,0,0,0,0,0,0,0,0,0,0,,,,0,0,0,0,0,0,0,,0,0,0,0,,0,0,,0,0,0,0,0,0,0,0,0,0,0,0
00-0033920,D.Rivers,Derek Rivers,DE,DL,"https://static.www.nfl.com/image/upload/f_auto,q_auto/league/svxqdherouidw9mcieu9",2021,REG,HOU,5,0,0,0,0,0,0,0,0,0,0,0,0,,,0,,0,0,0,0,0,0,0,0,0,0,,0,0,0,0,0,0,0,0,0,0,0,0,0,0,,0,0,0,0,0,,0,0,0,0,6,1,2,2,12,0,1,11,1,0,0,0,0,0,0,0,0,0,0,0,0,0,0,0,0,0,0,0,0,0,0,0,0,0,0,0,,,0,0,0,0,0,0,0,0,0,0,0,0,,,,0,0,0,0,0,0,0,,0,0,0,0,,0,0,,0,0,0,0,0,0,0,0,0,0,0,0
00-0033921,C.Godwin,Chris Godwin Jr.,WR,WR,"https://static.www.nfl.com/image/upload/f_auto,q_auto/league/ilkheljdx4hbjpisulke",2021,REG,TB,14,0,0,0,0,0,0,0,0,0,0,0,0,,,0,,0,0,0,0,4,21,1,0,0,4,2.12482199432282,0,0,0,0,0,98,127,1103,5,2,2,931,586,55,36.0564867490855,0,45,24,15,1,1.18474758324382,0.177374301675978,0.157957244655582,0.376631523772874,0,1,0,0,0,0,0,0,0,0,0,0,0,0,0,0,0,0,0,0,0,0,0,0,2,0,0,2,2,0,0,0,0,0,0,0,0,,,0,0,0,0,0,0,0,0,0,0,0,0,,,,0,0,0,0,0,0,0,,0,0,0,0,,0,0,,0,0,0,0,0,0,0,0,0,0,144.4,242.4
00-0033923,K.Hunt,Kareem Hunt,RB,RB,"https://static.www.nfl.com/image/upload/f_auto,q_auto/league/hktvzf8hiupoycyg1kmc",2021,REG,CLE,8,0,0,0,0,0,0,0,0,0,0,0,0,,,0,,0,0,0,0,78,386,5,0,0,22,6.58926916101342,1,12,9,2,0,22,27,174,0,0,0,4,174,10,2.82763690323597,0,6,4,1,0,43.5,0.0541082164328657,0.000931966449207829,0.0818147011637441,0,0,0,0,0,0,0,0,0,0,0,0,0,0,0,0,0,0,0,0,0,0,0,0,0,0,0,0,0,0,0,0,0,0,0,0,0,,,0,0,0,0,0,0,0,0,0,0,0,0,,,,0,0,0,0,0,0,0,,0,0,0,0,,0,0,,0,0,0,0,0,0,0,0,0,0,88,110
00-0033925,D.Foreman,D'Onta Foreman,RB,RB,"https://static.www.nfl.com/image/upload/f_auto,q_auto/league/shlxaet74pmn8arznphw",2021,REG,TEN,9,0,0,0,0,0,0,0,0,0,0,0,0,,,0,,0,0,0,0,133,566,3,2,1,22,-13.7650649436691,0,11,10,4,0,9,11,123,0,0,0,-1,124,6,8.97970634154626,0,5,2,1,0,-123,0.0210727969348659,-0.000249687890137328,0.0314344138792027,0,0,0,0,0,0,0,0,0,0,0,0,0,0,0,0,0,1,0,0,0,0,0,0,1,1,0,2,1,0,0,0,0,0,0,0,0,,,0,0,0,0,0,0,0,0,0,0,0,0,,,,0,0,0,0,0,0,0,,0,0,0,0,,0,0,,0,0,0,0,0,0,0,0,0,0,84.9,93.9
00-0033926,S.Griffin,Shaquill Griffin,CB,DB,"https://static.www.nfl.com/image/upload/f_auto,q_auto/league/jybewrw2vsf17rxds4tv",2021,REG,JAX,14,0,0,0,0,0,0,0,0,0,0,0,0,,,0,,0,0,0,0,0,0,0,0,0,0,,0,0,0,0,0,0,0,0,0,0,0,0,0,0,,0,0,0,0,0,,0,0,0,0,35,1,13,0,0,1,0,0,2,0,0,7,0,0,0,0,0,0,0,0,0,3,32,0,0,0,0,0,0,0,0,0,0,0,0,0,,,0,0,0,0,0,0,0,0,0,0,0,0,,,,0,0,0,0,0,0,0,,0,0,0,0,,0,0,,0,0,0,0,0,0,0,0,0,0,0,0
00-0033927,J.Johnson,John Johnson,DB,DB,"https://static.www.nfl.com/image/private/f_auto,q_auto/league/herqvjadd4i3jbhwszqt",2021,REG,CLE,15,0,0,0,0,0,0,0,0,0,0,0,0,,,0,,0,0,0,0,0,0,0,0,0,0,,0,0,0,0,0,0,0,0,0,0,0,0,0,0,,0,0,0,0,0,,0,0,0,0,32,5,24,1,1,1,0.5,0,2,3,31,5,0,0,0,0,0,0,0,0,0,1,48,0,0,0,0,0,0,0,0,0,0,0,0,0,,,0,0,0,0,0,0,0,0,0,0,0,0,,,,0,0,0,0,0,0,0,,0,0,0,0,,0,0,,0,0,0,0,0,0,0,0,0,0,0,0
00-0033928,J.Lewis,Jourdan Lewis,CB,DB,"https://static.www.nfl.com/image/upload/f_auto,q_auto/league/tba0nqjehzlrgwtvlvvf",2021,REG,DAL,16,0,0,0,0,0,0,0,0,0,0,0,0,,,0,,0,0,0,0,0,0,0,0,0,0,,0,0,0,0,0,0,0,0,0,0,0,0,0,0,,0,0,0,0,0,,0,0,0,0,45,2,14,1,3,1,1.5,4.5,3,3,88,11,0,0,0,0,0,0,2,10,0,1,5,0,0,0,0,0,0,0,0,0,0,0,0,0,,,0,0,0,0,0,0,0,0,0,0,0,0,,,,0,0,0,0,0,0,0,,0,0,0,0,,0,0,,0,0,0,0,0,0,0,0,0,0,0,0
00-0033929,M.Adams,Montravius Adams,DT,DL,"https://static.www.nfl.com/image/upload/f_auto,q_auto/league/weqjlnkvdzbk0usa3v7i",2021,REG,PIT,8,0,0,0,0,0,0,0,0,0,0,0,0,,,0,,0,0,0,0,0,0,0,0,0,0,,0,0,0,0,0,0,0,0,0,0,0,0,0,0,,0,0,0,0,0,,0,0,0,0,7,0,8,2,5,0,0,0,3,0,0,2,0,0,0,0,0,0,0,0,0,2,10,0,0,0,0,0,0,0,0,0,0,0,0,0,,,0,0,0,0,0,0,0,0,0,0,0,0,,,,0,0,0,0,0,0,0,,0,0,0,0,,0,0,,0,0,0,0,0,0,0,0,0,0,0,0
00-0033930,C.Sutton,Cameron Sutton,CB,DB,"https://static.www.nfl.com/image/upload/f_auto,q_auto/league/rykly25j9mir0ygcnrs6",2021,REG,PIT,14,0,0,0,0,0,0,0,0,0,0,0,0,,,0,,0,0,0,0,0,0,0,0,0,0,,0,0,0,0,0,0,0,0,0,0,0,0,0,0,,0,0,0,0,0,,0,0,0,0,43,1,8,4,13,1,0,0,0,2,4,6,0,0,0,0,0,0,0,0,0,4,24,0,0,0,0,0,2,3,0,0,0,0,0,0,,,0,0,0,0,0,0,0,0,0,0,0,0,,,,0,0,0,0,0,0,0,,0,0,0,0,,0,0,,0,0,0,0,0,0,0,0,0,0,0,0
00-0033932,K.Golladay,Kenny Golladay,WR,WR,"https://static.www.nfl.com/image/private/f_auto,q_auto/league/vck7awhkwwhui3ndgts3",2021,REG,NYG,14,0,0,0,0,0,0,0,0,0,0,0,0,,,0,,0,0,0,0,0,0,0,0,0,0,,0,0,0,0,0,37,76,521,0,0,0,1050,119,27,-3.44906463296559,0,28,15,5,0,0.496190476190476,0.134751773049645,0.240660096264039,0.370589726959295,0,2,0,0,0,0,0,0,0,0,0,0,0,0,0,0,0,0,0,0,0,0,1,10,0,0,0,0,0,0,0,0,0,0,0,0,0,,,0,0,0,0,0,0,0,0,0,0,0,0,,,,0,0,0,0,0,0,0,,0,0,0,0,,0,0,,0,0,0,0,0,0,0,0,0,0,52.1,89.1
00-0033935,T.Hendrickson,Trey Hendrickson,DE,DL,"https://static.www.nfl.com/image/upload/f_auto,q_auto/league/gfdlbzmukca60bgo3lr7",2021,REG,CIN,16,0,0,0,0,0,0,0,0,0,0,0,0,,,0,,0,0,0,0,0,0,0,0,0,0,,0,0,0,0,0,0,0,0,0,0,0,0,0,0,,0,0,0,0,0,,0,0,0,0,21,0,13,12,69,3,14,96.5,27,0,0,0,0,0,0,0,0,0,0,0,0,4,30,0,0,0,0,0,0,0,0,0,0,0,0,0,,,0,0,0,0,0,0,0,0,0,0,0,0,,,,0,0,0,0,0,0,0,,0,0,0,0,,0,0,,0,0,0,0,0,0,0,0,0,0,0,0
00-0033936,C.Beathard,C.J. Beathard,QB,QB,"https://static.www.nfl.com/image/private/f_auto,q_auto/league/yw8euaevcvwswbx5w27w",2021,REG,JAX,2,2,2,33,0,0,0,0,0,0,27,6,1,1.82905436865985,39.2721608281136,0,1.22222222222222,1,1,1,0,1,2,0,0,0,0,-0.550411908421665,0,0,0,0,0,0,0,0,0,0,0,0,0,0,,0,0,0,0,0,,0,0,0,0,0,0,0,0,0,0,0,0,0,0,0,0,0,0,0,0,0,0,0,0,0,0,0,0,0,0,0,0,0,0,0,0,0,0,0,0,,,0,0,0,0,0,0,0,0,0,0,0,0,,,,0,0,0,0,0,0,0,,0,0,0,0,,0,0,,0,0,0,0,0,0,0,0,0,0,1.52,1.52
00-0033939,V.Biegel,Vince Biegel,LB,LB,"https://static.www.nfl.com/image/private/f_auto,q_auto/league/ms19ovndkfvblppicrvg",2021,REG,MIA,2,0,0,0,0,0,0,0,0,0,0,0,0,,,0,,0,0,0,0,0,0,0,0,0,0,,0,0,0,0,0,0,0,0,0,0,0,0,0,0,,0,0,0,0,0,,0,0,0,0,1,0,1,0,0,0,0,0,0,0,0,0,0,0,0,0,0,0,0,0,0,0,0,0,0,0,0,0,0,0,0,0,0,0,0,0,,,0,0,0,0,0,0,0,0,0,0,0,0,,,,0,0,0,0,0,0,0,,0,0,0,0,,0,0,,0,0,0,0,0,0,0,0,0,0,0,0
00-0033940,J.Johnson,Jaleel Johnson,DT,DL,"https://static.www.nfl.com/image/private/f_auto,q_auto/league/vyyem0liv7khzftzcihu",2021,REG,HOU,10,0,0,0,0,0,0,0,0,0,0,0,0,,,0,,0,0,0,0,0,0,0,0,0,0,,0,0,0,0,0,0,0,0,0,0,0,0,0,0,,0,0,0,0,0,,0,0,0,0,9,2,12,2,3,0,0,0,1,0,0,0,0,0,0,0,0,0,1,0,0,1,15,0,0,0,0,0,0,0,0,0,0,0,0,0,,,0,0,0,0,0,0,0,0,0,0,0,0,,,,0,0,0,0,0,0,0,,0,0,0,0,,0,0,,0,0,0,0,0,0,0,0,0,0,0,0
00-0033941,R.Jenkins,Rayshawn Jenkins,SAF,DB,"https://static.www.nfl.com/image/upload/f_auto,q_auto/league/e3tppqrhd6bpipfn2k4z",2021,REG,JAX,13,0,0,0,0,0,0,0,0,0,0,0,0,,,0,,0,0,0,0,0,0,0,0,0,0,,0,0,0,0,0,0,0,0,0,0,0,0,0,0,,0,0,0,0,0,,0,0,0,0,50,6,17,0,0,0,0,0,1,0,0,3,0,0,0,0,0,0,0,0,0,6,83,0,0,0,0,0,0,0,0,0,0,0,0,0,,,0,0,0,0,0,0,0,0,0,0,0,0,,,,0,0,0,0,0,0,0,,0,0,0,0,,0,0,,0,0,0,0,0,0,0,0,0,0,0,0
00-0033943,J.Reynolds,Josh Reynolds,WR,WR,"https://static.www.nfl.com/image/upload/f_auto,q_auto/league/lf1fjsagcsvxmktl0bbn",2021,REG,DET,11,0,0,0,0,0,0,0,0,0,0,0,0,,,0,,0,0,0,0,0,0,0,0,0,0,,0,0,0,0,0,29,49,396,2,0,0,668,119,21,18.8842784421475,0,19,8,6,0,0.592814371257485,0.0938697318007663,0.166791510611735,0.257558655129364,0,2,0,0,0,0,0,0,0,0,0,0,0,0,0,0,0,0,0,0,0,0,2,15,0,0,0,0,0,0,0,0,0,0,0,0,0,,,0,0,0,0,0,0,0,0,0,0,0,0,,,,0,0,0,0,0,0,0,,0,0,0,0,,0,0,,0,0,0,0,0,0,0,0,0,0,51.6,80.6
00-0033945,S.Ebukam,Samson Ebukam,DE,DL,"https://static.www.nfl.com/image/upload/f_auto,q_auto/league/hw0ako11hlkm45wl7cfb",2021,REG,SF,15,0,0,0,0,0,0,0,0,0,0,0,0,,,0,,0,0,0,0,0,0,0,0,0,0,,0,0,0,0,0,0,0,0,0,0,0,0,0,0,,0,0,0,0,0,,0,0,0,0,20,1,17,5,32,1,4.5,41.5,11,0,0,1,0,0,0,0,0,0,0,0,0,1,15,0,0,0,0,0,0,0,0,0,0,0,0,0,,,0,0,0,0,0,0,0,0,0,0,0,0,,,,0,0,0,0,0,0,0,,0,0,0,0,,0,0,,0,0,0,0,0,0,0,0,0,0,0,0
00-0033947,D.Wise,Deatrich Wise,DE,DL,"https://static.www.nfl.com/image/upload/f_auto,q_auto/league/kmshfa3dfehklgdh1lrk",2021,REG,NE,16,0,0,0,0,0,0,0,0,0,0,0,0,,,0,,0,0,0,0,0,0,0,0,0,0,,0,0,0,0,0,0,0,0,0,0,0,0,0,0,,0,0,0,0,0,,0,0,0,0,21,7,13,4,13,1,3,22.5,9,0,0,4,0,0,0,0,0,0,0,0,0,4,46,0,0,0,0,0,0,0,0,0,0,0,0,0,,,0,0,0,0,0,0,0,0,0,0,0,0,,,,0,0,0,0,0,0,0,,0,0,0,0,,0,0,,0,0,0,0,0,0,0,0,0,0,0,0
00-0033948,J.Williams,Jamaal Williams,RB,RB,"https://static.www.nfl.com/image/upload/f_auto,q_auto/league/yxrxpgcwq5qwp88vqnp3",2021,REG,DET,13,0,0,0,0,0,0,0,0,0,0,0,0,,,0,,0,0,0,0,153,601,3,1,0,42,-3.09682969089273,0,13,8,1,0,26,28,157,0,0,0,10,156,6,1.58487041783519,0,4,0,0,0,15.7,0.0495575221238938,0.00264340470526038,0.076186666479523,0,0,0,0,0,0,0,0,0,0,0,0,0,0,0,0,0,0,0,0,0,0,1,5,1,0,0,1,0,0,0,0,0,0,0,0,0,,,0,0,0,0,0,0,0,0,0,0,0,0,,,,0,0,0,0,0,0,0,,0,0,0,0,,0,0,,0,0,0,0,0,0,0,0,0,0,93.8,119.8
00-0033950,W.Gallman,Wayne Gallman,RB,RB,"https://static.www.nfl.com/image/private/f_auto,q_auto/league/zrc9lbsy94hxanrf5voo",2021,REG,MIN,7,0,0,0,0,0,0,0,0,0,0,0,0,,,0,,0,0,0,0,28,104,0,0,0,5,-4.62198697216809,0,5,3,0,0,1,3,21,0,0,0,5,20,1,0.8003405330237,0,1,1,1,0,4.2,0.00541516245487365,0.00120685493603669,0.00896754213753615,0,0,0,0,0,0,0,0,0,0,0,0,0,0,0,0,0,0,0,0,0,0,0,0,0,0,0,0,0,0,0,1,7,0,0,0,0,,,0,0,0,0,0,0,0,0,0,0,0,0,,,,0,0,0,0,0,0,0,,0,0,0,0,,0,0,,0,0,0,0,0,0,0,0,0,0,12.5,13.5
00-0033951,M.Mack,Marlon Mack,RB,RB,"https://static.www.nfl.com/image/private/f_auto,q_auto/league/d3sdoo1yiey5oiyblulk",2021,REG,IND,5,0,0,0,0,0,0,0,0,0,0,0,0,,,0,,0,0,0,0,28,101,0,0,0,6,-5.85289804526838,0,4,3,1,0,2,5,8,0,0,0,16,4,0,-2.1475536422804,0,0,0,0,0,0.5,0.0099601593625498,0.004,0.0177402390438247,0,0,0,0,0,0,0,0,0,0,0,0,0,0,0,0,0,0,0,0,0,0,0,0,0,0,0,0,0,0,0,0,0,0,0,0,0,,,0,0,0,0,0,0,0,0,0,0,0,0,,,,0,0,0,0,0,0,0,,0,0,0,0,,0,0,,0,0,0,0,0,0,0,0,0,0,10.9,12.9
00-0033952,G.Stewart,Grover Stewart,DT,DL,"https://static.www.nfl.com/image/upload/f_auto,q_auto/league/n9e0hbrrdvjloopiu51z",2021,REG,IND,17,0,0,0,0,0,0,0,0,0,0,0,0,,,0,,0,0,0,0,0,0,0,0,0,0,,0,0,0,0,0,0,0,0,0,0,0,0,0,0,,0,0,0,0,0,,0,0,0,0,15,8,23,2,5,1,1,17,5,0,0,2,0,0,0,0,0,0,0,0,0,2,10,0,0,0,0,0,0,0,0,0,0,0,0,0,,,0,0,0,0,0,0,0,0,0,0,0,0,,,,0,0,0,0,0,0,0,,0,0,0,0,,0,0,,0,0,0,0,0,0,0,0,0,0,0,0
00-0033954,J.Brown,Jayon Brown,ILB,LB,"https://static.www.nfl.com/image/private/f_auto,q_auto/league/dwpeyjcsc4gclpbl1abb",2021,REG,TEN,9,0,0,0,0,0,0,0,0,0,0,0,0,,,0,,0,0,0,0,0,0,0,0,0,0,,0,0,0,0,0,0,0,0,0,0,0,0,0,0,,0,0,0,0,0,,0,0,0,0,32,3,20,0,0,0,0,0,0,1,2,2,0,0,0,0,0,0,0,0,0,1,5,0,0,0,0,0,0,0,0,0,0,0,0,0,,,0,0,0,0,0,0,0,0,0,0,0,0,,,,0,0,0,0,0,0,0,,0,0,0,0,,0,0,,0,0,0,0,0,0,0,0,0,0,0,0
00-0033955,J.McNichols,Jeremy McNichols,RB,RB,"https://static.www.nfl.com/image/upload/f_auto,q_auto/league/kegqjj5pv7xidm0xwtpy",2021,REG,TEN,13,0,0,0,0,0,0,0,0,0,0,0,0,,,0,,0,0,0,0,41,156,0,0,0,6,-8.74755456560437,0,5,3,0,0,28,38,240,1,0,0,-2,255,11,6.06112316004935,0,11,3,3,0,-120,0.0727969348659004,-0.000499375780274657,0.108845839252658,0,0,0,0,0,0,0,0,0,0,0,0,0,0,0,0,0,0,0,0,0,0,0,0,0,0,0,0,0,0,0,2,31,0,0,0,0,,,0,0,0,0,0,0,0,0,0,0,0,0,,,,0,0,0,0,0,0,0,,0,0,0,0,,0,0,,0,0,0,0,0,0,0,0,0,0,45.6,73.6
00-0033956,M.Lee,Marquel Lee,MLB,LB,"https://static.www.nfl.com/image/private/f_auto,q_auto/league/izarrztjkcbs6vxulopo",2021,REG,LV,5,0,0,0,0,0,0,0,0,0,0,0,0,,,0,,0,0,0,0,0,0,0,0,0,0,,0,0,0,0,0,0,0,0,0,0,0,0,0,0,,0,0,0,0,0,,0,0,0,0,5,1,5,0,0,0,0,0,0,0,0,0,0,0,0,0,0,0,0,0,0,0,0,0,0,0,0,0,0,0,0,0,0,0,0,0,,,0,0,0,0,0,0,0,0,0,0,0,0,,,,0,0,0,0,0,0,0,,0,0,0,0,,0,0,,0,0,0,0,0,0,0,0,0,0,0,0
00-0033957,R.Adams,Rodney Adams,WR,WR,"https://static.www.nfl.com/image/private/f_auto,q_auto/league/ae8lsm9ahaczhqfz1pvo",2021,REG,CHI,1,0,0,0,0,0,0,0,0,0,0,0,0,,,0,,0,0,0,0,0,0,0,0,0,0,,0,0,0,0,0,0,1,0,0,0,0,15,0,0,-0.815943880006671,0,0,0,0,0,0,0.00190839694656489,0.00333704115684093,0.00519852422963598,0,0,0,0,0,0,0,0,0,0,0,0,0,0,0,0,0,0,0,0,0,0,0,0,0,0,0,0,0,0,0,0,0,0,0,0,0,,,0,0,0,0,0,0,0,0,0,0,0,0,,,,0,0,0,0,0,0,0,,0,0,0,0,,0,0,,0,0,0,0,0,0,0,0,0,0,0,0
00-0033958,N.Peterman,Nathan Peterman,QB,QB,"https://static.www.nfl.com/image/private/f_auto,q_auto/league/owifll49p0mmsjgf7rhn",2021,REG,LV,1,0,0,0,0,0,0,0,0,0,0,0,0,,,0,,0,0,0,0,2,2,0,0,0,1,0.753480112063699,0,0,0,0,0,0,0,0,0,0,0,0,0,0,,0,0,0,0,0,,0,0,0,0,0,0,0,0,0,0,0,0,0,0,0,0,0,0,0,0,0,0,0,0,0,0,0,0,0,0,0,0,0,0,0,0,0,0,0,0,,,0,0,0,0,0,0,0,0,0,0,0,0,,,,0,0,0,0,0,0,0,,0,0,0,0,,0,0,,0,0,0,0,0,0,0,0,0,0,0.2,0.2
00-0033964,A.Muhammad,Al-Quadin Muhammad,LB,LB,"https://static.www.nfl.com/image/upload/f_auto,q_auto/league/lmpiwh2pphphimm6bnxq",2021,REG,IND,17,0,0,0,0,0,0,0,0,0,0,0,0,,,0,,0,0,0,0,0,0,0,0,0,0,,0,0,0,0,0,0,0,0,0,0,0,0,0,0,,0,0,0,0,0,,0,0,0,0,25,7,16,7,43,1,6,51,13,0,0,0,0,0,0,0,0,0,0,0,0,1,8,0,0,0,0,0,0,0,0,0,0,0,0,0,,,0,0,0,0,0,0,0,0,0,0,0,0,,,,0,0,0,0,0,0,0,,0,0,0,0,,0,0,,0,0,0,0,0,0,0,0,0,0,0,0
00-0033969,I.Odenigbo,Ifeadi Odenigbo,DE,DL,"https://static.www.nfl.com/image/private/f_auto,q_auto/league/x9lbcp0y9zchvstyy6of",2021,REG,CLE,7,0,0,0,0,0,0,0,0,0,0,0,0,,,0,,0,0,0,0,0,0,0,0,0,0,,0,0,0,0,0,0,0,0,0,0,0,0,0,0,,0,0,0,0,0,,0,0,0,0,3,4,6,0,0,0,0,0,3,0,0,0,0,0,0,0,0,0,1,0,0,1,5,0,0,0,0,0,0,0,0,0,0,0,0,0,,,0,0,0,0,0,0,0,0,0,0,0,0,,,,0,0,0,0,0,0,0,,0,0,0,0,,0,0,,0,0,0,0,0,0,0,0,0,0,0,0
00-0033973,E.Lee,Elijah Lee,OLB,LB,"https://static.www.nfl.com/image/private/f_auto,q_auto/league/yuxsldcqxo8ul8q5zzp6",2021,REG,CLE,9,0,0,0,0,0,0,0,0,0,0,0,0,,,0,,0,0,0,0,0,0,0,0,0,0,,0,0,0,0,0,0,0,0,0,0,0,0,0,0,,0,0,0,0,0,,0,0,0,0,8,3,4,0,0,0,0,0,0,0,0,0,0,0,0,0,0,0,0,0,0,1,10,0,0,0,0,0,0,0,0,0,0,0,0,0,,,0,0,0,0,0,0,0,0,0,0,0,0,,,,0,0,0,0,0,0,0,,0,0,0,0,,0,0,,0,0,0,0,0,0,0,0,0,0,0,0
00-0033995,M.Dunn,Michael Dunn,OT,OL,"https://static.www.nfl.com/image/private/f_auto,q_auto/league/nmsgidbinhl6jroszwws",2021,REG,CLE,1,0,0,0,0,0,0,0,0,0,0,0,0,,,0,,0,0,0,0,0,0,0,0,0,0,,0,0,0,0,0,0,0,0,0,0,0,0,0,0,,0,0,0,0,0,,0,0,0,0,0,0,0,0,0,0,0,0,0,0,0,0,0,0,0,0,0,0,0,0,0,1,5,0,0,0,0,0,0,0,0,0,0,0,0,0,,,0,0,0,0,0,0,0,0,0,0,0,0,,,,0,0,0,0,0,0,0,,0,0,0,0,,0,0,,0,0,0,0,0,0,0,0,0,0,0,0
00-0034011,D.Arnold,Dan Arnold,TE,TE,"https://static.www.nfl.com/image/private/f_auto,q_auto/league/txr5zwgfdbtwzsre8trk",2021,REG,JAX,11,0,0,0,0,0,0,0,0,0,0,0,0,,,0,,0,0,0,0,0,0,0,0,0,0,,0,0,0,0,0,35,52,408,0,1,1,340,188,20,4.5934379209806,1,20,10,2,0,1.2,0.0904347826086957,0.076975322617161,0.189534899745056,0,0,0,0,0,0,0,0,0,0,0,0,0,0,0,0,0,0,0,0,0,0,2,10,1,0,0,1,1,0,0,1,13,0,0,0,0,,,0,0,0,0,0,0,0,0,0,0,0,0,,,,0,0,0,0,0,0,0,,0,0,0,0,,0,0,,0,0,0,0,0,0,0,0,0,0,40.8,75.8
00-0034019,M.McDowell,Malik McDowell,DT,DL,"https://static.www.nfl.com/image/private/f_auto,q_auto/league/uvomgvvyznh7vtvow3es",2021,REG,CLE,15,0,0,0,0,0,0,0,0,0,0,0,0,,,0,,0,0,0,0,0,0,0,0,0,0,,0,0,0,0,0,0,0,0,0,0,0,0,0,0,,0,0,0,0,0,,0,0,0,0,15,4,14,6,27,0,3,22,5,0,0,1,0,0,0,0,0,0,1,0,0,9,75,0,0,0,0,0,0,0,0,0,0,0,0,0,,,0,0,0,0,0,0,0,0,0,0,0,0,,,,0,0,0,0,0,0,0,,0,0,0,0,,0,0,,0,0,0,0,0,0,0,0,0,0,0,0
00-0034051,C.Kuntz,Christian Kuntz,LS,SPEC,"https://static.www.nfl.com/image/upload/f_auto,q_auto/league/htpzfa51x3erujnkvmre",2021,REG,PIT,2,0,0,0,0,0,0,0,0,0,0,0,0,,,0,,0,0,0,0,0,0,0,0,0,0,,0,0,0,0,0,0,0,0,0,0,0,0,0,0,,0,0,0,0,0,,0,0,0,0,2,0,0,0,0,0,0,0,0,0,0,0,0,0,0,0,0,0,0,0,0,0,0,0,0,0,0,0,0,0,0,0,0,0,0,0,,,0,0,0,0,0,0,0,0,0,0,0,0,,,,0,0,0,0,0,0,0,,0,0,0,0,,0,0,,0,0,0,0,0,0,0,0,0,0,0,0
00-0034052,B.Zylstra,Brandon Zylstra,WR,WR,"https://static.www.nfl.com/image/private/f_auto,q_auto/league/arx0mz7gc5dm0wfc5kfx",2021,REG,CAR,12,0,1,0,0,0,0,0,0,0,13,0,0,-1.31671274715336,-54.6640276908875,0,0,0,0,0,0,0,0,0,0,0,0,,0,0,0,0,0,18,25,250,1,0,0,262,118,10,9.14030619052937,0,9,5,4,1,0.954198473282443,0.0434782608695652,0.0593162780167535,0.106738785916075,0,4,0,3,0,0,0,0,0,0,0,0,0,0,0,0,0,0,0,0,0,0,1,10,0,0,0,0,0,0,0,0,0,0,0,0,0,,,0,0,0,0,0,0,0,0,0,0,0,0,,,,0,0,0,0,0,0,0,,0,0,0,0,,0,0,,0,0,0,0,0,0,0,0,0,0,31,49
00-0034054,R.Cracraft,River Cracraft,WR,WR,"https://static.www.nfl.com/image/upload/f_auto,q_auto/league/y8t968ntco72t8f8ryba",2021,REG,SF,3,0,0,0,0,0,0,0,0,0,0,0,0,,,0,,0,0,0,0,0,0,0,0,0,0,,0,0,0,0,0,0,0,0,0,0,0,0,0,0,,0,0,0,0,0,,0,0,0,0,2,0,1,0,0,0,0,0,0,0,0,0,0,0,0,0,0,0,1,0,0,0,0,0,0,0,0,0,0,0,0,0,0,0,0,0,,,0,0,0,0,0,0,0,0,0,0,0,0,,,,0,0,0,0,0,0,0,,0,0,0,0,,0,0,,0,0,0,0,0,0,0,0,0,0,0,0
00-0034067,S.Daly,Scott Daly,LS,SPEC,"https://static.www.nfl.com/image/upload/f_auto,q_auto/league/u8klt4zjxkahyhbkwvqp",2021,REG,DET,2,0,0,0,0,0,0,0,0,0,0,0,0,,,0,,0,0,0,0,0,0,0,0,0,0,,0,0,0,0,0,0,0,0,0,0,0,0,0,0,,0,0,0,0,0,,0,0,0,0,0,0,1,0,0,0,0,0,0,0,0,0,0,0,0,0,0,0,0,0,0,1,5,0,0,0,0,0,0,0,0,0,0,0,0,0,,,0,0,0,0,0,0,0,0,0,0,0,0,,,,0,0,0,0,0,0,0,,0,0,0,0,,0,0,,0,0,0,0,0,0,0,0,0,0,0,0
00-0034071,D.Johnson,Danny Johnson,DB,DB,"https://static.www.nfl.com/image/private/f_auto,q_auto/league/guxlravaisglnr0pk5yb",2021,REG,WAS,10,0,0,0,0,0,0,0,0,0,0,0,0,,,0,,0,0,0,0,0,0,0,0,0,0,,0,0,0,0,0,0,0,0,0,0,0,0,0,0,,0,0,0,0,0,,0,0,0,0,15,0,6,0,0,1,0,0,0,0,0,2,0,0,0,0,0,0,0,0,0,0,0,0,0,0,0,0,0,0,0,0,0,0,0,0,,,0,0,0,0,0,0,0,0,0,0,0,0,,,,0,0,0,0,0,0,0,,0,0,0,0,,0,0,,0,0,0,0,0,0,0,0,0,0,0,0
00-0034073,R.Dwelley,Ross Dwelley,TE,TE,"https://static.www.nfl.com/image/upload/f_auto,q_auto/league/wf9ynmqonmnaosslkwdl",2021,REG,SF,4,0,0,0,0,0,0,0,0,0,0,0,0,,,0,,0,0,0,0,0,0,0,0,0,0,,0,0,0,0,0,4,5,51,1,0,0,59,5,2,1.56331590487389,0,3,1,1,0,0.864406779661017,0.0100603621730382,0.014738945790657,0.0254078053130173,0,1,0,0,0,0,0,0,0,0,0,0,0,0,0,0,0,0,0,0,0,0,3,29,0,0,0,0,0,0,0,0,0,0,0,0,0,,,0,0,0,0,0,0,0,0,0,0,0,0,,,,0,0,0,0,0,0,0,,0,0,0,0,,0,0,,0,0,0,0,0,0,0,0,0,0,11.1,15.1
00-0034084,M.Badgley,Mike Badgley,K,SPEC,"https://static.www.nfl.com/image/upload/f_auto,q_auto/league/vws2nawkkxxb8s82ny1s",2021,REG,IND,13,0,0,0,0,0,0,0,0,0,0,0,0,,,0,,0,0,0,0,0,0,0,0,0,0,,0,0,0,0,0,0,0,0,0,0,0,0,0,0,,0,0,0,0,0,,0,0,0,0,0,0,0,0,0,0,0,0,0,0,0,0,0,0,0,0,0,0,0,0,0,0,0,0,0,0,0,0,0,0,0,0,18,22,4,0,46,0.818181818181818,0,4,6,8,0,0,0,0,1,2,1,0,41;42;34;39;24;29;37;36;35;45;23;25;41;41;37;46;41;41,46;35;49;53,,657,183,0,40,41,1,0,0.975609756097561,0,0,0,0,,0,0,,0,0,0,0,0,0,0,0,0,0,0,0
00-0034088,R.Jackson,Robert Jackson,DB,DB,"https://static.www.nfl.com/image/private/f_auto,q_auto/league/lfbugd9vsefhhfafjmed",2021,REG,BAL,4,0,0,0,0,0,0,0,0,0,0,0,0,,,0,,0,0,0,0,0,0,0,0,0,0,,0,0,0,0,0,0,0,0,0,0,0,0,0,0,,0,0,0,0,0,,0,0,0,0,1,0,2,0,0,0,0,0,0,0,0,0,0,0,0,0,0,0,0,0,0,2,15,0,0,0,0,0,0,0,0,0,0,0,0,0,,,0,0,0,0,0,0,0,0,0,0,0,0,,,,0,0,0,0,0,0,0,,0,0,0,0,,0,0,,0,0,0,0,0,0,0,0,0,0,0,0
00-0034091,G.Odum,George Odum,DB,DB,"https://static.www.nfl.com/image/upload/f_auto,q_auto/league/watelqvhccitomv8ntny",2021,REG,IND,13,0,0,0,0,0,0,0,0,0,0,0,0,,,0,,0,0,0,0,0,0,0,0,0,0,,0,0,0,0,0,0,0,0,0,0,0,0,0,0,,0,0,0,0,0,,0,0,0,0,39,6,10,0,0,1,0,0,1,1,21,2,0,0,0,0,0,0,1,0,0,1,15,0,0,0,0,0,0,0,0,0,0,0,0,0,,,0,0,0,0,0,0,0,0,0,0,0,0,,,,0,0,0,0,0,0,0,,0,0,0,0,,0,0,,0,0,0,0,0,0,0,0,0,0,0,0
00-0034096,E.Moseley,Emmanuel Moseley,DB,DB,"https://static.www.nfl.com/image/private/f_auto,q_auto/league/a3g1pxm6o6jgfb195kwx",2021,REG,SF,11,0,0,0,0,0,0,0,0,0,0,0,0,,,0,,0,0,0,0,0,0,0,0,0,0,,0,0,0,0,0,0,0,0,0,0,0,0,0,0,,0,0,0,0,0,,0,0,0,0,31,2,9,2,5,0,0,0,0,1,0,11,0,0,0,0,0,0,1,0,0,3,58,0,0,0,0,0,0,0,0,0,0,0,0,0,,,0,0,0,0,0,0,0,0,0,0,0,0,,,,0,0,0,0,0,0,0,,0,0,0,0,,0,0,,0,0,0,0,0,0,0,0,0,0,0,0
00-0034104,C.Sims,Cam Sims,WR,WR,"https://static.www.nfl.com/image/private/f_auto,q_auto/league/rskkpergva4snsvgathy",2021,REG,WAS,12,0,0,0,0,0,0,0,0,0,0,0,0,,,0,,0,0,0,0,1,7,0,0,0,0,0.403462203859817,0,0,0,0,0,15,23,211,2,0,0,267,42,11,8.95143654555694,0,10,6,2,1,0.790262172284644,0.0430711610486891,0.0648058252427184,0.109970819242937,0,4,0,2,0,0,0,0,0,0,0,0,0,0,0,0,0,0,0,0,0,0,0,0,0,0,0,0,0,0,0,0,0,0,0,0,0,,,0,0,0,0,0,0,0,0,0,0,0,0,,,,0,0,0,0,0,0,0,,0,0,0,0,,0,0,,0,0,0,0,0,0,0,0,0,0,33.8,48.8
00-0034109,P.Lindsay,Phillip Lindsay,RB,RB,"https://static.www.nfl.com/image/private/f_auto,q_auto/league/soywd4cnq19pigrwabb5",2021,REG,MIA,14,0,0,0,0,0,0,0,0,0,0,0,0,,,0,,0,0,0,0,88,249,1,0,0,11,-22.9722452107235,0,2,1,1,0,4,5,45,1,0,0,-11,53,1,3.94910378422355,0,1,1,1,0,-4.09090909090909,0.00956022944550669,-0.00275206404803603,0.0124138993346348,0,0,0,0,0,0,0,0,0,0,0,0,0,0,0,0,0,0,0,0,0,0,1,8,0,0,0,0,0,0,0,4,72,0,0,0,0,,,0,0,0,0,0,0,0,0,0,0,0,0,,,,0,0,0,0,0,0,0,,0,0,0,0,,0,0,,0,0,0,0,0,0,0,0,0,0,41.4,45.4
00-0034111,T.Marshall,Trey Marshall,DB,DB,"https://static.www.nfl.com/image/private/f_auto,q_auto/league/iq4tovps5aoyvmcuxvju",2021,REG,LAC,8,0,0,0,0,0,0,0,0,0,0,0,0,,,0,,0,0,0,0,0,0,0,0,0,0,,0,0,0,0,0,0,0,0,0,0,0,0,0,0,,0,0,0,0,0,,0,0,0,0,5,1,13,0,0,0,0,0,0,0,0,0,0,0,0,0,0,0,0,0,0,1,6,0,0,0,0,0,0,0,0,0,0,0,0,0,,,0,0,0,0,0,0,0,0,0,0,0,0,,,,0,0,0,0,0,0,0,,0,0,0,0,,0,0,,0,0,0,0,0,0,0,0,0,0,0,0
00-0034112,A.Schlottmann,Austin Schlottmann,C,OL,"https://static.www.nfl.com/image/upload/f_auto,q_auto/league/oyncfcyyfflsqesj6xei",2021,REG,DEN,1,0,0,0,0,0,0,0,0,0,0,0,0,,,0,,0,0,0,0,0,0,0,0,0,0,,0,0,0,0,0,0,0,0,0,0,0,0,0,0,,0,0,0,0,0,,0,0,0,0,0,0,0,0,0,0,0,0,0,0,0,0,0,0,0,0,0,0,0,0,0,1,4,0,0,0,0,0,0,0,0,0,0,0,0,0,,,0,0,0,0,0,0,0,0,0,0,0,0,,,,0,0,0,0,0,0,0,,0,0,0,0,,0,0,,0,0,0,0,0,0,0,0,0,0,0,0
00-0034115,J.Wilson,Jeff Wilson,RB,RB,"https://static.www.nfl.com/image/private/f_auto,q_auto/league/zorqrtlrizlltgd6pnob",2021,REG,SF,8,0,0,0,0,0,0,0,0,0,0,0,0,,,0,,0,0,0,0,79,294,2,1,0,19,-10.1401526746798,0,6,5,0,0,7,8,31,0,0,0,-10,43,1,-1.18842720182147,0,1,0,0,0,-3.1,0.0160965794768612,-0.0024981264051961,0.0223961807316545,0,1,0,0,0,0,0,0,0,0,0,0,0,0,0,0,0,1,0,0,0,0,2,13,1,0,0,1,0,0,0,0,0,0,0,0,0,,,0,0,0,0,0,0,0,0,0,0,0,0,,,,0,0,0,0,0,0,0,,0,0,0,0,,0,0,,0,0,0,0,0,0,0,0,0,0,44.5,51.5
00-0034116,J.Gray,J.T. Gray,DB,DB,"https://static.www.nfl.com/image/private/f_auto,q_auto/league/ibo4b3ak2ufimxupcezw",2021,REG,NO,12,0,0,0,0,0,0,0,0,0,0,0,0,,,0,,0,0,0,0,0,0,0,0,0,0,,0,0,0,0,0,0,0,0,0,0,0,0,0,0,,0,0,0,0,0,,0,0,0,0,17,1,4,0,0,0,0,0,0,0,0,0,0,0,0,0,0,0,0,0,0,1,4,0,0,0,0,0,0,0,0,0,0,0,0,0,,,0,0,0,0,0,0,0,0,0,0,0,0,,,,0,0,0,0,0,0,0,,0,0,0,0,,0,0,,0,0,0,0,0,0,0,0,0,0,0,0
00-0034131,K.Benkert,Kurt Benkert,QB,QB,"https://static.www.nfl.com/image/private/f_auto,q_auto/league/lq7drrswvcbnkyghztab",2021,REG,GB,1,0,0,0,0,0,0,0,0,0,0,0,0,,,0,,0,0,0,0,2,-1,0,0,0,0,0,0,0,0,0,0,0,0,0,0,0,0,0,0,0,,0,0,0,0,0,,0,0,0,0,0,0,0,0,0,0,0,0,0,0,0,0,0,0,0,0,0,0,0,0,0,0,0,0,0,0,0,0,0,0,0,0,0,0,0,0,,,0,0,0,0,0,0,0,0,0,0,0,0,,,,0,0,0,0,0,0,0,,0,0,0,0,,0,0,,0,0,0,0,0,0,0,0,0,0,-0.1,-0.1
00-0034132,C.Blake,Christian Blake,WR,WR,"https://static.www.nfl.com/image/private/f_auto,q_auto/league/xaaqzgbfsqhs4qvdndrz",2021,REG,ATL,9,0,0,0,0,0,0,0,0,0,0,0,0,,,0,,0,0,0,0,0,0,0,0,0,0,,0,0,0,0,0,4,9,25,0,0,0,58,2,2,-4.04439176811138,0,0,0,0,0,0.431034482758621,0.0162454873646209,0.0139995172580256,0.0341678931275493,0,4,0,0,0,0,0,0,0,0,0,0,0,0,0,0,0,0,0,0,0,0,1,5,0,0,0,0,0,0,0,0,0,0,0,0,0,,,0,0,0,0,0,0,0,0,0,0,0,0,,,,0,0,0,0,0,0,0,,0,0,0,0,,0,0,,0,0,0,0,0,0,0,0,0,0,2.5,6.5
00-0034139,E.Ellerbee,Emmanuel Ellerbee,LB,LB,"https://static.www.nfl.com/image/private/f_auto,q_auto/league/ofg9i0rqidaqee1qrqha",2021,REG,ATL,1,0,0,0,0,0,0,0,0,0,0,0,0,,,0,,0,0,0,0,0,0,0,0,0,0,,0,0,0,0,0,0,0,0,0,0,0,0,0,0,,0,0,0,0,0,,0,0,0,0,1,0,0,0,0,0,0,0,0,0,0,0,0,0,0,0,0,0,0,0,0,0,0,0,0,0,0,0,0,0,0,0,0,0,0,0,,,0,0,0,0,0,0,0,0,0,0,0,0,,,,0,0,0,0,0,0,0,,0,0,0,0,,0,0,,0,0,0,0,0,0,0,0,0,0,0,0
00-0034145,C.Lammons,Chris Lammons,DB,DB,"https://static.www.nfl.com/image/upload/f_auto,q_auto/league/odsa5adl0tyjcer1hnzz",2021,REG,KC,7,0,0,0,0,0,0,0,0,0,0,0,0,,,0,,0,0,0,0,0,0,0,0,0,0,,0,0,0,0,0,0,0,0,0,0,0,0,0,0,,0,0,0,0,0,,0,0,0,0,3,0,3,0,0,0,0,0,0,0,0,0,0,0,0,0,0,0,1,0,0,3,16,0,0,0,0,0,0,0,0,0,0,0,0,0,,,0,0,0,0,0,0,0,0,0,0,0,0,,,,0,0,0,0,0,0,0,,0,0,0,0,,0,0,,0,0,0,0,0,0,0,0,0,0,0,0
00-0034154,J.Tuioti-Mariner,Jacob Tuioti-Mariner,LB,LB,"https://static.www.nfl.com/image/private/f_auto,q_auto/league/dvcbcltbn5lpzvn1dcdg",2021,REG,ATL,4,0,0,0,0,0,0,0,0,0,0,0,0,,,0,,0,0,0,0,0,0,0,0,0,0,,0,0,0,0,0,0,0,0,0,0,0,0,0,0,,0,0,0,0,0,,0,0,0,0,5,0,4,2,20,0,2,20,2,0,0,1,0,0,0,0,0,0,0,0,0,0,0,0,0,0,0,0,0,0,0,0,0,0,0,0,,,0,0,0,0,0,0,0,0,0,0,0,0,,,,0,0,0,0,0,0,0,,0,0,0,0,,0,0,,0,0,0,0,0,0,0,0,0,0,0,0
00-0034158,B.O'Neill,Brian O'Neill,OT,OL,"https://static.www.nfl.com/image/upload/f_auto,q_auto/league/ouq6nfernugv9rsvcvwm",2021,REG,MIN,7,0,0,0,0,0,0,0,0,0,0,0,0,,,0,,0,0,0,0,0,0,0,0,0,0,,0,0,0,0,0,0,0,0,0,0,0,0,0,0,,0,0,0,0,0,,0,0,0,0,0,1,0,0,0,0,0,0,0,0,0,0,0,0,0,0,1,0,0,0,0,5,30,0,0,0,0,0,0,0,0,0,0,0,0,0,,,0,0,0,0,0,0,0,0,0,0,0,0,,,,0,0,0,0,0,0,0,,0,0,0,0,,0,0,,0,0,0,0,0,0,0,0,0,0,0,0
00-0034159,W.Dissly,Will Dissly,TE,TE,"https://static.www.nfl.com/image/upload/f_auto,q_auto/league/b2s1wwxsgkenwlxmncu3",2021,REG,SEA,13,0,0,0,0,0,0,0,0,0,0,0,0,,,0,,0,0,0,0,0,0,0,0,0,0,,0,0,0,0,0,21,26,231,1,1,0,112,143,11,11.7741688308306,0,8,6,5,0,2.0625,0.0548523206751055,0.0242476726564191,0.0992518518721516,0,1,0,0,0,0,0,0,0,0,0,0,0,0,0,0,0,2,0,0,0,0,3,20,1,0,0,1,0,0,0,0,0,0,0,0,0,,,0,0,0,0,0,0,0,0,0,0,0,0,,,,0,0,0,0,0,0,0,,0,0,0,0,,0,0,,0,0,0,0,0,0,0,0,0,0,29.1,50.1
00-0034160,M.Dickson,Michael Dickson,P,SPEC,"https://static.www.nfl.com/image/upload/f_auto,q_auto/league/chduw8ql98kdzegqiylt",2021,REG,SEA,17,0,0,0,0,0,0,0,0,0,0,0,0,,,0,,0,0,0,0,0,0,0,0,0,0,,0,0,0,0,0,0,0,0,0,0,0,0,0,0,,0,0,0,0,0,,0,0,0,0,0,0,0,0,0,0,0,0,0,0,0,0,0,0,0,0,0,0,0,0,0,0,0,0,0,0,0,0,0,0,0,0,0,0,0,0,,,0,0,0,0,0,0,0,0,0,0,0,0,,,,0,0,0,0,0,0,0,,0,0,0,0,,83,0,68,3895,40,6,13,10,22,32,234,0,3461,0,0
00-0034161,D.Carlson,Daniel Carlson,K,SPEC,"https://static.www.nfl.com/image/upload/f_auto,q_auto/league/gsvj7rtvqwbwdeho8whf",2021,REG,LV,17,0,0,0,0,0,0,0,0,0,0,0,0,,,0,,0,0,0,0,0,0,0,0,0,0,,0,0,0,0,0,0,0,0,0,0,0,0,0,0,,0,0,0,0,0,,0,0,0,0,0,0,0,0,0,0,0,0,0,0,0,0,0,0,0,0,0,0,0,0,0,0,0,0,0,0,0,0,0,0,0,0,40,43,3,0,56,0.930232558139535,0,10,12,12,6,0,0,1,0,1,1,0,34;55;46;33;41;45;50;38;22;31;50;30;28;39;25;32;25;26;47;22;46;30;56;29;52;38;37;26;24;40;48;41;47;44;33;24;31;52;40;47,52;43;25,,1504,120,0,30,33,3,0,0.909090909090909,5,5,0,0,22;29;48;33;47,0,0,,0,0,0,0,0,0,0,0,0,0,0,0
00-0034162,J.Scott,J.K. Scott,P,SPEC,"https://static.www.nfl.com/image/upload/f_auto,q_auto/league/yayikawhfng99cqrosax",2021,REG,JAX,1,0,0,0,0,0,0,0,0,0,0,0,0,,,0,,0,0,0,0,0,0,0,0,0,0,,0,0,0,0,0,0,0,0,0,0,0,0,0,0,,0,0,0,0,0,,0,0,0,0,0,0,0,0,0,0,0,0,0,0,0,0,0,0,0,0,0,0,0,0,0,0,0,0,0,0,0,0,0,0,0,0,0,0,0,0,,,0,0,0,0,0,0,0,0,0,0,0,0,,,,0,0,0,0,0,0,0,,0,0,0,0,,4,0,47,159,0,0,0,0,4,0,0,0,159,0,0
00-0034163,J.Martin,Jacob Martin,DE,DL,"https://static.www.nfl.com/image/upload/f_auto,q_auto/league/ngm7muyzhk9xv2ofafke",2021,REG,HOU,14,0,0,0,0,0,0,0,0,0,0,0,0,,,0,,0,0,0,0,0,0,0,0,0,0,,0,0,0,0,0,0,0,0,0,0,0,0,0,0,,0,0,0,0,0,,0,0,0,0,7,4,12,4,22,2,4,25,6,0,0,3,0,0,1,0,0,0,0,0,0,1,4,0,0,0,0,0,0,0,0,0,0,0,0,0,,,0,0,0,0,0,0,0,0,0,0,0,0,,,,0,0,0,0,0,0,0,,0,0,0,0,,0,0,,0,0,0,0,0,0,0,0,0,0,0,0
00-0034164,T.Cannon,Trenton Cannon,RB,RB,"https://static.www.nfl.com/image/private/f_auto,q_auto/league/hkpxcipgs7jtgdwpkjel",2021,REG,SF,10,0,0,0,0,0,0,0,0,0,0,0,0,,,0,,0,0,0,0,3,4,0,0,0,0,-2.53298093075864,0,0,0,0,0,0,0,0,0,0,0,0,0,0,,0,0,0,0,0,,0,0,0,0,7,1,1,0,0,0,0,0,0,0,0,0,0,0,0,0,0,0,0,0,0,0,0,1,0,0,1,1,0,0,16,328,0,0,0,0,,,0,0,0,0,0,0,0,0,0,0,0,0,,,,0,0,0,0,0,0,0,,0,0,0,0,,0,0,,0,0,0,0,0,0,0,0,0,0,0.4,0.4
00-0034165,C.Gossett,Colby Gossett,G,OL,"https://static.www.nfl.com/image/private/f_auto,q_auto/league/bzaqsyxt5pu1uewhwkhu",2021,REG,ATL,1,0,0,0,0,0,0,0,0,0,0,0,0,,,0,,0,0,0,0,0,0,0,0,0,0,,0,0,0,0,0,0,0,0,0,0,0,0,0,0,,0,0,0,0,0,,0,0,0,0,0,0,0,0,0,0,0,0,0,0,0,0,0,0,0,0,1,0,0,0,0,0,0,0,0,0,0,0,0,0,0,0,0,0,0,0,,,0,0,0,0,0,0,0,0,0,0,0,0,,,,0,0,0,0,0,0,0,,0,0,0,0,,0,0,,0,0,0,0,0,0,0,0,0,0,0,0
00-0034171,J.Cabinda,Jason Cabinda,FB,RB,"https://static.www.nfl.com/image/private/f_auto,q_auto/league/nvi4viyciscnso8qgbtn",2021,REG,DET,9,0,0,0,0,0,0,0,0,0,0,0,0,,,0,,0,0,0,0,3,23,0,0,0,2,1.38996046432294,0,1,1,1,0,4,7,16,1,0,0,6,8,2,-2.33623360726051,0,0,0,0,0,2.66666666666667,0.0123893805309735,0.00158604282315623,0.0196943007726695,0,6,0,1,0,0,0,0,0,0,0,0,0,0,0,0,0,0,0,0,0,0,0,0,0,0,0,0,0,0,0,0,0,0,0,0,0,,,0,0,0,0,0,0,0,0,0,0,0,0,,,,0,0,0,0,0,0,0,,0,0,0,0,,0,0,,0,0,0,0,0,0,0,0,0,0,9.9,13.9
00-0034173,E.Pineiro,Eddy Pineiro,K,SPEC,"https://static.www.nfl.com/image/upload/f_auto,q_auto/league/l4rrfcuczjau7q02h2iz",2021,REG,NYJ,5,0,0,0,0,0,0,0,0,0,0,0,0,,,0,,0,0,0,0,0,0,0,0,0,0,,0,0,0,0,0,0,0,0,0,0,0,0,0,0,,0,0,0,0,0,,0,0,0,0,0,0,0,0,0,0,0,0,0,0,0,0,0,0,0,0,0,0,0,0,0,0,0,0,0,0,0,0,0,0,0,0,8,8,0,0,51,1,0,2,2,3,1,0,0,0,0,0,0,0,36;46;36;27;42;20;51;49,,,307,0,0,9,10,0,1,0.9,0,0,0,0,,0,0,,0,0,0,0,0,0,0,0,0,0,0,0
00-0034177,T.Boyle,Tim Boyle,QB,QB,"https://static.www.nfl.com/image/upload/f_auto,q_auto/league/zmfyonfo6ohn5bxqwaxg",2021,REG,DET,4,61,94,526,3,6,0,0,0,0,593,265,28,-3.84551066935626,-3.49368853594667,1,0.887015177065767,19,9,8,1,2,13,0,0,0,1,1.87784462841228,0,1,1,0,0,0,0,0,0,0,0,0,0,0,,0,0,0,0,0,,0,0,0,0,0,0,0,0,0,0,0,0,0,0,0,0,0,0,0,0,1,0,0,0,0,1,5,0,1,0,1,0,0,0,0,0,0,0,0,0,,,0,0,0,0,0,0,0,0,0,0,0,0,,,,0,0,0,0,0,0,0,,0,0,0,0,,0,0,,0,0,0,0,0,0,0,0,0,0,24.34,24.34
00-0034185,T.Lancaster,Tyler Lancaster,DT,DL,"https://static.www.nfl.com/image/private/f_auto,q_auto/league/aa4il9yf2v0elduixsp8",2021,REG,GB,15,0,0,0,0,0,0,0,0,0,0,0,0,,,0,,0,0,0,0,0,0,0,0,0,0,,0,0,0,0,0,0,0,0,0,0,0,0,0,0,,0,0,0,0,0,,0,0,0,0,10,5,16,2,2,0,0,0,0,0,0,0,0,0,0,0,0,0,0,0,0,0,0,0,0,0,0,0,0,0,0,0,0,0,0,0,,,0,0,0,0,0,0,0,0,0,0,0,0,,,,0,0,0,0,0,0,0,,0,0,0,0,,0,0,,0,0,0,0,0,0,0,0,0,0,0,0
00-0034193,K.Rader,Kevin Rader,TE,TE,"https://static.www.nfl.com/image/private/f_auto,q_auto/league/buopatfei7mdyxxxi9bv",2021,REG,PIT,3,0,0,0,0,0,0,0,0,0,0,0,0,,,0,,0,0,0,0,0,0,0,0,0,0,,0,0,0,0,0,2,3,8,0,0,0,8,4,0,-1.03827555087628,0,0,0,0,0,1,0.00459418070444104,0.00180220770443794,0.00815281644976812,0,2,0,1,0,0,0,0,0,0,0,0,0,0,0,0,0,0,0,0,0,0,0,0,0,0,0,0,0,0,0,0,0,0,0,0,0,,,0,0,0,0,0,0,0,0,0,0,0,0,,,,0,0,0,0,0,0,0,,0,0,0,0,,0,0,,0,0,0,0,0,0,0,0,0,0,0.8,2.8
00-0034198,T.Sieg,Trent Sieg,LS,SPEC,"https://static.www.nfl.com/image/upload/f_auto,q_auto/league/ikhujd70ky9ymcrvpjm5",2021,REG,LV,1,0,0,0,0,0,0,0,0,0,0,0,0,,,0,,0,0,0,0,0,0,0,0,0,0,,0,0,0,0,0,0,0,0,0,0,0,0,0,0,,0,0,0,0,0,,0,0,0,0,1,0,0,0,0,0,0,0,0,0,0,0,0,0,0,0,0,0,0,0,0,0,0,0,0,0,0,0,0,0,0,0,0,0,0,0,,,0,0,0,0,0,0,0,0,0,0,0,0,,,,0,0,0,0,0,0,0,,0,0,0,0,,0,0,,0,0,0,0,0,0,0,0,0,0,0,0
00-0034203,D.Williams,Darious Williams,CB,DB,"https://static.www.nfl.com/image/upload/f_auto,q_auto/league/nzrgn9doxy57s7si8uyf",2021,REG,LA,14,0,0,0,0,0,0,0,0,0,0,0,0,,,0,,0,0,0,0,0,0,0,0,0,0,,0,0,0,0,0,0,0,0,0,0,0,0,0,0,,0,0,0,0,0,,0,0,0,0,55,5,11,2,4,0,0,0,0,0,0,9,0,0,0,0,0,0,1,0,0,3,12,0,0,0,0,0,0,0,0,0,0,0,0,0,,,0,0,0,0,0,0,0,0,0,0,0,0,,,,0,0,0,0,0,0,0,,0,0,0,0,,0,0,,0,0,0,0,0,0,0,0,0,0,0,0
00-0034204,O.Adeniyi,Ola Adeniyi,OLB,LB,"https://static.www.nfl.com/image/private/f_auto,q_auto/league/uhae1hw5trbyhjxlknnv",2021,REG,TEN,12,0,0,0,0,0,0,0,0,0,0,0,0,,,0,,0,0,0,0,0,0,0,0,0,0,,0,0,0,0,0,0,0,0,0,0,0,0,0,0,,0,0,0,0,0,,0,0,0,0,11,3,7,2,18,0,2.5,23,8,0,0,1,0,0,0,0,0,0,0,0,0,3,25,0,0,0,0,0,0,0,0,0,0,0,0,0,,,0,0,0,0,0,0,0,0,0,0,0,0,,,,0,0,0,0,0,0,0,,0,0,0,0,,0,0,,0,0,0,0,0,0,0,0,0,0,0,0
00-0034208,M.Boone,Mike Boone,RB,RB,"https://static.www.nfl.com/image/upload/f_auto,q_auto/league/yeoyrlaf9hlvowj6fdio",2021,REG,DEN,3,0,0,0,0,0,0,0,0,0,0,0,0,,,0,,0,0,0,0,4,35,0,0,0,2,1.71441093611065,0,2,2,0,0,2,2,22,0,0,0,-2,24,1,2.11437670665327,0,1,1,0,0,-11,0.00386847195357834,-0.000439367311072056,0.00549515081261707,0,1,0,1,0,0,0,0,0,0,0,0,0,0,0,0,0,0,0,0,0,0,0,0,0,0,0,0,0,0,0,0,0,0,0,0,0,,,0,0,0,0,0,0,0,0,0,0,0,0,,,,0,0,0,0,0,0,0,,0,0,0,0,,0,0,,0,0,0,0,0,0,0,0,0,0,5.7,7.7
00-0034234,P.Ford,Poona Ford,DT,DL,"https://static.www.nfl.com/image/upload/f_auto,q_auto/league/z6bvartiturag8gtidcz",2021,REG,SEA,17,0,0,0,0,0,0,0,0,0,0,0,0,,,0,,0,0,0,0,0,0,0,0,0,0,,0,0,0,0,0,0,0,0,0,0,0,0,0,0,,0,0,0,0,0,,0,0,0,0,19,4,30,6,18,0,2,16.5,6,0,0,1,0,0,0,0,0,0,0,0,0,0,0,0,0,0,0,0,0,0,0,0,0,0,0,0,,,0,0,0,0,0,0,0,0,0,0,0,0,,,,0,0,0,0,0,0,0,,0,0,0,0,,0,0,,0,0,0,0,0,0,0,0,0,0,0,0
00-0034248,E.Campbell,Elijah Campbell,DB,DB,"https://static.www.nfl.com/image/upload/f_auto,q_auto/league/niou8nbhpkmao45zccm7",2021,REG,MIA,3,0,0,0,0,0,0,0,0,0,0,0,0,,,0,,0,0,0,0,0,0,0,0,0,0,,0,0,0,0,0,0,0,0,0,0,0,0,0,0,,0,0,0,0,0,,0,0,0,0,1,1,0,0,0,0,0,0,0,0,0,0,0,0,0,0,0,0,0,0,0,1,15,0,0,0,0,0,0,0,0,0,0,0,0,0,,,0,0,0,0,0,0,0,0,0,0,0,0,,,,0,0,0,0,0,0,0,,0,0,0,0,,0,0,,0,0,0,0,0,0,0,0,0,0,0,0
00-0034251,D.Ekuale,Daniel Ekuale,DT,DL,"https://static.www.nfl.com/image/upload/f_auto,q_auto/league/jlab8hsw5int8lkrevrg",2021,REG,NE,3,0,0,0,0,0,0,0,0,0,0,0,0,,,0,,0,0,0,0,0,0,0,0,0,0,,0,0,0,0,0,0,0,0,0,0,0,0,0,0,,0,0,0,0,0,,0,0,0,0,4,0,1,2,13,0,2,13,2,0,0,0,0,0,0,0,0,0,0,0,0,0,0,0,0,0,0,0,0,0,0,0,0,0,0,0,,,0,0,0,0,0,0,0,0,0,0,0,0,,,,0,0,0,0,0,0,0,,0,0,0,0,,0,0,,0,0,0,0,0,0,0,0,0,0,0,0
00-0034253,D.Hilliard,Dontrell Hilliard,RB,RB,"https://static.www.nfl.com/image/private/f_auto,q_auto/league/ukhyslngeuojxkjqfq9f",2021,REG,TEN,8,0,0,0,0,0,0,0,0,0,0,0,0,,,0,,0,0,0,0,56,350,2,1,1,15,9.06053411783068,0,11,7,2,1,19,26,87,0,1,0,-23,108,7,-6.92588988899954,0,2,1,1,0,-3.78260869565217,0.0498084291187739,-0.00574282147315855,0.0706926686469499,0,2,0,1,0,0,0,0,0,0,0,0,0,0,0,0,0,1,0,0,0,0,1,5,2,0,0,2,1,0,0,8,177,0,0,0,0,,,0,0,0,0,0,0,0,0,0,0,0,0,,,,0,0,0,0,0,0,0,,0,0,0,0,,0,0,,0,0,0,0,0,0,0,0,0,0,53.7,72.7
00-0034261,A.Corbett,Austin Corbett,G,OL,"https://static.www.nfl.com/image/upload/f_auto,q_auto/league/ry8oftk4wq0uiivdxyzw",2021,REG,LA,5,0,0,0,0,0,0,0,0,0,0,0,0,,,0,,0,0,0,0,0,0,0,0,0,0,,0,0,0,0,0,0,0,0,0,0,0,0,0,0,,0,0,0,0,0,,0,0,0,0,3,0,0,0,0,0,0,0,0,0,0,0,0,0,0,0,0,0,0,0,0,2,15,0,0,0,0,0,0,0,0,0,0,0,0,0,,,0,0,0,0,0,0,0,0,0,0,0,0,,,,0,0,0,0,0,0,0,,0,0,0,0,,0,0,,0,0,0,0,0,0,0,0,0,0,0,0
00-0034264,J.Holmes,Jalyn Holmes,DT,DL,"https://static.www.nfl.com/image/upload/f_auto,q_auto/league/vvlecpcfjc7fgkuqbcuj",2021,REG,NO,6,0,0,0,0,0,0,0,0,0,0,0,0,,,0,,0,0,0,0,0,0,0,0,0,0,,0,0,0,0,0,0,0,0,0,0,0,0,0,0,,0,0,0,0,0,,0,0,0,0,5,2,7,1,6,0,0,0,0,0,0,1,0,0,0,0,0,0,0,0,0,0,0,0,0,0,0,0,0,0,0,0,0,0,0,0,,,0,0,0,0,0,0,0,0,0,0,0,0,,,,0,0,0,0,0,0,0,,0,0,0,0,,0,0,,0,0,0,0,0,0,0,0,0,0,0,0
00-0034265,A.Averett,Anthony Averett,CB,DB,"https://static.www.nfl.com/image/upload/f_auto,q_auto/league/uzwmcpuqsjd0ouzimpba",2021,REG,BAL,13,0,0,0,0,0,0,0,0,0,0,0,0,,,0,,0,0,0,0,0,0,0,0,0,0,,0,0,0,0,0,0,0,0,0,0,0,0,0,0,,0,0,0,0,0,,0,0,0,0,43,3,8,0,0,0,0,0,0,3,21,11,0,0,0,0,0,0,0,0,0,3,32,0,0,0,0,0,0,0,0,0,0,0,0,0,,,0,0,0,0,0,0,0,0,0,0,0,0,,,,0,0,0,0,0,0,0,,0,0,0,0,,0,0,,0,0,0,0,0,0,0,0,0,0,0,0
00-0034266,K.Young,Kenny Young,ILB,LB,"https://static.www.nfl.com/image/private/f_auto,q_auto/league/jtkvayvjxcdoak0876sm",2021,REG,DEN,13,0,0,0,0,0,0,0,0,0,0,0,0,,,0,,0,0,0,0,0,0,0,0,0,0,,0,0,0,0,0,0,0,0,0,0,0,0,0,0,,0,0,0,0,0,,0,0,0,0,38,3,34,5,17,2,2,11,2,0,0,1,0,0,0,0,0,0,1,0,0,1,10,0,0,0,0,0,0,0,0,0,0,0,0,0,,,0,0,0,0,0,0,0,0,0,0,0,0,,,,0,0,0,0,0,0,0,,0,0,0,0,,0,0,,0,0,0,0,0,0,0,0,0,0,0,0
00-0034270,T.Conklin,Tyler Conklin,TE,TE,"https://static.www.nfl.com/image/upload/f_auto,q_auto/league/knjuzxnzsfjxwcjxp5en",2021,REG,MIN,17,0,0,0,0,0,0,0,0,0,0,0,0,,,0,,0,0,0,0,0,0,0,0,0,0,,0,0,0,0,0,61,87,593,3,1,0,464,326,26,11.3405330915289,0,23,12,4,1,1.27801724137931,0.150519031141869,0.0958281701776126,0.292858265837132,0,0,0,0,0,0,0,0,0,0,0,0,0,0,0,0,0,1,0,0,0,0,4,32,1,0,0,1,0,0,0,0,0,0,0,0,0,,,0,0,0,0,0,0,0,0,0,0,0,0,,,,0,0,0,0,0,0,0,,0,0,0,0,,0,0,,0,0,0,0,0,0,0,0,0,0,77.3,138.3
00-0034272,M.Valdes-Scantling,Marquez Valdes-Scantling,WR,WR,"https://static.www.nfl.com/image/upload/f_auto,q_auto/league/vvk5v3hfjw0tevqxrhnf",2021,REG,GB,11,0,0,0,0,0,0,0,0,0,0,0,0,,,0,,0,0,0,0,0,0,0,0,0,0,,0,0,0,0,0,26,55,430,3,0,0,985,146,18,9.81025626908262,0,12,9,8,3,0.436548223350254,0.0964912280701754,0.215159458278724,0.29534846290037,0,0,0,0,0,0,0,0,0,0,0,0,0,0,0,0,0,0,0,0,0,0,0,0,0,0,0,0,0,0,0,0,0,0,0,0,0,,,0,0,0,0,0,0,0,0,0,0,0,0,,,,0,0,0,0,0,0,0,,0,0,0,0,,0,0,,0,0,0,0,0,0,0,0,0,0,61,87
00-0034274,P.Nickerson,Parry Nickerson,CB,DB,"https://static.www.nfl.com/image/upload/f_auto,q_auto/league/w8wujvtmfphdc3wohtry",2021,REG,MIN,1,0,0,0,0,0,0,0,0,0,0,0,0,,,0,,0,0,0,0,0,0,0,0,0,0,,0,0,0,0,0,0,0,0,0,0,0,0,0,0,,0,0,0,0,0,,0,0,0,0,1,0,0,0,0,0,0,0,0,0,0,0,0,0,0,0,0,0,0,0,0,0,0,0,0,0,0,0,0,0,0,0,0,0,0,0,,,0,0,0,0,0,0,0,0,0,0,0,0,,,,0,0,0,0,0,0,0,,0,0,0,0,,0,0,,0,0,0,0,0,0,0,0,0,0,0,0
00-0034275,F.Fatukasi,Foley Fatukasi,DT,DL,"https://static.www.nfl.com/image/upload/f_auto,q_auto/league/ttcdigwndhyvmhvgof25",2021,REG,NYJ,15,0,0,0,0,0,0,0,0,0,0,0,0,,,0,,0,0,0,0,0,0,0,0,0,0,,0,0,0,0,0,0,0,0,0,0,0,0,0,0,,0,0,0,0,0,,0,0,0,0,17,8,21,3,24,0,0,0,6,0,0,0,0,0,0,0,0,0,0,0,0,2,10,0,0,0,0,0,0,0,0,0,0,0,0,0,,,0,0,0,0,0,0,0,0,0,0,0,0,,,,0,0,0,0,0,0,0,,0,0,0,0,,0,0,,0,0,0,0,0,0,0,0,0,0,0,0
00-0034277,D.Elliott,DeShon Elliott,SAF,DB,"https://static.www.nfl.com/image/upload/f_auto,q_auto/league/rprbkb3ze0jgpl5u8f2g",2021,REG,BAL,6,0,0,0,0,0,0,0,0,0,0,0,0,,,0,,0,0,0,0,0,0,0,0,0,0,,0,0,0,0,0,0,0,0,0,0,0,0,0,0,,0,0,0,0,0,,0,0,0,0,18,1,4,2,9,0,1,6,3,1,0,2,0,0,0,0,0,0,0,0,0,0,0,0,0,0,0,0,0,0,0,0,0,0,0,0,,,0,0,0,0,0,0,0,0,0,0,0,0,,,,0,0,0,0,0,0,0,,0,0,0,0,,0,0,,0,0,0,0,0,0,0,0,0,0,0,0
00-0034278,T.Smith,Tremon Smith,CB,DB,"https://static.www.nfl.com/image/upload/f_auto,q_auto/league/crjcjcsvkq0o689drl3c",2021,REG,HOU,15,0,0,0,0,0,0,0,0,0,0,0,0,,,0,,0,0,0,0,1,7,0,0,0,0,0.234301995427813,0,0,0,0,0,0,0,0,0,0,0,0,0,0,,0,0,0,0,0,,0,0,0,1,14,2,5,0,0,0,0,0,0,0,0,0,0,0,0,0,0,0,1,0,0,1,5,0,0,0,0,0,1,1,21,537,0,0,0,0,,,0,0,0,0,0,0,0,0,0,0,0,0,,,,0,0,0,0,0,0,0,,0,0,0,0,,0,0,,0,0,0,0,0,0,0,0,0,0,6.7,6.7
00-0034279,E.St. Brown,Equanimeous St. Brown,WR,WR,"https://static.www.nfl.com/image/upload/f_auto,q_auto/league/yqojuedjvxtydgd9tgpr",2021,REG,GB,12,0,0,0,0,0,0,0,0,0,0,0,0,,,0,,0,0,0,0,3,14,0,0,0,2,-0.478033884137403,0,2,1,0,0,9,17,98,0,0,0,175,58,6,4.69402852476924,0,4,3,1,0,0.56,0.0298245614035088,0.0382262996941896,0.0714952518911959,0,4,1,2,0,0,0,0,0,0,0,0,0,0,0,0,0,0,0,0,0,0,3,30,0,0,0,0,0,0,0,1,17,0,0,0,0,,,0,0,0,0,0,0,0,0,0,0,0,0,,,,0,0,0,0,0,0,0,,0,0,0,0,,0,0,,0,0,0,0,0,0,0,0,0,0,11.2,20.2
00-0034281,B.Bozeman,Bradley Bozeman,C,OL,"https://static.www.nfl.com/image/upload/f_auto,q_auto/league/qzomwajldexxneohmb7q",2021,REG,BAL,3,0,0,0,0,0,0,0,0,0,0,0,0,,,0,,0,0,0,0,0,0,0,0,0,0,,0,0,0,0,0,0,0,0,0,0,0,0,0,0,,0,0,0,0,0,,0,0,0,0,2,0,0,0,0,0,0,0,0,0,0,0,0,0,0,0,0,-7,0,0,0,0,0,0,1,0,1,0,0,0,0,0,0,0,0,0,,,0,0,0,0,0,0,0,0,0,0,0,0,,,,0,0,0,0,0,0,0,,0,0,0,0,,0,0,,0,0,0,0,0,0,0,0,0,0,0,0
00-0034285,Z.Sieler,Zach Sieler,DE,DL,"https://static.www.nfl.com/image/upload/f_auto,q_auto/league/a3mvqtjjep76e13cs353",2021,REG,MIA,17,0,0,0,0,0,0,0,0,0,0,0,0,,,0,,0,0,0,0,0,0,0,0,0,0,,0,0,0,0,0,0,0,0,0,0,0,0,0,0,,0,0,0,0,0,,0,0,0,0,23,10,29,3,19,1,2,18,3,0,0,3,0,0,0,0,0,0,2,0,0,3,25,0,0,0,0,0,0,0,0,0,0,0,0,0,,,0,0,0,0,0,0,0,0,0,0,0,0,,,,0,0,0,0,0,0,0,,0,0,0,0,,0,0,,0,0,0,0,0,0,0,0,0,0,0,0
00-0034296,B.Niemann,Ben Niemann,LB,LB,"https://static.www.nfl.com/image/upload/f_auto,q_auto/league/hhmqn3b3prllvcuyftvj",2021,REG,KC,17,0,0,0,0,0,0,0,0,0,0,0,0,,,0,,0,0,0,0,0,0,0,0,0,0,,0,0,0,0,0,0,0,0,0,0,0,0,0,0,,0,0,0,0,0,,0,0,0,0,33,6,18,1,9,0,1,9,1,0,0,1,0,0,0,0,0,0,2,0,0,0,0,0,0,0,0,0,0,0,0,0,0,0,0,0,,,0,0,0,0,0,0,0,0,0,0,0,0,,,,0,0,0,0,0,0,0,,0,0,0,0,,0,0,,0,0,0,0,0,0,0,0,0,0,0,0
00-0034297,B.Pringle,Byron Pringle,WR,WR,"https://static.www.nfl.com/image/upload/f_auto,q_auto/league/qo8a5r4rspevt1rlq8r0",2021,REG,KC,16,0,0,0,0,0,0,0,0,0,0,0,0,,,0,,0,0,0,0,0,0,0,0,0,0,,0,0,0,0,0,42,60,568,5,0,0,641,187,32,36.7390908353693,0,23,15,11,1,0.886115444617785,0.0941915227629513,0.129103726082578,0.231659892402232,0,1,0,0,0,0,0,0,0,0,0,0,0,0,0,0,0,0,0,1,0,0,3,20,2,0,0,2,1,0,0,25,621,0,0,0,0,,,0,0,0,0,0,0,0,0,0,0,0,0,,,,0,0,0,0,0,0,0,,0,0,0,0,,0,0,,0,0,0,0,0,0,0,0,0,0,86.8,128.8
00-0034301,Da.Williams,Darrel Williams,RB,RB,"https://static.www.nfl.com/image/private/f_auto,q_auto/league/qloiwle7db59cznhqhub",2021,REG,KC,17,0,0,0,0,0,0,0,0,0,0,0,0,,,0,,0,0,0,0,144,558,6,0,0,40,4.94042681189261,0,13,5,1,0,47,57,452,2,0,0,82,435,19,20.6064469554732,0,18,8,4,0,5.51219512195122,0.0894819466248038,0.016515609264854,0.145783846422603,0,3,0,0,0,0,0,0,0,0,0,0,0,0,0,0,0,0,0,0,0,0,2,13,0,0,0,0,0,0,0,0,0,0,0,0,0,,,0,0,0,0,0,0,0,0,0,0,0,0,,,,0,0,0,0,0,0,0,,0,0,0,0,,0,0,,0,0,0,0,0,0,0,0,0,0,149,196
00-0034302,F.Luvu,Frankie Luvu,LB,LB,"https://static.www.nfl.com/image/upload/f_auto,q_auto/league/tirwphxxgjmqhf2ucs9h",2021,REG,CAR,15,0,0,0,0,0,0,0,0,0,0,0,0,,,0,,0,0,0,0,0,0,0,0,0,0,,0,0,0,0,0,0,0,0,0,0,0,0,0,0,,0,0,0,0,0,,0,0,0,0,21,5,17,6,19,1,1.5,10,5,0,0,1,0,0,0,0,0,0,3,35,0,2,19,0,0,0,0,0,0,0,0,0,0,0,0,0,,,0,0,0,0,0,0,0,0,0,0,0,0,,,,0,0,0,0,0,0,0,,0,0,0,0,,0,0,,0,0,0,0,0,0,0,0,0,0,0,0
00-0034311,J.Stanton,Johnny Stanton,RB,RB,"https://static.www.nfl.com/image/private/f_auto,q_auto/league/fick0qg9xwij9svv1rxk",2021,REG,CLE,3,0,0,0,0,0,0,0,0,0,0,0,0,,,0,,0,0,0,0,3,5,0,0,0,2,0.609594158944674,0,0,0,0,0,2,2,7,1,0,0,3,4,1,-0.013533433288103,0,0,0,0,0,2.33333333333333,0.00400801603206413,0.000698974836905871,0.0065013064339303,0,0,0,0,0,0,0,0,0,0,0,0,0,0,0,0,0,0,0,0,0,0,1,5,0,0,0,0,0,0,0,0,0,0,0,0,0,,,0,0,0,0,0,0,0,0,0,0,0,0,,,,0,0,0,0,0,0,0,,0,0,0,0,,0,0,,0,0,0,0,0,0,0,0,0,0,7.2,9.2
00-0034317,K.Kirkwood,Keith Kirkwood,WR,WR,"https://static.www.nfl.com/image/upload/f_auto,q_auto/league/syie2sezwnpvbjqq5xpn",2021,REG,CAR,3,0,0,0,0,0,0,0,0,0,0,0,0,,,0,,0,0,0,0,0,0,0,0,0,0,,0,0,0,0,0,3,7,17,0,0,0,55,16,1,-0.891363839618862,0,0,0,0,0,0.309090909090909,0.0121739130434783,0.0124518904233643,0.0269771928615724,0,0,0,0,0,0,0,0,0,0,0,0,0,0,0,0,0,0,0,0,0,0,0,0,0,0,0,0,0,0,0,0,0,0,0,0,0,,,0,0,0,0,0,0,0,0,0,0,0,0,,,,0,0,0,0,0,0,0,,0,0,0,0,,0,0,,0,0,0,0,0,0,0,0,0,0,1.7,4.7
00-0034318,H.Mondeaux,Henry Mondeaux,DT,DL,"https://static.www.nfl.com/image/private/f_auto,q_auto/league/no8hqzc6kdbus1ugv256",2021,REG,PIT,11,0,0,0,0,0,0,0,0,0,0,0,0,,,0,,0,0,0,0,0,0,0,0,0,0,,0,0,0,0,0,0,0,0,0,0,0,0,0,0,,0,0,0,0,0,,0,0,0,0,6,0,10,2,9,0,2,9,2,0,0,0,0,0,0,0,0,0,1,0,0,0,0,0,0,0,0,0,0,0,0,0,0,0,0,0,,,0,0,0,0,0,0,0,0,0,0,0,0,,,,0,0,0,0,0,0,0,,0,0,0,0,,0,0,,0,0,0,0,0,0,0,0,0,0,0,0
00-0034319,D.Yelder,Deon Yelder,TE,TE,"https://static.www.nfl.com/image/private/f_auto,q_auto/league/ipykvobx6lilpvc5vyca",2021,REG,TB,1,0,0,0,0,0,0,0,0,0,0,0,0,,,0,,0,0,0,0,0,0,0,0,0,0,,0,0,0,0,0,1,1,0,0,0,0,-2,2,0,-0.605865706864279,0,0,0,0,0,0,0.00139664804469274,-0.000339328130302002,0.0018574423758277,0,0,0,0,0,0,0,0,0,0,0,0,0,0,0,0,0,0,0,0,0,0,0,0,0,0,0,0,0,0,0,0,0,0,0,0,0,,,0,0,0,0,0,0,0,0,0,0,0,0,,,,0,0,0,0,0,0,0,,0,0,0,0,,0,0,,0,0,0,0,0,0,0,0,0,0,0,1
00-0034320,K.Street,Kentavius Street,DE,DL,"https://static.www.nfl.com/image/upload/f_auto,q_auto/league/r1ie0jaeux86ri5hejel",2021,REG,SF,14,0,0,0,0,0,0,0,0,0,0,0,0,,,0,,0,0,0,0,0,0,0,0,0,0,,0,0,0,0,0,0,0,0,0,0,0,0,0,0,,0,0,0,0,0,,0,0,0,0,14,1,12,6,26,1,3,17,5,0,0,0,0,0,0,0,0,0,0,0,0,2,13,0,0,0,0,0,0,0,0,0,0,0,0,0,,,0,0,0,0,0,0,0,0,0,0,0,0,,,,0,0,0,0,0,0,0,,0,0,0,0,,0,0,,0,0,0,0,0,0,0,0,0,0,0,0
00-0034325,T.Stallworth,Taylor Stallworth,DT,DL,"https://static.www.nfl.com/image/private/f_auto,q_auto/league/tbpvavxmfcy7yjhazpha",2021,REG,IND,11,0,0,0,0,0,0,0,0,0,0,0,0,,,0,,0,0,0,0,0,0,0,0,0,0,,0,0,0,0,0,0,0,0,0,0,0,0,0,0,,0,0,0,0,0,,0,0,0,0,10,1,5,4,19,0,3,18,12,0,0,1,0,0,0,0,0,0,0,0,0,1,5,0,0,0,0,0,0,0,0,0,0,0,0,0,,,0,0,0,0,0,0,0,0,0,0,0,0,,,,0,0,0,0,0,0,0,,0,0,0,0,,0,0,,0,0,0,0,0,0,0,0,0,0,0,0
00-0034331,J.Samuels,Jaylen Samuels,RB,RB,"https://static.www.nfl.com/image/private/f_auto,q_auto/league/stceem3dtyjhdlqlaqxn",2021,REG,HOU,3,0,0,0,0,0,0,0,0,0,0,0,0,,,0,,0,0,0,0,5,9,0,0,0,0,-2.50413009466138,0,0,0,0,0,3,4,14,0,0,0,-4,17,1,-0.241660874919035,0,0,0,0,0,-3.5,0.00764818355640535,-0.00100075056292219,0.0107717499405625,0,0,0,0,0,0,0,0,0,0,0,0,0,0,0,0,0,0,0,0,0,0,0,0,0,0,0,0,0,0,0,1,0,0,0,0,0,,,0,0,0,0,0,0,0,0,0,0,0,0,,,,0,0,0,0,0,0,0,,0,0,0,0,,0,0,,0,0,0,0,0,0,0,0,0,0,2.3,5.3
00-0034333,D.Payne,Daron Payne,NT,DL,"https://static.www.nfl.com/image/upload/f_auto,q_auto/league/wyy5j7epmu2idqfwjhcr",2021,REG,WAS,17,0,0,0,0,0,0,0,0,0,0,0,0,,,0,,0,0,0,0,0,0,0,0,0,0,,0,0,0,0,0,0,0,0,0,0,0,0,0,0,,0,0,0,0,0,,0,0,0,0,28,7,26,5,23,0,4.5,22.5,15,0,0,0,0,0,0,0,0,0,1,6,0,3,35,0,0,0,0,0,0,0,0,0,0,0,0,0,,,0,0,0,0,0,0,0,0,0,0,0,0,,,,0,0,0,0,0,0,0,,0,0,0,0,,0,0,,0,0,0,0,0,0,0,0,0,0,0,0
00-0034334,T.Apke,Troy Apke,DB,DB,"https://static.www.nfl.com/image/private/f_auto,q_auto/league/hyjxqk3lqmmxgboslzqh",2021,REG,WAS,8,0,0,0,0,0,0,0,0,0,0,0,0,,,0,,0,0,0,0,0,0,0,0,0,0,,0,0,0,0,0,0,0,0,0,0,0,0,0,0,,0,0,0,0,0,,0,0,0,0,4,1,1,0,0,0,0,0,0,0,0,0,0,0,0,0,1,0,0,0,0,2,10,0,0,0,0,0,0,0,0,0,0,0,0,0,,,0,0,0,0,0,0,0,0,0,0,0,0,,,,0,0,0,0,0,0,0,,0,0,0,0,,0,0,,0,0,0,0,0,0,0,0,0,0,0,0
00-0034335,M.Allen,Marcus Allen,LB,LB,"https://static.www.nfl.com/image/private/f_auto,q_auto/league/vvpy4ouo24iqozvyp4rc",2021,REG,PIT,6,0,0,0,0,0,0,0,0,0,0,0,0,,,0,,0,0,0,0,0,0,0,0,0,0,,0,0,0,0,0,0,0,0,0,0,0,0,0,0,,0,0,0,0,0,,0,0,0,0,5,1,7,0,0,0,0,0,0,0,0,0,0,0,0,0,0,0,0,0,0,2,15,0,0,0,0,0,0,0,0,0,0,0,0,0,,,0,0,0,0,0,0,0,0,0,0,0,0,,,,0,0,0,0,0,0,0,,0,0,0,0,,0,0,,0,0,0,0,0,0,0,0,0,0,0,0
00-0034342,Q.Nelson,Quenton Nelson,G,OL,"https://static.www.nfl.com/image/upload/f_auto,q_auto/league/bzj1mpc7ykpkks4nmokp",2021,REG,IND,4,0,0,0,0,0,0,0,0,0,0,0,0,,,0,,0,0,0,0,0,0,0,0,0,0,,0,0,0,0,0,0,0,0,0,0,0,0,0,0,,0,0,0,0,0,,0,0,0,0,0,1,0,0,0,0,0,0,0,0,0,0,0,0,0,0,0,0,0,0,0,4,35,0,0,0,0,0,0,0,0,0,0,0,0,0,,,0,0,0,0,0,0,0,0,0,0,0,0,,,,0,0,0,0,0,0,0,,0,0,0,0,,0,0,,0,0,0,0,0,0,0,0,0,0,0,0
00-0034343,J.Rosen,Josh Rosen,QB,QB,"https://static.www.nfl.com/image/private/f_auto,q_auto/league/nqycxzi8tkcyauk55mj8",2021,REG,ATL,3,2,11,19,0,2,0,0,0,0,121,11,1,-18.7048769602552,-43.2223261892796,0,0.15702479338843,1,0,0,0,0,0,0,0,0,0,,0,0,0,0,0,0,0,0,0,0,0,0,0,0,,0,0,0,0,0,,0,0,0,0,0,0,0,0,0,0,0,0,0,0,0,0,0,0,0,0,0,0,0,0,0,0,0,0,0,0,0,0,0,0,0,0,0,0,0,0,,,0,0,0,0,0,0,0,0,0,0,0,0,,,,0,0,0,0,0,0,0,,0,0,0,0,,0,0,,0,0,0,0,0,0,0,0,0,0,-3.24,-3.24
00-0034344,M.Davenport,Marcus Davenport,DE,DL,"https://static.www.nfl.com/image/upload/f_auto,q_auto/league/hauze2vwdskhaiqjifk1",2021,REG,NO,11,0,0,0,0,0,0,0,0,0,0,0,0,,,0,,0,0,0,0,0,0,0,0,0,0,,0,0,0,0,0,0,0,0,0,0,0,0,0,0,,0,0,0,0,0,,0,0,0,0,21,2,16,8,40,3,9,62,16,0,0,0,0,0,0,0,0,0,1,1,0,2,20,0,0,0,0,0,0,0,0,0,0,0,0,0,,,0,0,0,0,0,0,0,0,0,0,0,0,,,,0,0,0,0,0,0,0,,0,0,0,0,,0,0,,0,0,0,0,0,0,0,0,0,0,0,0
00-0034346,W.Hernandez,Will Hernandez,G,OL,"https://static.www.nfl.com/image/upload/f_auto,q_auto/league/ut7l385k6rcyhgsh7q40",2021,REG,NYG,5,0,0,0,0,0,0,0,0,0,0,0,0,,,0,,0,0,0,0,0,0,0,0,0,0,,0,0,0,0,0,0,0,0,0,0,0,0,0,0,,0,0,0,0,0,,0,0,0,0,0,0,0,0,0,0,0,0,0,0,0,0,0,0,0,0,1,0,0,0,0,6,35,0,0,0,0,0,0,0,0,0,0,0,0,0,,,0,0,0,0,0,0,0,0,0,0,0,0,,,,0,0,0,0,0,0,0,,0,0,0,0,,0,0,,0,0,0,0,0,0,0,0,0,0,0,0
00-0034347,J.Daniels,James Daniels,G,OL,"https://static.www.nfl.com/image/upload/f_auto,q_auto/league/w6h18noq7m3jxrfjytgs",2021,REG,CHI,6,0,0,0,0,0,0,0,0,0,0,0,0,,,0,,0,0,0,0,0,0,0,0,0,0,,0,0,0,0,0,0,0,0,0,0,0,0,0,0,,0,0,0,0,0,,0,0,0,0,1,0,0,0,0,0,0,0,0,0,0,0,0,0,0,0,0,0,0,0,0,6,48,0,0,0,0,0,0,0,0,0,0,0,0,0,,,0,0,0,0,0,0,0,0,0,0,0,0,,,,0,0,0,0,0,0,0,,0,0,0,0,,0,0,,0,0,0,0,0,0,0,0,0,0,0,0
00-0034348,C.Sutton,Courtland Sutton,WR,WR,"https://static.www.nfl.com/image/upload/f_auto,q_auto/league/r2sr6cbma4c7wc3isejj",2021,REG,DEN,17,1,1,16,0,0,0,0,0,0,15,1,1,1.0016340004513,44.0286040306091,0,1.06666666666667,1,1,0,0,0,0,0,0,0,0,,0,0,0,0,0,58,98,776,2,0,0,1509,135,35,20.2071183701012,1,32,13,9,2,0.514247846255799,0.189555125725339,0.331502636203866,0.516384533930714,0,0,0,0,0,0,0,0,0,0,0,0,0,0,0,0,0,0,0,0,0,0,5,45,0,0,0,0,0,0,0,0,0,0,0,0,0,,,0,0,0,0,0,0,0,0,0,0,0,0,,,,0,0,0,0,0,0,0,,0,0,0,0,,0,0,,0,0,0,0,0,0,0,0,0,0,92.24,150.24
00-0034350,U.Nwosu,Uchenna Nwosu,LB,LB,"https://static.www.nfl.com/image/upload/f_auto,q_auto/league/eovri4ccfixdbtikxbyg",2021,REG,LAC,17,0,0,0,0,0,0,0,0,0,0,0,0,,,0,,0,0,0,0,0,0,0,0,0,0,,0,0,0,0,0,0,0,0,0,0,0,0,0,0,,0,0,0,0,0,,0,0,0,0,17,7,16,7,32,2,5,36,17,1,2,4,0,0,0,0,0,0,1,0,0,3,13,0,0,0,0,0,0,0,0,0,0,0,0,0,,,0,0,0,0,0,0,0,0,0,0,0,0,,,,0,0,0,0,0,0,0,,0,0,0,0,,0,0,,0,0,0,0,0,0,0,0,0,0,0,0
00-0034351,D.Goedert,Dallas Goedert,TE,TE,"https://static.www.nfl.com/image/upload/f_auto,q_auto/league/a6ljhwvkehvyiufdx3d1",2021,REG,PHI,15,0,0,0,0,0,0,0,0,0,0,0,0,,,0,,0,0,0,0,0,0,0,0,0,0,,0,0,0,0,0,56,76,830,4,1,0,643,386,42,53.383431919151,1,39,23,14,1,1.29082426127527,0.162393162393162,0.152009456264775,0.349996362975086,0,0,0,0,0,0,0,0,0,0,0,0,0,0,0,0,8,1,0,0,0,0,2,15,1,0,1,1,0,0,0,0,0,0,0,0,0,,,0,0,0,0,0,0,0,0,0,0,0,0,,,,0,0,0,0,0,0,0,,0,0,0,0,,0,0,,0,0,0,0,0,0,0,0,0,0,109,165
00-0034352,C.Williams,Connor Williams,C,OL,"https://static.www.nfl.com/image/upload/f_auto,q_auto/league/pmwlc2ff9pjeethlzoit",2021,REG,DAL,7,0,0,0,0,0,0,0,0,0,0,0,0,,,0,,0,0,0,0,0,0,0,0,0,0,,0,0,0,0,0,0,0,0,0,0,0,0,0,0,,0,0,0,0,0,,0,0,0,0,0,0,0,0,0,0,0,0,0,0,0,0,0,0,0,0,0,0,0,0,0,12,130,0,0,0,0,0,0,0,0,0,0,0,0,0,,,0,0,0,0,0,0,0,0,0,0,0,0,,,,0,0,0,0,0,0,0,,0,0,0,0,,0,0,,0,0,0,0,0,0,0,0,0,0,0,0
00-0034353,A.Miller,Anthony Miller,WR,WR,"https://static.www.nfl.com/image/upload/f_auto,q_auto/league/wyblvutn6o4g6cunyhc2",2021,REG,PIT,3,0,0,0,0,0,0,0,0,0,0,0,0,,,0,,0,0,0,0,0,0,0,0,0,0,,0,0,0,0,0,6,12,25,1,0,0,76,10,3,-11.3831893136376,0,1,0,0,0,0.328947368421053,0.0229445506692161,0.0190142606955216,0.0477268084906892,0,0,0,0,0,0,0,0,0,0,0,0,0,0,0,0,0,0,0,0,0,0,0,0,0,0,0,0,0,0,0,0,0,0,0,0,0,,,0,0,0,0,0,0,0,0,0,0,0,0,,,,0,0,0,0,0,0,0,,0,0,0,0,,0,0,,0,0,0,0,0,0,0,0,0,0,8.5,14.5
00-0034354,K.Turay,Kemoko Turay,DE,DL,"https://static.www.nfl.com/image/private/f_auto,q_auto/league/zxutsh3ix53bwyfe5go5",2021,REG,IND,8,0,0,0,0,0,0,0,0,0,0,0,0,,,0,,0,0,0,0,0,0,0,0,0,0,,0,0,0,0,0,0,0,0,0,0,0,0,0,0,,0,0,0,0,0,,0,0,0,0,6,0,3,5,36,0,5.5,37.5,8,0,0,0,0,0,0,0,0,0,1,0,0,2,20,0,0,0,0,0,0,0,0,0,0,0,0,0,,,0,0,0,0,0,0,0,0,0,0,0,0,,,,0,0,0,0,0,0,0,,0,0,0,0,,0,0,,0,0,0,0,0,0,0,0,0,0,0,0
00-0034355,M.Stewart,M.J. Stewart,SAF,DB,"https://static.www.nfl.com/image/upload/f_auto,q_auto/league/ks5w5s7jghanmslipbfs",2021,REG,CLE,10,0,0,0,0,0,0,0,0,0,0,0,0,,,0,,0,0,0,0,0,0,0,0,0,0,,0,0,0,0,0,0,0,0,0,0,0,0,0,0,,0,0,0,0,0,,0,0,0,0,29,5,13,1,2,1,0,0,0,0,0,4,0,0,0,0,0,0,0,0,0,3,66,0,0,0,0,0,0,0,1,20,0,0,0,0,,,0,0,0,0,0,0,0,0,0,0,0,0,,,,0,0,0,0,0,0,0,,0,0,0,0,,0,0,,0,0,0,0,0,0,0,0,0,0,0,0
00-0034356,D.Jackson,Donte Jackson,CB,DB,"https://static.www.nfl.com/image/upload/f_auto,q_auto/league/nliq6ydokq7tica1y1gq",2021,REG,CAR,12,0,0,0,0,0,0,0,0,0,0,0,0,,,0,,0,0,0,0,0,0,0,0,0,0,,0,0,0,0,0,0,0,0,0,0,0,0,0,0,,0,0,0,0,0,,0,0,0,0,48,2,11,2,5,1,0,0,0,2,21,10,0,0,0,0,0,0,0,0,0,6,82,0,0,0,0,0,0,0,0,0,0,0,0,0,,,0,0,0,0,0,0,0,0,0,0,0,0,,,,0,0,0,0,0,0,0,,0,0,0,0,,0,0,,0,0,0,0,0,0,0,0,0,0,0,0
00-0034357,I.Oliver,Isaiah Oliver,FS,DB,"https://static.www.nfl.com/image/upload/f_auto,q_auto/league/s5m8lnvv8xcidpvkyyd4",2021,REG,ATL,4,0,0,0,0,0,0,0,0,0,0,0,0,,,0,,0,0,0,0,0,0,0,0,0,0,,0,0,0,0,0,0,0,0,0,0,0,0,0,0,,0,0,0,0,0,,0,0,0,0,7,0,4,0,0,1,0,0,1,0,0,3,0,0,0,0,0,0,1,2,0,0,0,0,0,0,0,0,0,0,0,0,0,0,0,0,,,0,0,0,0,0,0,0,0,0,0,0,0,,,,0,0,0,0,0,0,0,,0,0,0,0,,0,0,,0,0,0,0,0,0,0,0,0,0,0,0
00-0034359,T.Lewis,Tyquan Lewis,DE,DL,"https://static.www.nfl.com/image/upload/f_auto,q_auto/league/d47ganmptjxxpyhctc8x",2021,REG,IND,8,0,0,0,0,0,0,0,0,0,0,0,0,,,0,,0,0,0,0,0,0,0,0,0,0,,0,0,0,0,0,0,0,0,0,0,0,0,0,0,,0,0,0,0,0,,0,0,0,0,6,4,4,3,11,0,2.5,3.5,6,1,8,2,0,1,0,0,0,0,0,0,0,0,0,0,1,0,1,1,0,0,0,0,0,0,0,0,,,0,0,0,0,0,0,0,0,0,0,0,0,,,,0,0,0,0,0,0,0,,0,0,0,0,,0,0,,0,0,0,0,0,0,0,0,0,0,0,0
00-0034360,L.Carter,Lorenzo Carter,LB,LB,"https://static.www.nfl.com/image/upload/f_auto,q_auto/league/gdpt5q1cisicb1uv7xfq",2021,REG,NYG,14,0,0,0,0,0,0,0,0,0,0,0,0,,,0,,0,0,0,0,0,0,0,0,0,0,,0,0,0,0,0,0,0,0,0,0,0,0,0,0,,0,0,0,0,0,,0,0,0,0,22,6,22,6,14,2,5,16,8,1,1,5,0,0,0,0,0,0,1,0,0,2,10,0,0,0,0,0,0,0,0,0,0,0,0,0,,,0,0,0,0,0,0,0,0,0,0,0,0,,,,0,0,0,0,0,0,0,,0,0,0,0,,0,0,,0,0,0,0,0,0,0,0,0,0,0,0
00-0034361,Ju.Reid,Justin Reid,S,DB,"https://static.www.nfl.com/image/upload/f_auto,q_auto/league/ysi7vrkwfhei6adamgb3",2021,REG,HOU,13,0,0,0,0,0,0,0,0,0,0,0,0,,,0,,0,0,0,0,0,0,0,0,0,0,,0,0,0,0,0,0,0,0,0,0,0,0,0,0,,0,0,0,0,0,,0,0,0,0,36,5,25,1,2,1,0,0,0,2,45,4,0,0,0,0,0,0,0,0,0,2,15,0,0,0,0,0,0,0,0,0,0,0,0,0,,,0,0,0,0,0,0,0,0,0,0,0,0,,,,0,0,0,0,0,0,0,,0,0,0,0,,0,0,,0,0,0,0,0,0,0,0,0,0,0,0
00-0034364,J.Akins,Jordan Akins,TE,TE,"https://static.www.nfl.com/image/private/f_auto,q_auto/league/fgkl9zfpy2yxrkxfge84",2021,REG,HOU,12,0,0,0,0,0,0,0,0,0,0,0,0,,,0,,0,0,0,0,1,3,0,0,0,1,0.498527484713122,0,0,0,0,0,24,33,214,0,2,2,207,81,11,-8.52572324274061,0,8,3,1,0,1.03381642512077,0.0630975143403442,0.0517888416312234,0.130898460652373,0,1,0,0,0,0,0,0,0,0,0,0,0,0,0,0,0,0,0,0,0,0,4,48,2,0,0,2,2,0,0,0,0,0,0,0,0,,,0,0,0,0,0,0,0,0,0,0,0,0,,,,0,0,0,0,0,0,0,,0,0,0,0,,0,0,,0,0,0,0,0,0,0,0,0,0,17.7,41.7
00-0034365,I.Thomas,Ian Thomas,TE,TE,"https://static.www.nfl.com/image/upload/f_auto,q_auto/league/gvpwnq0mjefjlekgzxro",2021,REG,CAR,14,0,0,0,0,0,0,0,0,0,0,0,0,,,0,,0,0,0,0,0,0,0,0,0,0,,0,0,0,0,0,18,30,188,0,0,0,183,92,6,-15.7795985957491,0,6,4,3,1,1.02732240437158,0.0521739130434783,0.0414308354086484,0.107262454351271,0,1,0,0,0,0,0,0,0,0,0,0,0,0,0,0,0,1,9,0,0,0,3,26,0,0,0,0,0,0,0,0,0,0,0,0,0,,,0,0,0,0,0,0,0,0,0,0,0,0,,,,0,0,0,0,0,0,0,,0,0,0,0,,0,0,,0,0,0,0,0,0,0,0,0,0,18.8,36.8
00-0034366,K.Coutee,Keke Coutee,WR,WR,"https://static.www.nfl.com/image/private/f_auto,q_auto/league/b63h388y8kzvntk6tuqx",2021,REG,IND,1,0,0,0,0,0,0,0,0,0,0,0,0,,,0,,0,0,0,0,0,0,0,0,0,0,,0,0,0,0,0,1,1,5,0,0,0,5,0,0,-0.168915360234678,0,0,0,0,0,1,0.00199203187250996,0.00125,0.00386304780876494,0,0,0,0,0,0,0,0,0,0,0,0,0,0,0,0,0,0,0,0,0,0,0,0,0,0,0,0,0,0,0,0,0,0,0,0,0,,,0,0,0,0,0,0,0,0,0,0,0,0,,,,0,0,0,0,0,0,0,,0,0,0,0,,0,0,,0,0,0,0,0,0,0,0,0,0,0.5,1.5
00-0034367,N.Hines,Nyheim Hines,RB,RB,"https://static.www.nfl.com/image/upload/f_auto,q_auto/league/ud1q6gh3tlkiy2w90gvm",2021,REG,IND,17,0,0,0,0,0,0,0,0,0,0,0,0,,,0,,0,0,0,0,56,276,2,0,0,15,3.99442646857924,0,6,3,2,0,40,57,310,1,1,0,113,276,14,4.33870377099426,0,10,3,2,0,2.74336283185841,0.113545816733068,0.02825,0.190093725099602,0,0,0,0,0,0,0,0,0,0,0,0,0,0,2,0,0,1,0,0,0,0,0,0,1,2,0,3,2,23,170,4,70,0,0,0,0,,,0,0,0,0,0,0,0,0,0,0,0,0,,,,0,0,0,0,0,0,0,,0,0,0,0,,0,0,,0,0,0,0,0,0,0,0,0,0,76.6,116.6
00-0034368,J.Jewell,Josey Jewell,ILB,LB,"https://static.www.nfl.com/image/upload/f_auto,q_auto/league/kzgkkm7e7uqslan5amxh",2021,REG,DEN,2,0,0,0,0,0,0,0,0,0,0,0,0,,,0,,0,0,0,0,0,0,0,0,0,0,,0,0,0,0,0,0,0,0,0,0,0,0,0,0,,0,0,0,0,0,,0,0,0,0,7,0,1,2,10,1,0,0,0,0,0,1,0,0,0,0,0,0,0,0,0,0,0,0,0,0,0,0,0,0,0,0,0,0,0,0,,,0,0,0,0,0,0,0,0,0,0,0,0,,,,0,0,0,0,0,0,0,,0,0,0,0,,0,0,,0,0,0,0,0,0,0,0,0,0,0,0
00-0034371,D.Hand,Da'Shawn Hand,DE,DL,"https://static.www.nfl.com/image/upload/f_auto,q_auto/league/n3ujcvyv6nl5oletxa6g",2021,REG,DET,2,0,0,0,0,0,0,0,0,0,0,0,0,,,0,,0,0,0,0,0,0,0,0,0,0,,0,0,0,0,0,0,0,0,0,0,0,0,0,0,,0,0,0,0,0,,0,0,0,0,1,0,1,0,0,0,0,0,0,0,0,1,0,0,0,0,0,0,0,0,0,0,0,0,0,0,0,0,0,0,0,0,0,0,0,0,,,0,0,0,0,0,0,0,0,0,0,0,0,,,,0,0,0,0,0,0,0,,0,0,0,0,,0,0,,0,0,0,0,0,0,0,0,0,0,0,0
00-0034372,J.Iyiegbuniwe,Joel Iyiegbuniwe,LB,LB,"https://static.www.nfl.com/image/private/f_auto,q_auto/league/ntka1bl777aoiw6qx4oh",2021,REG,CHI,4,0,0,0,0,0,0,0,0,0,0,0,0,,,0,,0,0,0,0,0,0,0,0,0,0,,0,0,0,0,0,0,0,0,0,0,0,0,0,0,,0,0,0,0,0,,0,0,0,0,4,0,0,0,0,1,0,0,0,0,0,0,0,0,0,0,0,0,0,0,0,0,0,0,0,0,0,0,0,0,0,0,0,0,0,0,,,0,0,0,0,0,0,0,0,0,0,0,0,,,,0,0,0,0,0,0,0,,0,0,0,0,,0,0,,0,0,0,0,0,0,0,0,0,0,0,0
00-0034373,D.Armstrong,Dorance Armstrong,DE,DL,"https://static.www.nfl.com/image/upload/f_auto,q_auto/league/cdapnpgtde1mdf7r8l5e",2021,REG,DAL,13,0,0,0,0,0,0,0,0,0,0,0,0,,,0,,0,0,0,0,0,0,0,0,0,0,,0,0,0,0,0,0,0,0,0,0,0,0,0,0,,0,0,0,0,0,,0,0,0,0,17,6,14,3,31,0,5,32.5,12,0,0,1,0,0,0,0,0,0,1,37,1,1,5,0,0,0,0,0,0,0,0,0,0,0,0,0,,,0,0,0,0,0,0,0,0,0,0,0,0,,,,0,0,0,0,0,0,0,,0,0,0,0,,0,0,,0,0,0,0,0,0,0,0,0,0,0,0
00-0034374,J.Whitehead,Jordan Whitehead,FS,DB,"https://static.www.nfl.com/image/upload/f_auto,q_auto/league/ex3cknffjss7ez1fwymu",2021,REG,TB,14,0,0,0,0,0,0,0,0,0,0,0,0,,,0,,0,0,0,0,0,0,0,0,0,0,,0,0,0,0,0,0,0,0,0,0,0,0,0,0,,0,0,0,0,0,,0,0,0,0,52,6,15,5,11,1,0,0,1,2,24,8,0,0,0,0,0,0,0,0,0,2,35,0,0,0,0,0,0,0,0,0,0,0,0,0,,,0,0,0,0,0,0,0,0,0,0,0,0,,,,0,0,0,0,0,0,0,,0,0,0,0,,0,0,,0,0,0,0,0,0,0,0,0,0,0,0
00-0034375,K.White,Kyzir White,OLB,LB,"https://static.www.nfl.com/image/upload/f_auto,q_auto/league/n5sjtcxydtaszz7yeyqw",2021,REG,LAC,17,0,0,0,0,0,0,0,0,0,0,0,0,,,0,,0,0,0,0,0,0,0,0,0,0,,0,0,0,0,0,0,0,0,0,0,0,0,0,0,,0,0,0,0,0,,0,0,0,0,66,24,54,5,9,2,1,1,4,2,22,3,0,0,0,0,0,0,0,0,0,3,24,0,0,0,0,0,0,0,0,0,0,0,0,0,,,0,0,0,0,0,0,0,0,0,0,0,0,,,,0,0,0,0,0,0,0,,0,0,0,0,,0,0,,0,0,0,0,0,0,0,0,0,0,0,0
00-0034376,T.Johnson,Taron Johnson,CB,DB,"https://static.www.nfl.com/image/upload/f_auto,q_auto/league/xdvo4thpmwbehsfwpedb",2021,REG,BUF,16,0,0,0,0,0,0,0,0,0,0,0,0,,,0,,0,0,0,0,0,0,0,0,0,0,,0,0,0,0,0,0,0,0,0,0,0,0,0,0,,0,0,0,0,0,,0,0,0,0,42,11,23,4,29,1,3,24,3,1,4,7,0,0,0,0,0,0,0,0,0,6,32,0,0,0,0,0,0,0,0,0,0,0,0,0,,,0,0,0,0,0,0,0,0,0,0,0,0,,,,0,0,0,0,0,0,0,,0,0,0,0,,0,0,,0,0,0,0,0,0,0,0,0,0,0,0
00-0034377,A.Maddox,Avonte Maddox,FS,DB,"https://static.www.nfl.com/image/upload/f_auto,q_auto/league/j2guzeu1ggx5opajjl3h",2021,REG,PHI,16,0,0,0,0,0,0,0,0,0,0,0,0,,,0,,0,0,0,0,0,0,0,0,0,0,,0,0,0,0,0,0,0,0,0,0,0,0,0,0,,0,0,0,0,0,,0,0,0,0,47,6,20,3,7,2,0.5,3.5,3,1,-1,9,0,0,0,0,0,0,0,0,0,3,50,0,0,0,0,0,0,0,0,0,0,0,0,0,,,0,0,0,0,0,0,0,0,0,0,0,0,,,,0,0,0,0,0,0,0,,0,0,0,0,,0,0,,0,0,0,0,0,0,0,0,0,0,0,0
00-0034378,I.Smith,Ito Smith,RB,RB,"https://static.www.nfl.com/image/private/f_auto,q_auto/league/dh6fxo1jdenrkgcwdpib",2021,REG,DAL,1,0,0,0,0,0,0,0,0,0,0,0,0,,,0,,0,0,0,0,1,4,1,0,0,1,2.1764224228682,0,0,0,0,0,0,0,0,0,0,0,0,0,0,,0,0,0,0,0,,0,0,0,0,0,0,0,0,0,0,0,0,0,0,0,0,0,0,0,0,0,0,0,0,0,0,0,0,0,0,0,0,0,0,0,0,0,0,0,0,,,0,0,0,0,0,0,0,0,0,0,0,0,,,,0,0,0,0,0,0,0,,0,0,0,0,,0,0,,0,0,0,0,0,0,0,0,0,0,6.4,6.4
00-0034380,W.Richardson,Will Richardson,OT,OL,"https://static.www.nfl.com/image/private/f_auto,q_auto/league/yv2b2ifjt9jlmsmh9be9",2021,REG,JAX,2,0,0,0,0,0,0,0,0,0,0,0,0,,,0,,0,0,0,0,0,0,0,0,0,0,,0,0,0,0,0,0,0,0,0,0,0,0,0,0,,0,0,0,0,0,,0,0,0,0,0,0,0,0,0,0,0,0,0,0,0,0,0,0,0,0,1,0,0,0,1,1,10,0,0,0,0,0,0,0,0,0,0,0,0,0,,,0,0,0,0,0,0,0,0,0,0,0,0,,,,0,0,0,0,0,0,0,,0,0,0,0,,0,0,,0,0,0,0,0,0,0,0,0,0,0,0
00-0034381,J.Sweat,Josh Sweat,LB,LB,"https://static.www.nfl.com/image/upload/f_auto,q_auto/league/zryjvbggvdlringt4vcn",2021,REG,PHI,15,0,0,0,0,0,0,0,0,0,0,0,0,,,0,,0,0,0,0,0,0,0,0,0,0,,0,0,0,0,0,0,0,0,0,0,0,0,0,0,,0,0,0,0,0,,0,0,0,0,17,2,26,7,53,1,7.5,52.5,13,0,0,4,0,0,0,0,0,0,0,0,0,3,16,0,0,0,0,0,0,0,0,0,0,0,0,0,,,0,0,0,0,0,0,0,0,0,0,0,0,,,,0,0,0,0,0,0,0,,0,0,0,0,,0,0,,0,0,0,0,0,0,0,0,0,0,0,0
00-0034382,M.Haynes,Marquis Haynes,LB,LB,"https://static.www.nfl.com/image/private/f_auto,q_auto/league/wnbz9bjtz8wooiq2podb",2021,REG,CAR,11,0,0,0,0,0,0,0,0,0,0,0,0,,,0,,0,0,0,0,0,0,0,0,0,0,,0,0,0,0,0,0,0,0,0,0,0,0,0,0,,0,0,0,0,0,,0,0,0,0,8,1,11,3,29,0,3,29,5,0,0,1,0,0,0,0,0,0,0,0,0,1,5,0,0,0,0,0,0,0,0,0,0,0,0,0,,,0,0,0,0,0,0,0,0,0,0,0,0,,,,0,0,0,0,0,0,0,,0,0,0,0,,0,0,,0,0,0,0,0,0,0,0,0,0,0,0
00-0034383,D.Schultz,Dalton Schultz,TE,TE,"https://static.www.nfl.com/image/upload/f_auto,q_auto/league/xbl9mhuamzv5udb4hyzj",2021,REG,DAL,17,0,0,0,0,0,0,0,0,0,0,0,0,,,0,,0,0,0,0,0,0,0,0,0,0,,0,0,0,0,0,78,104,808,8,0,0,741,341,43,46.3420838368897,1,38,13,6,0,1.09041835357625,0.163265306122449,0.144839718530102,0.346285762154745,0,1,0,0,0,0,0,0,0,0,0,0,0,0,0,0,0,0,0,0,0,0,3,30,0,0,0,0,0,0,0,0,0,0,0,0,0,,,0,0,0,0,0,0,0,0,0,0,0,0,,,,0,0,0,0,0,0,0,,0,0,0,0,,0,0,,0,0,0,0,0,0,0,0,0,0,130.8,208.8
00-0034384,D.Reed,D.J. Reed,CB,DB,"https://static.www.nfl.com/image/upload/f_auto,q_auto/league/haxt1fpxhgnobin0d5sx",2021,REG,SEA,14,0,0,0,0,0,0,0,0,0,0,0,0,,,0,,0,0,0,0,0,0,0,0,0,0,,0,0,0,0,0,0,0,0,0,0,0,0,0,0,,0,0,0,0,0,,0,0,0,0,48,14,16,0,0,0,0,0,0,2,9,10,0,0,0,0,0,0,1,0,0,4,38,0,0,0,0,0,0,0,1,19,0,0,0,0,,,0,0,0,0,0,0,0,0,0,0,0,0,,,,0,0,0,0,0,0,0,,0,0,0,0,,0,0,,0,0,0,0,0,0,0,0,0,0,0,0
00-0034385,J.Bentley,Ja'Whaun Bentley,LB,LB,"https://static.www.nfl.com/image/private/f_auto,q_auto/league/e8rbhbuuaspg5rg9djyp",2021,REG,NE,16,0,0,0,0,0,0,0,0,0,0,0,0,,,0,,0,0,0,0,0,0,0,0,0,0,,0,0,0,0,0,0,0,0,0,0,0,0,0,0,,0,0,0,0,0,,0,0,0,0,50,17,41,5,11,2,1,0,5,0,0,2,0,0,0,0,0,0,0,0,0,0,0,0,0,0,0,0,0,0,0,0,0,0,0,0,,,0,0,0,0,0,0,0,0,0,0,0,0,,,,0,0,0,0,0,0,0,,0,0,0,0,,0,0,,0,0,0,0,0,0,0,0,0,0,0,0
00-0034387,B.Nichols,Bilal Nichols,DT,DL,"https://static.www.nfl.com/image/upload/f_auto,q_auto/league/ukjuxv7bxvbfnciod79v",2021,REG,CHI,16,0,0,0,0,0,0,0,0,0,0,0,0,,,0,,0,0,0,0,0,0,0,0,0,0,,0,0,0,0,0,0,0,0,0,0,0,0,0,0,,0,0,0,0,0,,0,0,0,0,20,6,25,5,26,0,3,22,9,0,0,1,0,0,0,0,0,0,2,13,0,1,2,0,0,0,0,0,0,0,0,0,0,0,0,0,,,0,0,0,0,0,0,0,0,0,0,0,0,,,,0,0,0,0,0,0,0,,0,0,0,0,,0,0,,0,0,0,0,0,0,0,0,0,0,0,0
00-0034388,D.Harris,Davontae Harris,CB,DB,"https://static.www.nfl.com/image/private/f_auto,q_auto/league/meiwjhft9ibbbob57hvv",2021,REG,LAC,3,0,0,0,0,0,0,0,0,0,0,0,0,,,0,,0,0,0,0,0,0,0,0,0,0,,0,0,0,0,0,0,0,0,0,0,0,0,0,0,,0,0,0,0,0,,0,0,0,0,5,1,3,0,0,0,0,0,0,0,0,0,0,0,0,0,0,0,0,0,0,0,0,0,0,0,0,0,0,0,0,0,0,0,0,0,,,0,0,0,0,0,0,0,0,0,0,0,0,,,,0,0,0,0,0,0,0,,0,0,0,0,,0,0,,0,0,0,0,0,0,0,0,0,0,0,0
00-0034389,D.Cruikshank,Dane Cruikshank,DB,DB,"https://static.www.nfl.com/image/private/f_auto,q_auto/league/lnq0ypzkle8qqwbtbqr3",2021,REG,TEN,13,0,0,0,0,0,0,0,0,0,0,0,0,,,0,,0,0,0,0,0,0,0,0,0,0,,0,0,0,0,0,0,0,0,0,0,0,0,0,0,,0,0,0,0,0,,0,0,0,0,29,1,13,0,0,1,0,0,0,0,0,1,0,0,0,0,0,0,0,0,0,4,58,0,0,0,0,0,0,0,0,0,0,0,0,0,,,0,0,0,0,0,0,0,0,0,0,0,0,,,,0,0,0,0,0,0,0,,0,0,0,0,,0,0,,0,0,0,0,0,0,0,0,0,0,0,0
00-0034391,S.Neal,Siran Neal,DB,DB,"https://static.www.nfl.com/image/upload/f_auto,q_auto/league/kq7kbeol3boyczqkm9jx",2021,REG,BUF,13,0,0,0,0,0,0,0,0,0,0,0,0,,,0,,0,0,0,0,0,0,0,0,0,0,,0,0,0,0,0,0,0,0,0,0,0,0,0,0,,0,0,0,0,0,,0,0,0,0,14,2,7,0,0,1,0,0,0,0,0,0,0,0,0,0,0,0,1,0,0,6,65,0,0,0,0,0,0,0,0,0,0,0,0,0,,,0,0,0,0,0,0,0,0,0,0,0,0,,,,0,0,0,0,0,0,0,,0,0,0,0,,0,0,,0,0,0,0,0,0,0,0,0,0,0,0
00-0034392,S.Quessenberry,Scott Quessenberry,C,OL,"https://static.www.nfl.com/image/upload/f_auto,q_auto/league/zqaqqvrkslfwsd9jpe9d",2021,REG,LAC,1,0,0,0,0,0,0,0,0,0,0,0,0,,,0,,0,0,0,0,0,0,0,0,0,0,,0,0,0,0,0,0,0,0,0,0,0,0,0,0,,0,0,0,0,0,,0,0,0,0,0,0,0,0,0,0,0,0,0,0,0,0,0,0,0,0,0,0,0,0,0,1,10,0,0,0,0,0,0,0,0,0,0,0,0,0,,,0,0,0,0,0,0,0,0,0,0,0,0,,,,0,0,0,0,0,0,0,,0,0,0,0,,0,0,,0,0,0,0,0,0,0,0,0,0,0,0
00-0034394,A.Brown,Andrew Brown,DT,DL,"https://static.www.nfl.com/image/private/f_auto,q_auto/league/heu1susadiq5soqjuu95",2021,REG,LAC,1,0,0,0,0,0,0,0,0,0,0,0,0,,,0,,0,0,0,0,0,0,0,0,0,0,,0,0,0,0,0,0,0,0,0,0,0,0,0,0,,0,0,0,0,0,,0,0,0,0,0,1,0,0,0,0,0,0,0,0,0,0,0,0,0,0,0,0,0,0,0,0,0,0,0,0,0,0,0,0,0,0,0,0,0,0,,,0,0,0,0,0,0,0,0,0,0,0,0,,,,0,0,0,0,0,0,0,,0,0,0,0,,0,0,,0,0,0,0,0,0,0,0,0,0,0,0
00-0034395,D.Fountain,Daurice Fountain,WR,WR,"https://static.www.nfl.com/image/upload/f_auto,q_auto/league/o1qlrzg7ddwfh7igt5e7",2021,REG,KC,1,0,0,0,0,0,0,0,0,0,0,0,0,,,0,,0,0,0,0,0,0,0,0,0,0,,0,0,0,0,0,0,0,0,0,0,0,0,0,0,,0,0,0,0,0,,0,0,0,0,1,0,0,0,0,0,0,0,0,0,0,0,0,0,0,0,0,0,0,0,0,0,0,0,0,0,0,0,0,0,0,0,0,0,0,0,,,0,0,0,0,0,0,0,0,0,0,0,0,,,,0,0,0,0,0,0,0,,0,0,0,0,,0,0,,0,0,0,0,0,0,0,0,0,0,0,0
00-0034396,J.Carter,Jermaine Carter,LB,LB,"https://static.www.nfl.com/image/private/f_auto,q_auto/league/fhapg5qbmfpegoms05cf",2021,REG,CAR,17,0,0,0,0,0,0,0,0,0,0,0,0,,,0,,0,0,0,0,0,0,0,0,0,0,,0,0,0,0,0,0,0,0,0,0,0,0,0,0,,0,0,0,0,0,,0,0,0,0,36,2,50,3,10,0,0,0,3,0,0,1,0,0,0,0,0,0,1,0,0,2,20,0,0,0,0,0,0,0,0,0,0,0,0,0,,,0,0,0,0,0,0,0,0,0,0,0,0,,,,0,0,0,0,0,0,0,,0,0,0,0,,0,0,,0,0,0,0,0,0,0,0,0,0,0,0
00-0034397,T.Settle,Tim Settle,DT,DL,"https://static.www.nfl.com/image/upload/f_auto,q_auto/league/jhb7b9b6r8yybbltih4v",2021,REG,WAS,10,0,0,0,0,0,0,0,0,0,0,0,0,,,0,,0,0,0,0,0,0,0,0,0,0,,0,0,0,0,0,0,0,0,0,0,0,0,0,0,,0,0,0,0,0,,0,0,0,0,7,0,6,4,9,0,0,0,0,0,0,0,0,0,0,0,0,0,1,6,0,0,0,0,0,0,0,0,0,0,0,0,0,0,0,0,,,0,0,0,0,0,0,0,0,0,0,0,0,,,,0,0,0,0,0,0,0,,0,0,0,0,,0,0,,0,0,0,0,0,0,0,0,0,0,0,0
00-0034399,W.Teller,Wyatt Teller,G,OL,"https://static.www.nfl.com/image/upload/f_auto,q_auto/league/cssfbsfmyuubkg0js8ni",2021,REG,CLE,7,0,0,0,0,0,0,0,0,0,0,0,0,,,0,,0,0,0,0,0,0,0,0,0,0,,0,0,0,0,0,0,0,0,0,0,0,0,0,0,,0,0,0,0,0,,0,0,0,0,0,0,0,0,0,0,0,0,0,0,0,0,0,0,0,0,0,0,0,0,0,9,89,0,0,0,0,0,0,0,0,0,0,0,0,0,,,0,0,0,0,0,0,0,0,0,0,0,0,,,,0,0,0,0,0,0,0,,0,0,0,0,,0,0,,0,0,0,0,0,0,0,0,0,0,0,0
00-0034400,J.Wilkins,Jordan Wilkins,RB,RB,"https://static.www.nfl.com/image/private/f_auto,q_auto/league/ltz7ffp0fnywwhcm2d3z",2021,REG,TEN,2,0,0,0,0,0,0,0,0,0,0,0,0,,,0,,0,0,0,0,0,0,0,0,0,0,,0,0,0,0,0,0,0,0,0,0,0,0,0,0,,0,0,0,0,0,,0,0,0,0,1,0,0,0,0,0,0,0,0,0,0,0,0,0,0,0,0,0,0,0,0,1,15,0,0,0,0,0,0,0,1,17,0,0,0,0,,,0,0,0,0,0,0,0,0,0,0,0,0,,,,0,0,0,0,0,0,0,,0,0,0,0,,0,0,,0,0,0,0,0,0,0,0,0,0,0,0
00-0034401,M.White,Mike White,QB,QB,"https://static.www.nfl.com/image/upload/f_auto,q_auto/league/ctdcazjooi8u5iyf82vr",2021,REG,NYJ,4,88,132,953,5,8,4,-18,0,0,781,566,49,1.9931785218304,-2.09214066276114,0,1.2202304737516,43,19,11,0,5,-1,0,0,0,2,-0.670219584018923,0,0,0,0,0,0,0,0,0,0,0,0,0,0,1.053,1,0,0,0,0,,0,0,0,0,0,0,0,0,0,0,0,0,0,0,0,0,0,0,0,0,0,0,0,0,0,0,0,0,0,0,0,0,0,0,0,0,0,0,0,0,,,0,0,0,0,0,0,0,0,0,0,0,0,,,,0,0,0,0,0,0,0,,0,0,0,0,,0,0,,0,0,0,0,0,0,0,0,0,0,44.02,44.02
00-0034404,K.Fitts,Kylie Fitts,LB,LB,"https://static.www.nfl.com/image/private/f_auto,q_auto/league/adqckkqriptgvu0qfs8s",2021,REG,ARI,2,0,0,0,0,0,0,0,0,0,0,0,0,,,0,,0,0,0,0,0,0,0,0,0,0,,0,0,0,0,0,0,0,0,0,0,0,0,0,0,,0,0,0,0,0,,0,0,0,0,1,1,0,0,0,0,0,0,1,0,0,0,0,0,0,0,0,0,0,0,0,0,0,0,0,0,0,0,0,0,0,0,0,0,0,0,,,0,0,0,0,0,0,0,0,0,0,0,0,,,,0,0,0,0,0,0,0,,0,0,0,0,,0,0,,0,0,0,0,0,0,0,0,0,0,0,0
00-0034407,R.McCloud,Ray-Ray McCloud,WR,WR,"https://static.www.nfl.com/image/upload/f_auto,q_auto/league/nvwn3sdihyyd2itjt7vy",2021,REG,PIT,16,0,0,0,0,0,0,0,0,0,0,0,0,,,0,,0,0,0,0,2,15,0,0,0,0,0.0395745519781485,0,1,0,0,0,39,66,277,0,1,0,421,116,18,-14.2788928315848,0,13,4,2,0,0.657957244655582,0.101071975497703,0.0948411804460464,0.217996789558787,0,2,0,0,0,0,0,0,0,0,0,0,0,0,3,0,0,2,0,0,0,0,2,23,3,1,0,4,1,38,367,35,776,0,0,0,0,,,0,0,0,0,0,0,0,0,0,0,0,0,,,,0,0,0,0,0,0,0,,0,0,0,0,,0,0,,0,0,0,0,0,0,0,0,0,0,29.2,68.2
00-0034411,R.Gage,Russell Gage,WR,WR,"https://static.www.nfl.com/image/upload/f_auto,q_auto/league/oigboeq0amnbgw7lnda0",2021,REG,ATL,13,0,0,0,0,0,0,0,0,0,0,0,0,,,0,,0,0,0,0,0,0,0,0,0,0,,0,0,0,0,0,66,94,770,4,2,2,882,248,37,9.49708630586398,0,31,16,8,1,0.873015873015873,0.169675090252708,0.212889210716872,0.403535082880872,0,1,0,0,0,0,0,0,0,0,0,0,0,0,0,0,0,0,0,0,0,0,1,5,2,0,0,2,2,0,0,0,0,0,0,0,0,,,0,0,0,0,0,0,0,0,0,0,0,0,,,,0,0,0,0,0,0,0,,0,0,0,0,,0,0,,0,0,0,0,0,0,0,0,0,0,97,163
00-0034413,F.Oluokun,Foye Oluokun,LB,LB,"https://static.www.nfl.com/image/private/f_auto,q_auto/league/ldsewkhf1k2uxwcud0bj",2021,REG,ATL,17,0,0,0,0,0,0,0,0,0,0,0,0,,,0,,0,0,0,0,0,0,0,0,0,0,,0,0,0,0,0,0,0,0,0,0,0,0,0,0,,0,0,0,0,0,,0,0,0,0,88,14,90,3,19,1,2,14,7,3,80,6,0,0,0,0,0,0,0,0,0,1,14,0,0,0,0,0,0,0,0,0,0,0,0,0,,,0,0,0,0,0,0,0,0,0,0,0,0,,,,0,0,0,0,0,0,0,,0,0,0,0,,0,0,,0,0,0,0,0,0,0,0,0,0,0,0
00-0034414,B.Scott,Boston Scott,RB,RB,"https://static.www.nfl.com/image/upload/f_auto,q_auto/league/drf1wvqkjdvtu1rtxvfe",2021,REG,PHI,11,0,0,0,0,0,0,0,0,0,0,0,0,,,0,,0,0,0,0,87,373,7,1,1,24,3.19222955618696,0,7,6,2,0,13,16,83,0,0,0,-9,96,3,-4.42767998964845,0,3,3,0,0,-9.22222222222222,0.0341880341880342,-0.00212765957446809,0.0497926895799236,0,1,0,1,0,0,0,0,0,0,0,0,0,0,0,0,0,0,0,0,0,0,0,0,1,0,0,1,1,0,0,1,13,0,0,0,0,,,0,0,0,0,0,0,0,0,0,0,0,0,,,,0,0,0,0,0,0,0,,0,0,0,0,,0,0,,0,0,0,0,0,0,0,0,0,0,85.6,98.6
00-0034417,M.Pryor,Matt Pryor,OT,OL,"https://static.www.nfl.com/image/upload/f_auto,q_auto/league/bkhsm8by729olvyrixw9",2021,REG,IND,4,0,0,0,0,0,0,0,0,0,0,0,0,,,0,,0,0,0,0,0,0,0,0,0,0,,0,0,0,0,0,0,0,0,0,0,0,0,0,0,,0,0,0,0,0,,0,0,0,0,0,0,0,0,0,0,0,0,0,0,0,0,0,0,0,0,0,0,0,0,0,6,50,0,0,0,0,0,0,0,0,0,0,0,0,0,,,0,0,0,0,0,0,0,0,0,0,0,0,,,,0,0,0,0,0,0,0,,0,0,0,0,,0,0,,0,0,0,0,0,0,0,0,0,0,0,0
00-0034418,C.Wilson,Cedrick Wilson Jr.,WR,WR,"https://static.www.nfl.com/image/upload/f_auto,q_auto/league/cf6fmi91zijiovftx9qk",2021,REG,DAL,14,3,3,88,0,0,0,0,0,0,67,21,3,5.74903954978799,45.4748014609019,0,1.3134328358209,3,3,3,0,2,11,0,0,0,1,1.03284083427582,0,0,0,0,0,45,61,602,6,1,0,595,260,27,35.8303827635755,1,23,13,8,2,1.01176470588235,0.0957613814756672,0.116301798279906,0.225053331009435,0,1,0,0,0,0,0,0,0,0,0,0,0,0,2,0,0,1,0,0,0,0,0,0,1,2,0,3,0,11,36,0,0,0,0,0,0,,,0,0,0,0,0,0,0,0,0,0,0,0,,,,0,0,0,0,0,0,0,,0,0,0,0,,0,0,,0,0,0,0,0,0,0,0,0,0,102.82,147.82
00-0034419,B.Berrios,Braxton Berrios,WR,WR,"https://static.www.nfl.com/image/upload/f_auto,q_auto/league/striwxmn9t0ixherw7l8",2021,REG,NYJ,16,0,0,0,0,0,0,0,0,0,0,0,0,,,0,,0,0,0,0,7,40,2,0,0,3,5.0144438938587,0,1,0,0,0,46,65,431,2,1,1,332,264,21,7.82737549621379,0,16,6,5,1,1.29819277108434,0.111876075731497,0.0763393883651414,0.221251685452845,1,0,0,0,0,0,0,0,0,0,0,0,0,0,0,0,0,0,0,0,0,0,1,10,1,0,0,1,1,15,201,28,852,0,0,0,0,,,0,0,0,0,0,0,0,0,0,0,0,0,,,,0,0,0,0,0,0,0,,0,0,0,0,,0,0,,0,0,0,0,0,0,0,0,0,0,75.1,121.1
00-0034424,M.Adams,Matthew Adams,OLB,LB,"https://static.www.nfl.com/image/upload/f_auto,q_auto/league/czuncqaya4qcf5guud1f",2021,REG,IND,9,0,0,0,0,0,0,0,0,0,0,0,0,,,0,,0,0,0,0,0,0,0,0,0,0,,0,0,0,0,0,0,0,0,0,0,0,0,0,0,,0,0,0,0,0,,0,0,0,0,7,1,2,0,0,0,0,0,0,0,0,0,0,0,0,0,0,0,0,0,0,0,0,0,0,0,0,0,0,0,0,0,0,0,0,0,,,0,0,0,0,0,0,0,0,0,0,0,0,,,,0,0,0,0,0,0,0,,0,0,0,0,,0,0,,0,0,0,0,0,0,0,0,0,0,0,0
00-0034429,J.Mailata,Jordan Mailata,OT,OL,"https://static.www.nfl.com/image/upload/f_auto,q_auto/league/vpfwqsmjzkby3auc0m5q",2021,REG,PHI,6,0,0,0,0,0,0,0,0,0,0,0,0,,,0,,0,0,0,0,0,0,0,0,0,0,,0,0,0,0,0,0,0,0,0,0,0,0,0,0,,0,0,0,0,0,,0,0,0,0,0,0,2,0,0,0,0,0,0,0,0,0,0,0,0,0,0,0,0,0,0,7,55,0,0,0,0,0,0,0,0,0,0,0,0,0,,,0,0,0,0,0,0,0,0,0,0,0,0,,,,0,0,0,0,0,0,0,,0,0,0,0,,0,0,,0,0,0,0,0,0,0,0,0,0,0,0
00-0034430,A.Smith,Andre Smith,LB,LB,"https://static.www.nfl.com/image/private/f_auto,q_auto/league/qhetc78j5dmrlzwhpk1o",2021,REG,BUF,10,0,0,0,0,0,0,0,0,0,0,0,0,,,0,,0,0,0,0,0,0,0,0,0,0,,0,0,0,0,0,0,0,0,0,0,0,0,0,0,,0,0,0,0,0,,0,0,0,0,3,1,6,0,0,0,0,0,0,0,0,0,0,0,0,0,0,0,1,0,0,1,10,0,0,0,0,0,0,0,0,0,0,0,0,0,,,0,0,0,0,0,0,0,0,0,0,0,0,,,,0,0,0,0,0,0,0,,0,0,0,0,,0,0,,0,0,0,0,0,0,0,0,0,0,0,0
00-0034431,Z.Franklin,Zaire Franklin,OLB,LB,"https://static.www.nfl.com/image/upload/f_auto,q_auto/league/sjssdwwimkrgh3jzuo89",2021,REG,IND,16,0,0,0,0,0,0,0,0,0,0,0,0,,,0,,0,0,0,0,0,0,0,0,0,0,,0,0,0,0,0,0,0,0,0,0,0,0,0,0,,0,0,0,0,0,,0,0,0,0,17,4,19,1,2,0,0,0,0,1,8,2,0,0,0,0,1,0,0,0,0,1,15,0,0,0,0,0,0,0,0,0,0,0,0,0,,,0,0,0,0,0,0,0,0,0,0,0,0,,,,0,0,0,0,0,0,0,,0,0,0,0,,0,0,,0,0,0,0,0,0,0,0,0,0,0,0
00-0034433,N.Bawden,Nick Bawden,RB,RB,"https://static.www.nfl.com/image/private/f_auto,q_auto/league/rz1cgqj4rvl2xjffxyia",2021,REG,NYJ,1,0,0,0,0,0,0,0,0,0,0,0,0,,,0,,0,0,0,0,0,0,0,0,0,0,,0,0,0,0,0,1,1,20,0,0,0,9,11,1,1.75669377064332,0,1,1,1,0,2.22222222222222,0.00172117039586919,0.00206944125086227,0.00403036446940737,0,0,0,0,0,0,0,0,0,0,0,0,0,0,0,0,0,0,0,0,0,0,1,10,0,0,0,0,0,0,0,0,0,0,0,0,0,,,0,0,0,0,0,0,0,0,0,0,0,0,,,,0,0,0,0,0,0,0,,0,0,0,0,,0,0,,0,0,0,0,0,0,0,0,0,0,2,3
00-0034435,K.Crossen,Keion Crossen,DB,DB,"https://static.www.nfl.com/image/private/f_auto,q_auto/league/ocvxmo4ggct27fv9dn8x",2021,REG,NYG,13,0,0,0,0,0,0,0,0,0,0,0,0,,,0,,0,0,0,0,0,0,0,0,0,0,,0,0,0,0,0,0,1,0,0,0,0,13,0,0,-2.85103766736574,0,0,0,0,0,0,0.00177304964539007,0.00297960119184048,0.00474529530237344,0,7,1,5,1,8,1,1,8,1,0,0,0,0,0,0,0,1,0,0,0,0,6,65,0,0,0,0,0,0,0,0,0,0,0,0,0,,,0,0,0,0,0,0,0,0,0,0,0,0,,,,0,0,0,0,0,0,0,,0,0,0,0,,0,0,,0,0,0,0,0,0,0,0,0,0,0,0
00-0034436,W.Clapp,Will Clapp,C,OL,"https://static.www.nfl.com/image/upload/f_auto,q_auto/league/wgmd0gzt9anbveqaw55b",2021,REG,NO,1,0,0,0,0,0,0,0,0,0,0,0,0,,,0,,0,0,0,0,0,0,0,0,0,0,,0,0,0,0,0,0,0,0,0,0,0,0,0,0,,0,0,0,0,0,,0,0,0,0,0,0,0,0,0,0,0,0,0,0,0,0,0,0,0,0,0,0,0,0,0,1,5,0,0,0,0,0,0,0,0,0,0,0,0,0,,,0,0,0,0,0,0,0,0,0,0,0,0,,,,0,0,0,0,0,0,0,,0,0,0,0,,0,0,,0,0,0,0,0,0,0,0,0,0,0,0
00-0034437,L.Cooke,Logan Cooke,P,SPEC,"https://static.www.nfl.com/image/upload/f_auto,q_auto/league/tm0qrnirdvbhshxsfhg2",2021,REG,JAX,15,0,0,0,0,0,0,0,0,0,0,0,0,,,0,,0,0,0,0,0,0,0,0,0,0,,0,0,0,0,0,0,0,0,0,0,0,0,0,0,,0,0,0,0,0,,0,0,0,0,1,0,1,0,0,0,0,0,0,0,0,0,0,0,0,0,0,0,0,0,0,0,0,0,0,0,0,0,0,0,0,0,0,0,0,0,,,0,0,0,0,0,0,0,0,0,0,0,0,,,,0,0,0,0,0,0,0,,0,0,0,0,,64,1,68,3026,28,8,8,1,26,21,173,0,2833,0,0
00-0034438,L.Woodside,Logan Woodside,QB,QB,"https://static.www.nfl.com/image/upload/f_auto,q_auto/league/hf5rgpjctslpwjzl0er9",2021,REG,TEN,4,0,0,0,0,0,0,0,0,0,0,0,0,,,0,,0,0,0,0,6,-6,0,0,0,0,-4.56186694477219,0,0,0,0,0,0,0,0,0,0,0,0,0,0,,0,0,0,0,0,,0,0,0,0,0,0,0,0,0,0,0,0,0,0,0,0,0,0,0,0,0,0,0,0,0,0,0,0,0,0,0,0,0,0,0,0,0,0,0,0,,,0,0,0,0,0,0,0,0,0,0,0,0,,,,0,0,0,0,0,0,0,,0,0,0,0,,0,0,,0,0,0,0,0,0,0,0,0,0,-0.6,-0.6
00-0034440,J.Jackson,Justin Jackson,RB,RB,"https://static.www.nfl.com/image/private/f_auto,q_auto/league/n7pvb1trbn9rtttlw7df",2021,REG,LAC,14,0,0,0,0,0,0,0,0,0,0,0,0,,,0,,0,0,0,0,68,364,2,1,1,18,0.0122175703295807,0,7,6,2,1,22,25,178,0,0,0,20,165,8,5.93236989737488,0,5,2,1,0,8.9,0.0379362670713202,0.00393545848091303,0.0596592215436194,0,6,0,1,0,0,0,0,0,0,0,0,0,0,0,0,0,0,0,0,0,0,1,5,1,0,0,1,1,0,0,0,0,0,0,0,0,,,0,0,0,0,0,0,0,0,0,0,0,0,,,,0,0,0,0,0,0,0,,0,0,0,0,,0,0,,0,0,0,0,0,0,0,0,0,0,64.2,86.2
00-0034446,J.Davis,Jalen Davis,CB,DB,"https://static.www.nfl.com/image/upload/f_auto,q_auto/league/lrtxaeqg5he2bao1hbok",2021,REG,CIN,5,0,0,0,0,0,0,0,0,0,0,0,0,,,0,,0,0,0,0,0,0,0,0,0,0,,0,0,0,0,0,0,0,0,0,0,0,0,0,0,,0,0,0,0,0,,0,0,0,0,2,0,5,0,0,1,0,0,0,0,0,1,0,0,0,0,0,0,0,0,0,1,10,0,0,0,0,0,0,0,0,0,0,0,0,0,,,0,0,0,0,0,0,0,0,0,0,0,0,,,,0,0,0,0,0,0,0,,0,0,0,0,,0,0,,0,0,0,0,0,0,0,0,0,0,0,0
00-0034449,B.Howell,Buddy Howell,RB,RB,"https://static.www.nfl.com/image/private/f_auto,q_auto/league/fekpyavfdcqs88tgj3dj",2021,REG,LA,5,0,0,0,0,0,0,0,0,0,0,0,0,,,0,,0,0,0,0,5,11,0,0,0,0,-4.02601006068289,0,0,0,0,0,0,0,0,0,0,0,0,0,0,,0,0,0,0,0,,0,0,0,0,2,0,0,0,0,0,0,0,0,0,0,0,0,0,0,0,0,0,0,0,0,2,10,0,0,0,0,0,0,0,2,34,0,0,0,0,,,0,0,0,0,0,0,0,0,0,0,0,0,,,,0,0,0,0,0,0,0,,0,0,0,0,,0,0,,0,0,0,0,0,0,0,0,0,0,1.1,1.1
00-0034450,G.Joseph,Greg Joseph,K,SPEC,"https://static.www.nfl.com/image/upload/f_auto,q_auto/league/ginorlxfefllpy5kbhsr",2021,REG,MIN,17,0,0,0,0,0,0,0,0,0,0,0,0,,,0,,0,0,0,0,0,0,0,0,0,0,,0,0,0,0,0,0,0,0,0,0,0,0,0,0,,0,0,0,0,0,,0,0,0,0,0,0,0,0,0,0,0,0,0,0,0,0,0,0,0,0,0,0,0,0,0,0,0,0,0,0,0,0,0,0,0,0,33,38,5,0,55,0.868421052631579,0,8,11,7,7,0,0,0,1,2,2,0,53;52;52;43;34;20;38;38;55;54;25;25;38;45;40;24;36;46;30;51;29;41;31;31;38;42;25;37;23;24;44;51;39,37;49;50;47;53,,1254,236,0,36,40,4,0,0.9,2,3,1,0,37;54;29,0,0,,0,0,0,0,0,0,0,0,0,0,0,0
00-0034461,B.Hector,Bruce Hector,DT,DL,"https://static.www.nfl.com/image/upload/f_auto,q_auto/league/qdli9iqgoixoexclb8rz",2021,REG,DET,2,0,0,0,0,0,0,0,0,0,0,0,0,,,0,,0,0,0,0,0,0,0,0,0,0,,0,0,0,0,0,0,0,0,0,0,0,0,0,0,,0,0,0,0,0,,0,0,0,0,0,3,2,0,0,0,0,0,0,0,0,0,0,0,0,0,0,0,0,0,0,0,0,0,0,0,0,0,0,0,0,0,0,0,0,0,,,0,0,0,0,0,0,0,0,0,0,0,0,,,,0,0,0,0,0,0,0,,0,0,0,0,,0,0,,0,0,0,0,0,0,0,0,0,0,0,0
00-0034465,J.Reaves,Jeremy Reaves,DB,DB,"https://static.www.nfl.com/image/upload/f_auto,q_auto/league/kwmtxcogvel516q4ws86",2021,REG,WAS,5,0,0,0,0,0,0,0,0,0,0,0,0,,,0,,0,0,0,0,0,0,0,0,0,0,,0,0,0,0,0,0,0,0,0,0,0,0,0,0,,0,0,0,0,0,,0,0,0,0,17,3,9,1,2,0,0,0,0,0,0,1,0,0,0,0,0,0,0,0,0,0,0,0,0,0,0,0,0,0,0,0,0,0,0,0,,,0,0,0,0,0,0,0,0,0,0,0,0,,,,0,0,0,0,0,0,0,,0,0,0,0,,0,0,,0,0,0,0,0,0,0,0,0,0,0,0
00-0034468,C.Sullivan,Chandon Sullivan,DB,DB,"https://static.www.nfl.com/image/private/f_auto,q_auto/league/jj9b9gdqcee9dzpe6bjx",2021,REG,GB,15,0,0,0,0,0,0,0,0,0,0,0,0,,,0,,0,0,0,0,0,0,0,0,0,0,,0,0,0,0,0,0,0,0,0,0,0,0,0,0,,0,0,0,0,0,,0,0,0,0,21,4,6,2,5,0,0,0,0,3,14,4,0,0,0,0,0,0,0,0,0,3,31,0,0,0,0,0,0,0,0,0,0,0,0,0,,,0,0,0,0,0,0,0,0,0,0,0,0,,,,0,0,0,0,0,0,0,,0,0,0,0,,0,0,,0,0,0,0,0,0,0,0,0,0,0,0
00-0034473,D.Gardeck,Dennis Gardeck,LB,LB,"https://static.www.nfl.com/image/upload/f_auto,q_auto/league/n7dgy1vckfce4ynxeoil",2021,REG,ARI,10,0,0,0,0,0,0,0,0,0,0,0,0,,,0,,0,0,0,0,0,0,0,0,0,0,,0,0,0,0,0,0,0,0,0,0,0,0,0,0,,0,0,0,0,0,,0,0,0,0,14,0,9,1,2,0,0,0,4,0,0,0,0,0,0,0,0,0,1,0,0,3,25,0,0,0,0,0,0,0,0,0,0,0,0,0,,,0,0,0,0,0,0,0,0,0,0,0,0,,,,0,0,0,0,0,0,0,,0,0,0,0,,0,0,,0,0,0,0,0,0,0,0,0,0,0,0
00-0034485,J.Owens,Jonathan Owens,SAF,DB,"https://static.www.nfl.com/image/upload/f_auto,q_auto/league/nefkbybdw0icaynztmxk",2021,REG,HOU,5,0,0,0,0,0,0,0,0,0,0,0,0,,,0,,0,0,0,0,0,0,0,0,0,0,,0,0,0,0,0,0,0,0,0,0,0,0,0,0,,0,0,0,0,0,,0,0,0,0,9,1,8,0,0,0,0,0,0,1,7,1,0,0,0,0,0,0,1,6,0,0,0,0,0,0,0,0,0,0,0,0,0,0,0,0,,,0,0,0,0,0,0,0,0,0,0,0,0,,,,0,0,0,0,0,0,0,,0,0,0,0,,0,0,,0,0,0,0,0,0,0,0,0,0,0,0
00-0034487,T.Sherfield,Trent Sherfield,WR,WR,"https://static.www.nfl.com/image/upload/f_auto,q_auto/league/euvbflse91irfzlk7yiq",2021,REG,SF,12,0,0,0,0,0,0,0,0,0,0,0,0,,,0,,0,0,0,0,0,0,0,0,0,0,,0,0,0,0,0,9,20,87,1,0,0,174,23,7,-5.66271400307332,0,3,1,0,0,0.5,0.0402414486921529,0.0434673994504122,0.0907893526535179,0,4,0,0,0,0,0,0,0,0,0,0,0,0,0,0,0,0,0,2,0,0,3,30,0,0,0,0,0,0,0,0,0,0,0,0,0,,,0,0,0,0,0,0,0,0,0,0,0,0,,,,0,0,0,0,0,0,0,,0,0,0,0,,0,0,,0,0,0,0,0,0,0,0,0,0,14.7,23.7
00-0034488,T.Thomas,Tavierre Thomas,SAF,DB,"https://static.www.nfl.com/image/upload/f_auto,q_auto/league/bbljj6ltlnswmkqjhzfw",2021,REG,HOU,15,0,0,0,0,0,0,0,0,0,0,0,0,,,0,,0,0,0,0,0,0,0,0,0,0,,0,0,0,0,0,0,0,0,0,0,0,0,0,0,,0,0,0,0,0,,0,0,0,0,43,8,35,0,0,1,0,0,1,2,48,4,1,0,0,0,0,0,0,0,0,2,13,0,0,0,0,0,0,0,0,30,0,0,0,0,,,0,0,0,0,0,0,0,0,0,0,0,0,,,,0,0,0,0,0,0,0,,0,0,0,0,,0,0,,0,0,0,0,0,0,0,0,0,0,0,0
00-0034490,E.Turner,Ezekiel Turner,LB,LB,"https://static.www.nfl.com/image/upload/f_auto,q_auto/league/jl6qf1nrpmkezxjtc5ic",2021,REG,ARI,3,0,0,0,0,0,0,0,0,0,0,0,0,,,0,,0,0,0,0,0,0,0,0,0,0,,0,0,0,0,0,0,0,0,0,0,0,0,0,0,,0,0,0,0,0,,0,0,0,0,3,0,1,0,0,0,0,0,0,0,0,0,0,0,0,0,0,0,0,0,0,1,15,0,0,0,0,0,0,0,0,0,0,0,0,0,,,0,0,0,0,0,0,0,0,0,0,0,0,,,,0,0,0,0,0,0,0,,0,0,0,0,,0,0,,0,0,0,0,0,0,0,0,0,0,0,0
00-0034495,E.Brown,Evan Brown,C,OL,"https://static.www.nfl.com/image/upload/f_auto,q_auto/league/tlw4pewhhoepd5998bg4",2021,REG,DET,3,0,0,0,0,0,0,0,0,0,0,0,0,,,0,,0,0,0,0,0,0,0,0,0,0,,0,0,0,0,0,0,0,0,0,0,0,0,0,0,,0,0,0,0,0,,0,0,0,0,0,0,0,0,0,0,0,0,0,0,0,0,0,0,0,0,1,0,0,0,0,3,25,0,0,0,0,0,0,0,0,0,0,0,0,0,,,0,0,0,0,0,0,0,0,0,0,0,0,,,,0,0,0,0,0,0,0,,0,0,0,0,,0,0,,0,0,0,0,0,0,0,0,0,0,0,0
00-0034496,S.Chandler,Sean Chandler,DB,DB,"https://static.www.nfl.com/image/private/f_auto,q_auto/league/m4glij7rkgkyhu01igmi",2021,REG,CAR,12,0,0,0,0,0,0,0,0,0,0,0,0,,,0,,0,0,0,0,1,14,0,0,0,1,3.51594439847395,0,1,1,0,0,0,0,0,0,0,0,0,0,0,,0,0,0,0,0,,0,0,0,0,25,2,21,0,0,1,0,0,1,0,0,1,0,0,0,0,0,0,0,0,0,4,26,0,0,0,0,0,0,0,0,0,0,0,0,0,,,0,0,0,0,0,0,0,0,0,0,0,0,,,,0,0,0,0,0,0,0,,0,0,0,0,,0,0,,0,0,0,0,0,0,0,0,0,0,1.4,1.4
00-0034505,I.Boettger,Ike Boettger,G,OL,"https://static.www.nfl.com/image/private/f_auto,q_auto/league/hjfxy3eljgvweaetefds",2021,REG,BUF,3,0,0,0,0,0,0,0,0,0,0,0,0,,,0,,0,0,0,0,0,0,0,0,0,0,,0,0,0,0,0,0,0,0,0,0,0,0,0,0,,0,0,0,0,0,,0,0,0,0,1,0,0,0,0,0,0,0,0,0,0,0,0,0,0,0,0,0,0,0,0,2,10,0,0,0,0,0,0,0,0,0,0,0,0,0,,,0,0,0,0,0,0,0,0,0,0,0,0,,,,0,0,0,0,0,0,0,,0,0,0,0,,0,0,,0,0,0,0,0,0,0,0,0,0,0,0
00-0034514,L.Wallace,Levi Wallace,DB,DB,"https://static.www.nfl.com/image/upload/f_auto,q_auto/league/y7rnq70zcpcgg0ifbghe",2021,REG,BUF,17,0,0,0,0,0,0,0,0,0,0,0,0,,,0,,0,0,0,0,0,0,0,0,0,0,,0,0,0,0,0,0,0,0,0,0,0,0,0,0,,0,0,0,0,0,,0,0,0,0,42,5,11,1,4,0,0,0,0,2,29,10,0,0,0,0,0,0,1,0,0,6,75,0,0,0,0,0,0,0,0,0,0,0,0,0,,,0,0,0,0,0,0,0,0,0,0,0,0,,,,0,0,0,0,0,0,0,,0,0,0,0,,0,0,,0,0,0,0,0,0,0,0,0,0,0,0
00-0034515,D.Delaney,Dee Delaney,DB,DB,"https://static.www.nfl.com/image/upload/f_auto,q_auto/league/czg1itvjivhzn2iwwbyt",2021,REG,TB,8,0,0,0,0,0,0,0,0,0,0,0,0,,,0,,0,0,0,0,0,0,0,0,0,0,,0,0,0,0,0,0,0,0,0,0,0,0,0,0,,0,0,0,0,0,,0,0,0,0,13,0,4,0,0,0,0,0,0,1,26,2,0,0,0,0,0,0,0,0,0,3,18,0,0,0,0,0,0,0,0,0,0,0,0,0,,,0,0,0,0,0,0,0,0,0,0,0,0,,,,0,0,0,0,0,0,0,,0,0,0,0,,0,0,,0,0,0,0,0,0,0,0,0,0,0,0
00-0034516,T.Herndon,Tre Herndon,CB,DB,"https://static.www.nfl.com/image/private/f_auto,q_auto/league/dpxfoqywx98khvtjs5m7",2021,REG,JAX,5,0,0,0,0,0,0,0,0,0,0,0,0,,,0,,0,0,0,0,0,0,0,0,0,0,,0,0,0,0,0,0,0,0,0,0,0,0,0,0,,0,0,0,0,0,,0,0,0,0,10,2,5,0,0,0,0,0,0,0,0,0,0,0,0,0,0,0,0,0,0,1,5,0,0,0,0,0,0,0,0,0,0,0,0,0,,,0,0,0,0,0,0,0,0,0,0,0,0,,,,0,0,0,0,0,0,0,,0,0,0,0,,0,0,,0,0,0,0,0,0,0,0,0,0,0,0
00-0034521,A.Lazard,Allen Lazard,WR,WR,"https://static.www.nfl.com/image/upload/f_auto,q_auto/league/b05f33npu1zjtpozfgdk",2021,REG,GB,14,0,0,0,0,0,0,0,0,0,0,0,0,,,0,,0,0,0,0,3,32,0,0,0,2,2.75697284023045,0,2,2,0,0,40,60,513,8,0,0,647,174,28,36.5873693420799,0,21,12,8,1,0.792890262751159,0.105263157894737,0.141328090869375,0.256824400450668,0,2,0,0,0,0,0,0,0,0,0,0,0,0,0,0,0,0,0,0,0,0,2,21,0,0,0,0,0,0,0,0,0,0,0,0,0,,,0,0,0,0,0,0,0,0,0,0,0,0,,,,0,0,0,0,0,0,0,,0,0,0,0,,0,0,,0,0,0,0,0,0,0,0,0,0,102.5,142.5
00-0034522,K.McDermott,KC McDermott,OT,OL,"https://static.www.nfl.com/image/private/f_auto,q_auto/league/ov9zpuz0jppg3e3awyhc",2021,REG,JAX,2,0,0,0,0,0,0,0,0,0,0,0,0,,,0,,0,0,0,0,0,0,0,0,0,0,,0,0,0,0,0,0,0,0,0,0,0,0,0,0,,0,0,0,0,0,,0,0,0,0,1,0,0,0,0,0,0,0,0,0,0,0,0,0,0,0,0,0,0,0,0,2,12,0,0,0,0,0,0,0,0,0,0,0,0,0,,,0,0,0,0,0,0,0,0,0,0,0,0,,,,0,0,0,0,0,0,0,,0,0,0,0,,0,0,,0,0,0,0,0,0,0,0,0,0,0,0
00-0034527,R.Neal,Ryan Neal,DB,DB,"https://static.www.nfl.com/image/private/f_auto,q_auto/league/tqiae46slc2jdjvnfb5n",2021,REG,SEA,14,0,0,0,0,0,0,0,0,0,0,0,0,,,0,,0,0,0,0,0,0,0,0,0,0,,0,0,0,0,0,0,0,0,0,0,0,0,0,0,,0,0,0,0,0,,0,0,0,0,28,4,17,1,11,0,1,11,3,0,0,3,0,0,0,0,0,0,0,0,0,0,0,0,0,0,0,0,0,0,0,0,0,0,0,0,,,0,0,0,0,0,0,0,0,0,0,0,0,,,,0,0,0,0,0,0,0,,0,0,0,0,,0,0,,0,0,0,0,0,0,0,0,0,0,0,0
00-0034533,T.Henderson,Trayvon Henderson,DB,DB,"https://static.www.nfl.com/image/private/f_auto,q_auto/league/ounf4oiaxvvbshebtzjk",2021,REG,CIN,1,0,0,0,0,0,0,0,0,0,0,0,0,,,0,,0,0,0,0,0,0,0,0,0,0,,0,0,0,0,0,0,0,0,0,0,0,0,0,0,,0,0,0,0,0,,0,0,0,0,0,2,2,0,0,0,0,0,0,0,0,0,0,0,0,0,0,0,1,29,1,0,0,0,0,0,0,0,0,0,0,0,0,0,0,0,,,0,0,0,0,0,0,0,0,0,0,0,0,,,,0,0,0,0,0,0,0,,0,0,0,0,,0,0,,0,0,0,0,0,0,0,0,0,0,0,0
00-0034545,B.Facyson,Brandon Facyson,DB,DB,"https://static.www.nfl.com/image/upload/f_auto,q_auto/league/yuhnwshiorai1fbqix2t",2021,REG,LV,11,0,0,0,0,0,0,0,0,0,0,0,0,,,0,,0,0,0,0,0,0,0,0,0,0,,0,0,0,0,0,0,0,0,0,0,0,0,0,0,,0,0,0,0,0,,0,0,0,0,38,4,13,1,3,0,0,0,1,1,0,13,0,0,0,0,0,0,0,0,0,8,79,0,0,0,0,0,0,0,0,0,0,0,0,0,,,0,0,0,0,0,0,0,0,0,0,0,0,,,,0,0,0,0,0,0,0,,0,0,0,0,,0,0,,0,0,0,0,0,0,0,0,0,0,0,0
00-0034571,T.Scott,Trent Scott,OT,OL,"https://static.www.nfl.com/image/upload/f_auto,q_auto/league/v5tyxvb4cdtzumhdzbd0",2021,REG,CAR,2,0,0,0,0,0,0,0,0,0,0,0,0,,,0,,0,0,0,0,0,0,0,0,0,0,,0,0,0,0,0,0,0,0,0,0,0,0,0,0,,0,0,0,0,0,,0,0,0,0,1,0,0,0,0,0,0,0,0,0,0,0,0,0,0,0,0,0,0,0,0,3,20,0,0,0,0,0,0,0,0,0,0,0,0,0,,,0,0,0,0,0,0,0,0,0,0,0,0,,,,0,0,0,0,0,0,0,,0,0,0,0,,0,0,,0,0,0,0,0,0,0,0,0,0,0,0
00-0034573,C.Ward,Charvarius Ward,CB,DB,"https://static.www.nfl.com/image/upload/f_auto,q_auto/league/vbxv5ynhjrayfzbe2lda",2021,REG,KC,13,0,0,0,0,0,0,0,0,0,0,0,0,,,0,,0,0,0,0,0,0,0,0,0,0,,0,0,0,0,0,0,0,0,0,0,0,0,0,0,,0,0,0,0,0,,0,0,0,0,44,4,19,2,4,0,0,0,0,2,0,10,0,0,0,0,0,0,0,0,0,3,15,0,0,0,0,0,0,0,0,0,0,0,0,0,,,0,0,0,0,0,0,0,0,0,0,0,0,,,,0,0,0,0,0,0,0,,0,0,0,0,,0,0,,0,0,0,0,0,0,0,0,0,0,0,0
00-0034577,K.Allen,Kyle Allen,QB,QB,"https://static.www.nfl.com/image/upload/f_auto,q_auto/league/vq3aw57yyjtydur0divt",2021,REG,WAS,2,12,19,120,1,0,2,-5,1,1,135,46,6,0.392602189545985,-3.51562019851473,0,0.888888888888889,5,3,0,0,2,11,0,0,0,1,-0.235914076212794,0,1,0,0,0,0,0,0,0,0,0,0,0,0,,0,0,0,0,0,,0,0,0,0,0,0,0,0,0,0,0,0,0,0,0,0,0,0,0,0,0,0,0,0,0,0,0,1,0,0,1,1,0,0,0,0,0,0,0,0,,,0,0,0,0,0,0,0,0,0,0,0,0,,,,0,0,0,0,0,0,0,,0,0,0,0,,0,0,,0,0,0,0,0,0,0,0,0,0,7.9,7.9
00-0034578,R.Bonnafon,Reggie Bonnafon,RB,RB,"https://static.www.nfl.com/image/private/f_auto,q_auto/league/revwhbm7uizs4oiwqdo3",2021,REG,CAR,1,0,0,0,0,0,0,0,0,0,0,0,0,,,0,,0,0,0,0,1,4,0,0,0,0,-0.201326348702423,0,0,0,0,0,2,2,12,0,0,0,3,9,1,0.751900982053485,0,0,0,0,0,4,0.00347826086956522,0.000679194023092597,0.00569282712051265,0,0,0,0,0,0,0,0,0,0,0,0,0,0,0,0,0,0,0,0,0,0,0,0,0,0,0,0,0,0,0,0,0,0,0,0,0,,,0,0,0,0,0,0,0,0,0,0,0,0,,,,0,0,0,0,0,0,0,,0,0,0,0,,0,0,,0,0,0,0,0,0,0,0,0,0,1.6,3.6
00-0034587,A.Anderson,Abdullah Anderson,DT,DL,"https://static.www.nfl.com/image/upload/f_auto,q_auto/league/zoya31kfrojgtq0gg5ri",2021,REG,GB,2,0,0,0,0,0,0,0,0,0,0,0,0,,,0,,0,0,0,0,0,0,0,0,0,0,,0,0,0,0,0,0,0,0,0,0,0,0,0,0,,0,0,0,0,0,,0,0,0,0,1,0,1,0,0,0,0,0,0,0,0,0,0,0,0,0,0,0,0,0,0,0,0,0,0,0,0,0,0,0,0,0,0,0,0,0,,,0,0,0,0,0,0,0,0,0,0,0,0,,,,0,0,0,0,0,0,0,,0,0,0,0,,0,0,,0,0,0,0,0,0,0,0,0,0,0,0
00-0034588,T.Harris,Trent Harris,LB,LB,"https://static.www.nfl.com/image/private/f_auto,q_auto/league/ned2m3l0qsuebczfyosa",2021,REG,NYG,3,0,0,0,0,0,0,0,0,0,0,0,0,,,0,,0,0,0,0,0,0,0,0,0,0,,0,0,0,0,0,0,0,0,0,0,0,0,0,0,,0,0,0,0,0,,0,0,0,0,3,0,4,0,0,0,0,0,0,0,0,0,0,0,0,0,0,0,0,0,0,0,0,0,0,0,0,0,0,0,0,0,0,0,0,0,,,0,0,0,0,0,0,0,0,0,0,0,0,,,,0,0,0,0,0,0,0,,0,0,0,0,,0,0,,0,0,0,0,0,0,0,0,0,0,0,0
00-0034590,F.Herron,Frank Herron,DE,DL,"https://static.www.nfl.com/image/private/f_auto,q_auto/league/yctqmsxcat4vmfxuz6fs",2021,REG,CAR,1,0,0,0,0,0,0,0,0,0,0,0,0,,,0,,0,0,0,0,0,0,0,0,0,0,,0,0,0,0,0,0,0,0,0,0,0,0,0,0,,0,0,0,0,0,,0,0,0,0,1,0,0,0,0,0,0,0,0,0,0,0,0,0,0,0,0,0,0,0,0,0,0,0,0,0,0,0,0,0,0,0,0,0,0,0,,,0,0,0,0,0,0,0,0,0,0,0,0,,,,0,0,0,0,0,0,0,,0,0,0,0,,0,0,,0,0,0,0,0,0,0,0,0,0,0,0
00-0034591,J.Jackson,J.C. Jackson,DB,DB,"https://static.www.nfl.com/image/upload/f_auto,q_auto/league/crvgx5lbckpmfcnoylzw",2021,REG,NE,17,0,0,0,0,0,0,0,0,0,0,0,0,,,0,,0,0,0,0,0,0,0,0,0,0,,0,0,0,0,0,0,0,0,0,0,0,0,0,0,,0,0,0,0,0,,0,0,0,0,40,4,14,1,5,1,0,0,0,8,92,23,1,0,0,0,0,0,0,0,0,5,46,0,0,0,0,0,0,0,0,0,0,0,0,0,,,0,0,0,0,0,0,0,0,0,0,0,0,,,,0,0,0,0,0,0,0,,0,0,0,0,,0,0,,0,0,0,0,0,0,0,0,0,0,0,0
00-0034594,A.Moore,A.J. Moore,DB,DB,"https://static.www.nfl.com/image/private/f_auto,q_auto/league/dhu7ggjzqn7mdwhjdoxf",2021,REG,HOU,7,0,0,0,0,0,0,0,0,0,0,0,0,,,0,,0,0,0,0,0,0,0,0,0,0,,0,0,0,0,0,0,0,0,0,0,0,0,0,0,,0,0,0,0,0,,0,0,0,0,7,0,2,0,0,1,0,0,0,0,0,0,0,0,0,0,0,0,0,0,0,1,10,0,0,0,0,0,0,0,0,0,0,0,0,0,,,0,0,0,0,0,0,0,0,0,0,0,0,,,,0,0,0,0,0,0,0,,0,0,0,0,,0,0,,0,0,0,0,0,0,0,0,0,0,0,0
00-0034597,R.Nall,Ryan Nall,RB,RB,"https://static.www.nfl.com/image/private/f_auto,q_auto/league/qh4cznlh73ud2b9loalu",2021,REG,CHI,5,0,0,0,0,0,0,0,0,0,0,0,0,,,0,,0,0,0,0,1,4,0,0,0,0,-0.555501006543636,0,0,0,0,0,1,1,4,0,0,0,4,0,0,-1.88302549085347,0,0,0,0,0,1,0.00190839694656489,0.000889877641824249,0.0034855097691243,0,2,0,0,0,0,0,0,0,0,0,0,0,0,0,0,0,1,0,0,0,0,1,10,0,0,0,0,0,0,0,0,0,0,0,0,0,,,0,0,0,0,0,0,0,0,0,0,0,0,,,,0,0,0,0,0,0,0,,0,0,0,0,,0,0,,0,0,0,0,0,0,0,0,0,0,0.8,1.8
00-0034602,B.Rotimi,Bunmi Rotimi,DE,DL,"https://static.www.nfl.com/image/private/f_auto,q_auto/league/eyvg6pun8pbxk6rgwm4c",2021,REG,WAS,5,0,0,0,0,0,0,0,0,0,0,0,0,,,0,,0,0,0,0,0,0,0,0,0,0,,0,0,0,0,0,0,0,0,0,0,0,0,0,0,,0,0,0,0,0,,0,0,0,0,4,1,5,1,2,0,1,2,1,0,0,0,0,0,0,0,0,0,0,0,0,0,0,0,0,0,0,0,0,0,0,0,0,0,0,0,,,0,0,0,0,0,0,0,0,0,0,0,0,,,,0,0,0,0,0,0,0,,0,0,0,0,,0,0,,0,0,0,0,0,0,0,0,0,0,0,0
00-0034606,R.Winslow,Ryan Winslow,P,SPEC,"https://static.www.nfl.com/image/private/f_auto,q_auto/league/prw2syis0wctb62lyvs4",2021,REG,WAS,4,0,0,0,0,0,0,0,0,0,0,0,0,,,0,,0,0,0,0,0,0,0,0,0,0,,0,0,0,0,0,0,0,0,0,0,0,0,0,0,,0,0,0,0,0,,0,0,0,0,0,0,0,0,0,0,0,0,0,0,0,0,0,0,0,0,0,0,0,0,0,0,0,0,0,0,0,0,0,0,0,0,0,0,0,0,,,0,0,0,0,0,0,0,0,0,0,0,0,,,,0,0,0,0,0,0,0,,0,0,0,0,,16,0,46,625,3,1,3,0,3,9,26,0,599,0,0
00-0034612,D.Harris,Demone Harris,DE,DL,"https://static.www.nfl.com/image/upload/f_auto,q_auto/league/qmtokbfamxko3jn5qpou",2021,REG,HOU,2,0,0,0,0,0,0,0,0,0,0,0,0,,,0,,0,0,0,0,0,0,0,0,0,0,,0,0,0,0,0,0,0,0,0,0,0,0,0,0,,0,0,0,0,0,,0,0,0,0,0,0,0,0,0,0,0,0,1,0,0,0,0,0,0,0,0,0,0,0,0,1,5,0,0,0,0,0,0,0,0,0,0,0,0,0,,,0,0,0,0,0,0,0,0,0,0,0,0,,,,0,0,0,0,0,0,0,,0,0,0,0,,0,0,,0,0,0,0,0,0,0,0,0,0,0,0
00-0034614,G.Igwebuike,Godwin Igwebuike,RB,RB,"https://static.www.nfl.com/image/private/f_auto,q_auto/league/d0jsvuhu4xwkyegnlauh",2021,REG,DET,15,0,0,0,0,0,0,0,0,0,0,0,0,,,0,,0,0,0,0,18,118,1,2,2,7,-4.57314656762173,0,3,2,1,1,7,10,60,0,0,0,15,64,4,-2.08256479731062,0,4,2,0,0,4,0.0176991150442478,0.00396510705789056,0.0293242475068951,0,4,0,3,0,0,0,0,0,0,0,0,0,0,0,0,0,0,0,0,0,0,0,0,2,0,0,2,2,0,0,28,697,0,0,0,0,,,0,0,0,0,0,0,0,0,0,0,0,0,,,,0,0,0,0,0,0,0,,0,0,0,0,,0,0,,0,0,0,0,0,0,0,0,0,0,19.8,26.8
00-0034623,A.Chachere,Andre Chachere,DB,DB,"https://static.www.nfl.com/image/upload/f_auto,q_auto/league/viwncfdylftfzljv9phw",2021,REG,PHI,8,0,0,0,0,0,0,0,0,0,0,0,0,,,0,,0,0,0,0,0,0,0,0,0,0,,0,0,0,0,0,0,0,0,0,0,0,0,0,0,,0,0,0,0,0,,0,0,0,0,12,1,2,1,2,0,0,0,0,0,0,0,0,0,0,0,0,0,0,0,0,2,15,0,0,0,0,0,0,0,0,0,0,0,0,0,,,0,0,0,0,0,0,0,0,0,0,0,0,,,,0,0,0,0,0,0,0,,0,0,0,0,,0,0,,0,0,0,0,0,0,0,0,0,0,0,0
00-0034631,V.Smith,Vyncint Smith,WR,WR,"https://static.www.nfl.com/image/private/f_auto,q_auto/league/jjwvixdxj0lapvuqwbz9",2021,REG,NYJ,1,0,0,0,0,0,0,0,0,0,0,0,0,,,0,,0,0,0,0,0,0,0,0,0,0,,0,0,0,0,0,0,1,0,0,0,0,18,0,0,-0.442845940182451,0,0,0,0,0,0,0.00172117039586919,0.00413888250172453,0.00547897334501096,0,0,0,0,0,0,0,0,0,0,0,0,0,0,0,0,0,0,0,0,0,0,0,0,0,0,0,0,0,0,0,0,0,0,0,0,0,,,0,0,0,0,0,0,0,0,0,0,0,0,,,,0,0,0,0,0,0,0,,0,0,0,0,,0,0,,0,0,0,0,0,0,0,0,0,0,0,0
00-0034639,M.Ford,Mike Ford,DB,DB,"https://static.www.nfl.com/image/upload/f_auto,q_auto/league/njli78vr2hcan6rfogsb",2021,REG,DEN,6,0,0,0,0,0,0,0,0,0,0,0,0,,,0,,0,0,0,0,0,0,0,0,0,0,,0,0,0,0,0,0,0,0,0,0,0,0,0,0,,0,0,0,0,0,,0,0,0,0,5,1,0,0,0,0,0,0,0,0,0,0,0,0,0,0,0,0,0,0,0,3,40,0,0,0,0,0,0,0,0,0,0,0,0,0,,,0,0,0,0,0,0,0,0,0,0,0,0,,,,0,0,0,0,0,0,0,,0,0,0,0,,0,0,,0,0,0,0,0,0,0,0,0,0,0,0
00-0034641,C.Jones,Chris Jones,DB,DB,"https://static.www.nfl.com/image/private/f_auto,q_auto/league/zewc64wn6tpuxuszjqjl",2021,REG,TEN,6,0,0,0,0,0,0,0,0,0,0,0,0,,,0,,0,0,0,0,0,0,0,0,0,0,,0,0,0,0,0,0,0,0,0,0,0,0,0,0,,0,0,0,0,0,,0,0,0,0,4,1,2,0,0,0,0,0,0,0,0,1,0,0,0,0,0,0,0,0,0,1,5,0,0,0,0,0,0,0,0,0,0,0,0,0,,,0,0,0,0,0,0,0,0,0,0,0,0,,,,0,0,0,0,0,0,0,,0,0,0,0,,0,0,,0,0,0,0,0,0,0,0,0,0,0,0
00-0034646,B.Powell,Brandon Powell,WR,WR,"https://static.www.nfl.com/image/upload/f_auto,q_auto/league/kpggzzkazhxoq4e77xho",2021,REG,LA,6,0,0,0,0,0,0,0,0,0,0,0,0,,,0,,0,0,0,0,0,0,0,0,0,0,,0,0,0,0,0,0,0,0,0,0,0,0,0,0,,0,0,0,0,0,,0,0,0,1,0,0,0,0,0,0,0,0,0,0,0,0,0,0,0,0,0,0,0,0,0,0,0,0,0,0,0,0,6,133,8,208,0,0,0,0,,,0,0,0,0,0,0,0,0,0,0,0,0,,,,0,0,0,0,0,0,0,,0,0,0,0,,0,0,,0,0,0,0,0,0,0,0,0,0,6,6
00-0034648,R.Santoso,Ryan Santoso,K,SPEC,"https://static.www.nfl.com/image/private/f_auto,q_auto/league/irbgcdnozoqtl0xwjhmr",2021,REG,DET,4,0,0,0,0,0,0,0,0,0,0,0,0,,,0,,0,0,0,0,0,0,0,0,0,0,,0,0,0,0,0,0,0,0,0,0,0,0,0,0,,0,0,0,0,0,,0,0,0,0,0,0,0,0,0,0,0,0,0,0,0,0,0,0,0,0,0,0,0,0,0,0,0,0,0,0,0,0,0,0,0,0,4,5,1,0,35,0.8,0,3,1,0,0,0,0,0,0,1,0,0,22;29;35;20,48,,106,48,0,6,8,2,0,0.75,0,0,0,0,,0,0,,0,0,0,0,0,0,0,0,0,0,0,0
00-0034652,C.Batson,Cameron Batson,WR,WR,"https://static.www.nfl.com/image/private/f_auto,q_auto/league/pow47zamr7jdcca5ibsl",2021,REG,TEN,4,0,0,0,0,0,0,0,0,0,0,0,0,,,0,,0,0,0,0,2,15,0,0,0,1,0.594628306163941,0,1,0,0,0,2,5,15,1,0,0,84,1,2,0.930304496025201,0,1,0,0,0,0.178571428571429,0.00957854406130268,0.0209737827715356,0.0290494640320289,0,0,0,0,0,0,0,0,0,0,0,0,0,0,0,0,0,0,0,0,0,0,0,0,0,0,0,0,0,0,0,5,80,0,0,0,0,,,0,0,0,0,0,0,0,0,0,0,0,0,,,,0,0,0,0,0,0,0,,0,0,0,0,,0,0,,0,0,0,0,0,0,0,0,0,0,9,11
00-0034659,S.Finch,Sharif Finch,LB,LB,"https://static.www.nfl.com/image/private/f_auto,q_auto/league/rnwpluvqqg9arwgp3quo",2021,REG,NO,1,0,0,0,0,0,0,0,0,0,0,0,0,,,0,,0,0,0,0,0,0,0,0,0,0,,0,0,0,0,0,0,0,0,0,0,0,0,0,0,,0,0,0,0,0,,0,0,0,0,0,0,5,0,0,0,0,0,0,0,0,0,0,0,0,0,0,0,0,0,0,0,0,0,0,0,0,0,0,0,0,0,0,0,0,0,,,0,0,0,0,0,0,0,0,0,0,0,0,,,,0,0,0,0,0,0,0,,0,0,0,0,,0,0,,0,0,0,0,0,0,0,0,0,0,0,0
00-0034668,A.Stinnie,Aaron Stinnie,G,OL,"https://static.www.nfl.com/image/upload/f_auto,q_auto/league/fi5wxfsa59aw80nwetoi",2021,REG,TB,1,0,0,0,0,0,0,0,0,0,0,0,0,,,0,,0,0,0,0,0,0,0,0,0,0,,0,0,0,0,0,0,0,0,0,0,0,0,0,0,,0,0,0,0,0,,0,0,0,0,0,0,0,0,0,0,0,0,0,0,0,0,0,0,0,0,0,0,0,0,0,1,10,0,0,0,0,0,0,0,0,0,0,0,0,0,,,0,0,0,0,0,0,0,0,0,0,0,0,,,,0,0,0,0,0,0,0,,0,0,0,0,,0,0,,0,0,0,0,0,0,0,0,0,0,0,0
00-0034669,J.Veasy,Jordan Veasy,WR,WR,"https://static.www.nfl.com/image/private/f_auto,q_auto/league/hxp1eybfexpzglhwcdw9",2021,REG,HOU,1,0,0,0,0,0,0,0,0,0,0,0,0,,,0,,0,0,0,0,0,0,0,0,0,0,,0,0,0,0,0,0,0,0,0,0,0,0,0,0,,0,0,0,0,0,,0,0,0,0,0,0,0,0,0,0,0,0,0,0,0,0,0,0,0,0,1,0,0,0,0,0,0,0,0,0,0,0,0,0,0,0,0,0,0,0,,,0,0,0,0,0,0,0,0,0,0,0,0,,,,0,0,0,0,0,0,0,,0,0,0,0,,0,0,,0,0,0,0,0,0,0,0,0,0,0,0
00-0034672,E.Wolf,Ethan Wolf,TE,TE,"https://static.www.nfl.com/image/private/f_auto,q_auto/league/axn5dxyd6e9jcixash1g",2021,REG,NO,1,0,0,0,0,0,0,0,0,0,0,0,0,,,0,,0,0,0,0,0,0,0,0,0,0,,0,0,0,0,0,2,2,8,0,0,0,2,6,0,-0.390935016330332,0,0,0,0,0,4,0.00421940928270042,0.000534045393858478,0.00670294569975157,0,0,0,0,0,0,0,0,0,0,0,0,0,0,0,0,0,0,0,0,0,0,0,0,0,0,0,0,0,0,0,0,0,0,0,0,0,,,0,0,0,0,0,0,0,0,0,0,0,0,,,,0,0,0,0,0,0,0,,0,0,0,0,,0,0,,0,0,0,0,0,0,0,0,0,0,0.8,2.8
00-0034673,T.Edmunds,Tremaine Edmunds,MLB,LB,"https://static.www.nfl.com/image/upload/f_auto,q_auto/league/unz9o9leinnet5o4qlsr",2021,REG,BUF,15,0,0,0,0,0,0,0,0,0,0,0,0,,,0,,0,0,0,0,0,0,0,0,0,0,,0,0,0,0,0,0,0,0,0,0,0,0,0,0,,0,0,0,0,0,,0,0,0,0,52,18,38,4,9,0,0,0,1,1,4,4,0,0,0,0,0,0,0,0,0,1,15,0,0,0,0,0,0,0,0,0,0,0,0,0,,,0,0,0,0,0,0,0,0,0,0,0,0,,,,0,0,0,0,0,0,0,,0,0,0,0,,0,0,,0,0,0,0,0,0,0,0,0,0,0,0
00-0034674,L.Vander Esch,Leighton Vander Esch,OLB,LB,"https://static.www.nfl.com/image/private/f_auto,q_auto/league/xalgzw0okmxdqjg6wyuc",2021,REG,DAL,17,0,0,0,0,0,0,0,0,0,0,0,0,,,0,,0,0,0,0,0,0,0,0,0,0,,0,0,0,0,0,0,0,0,0,0,0,0,0,0,,0,0,0,0,0,,0,0,0,0,43,5,29,3,11,0,1,7,1,1,7,2,0,0,0,0,0,0,0,0,0,0,0,0,0,0,0,0,0,0,0,0,0,0,0,0,,,0,0,0,0,0,0,0,0,0,0,0,0,,,,0,0,0,0,0,0,0,,0,0,0,0,,0,0,,0,0,0,0,0,0,0,0,0,0,0,0
00-0034675,J.Bates III,Jessie Bates,FS,DB,"https://static.www.nfl.com/image/upload/f_auto,q_auto/league/ypv1sfm8zjghyzvmx0a1",2021,REG,CIN,15,0,0,0,0,0,0,0,0,0,0,0,0,,,0,,0,0,0,0,0,0,0,0,0,0,,0,0,0,0,0,0,0,0,0,0,0,0,0,0,,0,0,0,0,0,,0,0,0,0,62,5,21,3,6,0,0,0,1,1,65,4,0,0,0,0,0,0,1,46,0,1,32,0,0,0,0,0,0,0,0,0,0,0,0,0,,,0,0,0,0,0,0,0,0,0,0,0,0,,,,0,0,0,0,0,0,0,,0,0,0,0,,0,0,,0,0,0,0,0,0,0,0,0,0,0,0
00-0034676,J.Washington,James Washington,WR,WR,"https://static.www.nfl.com/image/private/f_auto,q_auto/league/z5svt5lojqlibpxitvty",2021,REG,PIT,15,0,0,0,0,0,0,0,0,0,0,0,0,,,0,,0,0,0,0,2,13,0,0,0,1,0.60883256001398,0,1,1,0,0,24,44,285,2,0,0,514,79,9,-7.22128224318722,0,9,6,4,1,0.554474708171206,0.0673813169984686,0.115791845010137,0.182126267004799,0,0,0,0,0,0,0,0,0,0,0,0,0,0,0,0,0,0,0,0,0,0,2,20,0,0,0,0,0,0,0,0,0,0,0,0,0,,,0,0,0,0,0,0,0,0,0,0,0,0,,,,0,0,0,0,0,0,0,,0,0,0,0,,0,0,,0,0,0,0,0,0,0,0,0,0,41.8,65.8
00-0034677,J.Jones,Justin Jones,DT,DL,"https://static.www.nfl.com/image/upload/f_auto,q_auto/league/ocb2w64oodkdvukxcemy",2021,REG,LAC,11,0,0,0,0,0,0,0,0,0,0,0,0,,,0,,0,0,0,0,0,0,0,0,0,0,,0,0,0,0,0,0,0,0,0,0,0,0,0,0,,0,0,0,0,0,,0,0,0,0,16,3,18,5,15,0,3,9,5,0,0,1,0,0,0,0,0,0,2,0,0,3,16,0,0,0,0,0,0,0,0,0,0,0,0,0,,,0,0,0,0,0,0,0,0,0,0,0,0,,,,0,0,0,0,0,0,0,,0,0,0,0,,0,0,,0,0,0,0,0,0,0,0,0,0,0,0
00-0034680,A.Watts,Armani Watts,DB,DB,"https://static.www.nfl.com/image/private/f_auto,q_auto/league/np3vihxiadvwg5x2ljdl",2021,REG,KC,10,0,0,0,0,0,0,0,0,0,0,0,0,,,0,,0,0,0,0,0,0,0,0,0,0,,0,0,0,0,0,0,0,0,0,0,0,0,0,0,,0,0,0,0,0,,0,0,0,0,10,1,8,1,2,0,0,0,0,0,0,0,0,0,0,0,0,0,1,0,0,0,0,0,0,0,0,0,0,0,0,0,0,0,0,0,,,0,0,0,0,0,0,0,0,0,0,0,0,,,,0,0,0,0,0,0,0,,0,0,0,0,,0,0,,0,0,0,0,0,0,0,0,0,0,0,0
00-0034681,C.Edmonds,Chase Edmonds,RB,RB,"https://static.www.nfl.com/image/upload/f_auto,q_auto/league/nbnqxhjafvg2vg6lc2ls",2021,REG,ARI,12,0,0,0,0,0,0,0,0,0,0,0,0,,,0,,0,0,0,0,116,592,2,0,0,32,11.6346781019192,0,18,11,3,2,43,53,311,0,1,1,23,324,11,-4.27255372830263,0,10,4,2,0,13.5217391304348,0.0929824561403509,0.00519774011299435,0.143112102289622,0,1,0,1,0,0,0,0,0,0,0,0,0,0,0,0,0,1,8,0,0,0,0,0,1,0,0,1,1,0,0,0,0,0,0,0,0,,,0,0,0,0,0,0,0,0,0,0,0,0,,,,0,0,0,0,0,0,0,,0,0,0,0,,0,0,,0,0,0,0,0,0,0,0,0,0,100.3,143.3
00-0034682,G.Avery,Genard Avery,DE,DL,"https://static.www.nfl.com/image/upload/f_auto,q_auto/league/auijlrvvszglu6wo7xlv",2021,REG,PHI,15,0,0,0,0,0,0,0,0,0,0,0,0,,,0,,0,0,0,0,0,0,0,0,0,0,,0,0,0,0,0,0,0,0,0,0,0,0,0,0,,0,0,0,0,0,,0,0,0,0,19,2,22,3,16,0,1,13,2,0,0,0,0,0,0,0,0,0,0,0,0,2,20,0,0,0,0,0,0,0,0,0,0,0,0,0,,,0,0,0,0,0,0,0,0,0,0,0,0,,,,0,0,0,0,0,0,0,,0,0,0,0,,0,0,,0,0,0,0,0,0,0,0,0,0,0,0
00-0034683,D.Phillips,Darius Phillips,CB,DB,"https://static.www.nfl.com/image/private/f_auto,q_auto/league/jv2z4lfztmt3dgql1ozj",2021,REG,CIN,12,0,0,0,0,0,0,0,0,0,0,0,0,,,0,,0,0,0,0,0,0,0,0,0,0,,0,0,0,0,0,0,0,0,0,0,0,0,0,0,,0,0,0,0,0,,0,0,0,0,6,0,2,0,0,0,0,0,0,0,0,2,0,4,0,0,0,0,0,0,0,0,0,2,2,1,4,2,25,177,8,169,0,0,0,0,,,0,0,0,0,0,0,0,0,0,0,0,0,,,,0,0,0,0,0,0,0,,0,0,0,0,,0,0,,0,0,0,0,0,0,0,0,0,0,0,0
00-0034684,J.Townsend,Johnny Townsend,P,SPEC,"https://static.www.nfl.com/image/private/f_auto,q_auto/league/pezzfoj9b38mi0irh4e0",2021,REG,KC,4,0,0,0,0,0,0,0,0,0,0,0,0,,,0,,0,0,0,0,0,0,0,0,0,0,,0,0,0,0,0,0,0,0,0,0,0,0,0,0,,0,0,0,0,0,,0,0,0,0,1,0,0,0,0,0,0,0,0,0,0,0,0,0,0,0,0,0,0,0,0,0,0,0,0,0,0,0,0,0,0,0,0,0,0,0,,,0,0,0,0,0,0,0,0,0,0,0,0,,,,0,0,0,0,0,0,0,,0,0,0,0,,13,0,63,556,2,2,0,1,5,5,58,0,478,0,0
00-0034686,A.Tate,Auden Tate,WR,WR,"https://static.www.nfl.com/image/private/f_auto,q_auto/league/gp64utjveglpbit53u3t",2021,REG,CIN,4,0,0,0,0,0,0,0,0,0,0,0,0,,,0,,0,0,0,0,0,0,0,0,0,0,,0,0,0,0,0,3,4,39,1,0,0,45,21,3,0.00311284401686862,0,2,1,0,0,0.866666666666667,0.00740740740740741,0.0102342506254264,0.0182750865489096,0,1,0,0,0,0,0,0,0,0,0,0,0,0,0,0,0,0,0,0,0,0,0,0,0,0,0,0,0,0,0,0,0,0,0,0,0,,,0,0,0,0,0,0,0,0,0,0,0,0,,,,0,0,0,0,0,0,0,,0,0,0,0,,0,0,,0,0,0,0,0,0,0,0,0,0,9.9,12.9
00-0034720,R.Spillane,Robert Spillane,LB,LB,"https://static.www.nfl.com/image/upload/f_auto,q_auto/league/jt2r3dnb8dmywp1azotj",2021,REG,PIT,12,0,0,0,0,0,0,0,0,0,0,0,0,,,0,,0,0,0,0,0,0,0,0,0,0,,0,0,0,0,0,0,0,0,0,0,0,0,0,0,,0,0,0,0,0,,0,0,0,0,25,4,27,2,4,0,0,0,0,0,0,0,0,0,0,0,0,0,0,0,0,1,15,0,0,0,0,0,0,0,0,0,0,0,0,0,,,0,0,0,0,0,0,0,0,0,0,0,0,,,,0,0,0,0,0,0,0,,0,0,0,0,,0,0,,0,0,0,0,0,0,0,0,0,0,0,0
00-0034721,C.Bojorquez,Corey Bojorquez,P,SPEC,"https://static.www.nfl.com/image/private/f_auto,q_auto/league/eiuli9dmspe6d4cwwa00",2021,REG,GB,17,0,0,0,0,0,0,0,0,0,0,0,0,,,0,,0,0,0,0,0,0,0,0,0,0,,0,0,0,0,0,0,0,0,0,0,0,0,0,0,,0,0,0,0,0,,0,0,0,0,1,0,0,0,0,0,0,0,0,0,0,0,0,0,0,0,0,0,0,0,0,0,0,0,0,0,0,0,0,0,0,0,0,0,0,0,,,0,0,0,0,0,0,0,0,0,0,0,0,,,,0,0,0,0,0,0,0,,0,0,0,0,,53,0,82,2467,18,9,7,4,12,21,268,1,2119,0,0
00-0034723,N.Thurman,Nick Thurman,DE,DL,"https://static.www.nfl.com/image/upload/f_auto,q_auto/league/wvnd9kwznw8xgnir6f0v",2021,REG,ATL,1,0,0,0,0,0,0,0,0,0,0,0,0,,,0,,0,0,0,0,0,0,0,0,0,0,,0,0,0,0,0,0,0,0,0,0,0,0,0,0,,0,0,0,0,0,,0,0,0,0,0,1,0,0,0,0,0,0,1,0,0,0,0,0,0,0,0,0,0,0,0,0,0,0,0,0,0,0,0,0,0,0,0,0,0,0,,,0,0,0,0,0,0,0,0,0,0,0,0,,,,0,0,0,0,0,0,0,,0,0,0,0,,0,0,,0,0,0,0,0,0,0,0,0,0,0,0
00-0034726,D.Leavitt,Dallin Leavitt,DB,DB,"https://static.www.nfl.com/image/private/f_auto,q_auto/league/puozg5rjuz6vf3cudgx5",2021,REG,LV,14,0,0,0,0,0,0,0,0,0,0,0,0,,,0,,0,0,0,0,2,6,0,0,0,2,3.15669890289428,0,0,0,0,0,0,0,0,0,0,0,0,0,0,,0,0,0,0,0,,0,0,0,0,15,2,18,0,0,0,0,0,0,0,0,2,0,0,0,0,1,0,1,30,0,1,15,0,0,0,0,0,0,0,0,0,0,0,0,0,,,0,0,0,0,0,0,0,0,0,0,0,0,,,,0,0,0,0,0,0,0,,0,0,0,0,,0,0,,0,0,0,0,0,0,0,0,0,0,0.6,0.6
00-0034728,J.Alexander,Jaire Alexander,CB,DB,"https://static.www.nfl.com/image/upload/f_auto,q_auto/league/niwxzo2rjy1uuo3aehac",2021,REG,GB,3,0,0,0,0,0,0,0,0,0,0,0,0,,,0,,0,0,0,0,0,0,0,0,0,0,,0,0,0,0,0,0,0,0,0,0,0,0,0,0,,0,0,0,0,0,,0,0,0,0,9,0,4,0,0,0,0,0,0,1,30,3,0,0,0,0,0,0,0,0,0,1,15,0,0,0,0,0,0,0,0,0,0,0,0,0,,,0,0,0,0,0,0,0,0,0,0,0,0,,,,0,0,0,0,0,0,0,,0,0,0,0,,0,0,,0,0,0,0,0,0,0,0,0,0,0,0
00-0034729,J.Jones,Jamarco Jones,OT,OL,"https://static.www.nfl.com/image/upload/f_auto,q_auto/league/g5ifw5tkz53gjdtnrv7n",2021,REG,SEA,1,0,0,0,0,0,0,0,0,0,0,0,0,,,0,,0,0,0,0,0,0,0,0,0,0,,0,0,0,0,0,0,0,0,0,0,0,0,0,0,,0,0,0,0,0,,0,0,0,0,0,0,0,0,0,0,0,0,0,0,0,0,0,0,0,0,0,0,0,0,0,1,10,0,0,0,0,0,0,0,0,0,0,0,0,0,,,0,0,0,0,0,0,0,0,0,0,0,0,,,,0,0,0,0,0,0,0,,0,0,0,0,,0,0,,0,0,0,0,0,0,0,0,0,0,0,0
00-0034730,M.Harris,Marcell Harris,DB,DB,"https://static.www.nfl.com/image/private/f_auto,q_auto/league/cpwqzcxldkcxuasgppbe",2021,REG,SF,12,0,0,0,0,0,0,0,0,0,0,0,0,,,0,,0,0,0,0,0,0,0,0,0,0,,0,0,0,0,0,0,0,0,0,0,0,0,0,0,,0,0,0,0,0,,0,0,0,0,22,2,20,2,3,0,1,1,1,1,2,1,0,0,0,0,0,0,0,0,0,2,16,0,0,0,0,0,0,0,0,0,0,0,0,0,,,0,0,0,0,0,0,0,0,0,0,0,0,,,,0,0,0,0,0,0,0,,0,0,0,0,,0,0,,0,0,0,0,0,0,0,0,0,0,0,0
00-0034731,R.McKenzie,Kahlil McKenzie,G,OL,"https://static.www.nfl.com/image/private/f_auto,q_auto/league/xxcaen8vycmjbtjr7mwk",2021,REG,BAL,3,0,0,0,0,0,0,0,0,0,0,0,0,,,0,,0,0,0,0,0,0,0,0,0,0,,0,0,0,0,0,0,0,0,0,0,0,0,0,0,,0,0,0,0,0,,0,0,0,0,1,0,3,0,0,0,0,0,0,0,0,0,0,0,0,0,0,0,0,0,0,0,0,0,0,0,0,0,0,0,0,0,0,0,0,0,,,0,0,0,0,0,0,0,0,0,0,0,0,,,,0,0,0,0,0,0,0,,0,0,0,0,,0,0,,0,0,0,0,0,0,0,0,0,0,0,0
00-0034735,C.McElroy,Codey McElroy,TE,TE,"https://static.www.nfl.com/image/private/f_auto,q_auto/league/agj6osumqjtba8sdmuyj",2021,REG,TB,1,0,0,0,0,0,0,0,0,0,0,0,0,,,0,,0,0,0,0,0,0,0,0,0,0,,0,0,0,0,0,0,1,0,0,0,0,11,0,0,-0.740482040331699,0,0,0,0,0,0,0.00139664804469274,0.00186630471666101,0.00340138536870181,0,0,0,0,0,0,0,0,0,0,0,0,0,0,0,0,0,0,0,0,0,0,0,0,0,0,0,0,0,0,0,0,0,0,0,0,0,,,0,0,0,0,0,0,0,0,0,0,0,0,,,,0,0,0,0,0,0,0,,0,0,0,0,,0,0,,0,0,0,0,0,0,0,0,0,0,0,0
00-0034736,S.Parker,Steven Parker,DB,DB,"https://static.www.nfl.com/image/private/f_auto,q_auto/league/rqdelqhxbpn6pflf0hul",2021,REG,NYG,3,0,0,0,0,0,0,0,0,0,0,0,0,,,0,,0,0,0,0,0,0,0,0,0,0,,0,0,0,0,0,0,0,0,0,0,0,0,0,0,,0,0,0,0,0,,0,0,0,0,3,1,2,0,0,0,0,0,0,0,0,2,0,0,0,0,0,0,0,0,0,0,0,0,0,0,0,0,0,0,0,0,0,0,0,0,,,0,0,0,0,0,0,0,0,0,0,0,0,,,,0,0,0,0,0,0,0,,0,0,0,0,,0,0,,0,0,0,0,0,0,0,0,0,0,0,0
00-0034743,R.Evans,Rashaan Evans,ILB,LB,"https://static.www.nfl.com/image/private/f_auto,q_auto/league/hou79fqcetlephuywjnp",2021,REG,TEN,12,0,0,0,0,0,0,0,0,0,0,0,0,,,0,,0,0,0,0,0,0,0,0,0,0,,0,0,0,0,0,0,0,0,0,0,0,0,0,0,,0,0,0,0,0,,0,0,0,0,29,6,22,2,7,1,0,0,0,2,1,2,0,0,0,0,0,0,1,0,0,1,5,0,0,0,0,0,0,0,0,0,0,0,0,0,,,0,0,0,0,0,0,0,0,0,0,0,0,,,,0,0,0,0,0,0,0,,0,0,0,0,,0,0,,0,0,0,0,0,0,0,0,0,0,0,0
00-0034745,T.Walker,Tracy Walker III,DB,DB,"https://static.www.nfl.com/image/upload/f_auto,q_auto/league/z2jfcvmhvnbxznv7asxs",2021,REG,DET,15,0,0,0,0,0,0,0,0,0,0,0,0,,,0,,0,0,0,0,0,0,0,0,0,0,,0,0,0,0,0,0,0,0,0,0,0,0,0,0,,0,0,0,0,0,,0,0,0,0,63,11,34,2,9,0,1,8,1,1,5,6,0,0,0,0,0,0,0,0,0,2,20,0,0,0,0,0,0,0,0,0,0,0,0,0,,,0,0,0,0,0,0,0,0,0,0,0,0,,,,0,0,0,0,0,0,0,,0,0,0,0,,0,0,,0,0,0,0,0,0,0,0,0,0,0,0
00-0034746,M.Hurst,Maurice Hurst,DT,DL,"https://static.www.nfl.com/image/upload/f_auto,q_auto/league/j4y7trnt3kiptgfklo8o",2021,REG,SF,2,0,0,0,0,0,0,0,0,0,0,0,0,,,0,,0,0,0,0,0,0,0,0,0,0,,0,0,0,0,0,0,0,0,0,0,0,0,0,0,,0,0,0,0,0,,0,0,0,0,0,2,0,0,0,0,0,0,0,0,0,0,0,0,0,0,0,0,0,0,0,0,0,0,0,0,0,0,0,0,0,0,0,0,0,0,,,0,0,0,0,0,0,0,0,0,0,0,0,,,,0,0,0,0,0,0,0,,0,0,0,0,,0,0,,0,0,0,0,0,0,0,0,0,0,0,0
00-0034750,R.Penny,Rashaad Penny,RB,RB,"https://static.www.nfl.com/image/private/f_auto,q_auto/league/mwvzwst6cfcwifblqtsj",2021,REG,SEA,10,0,0,0,0,0,0,0,0,0,0,0,0,,,0,,0,0,0,0,119,749,6,0,0,28,11.2019616547471,0,19,15,11,2,6,8,48,0,0,0,-16,62,3,0.729798308356552,0,2,1,1,0,-3,0.0168776371308017,-0.00346395323663131,0.0228916884305606,0,0,0,0,0,0,0,0,0,0,0,0,0,0,0,0,0,0,0,0,0,0,1,4,0,0,0,0,0,0,0,0,0,0,0,0,0,,,0,0,0,0,0,0,0,0,0,0,0,0,,,,0,0,0,0,0,0,0,,0,0,0,0,,0,0,,0,0,0,0,0,0,0,0,0,0,115.7,121.7
00-0034751,J.Jackson,Josh Jackson,CB,DB,"https://static.www.nfl.com/image/private/f_auto,q_auto/league/cdhgtve6ofjjbjqxzmfl",2021,REG,KC,2,0,0,0,0,0,0,0,0,0,0,0,0,,,0,,0,0,0,0,0,0,0,0,0,0,,0,0,0,0,0,0,0,0,0,0,0,0,0,0,,0,0,0,0,0,,0,0,0,0,1,0,3,0,0,0,0,0,0,0,0,0,0,0,0,0,0,0,0,0,0,0,0,0,0,0,0,0,0,0,0,0,0,0,0,0,,,0,0,0,0,0,0,0,0,0,0,0,0,,,,0,0,0,0,0,0,0,,0,0,0,0,,0,0,,0,0,0,0,0,0,0,0,0,0,0,0
00-0034752,O.Brown,Orlando Brown,OT,OL,"https://static.www.nfl.com/image/private/f_auto,q_auto/league/icuytojhzdm0dqxoebo4",2021,REG,KC,4,0,0,0,0,0,0,0,0,0,0,0,0,,,0,,0,0,0,0,0,0,0,0,0,0,,0,0,0,0,0,0,0,0,0,0,0,0,0,0,,0,0,0,0,0,,0,0,0,0,0,0,0,0,0,0,0,0,0,0,0,0,0,0,0,0,0,0,0,0,0,4,25,0,0,0,0,0,0,0,0,0,0,0,0,0,,,0,0,0,0,0,0,0,0,0,0,0,0,,,,0,0,0,0,0,0,0,,0,0,0,0,,0,0,,0,0,0,0,0,0,0,0,0,0,0,0
00-0034753,M.Andrews,Mark Andrews,TE,TE,"https://static.www.nfl.com/image/upload/f_auto,q_auto/league/wzx3p0hzm3qyqsrfqznb",2021,REG,BAL,17,0,0,0,0,0,0,0,0,0,0,0,0,,,0,,0,0,0,0,1,0,0,0,0,0,-1.09244613756891,0,0,0,0,0,107,153,1361,9,1,0,1574,450,75,56.0717765942933,2,61,29,20,2,0.864675984752224,0.258883248730964,0.300840978593272,0.598913558111737,0,6,0,1,0,0,0,0,0,0,0,0,0,0,0,0,0,1,0,0,0,0,2,20,1,0,0,1,0,0,0,0,0,0,0,0,0,,,0,0,0,0,0,0,0,0,0,0,0,0,,,,0,0,0,0,0,0,0,,0,0,0,0,,0,0,,0,0,0,0,0,0,0,0,0,0,194.1,301.1
00-0034754,O.Burks,Oren Burks,ILB,LB,"https://static.www.nfl.com/image/upload/f_auto,q_auto/league/efcamqfjel7jozjdvbe9",2021,REG,GB,16,0,0,0,0,0,0,0,0,0,0,0,0,,,0,,0,0,0,0,0,0,0,0,0,0,,0,0,0,0,0,0,0,0,0,0,0,0,0,0,,0,0,0,0,0,,0,0,0,0,20,4,12,0,0,0,0.5,2,2,0,0,0,0,0,0,0,1,0,0,0,0,1,5,0,0,0,0,0,0,0,0,0,0,0,0,0,,,0,0,0,0,0,0,0,0,0,0,0,0,,,,0,0,0,0,0,0,0,,0,0,0,0,,0,0,,0,0,0,0,0,0,0,0,0,0,0,0
00-0034756,T.Flowers,Tre Flowers,CB,DB,"https://static.www.nfl.com/image/upload/f_auto,q_auto/league/xrjyvseuhpojlh8k1tyc",2021,REG,CIN,13,0,0,0,0,0,0,0,0,0,0,0,0,,,0,,0,0,0,0,0,0,0,0,0,0,,0,0,0,0,0,0,0,0,0,0,0,0,0,0,,0,0,0,0,0,,0,0,0,0,23,6,10,0,0,0,0,0,0,0,0,1,0,0,0,0,1,0,0,0,0,2,12,0,0,0,0,0,0,0,0,0,0,0,0,0,,,0,0,0,0,0,0,0,0,0,0,0,0,,,,0,0,0,0,0,0,0,,0,0,0,0,,0,0,,0,0,0,0,0,0,0,0,0,0,0,0
00-0034759,K.Miller,Kolton Miller,OT,OL,"https://static.www.nfl.com/image/upload/f_auto,q_auto/league/jaq8p0tiipizksjbt3aa",2021,REG,LV,3,0,0,0,0,0,0,0,0,0,0,0,0,,,0,,0,0,0,0,0,0,0,0,0,0,,0,0,0,0,0,0,0,0,0,0,0,0,0,0,,0,0,0,0,0,,0,0,0,0,0,0,0,0,0,0,0,0,0,0,0,0,0,0,0,0,0,0,0,0,0,4,25,0,0,0,0,0,0,0,0,0,0,0,0,0,,,0,0,0,0,0,0,0,0,0,0,0,0,,,,0,0,0,0,0,0,0,,0,0,0,0,,0,0,,0,0,0,0,0,0,0,0,0,0,0,0
00-0034760,N.Shepherd,Nathan Shepherd,DE,DL,"https://static.www.nfl.com/image/upload/f_auto,q_auto/league/sl9b2jgyvmo5yn0vglok",2021,REG,NYJ,15,0,0,0,0,0,0,0,0,0,0,0,0,,,0,,0,0,0,0,0,0,0,0,0,0,,0,0,0,0,0,0,0,0,0,0,0,0,0,0,,0,0,0,0,0,,0,0,0,0,12,5,11,0,0,0,0,0,8,0,0,0,0,0,0,0,0,0,0,0,0,7,50,0,0,0,0,0,0,0,0,0,0,0,0,0,,,0,0,0,0,0,0,0,0,0,0,0,0,,,,0,0,0,0,0,0,0,,0,0,0,0,,0,0,,0,0,0,0,0,0,0,0,0,0,0,0
00-0034762,B.Price,Billy Price,C,OL,"https://static.www.nfl.com/image/upload/f_auto,q_auto/league/fopmtycmvtcvxopdkumd",2021,REG,NYG,5,0,0,0,0,0,0,0,0,0,0,0,0,,,0,,0,0,0,0,0,0,0,0,0,0,,0,0,0,0,0,0,0,0,0,0,0,0,0,0,,0,0,0,0,0,,0,0,0,0,1,0,0,0,0,0,0,0,0,0,0,0,0,0,0,0,1,0,0,0,0,4,25,0,0,0,0,0,0,0,0,0,0,0,0,0,,,0,0,0,0,0,0,0,0,0,0,0,0,,,,0,0,0,0,0,0,0,,0,0,0,0,,0,0,,0,0,0,0,0,0,0,0,0,0,0,0
00-0034763,B.Parker,Brandon Parker,OT,OL,"https://static.www.nfl.com/image/upload/f_auto,q_auto/league/s3cp5zcmlnrolrof84aq",2021,REG,LV,10,0,0,0,0,0,0,0,0,0,0,0,0,,,0,,0,0,0,0,0,0,0,0,0,0,,0,0,0,0,0,0,0,0,0,0,0,0,0,0,,0,0,0,0,0,,0,0,0,0,2,0,1,0,0,0,0,0,0,0,0,0,0,0,0,0,1,0,0,0,0,9,65,0,0,0,0,0,0,0,0,0,0,0,0,0,,,0,0,0,0,0,0,0,0,0,0,0,0,,,,0,0,0,0,0,0,0,,0,0,0,0,,0,0,,0,0,0,0,0,0,0,0,0,0,0,0
00-0034764,M.Gallup,Michael Gallup,WR,WR,"https://static.www.nfl.com/image/private/f_auto,q_auto/league/tt9xpcg4x2z3osc1fcq6",2021,REG,DAL,9,0,0,0,0,0,0,0,0,0,0,0,0,,,0,,0,0,0,0,0,0,0,0,0,0,,0,0,0,0,0,35,62,445,2,0,0,722,123,23,18.4041369350428,0,17,10,6,2,0.616343490304709,0.0973312401883831,0.141125879593432,0.244784975997977,0,0,0,0,0,0,0,0,0,0,0,0,0,0,0,0,0,0,0,0,0,0,0,0,0,0,0,0,0,0,0,0,0,0,0,0,0,,,0,0,0,0,0,0,0,0,0,0,0,0,,,,0,0,0,0,0,0,0,,0,0,0,0,,0,0,,0,0,0,0,0,0,0,0,0,0,56.5,91.5
00-0034765,T.Smith,Tre'Quan Smith,WR,WR,"https://static.www.nfl.com/image/upload/f_auto,q_auto/league/tlpyarxwfw6jue0m0e0o",2021,REG,NO,10,0,0,0,0,0,0,0,0,0,0,0,0,,,0,,0,0,0,0,0,0,0,0,0,0,,0,0,0,0,0,32,50,377,3,1,0,480,113,18,12.5186280927269,0,16,8,6,0,0.785416666666667,0.105485232067511,0.128170894526035,0.24794747426949,0,3,0,0,0,0,0,0,0,0,0,0,0,0,0,0,0,0,0,0,0,0,3,35,1,0,1,1,0,0,0,0,0,0,0,0,0,,,0,0,0,0,0,0,0,0,0,0,0,0,,,,0,0,0,0,0,0,0,,0,0,0,0,,0,0,,0,0,0,0,0,0,0,0,0,0,55.7,87.7
00-0034766,C.Herndon,Chris Herndon,TE,TE,"https://static.www.nfl.com/image/private/f_auto,q_auto/league/orypxaqv1ux3nbqssqqx",2021,REG,MIN,6,0,0,0,0,0,0,0,0,0,0,0,0,,,0,,0,0,0,0,0,0,0,0,0,0,,0,0,0,0,0,4,7,40,1,0,0,29,31,4,1.90233398642158,0,2,1,0,0,1.37931034482759,0.0121107266435986,0.00598926063610078,0.0223585724106685,0,0,0,0,0,0,0,0,0,0,0,0,0,0,0,0,0,0,0,0,0,0,2,25,0,0,0,0,0,0,0,0,0,0,0,0,0,,,0,0,0,0,0,0,0,0,0,0,0,0,,,,0,0,0,0,0,0,0,,0,0,0,0,,0,0,,0,0,0,0,0,0,0,0,0,0,10,14
00-0034768,C.Okorafor,Chukwuma Okorafor,OT,OL,"https://static.www.nfl.com/image/upload/f_auto,q_auto/league/kxptslx4n5u0qbxipet2",2021,REG,PIT,7,0,0,0,0,0,0,0,0,0,0,0,0,,,0,,0,0,0,0,0,0,0,0,0,0,,0,0,0,0,0,0,0,0,0,0,0,0,0,0,,0,0,0,0,0,,0,0,0,0,0,0,0,0,0,0,0,0,0,0,0,0,0,0,0,0,1,0,0,0,0,8,38,0,0,0,0,0,0,0,0,0,0,0,0,0,,,0,0,0,0,0,0,0,0,0,0,0,0,,,,0,0,0,0,0,0,0,,0,0,0,0,,0,0,,0,0,0,0,0,0,0,0,0,0,0,0
00-0034771,M.Rudolph,Mason Rudolph,QB,QB,"https://static.www.nfl.com/image/upload/f_auto,q_auto/league/vaeklpqoesk72mlloora",2021,REG,PIT,2,35,58,277,1,1,0,0,0,0,360,122,16,-8.75338016874487,-6.13574220665864,0,0.769444444444445,10,3,2,0,5,53,0,0,0,3,3.05594229756389,0,3,2,1,0,0,0,0,0,0,0,0,0,0,,0,0,0,0,0,,0,0,0,0,0,0,0,0,0,0,0,0,0,0,0,0,0,0,0,0,0,0,0,0,0,0,0,0,0,0,0,0,0,0,0,0,0,0,0,0,,,0,0,0,0,0,0,0,0,0,0,0,0,,,,0,0,0,0,0,0,0,,0,0,0,0,,0,0,,0,0,0,0,0,0,0,0,0,0,18.38,18.38
00-0034773,V.Vea,Vita Vea,DT,DL,"https://static.www.nfl.com/image/upload/f_auto,q_auto/league/enh7ieutevvqmvrn13ob",2021,REG,TB,14,0,0,0,0,0,0,0,0,0,0,0,0,,,0,,0,0,0,0,0,0,0,0,0,0,,0,0,0,0,0,0,0,0,0,0,0,0,0,0,,0,0,0,0,0,,0,0,0,0,20,2,11,5,34,0,4,32,12,0,0,3,0,0,0,0,0,0,1,0,0,1,5,0,0,0,0,0,0,0,0,0,0,0,0,0,,,0,0,0,0,0,0,0,0,0,0,0,0,,,,0,0,0,0,0,0,0,,0,0,0,0,,0,0,,0,0,0,0,0,0,0,0,0,0,0,0
00-0034775,C.Kirk,Christian Kirk,WR,WR,"https://static.www.nfl.com/image/upload/f_auto,q_auto/league/bugikrmfz5k4jvyaogza",2021,REG,ARI,17,1,1,33,0,0,0,0,0,0,33,0,1,3.03057740646182,70.7786321640015,0,1,1,1,1,0,1,11,0,0,0,1,0.651245707413182,0,1,0,0,0,77,103,982,5,0,0,1201,231,44,51.0993879715309,0,33,22,16,4,0.817651956702748,0.180701754385965,0.271412429378531,0.461041332143919,0,0,0,0,0,0,0,0,0,0,0,0,0,0,0,0,0,1,0,0,0,0,1,5,0,0,0,0,0,1,-5,0,0,0,0,0,0,,,0,0,0,0,0,0,0,0,0,0,0,0,,,,0,0,0,0,0,0,0,,0,0,0,0,,0,0,,0,0,0,0,0,0,0,0,0,0,130.62,207.62
00-0034777,D.Chark,DJ Chark,WR,WR,"https://static.www.nfl.com/image/upload/f_auto,q_auto/league/skuieceh50r31ulwpo5s",2021,REG,JAX,3,0,0,0,0,0,0,0,0,0,0,0,0,,,0,,0,0,0,0,0,0,0,0,0,0,,0,0,0,0,0,7,22,154,2,0,0,359,24,7,-0.67279911326606,0,7,5,3,1,0.428969359331476,0.0377358490566038,0.0753410283315845,0.109342493417015,0,0,0,0,0,0,0,0,0,0,0,0,0,0,0,0,0,0,0,0,0,0,1,10,0,0,0,0,0,0,0,0,0,0,0,0,0,,,0,0,0,0,0,0,0,0,0,0,0,0,,,,0,0,0,0,0,0,0,,0,0,0,0,,0,0,,0,0,0,0,0,0,0,0,0,0,27.4,34.4
00-0034778,C.Davis,Carlton Davis III,CB,DB,"https://static.www.nfl.com/image/upload/f_auto,q_auto/league/pzbrbbwgymysharir2ms",2021,REG,TB,10,0,0,0,0,0,0,0,0,0,0,0,0,,,0,,0,0,0,0,0,0,0,0,0,0,,0,0,0,0,0,0,0,0,0,0,0,0,0,0,,0,0,0,0,0,,0,0,0,0,31,2,6,1,1,0,0,0,0,1,25,11,0,0,0,0,0,0,1,0,0,6,57,0,0,0,0,0,0,0,0,0,0,0,0,0,,,0,0,0,0,0,0,0,0,0,0,0,0,,,,0,0,0,0,0,0,0,,0,0,0,0,,0,0,,0,0,0,0,0,0,0,0,0,0,0,0
00-0034779,R.Harrison,Ronnie Harrison,LB,LB,"https://static.www.nfl.com/image/upload/f_auto,q_auto/league/mdkbai0lmyu6pbe13ovb",2021,REG,CLE,12,0,0,0,0,0,0,0,0,0,0,0,0,,,0,,0,0,0,0,0,0,0,0,0,0,,0,0,0,0,0,0,0,0,0,0,0,0,0,0,,0,0,0,0,0,,0,0,0,0,32,8,18,3,10,0,1,8,1,1,0,3,0,0,0,0,0,0,0,0,0,1,9,0,0,0,0,0,0,0,0,0,0,0,0,0,,,0,0,0,0,0,0,0,0,0,0,0,0,,,,0,0,0,0,0,0,0,,0,0,0,0,,0,0,,0,0,0,0,0,0,0,0,0,0,0,0
00-0034780,I.Yiadom,Isaac Yiadom,CB,DB,"https://static.www.nfl.com/image/upload/f_auto,q_auto/league/yshnc3lfpcams5ropegx",2021,REG,GB,7,0,0,0,0,0,0,0,0,0,0,0,0,,,0,,0,0,0,0,0,0,0,0,0,0,,0,0,0,0,0,0,0,0,0,0,0,0,0,0,,0,0,0,0,0,,0,0,0,0,9,0,1,0,0,0,0,0,0,0,0,0,0,0,0,0,0,0,0,0,0,3,46,0,0,0,0,0,0,0,0,0,0,0,0,0,,,0,0,0,0,0,0,0,0,0,0,0,0,,,,0,0,0,0,0,0,0,,0,0,0,0,,0,0,,0,0,0,0,0,0,0,0,0,0,0,0
00-0034781,D.O'Daniel,Dorian O'Daniel,LB,LB,"https://static.www.nfl.com/image/private/f_auto,q_auto/league/mpzmyvgjzjl4n6rtn1wg",2021,REG,KC,4,0,0,0,0,0,0,0,0,0,0,0,0,,,0,,0,0,0,0,0,0,0,0,0,0,,0,0,0,0,0,0,0,0,0,0,0,0,0,0,,0,0,0,0,0,,0,0,0,0,4,0,3,0,0,0,0,0,0,0,0,0,0,0,0,0,0,0,0,0,0,1,10,0,0,0,0,0,0,0,0,0,0,0,0,0,,,0,0,0,0,0,0,0,0,0,0,0,0,,,,0,0,0,0,0,0,0,,0,0,0,0,,0,0,,0,0,0,0,0,0,0,0,0,0,0,0
00-0034782,H.Phillips,Harrison Phillips,DT,DL,"https://static.www.nfl.com/image/upload/f_auto,q_auto/league/znophhdzukalwuwsx6vx",2021,REG,BUF,14,0,0,0,0,0,0,0,0,0,0,0,0,,,0,,0,0,0,0,0,0,0,0,0,0,,0,0,0,0,0,0,0,0,0,0,0,0,0,0,,0,0,0,0,0,,0,0,0,0,23,5,23,1,5,0,1,5,6,0,0,1,0,0,0,0,0,0,1,0,0,0,0,0,0,0,0,0,0,0,0,0,0,0,0,0,,,0,0,0,0,0,0,0,0,0,0,0,0,,,,0,0,0,0,0,0,0,,0,0,0,0,,0,0,,0,0,0,0,0,0,0,0,0,0,0,0
00-0034785,M.Cole,Mason Cole,C,OL,"https://static.www.nfl.com/image/private/f_auto,q_auto/league/nbcg9m3g5du2i1opgget",2021,REG,MIN,1,0,0,0,0,0,0,0,0,0,0,0,0,,,0,,0,0,0,0,0,0,0,0,0,0,,0,0,0,0,0,0,0,0,0,0,0,0,0,0,,0,0,0,0,0,,0,0,0,0,0,0,0,0,0,0,0,0,0,0,0,0,0,0,0,0,0,0,0,0,0,1,15,0,0,0,0,0,0,0,0,0,0,0,0,0,,,0,0,0,0,0,0,0,0,0,0,0,0,,,,0,0,0,0,0,0,0,,0,0,0,0,,0,0,,0,0,0,0,0,0,0,0,0,0,0,0
00-0034787,C.Board,Chris Board,LB,LB,"https://static.www.nfl.com/image/upload/f_auto,q_auto/league/xrhz4xljlfr6cpmfbgjw",2021,REG,BAL,15,0,0,0,0,0,0,0,0,0,0,0,0,,,0,,0,0,0,0,0,0,0,0,0,0,,0,0,0,0,0,0,0,0,0,0,0,0,0,0,,0,0,0,0,0,,0,0,0,0,18,0,23,0,0,0,0,0,2,0,0,0,0,0,0,0,0,0,0,0,0,1,1,0,0,0,0,0,0,0,0,0,0,0,0,0,,,0,0,0,0,0,0,0,0,0,0,0,0,,,,0,0,0,0,0,0,0,,0,0,0,0,,0,0,,0,0,0,0,0,0,0,0,0,0,0,0
00-0034789,M.Fitzpatrick,Minkah Fitzpatrick,FS,DB,"https://static.www.nfl.com/image/upload/f_auto,q_auto/league/jo8jwipvxqzkmjcymrop",2021,REG,PIT,16,0,0,0,0,0,0,0,0,0,0,0,0,,,0,,0,0,0,0,0,0,0,0,0,0,,0,0,0,0,0,0,0,0,0,0,0,0,0,0,,0,0,0,0,0,,0,0,0,0,76,8,40,1,1,1,0,0,0,2,18,7,0,0,0,0,0,0,1,-1,0,2,46,0,0,0,0,0,0,0,0,0,0,0,0,0,,,0,0,0,0,0,0,0,0,0,0,0,0,,,,0,0,0,0,0,0,0,,0,0,0,0,,0,0,,0,0,0,0,0,0,0,0,0,0,0,0
00-0034790,D.James,Derwin James,FS,DB,"https://static.www.nfl.com/image/upload/f_auto,q_auto/league/z9au0ajgcwoeozfdu0ec",2021,REG,LAC,15,0,0,0,0,0,0,0,0,0,0,0,0,,,0,,0,0,0,0,0,0,0,0,0,0,,0,0,0,0,0,0,0,0,0,0,0,0,0,0,,0,0,0,0,0,,0,0,0,0,70,5,43,6,14,3,2,12.5,7,2,20,5,0,0,0,0,0,0,0,0,0,2,26,0,0,0,0,0,0,0,0,0,0,0,0,0,,,0,0,0,0,0,0,0,0,0,0,0,0,,,,0,0,0,0,0,0,0,,0,0,0,0,,0,0,,0,0,0,0,0,0,0,0,0,0,0,0
00-0034791,N.Chubb,Nick Chubb,RB,RB,"https://static.www.nfl.com/image/upload/f_auto,q_auto/league/h5y74trx6l8ivpkbmrkt",2021,REG,CLE,14,0,0,0,0,0,0,0,0,0,0,0,0,,,0,,0,0,0,0,228,1259,8,2,1,61,10.6301839495702,0,41,32,12,2,20,25,174,1,0,0,14,183,9,8.12511589378119,0,5,3,2,1,12.4285714285714,0.0501002004008016,0.0032618825722274,0.0774336184017616,0,1,0,0,0,0,0,0,0,0,0,0,0,0,0,0,0,1,0,0,0,0,0,0,2,0,0,2,1,0,0,0,0,0,0,0,0,,,0,0,0,0,0,0,0,0,0,0,0,0,,,,0,0,0,0,0,0,0,,0,0,0,0,,0,0,,0,0,0,0,0,0,0,0,0,0,195.3,215.3
00-0034794,J.Sanders,Jason Sanders,K,SPEC,"https://static.www.nfl.com/image/upload/f_auto,q_auto/league/hfv2b1mdvbbmyjwgcnt9",2021,REG,MIA,17,0,0,0,0,0,0,0,0,0,0,0,0,,,0,,0,0,0,0,0,0,0,0,0,0,,0,0,0,0,0,0,0,0,0,0,0,0,0,0,,0,0,0,0,0,,0,0,0,0,0,0,0,0,0,0,0,0,0,0,0,0,0,0,0,0,0,0,0,0,0,0,0,0,0,0,0,0,0,0,0,0,23,31,5,3,51,0.741935483870968,0,6,7,8,2,0,0,0,1,1,3,0,48;46;50;38;23;33;24;51;42;31;22;29;24;46;33;48;48;24;48;34;39;30;49,48;58;32;52;59,49;36;53,860,249,138,34,35,1,0,0.971428571428571,0,0,0,0,,0,0,,0,0,0,0,0,0,0,0,0,0,0,0
00-0034796,L.Jackson,Lamar Jackson,QB,QB,"https://static.www.nfl.com/image/upload/f_auto,q_auto/league/cruqs6qpbykh7a2whd7p",2021,REG,BAL,12,246,382,2882,16,13,38,-190,2,1,3534,1150,135,18.4367008740486,0.679499481244871,2,0.815506508205999,112,60,41,5,133,767,2,3,2,48,15.5151121083108,0,24,16,5,0,0,0,0,0,0,0,0,0,0,,0,0,0,0,0,,0,0,0,0,1,0,0,0,0,0,0,0,0,0,0,0,0,0,0,0,2,-4,0,0,0,0,0,4,2,1,6,3,0,0,0,0,0,0,0,0,,,0,0,0,0,0,0,0,0,0,0,0,0,,,,0,0,0,0,0,0,0,,0,0,0,0,,0,0,,0,0,0,0,0,0,0,0,0,0,239.98,239.98
00-0034797,J.Baker,Jerome Baker,OLB,LB,"https://static.www.nfl.com/image/upload/f_auto,q_auto/league/wdo4k5bdufnhhu8izyj4",2021,REG,MIA,16,0,0,0,0,0,0,0,0,0,0,0,0,,,0,,0,0,0,0,0,0,0,0,0,0,,0,0,0,0,0,0,0,0,0,0,0,0,0,0,,0,0,0,0,0,,0,0,0,0,54,8,30,7,54,1,5.5,52,15,1,0,4,0,0,0,0,0,0,0,0,0,1,15,0,0,0,0,0,0,0,0,0,0,0,0,0,,,0,0,0,0,0,0,0,0,0,0,0,0,,,,0,0,0,0,0,0,0,,0,0,0,0,,0,0,,0,0,0,0,0,0,0,0,0,0,0,0
00-0034798,D.Smythe,Durham Smythe,TE,TE,"https://static.www.nfl.com/image/upload/f_auto,q_auto/league/qmpveaqrfntryixpjqq2",2021,REG,MIA,16,0,0,0,0,0,0,0,0,0,0,0,0,,,0,,0,0,0,0,2,3,0,0,0,2,1.3401846177876,0,0,0,0,0,34,41,357,0,0,0,260,160,15,14.9682837688306,0,15,9,5,0,1.37307692307692,0.0684474123539232,0.0581525385819727,0.143377895538266,0,1,0,1,0,0,0,0,0,0,0,0,0,0,0,0,0,0,0,0,0,0,2,15,0,0,0,0,0,0,0,0,0,0,0,0,0,,,0,0,0,0,0,0,0,0,0,0,0,0,,,,0,0,0,0,0,0,0,,0,0,0,0,,0,0,,0,0,0,0,0,0,0,0,0,0,36,70
00-0034799,K.Ballage,Kalen Ballage,RB,RB,"https://static.www.nfl.com/image/private/f_auto,q_auto/league/zxxklmhekefz5gaaxqi0",2021,REG,PIT,8,0,0,0,0,0,0,0,0,0,0,0,0,,,0,,0,0,0,0,12,36,0,0,0,2,-2.03351259761257,0,2,1,0,0,2,7,8,0,0,0,2,10,0,-7.04676297592232,0,0,0,0,0,4,0.0107197549770291,0.000450551926109484,0.0163950188138203,0,1,0,0,0,0,0,0,0,0,0,0,0,0,0,0,0,0,0,0,0,0,0,0,0,0,0,0,0,0,0,0,0,0,0,0,0,,,0,0,0,0,0,0,0,0,0,0,0,0,,,,0,0,0,0,0,0,0,,0,0,0,0,,0,0,,0,0,0,0,0,0,0,0,0,0,4.4,6.4
00-0034800,B.Hill,B.J. Hill,DE,DL,"https://static.www.nfl.com/image/upload/f_auto,q_auto/league/t5d3t2wt1goqgv5njdqa",2021,REG,CIN,16,0,0,0,0,0,0,0,0,0,0,0,0,,,0,,0,0,0,0,0,0,0,0,0,0,,0,0,0,0,0,0,0,0,0,0,0,0,0,0,,0,0,0,0,0,,0,0,0,0,25,4,21,6,41,0,5.5,43,12,0,0,0,0,0,0,0,0,0,0,0,0,2,10,0,0,0,0,0,0,0,0,0,0,0,0,0,,,0,0,0,0,0,0,0,0,0,0,0,0,,,,0,0,0,0,0,0,0,,0,0,0,0,,0,0,,0,0,0,0,0,0,0,0,0,0,0,0
00-0034801,J.Woods,Josh Woods,LB,LB,"https://static.www.nfl.com/image/upload/f_auto,q_auto/league/p6wltly2bismav4hvfvb",2021,REG,DET,7,0,0,0,0,0,0,0,0,0,0,0,0,,,0,,0,0,0,0,0,0,0,0,0,0,,0,0,0,0,0,0,0,0,0,0,0,0,0,0,,0,0,0,0,0,,0,0,0,0,17,4,7,1,1,0,0,0,2,0,0,0,0,0,0,0,0,0,0,0,0,1,5,0,0,0,0,0,0,0,0,0,0,0,0,0,,,0,0,0,0,0,0,0,0,0,0,0,0,,,,0,0,0,0,0,0,0,,0,0,0,0,,0,0,,0,0,0,0,0,0,0,0,0,0,0,0
00-0034804,B.Allen,Brian Allen,C,OL,"https://static.www.nfl.com/image/private/f_auto,q_auto/league/qxebvjvaq5m9iw0tsmhj",2021,REG,LA,4,0,0,0,0,0,0,0,0,0,0,0,0,,,0,,0,0,0,0,0,0,0,0,0,0,,0,0,0,0,0,0,0,0,0,0,0,0,0,0,,0,0,0,0,0,,0,0,0,0,0,0,0,0,0,0,0,0,0,0,0,0,0,0,0,0,0,0,0,0,0,4,28,0,0,0,0,0,0,0,0,0,0,0,0,0,,,0,0,0,0,0,0,0,0,0,0,0,0,,,,0,0,0,0,0,0,0,,0,0,0,0,,0,0,,0,0,0,0,0,0,0,0,0,0,0,0
00-0034805,J.Franklin-Myers,John Franklin-Myers,DE,DL,"https://static.www.nfl.com/image/upload/f_auto,q_auto/league/uddpcfoopacmfjcovnvi",2021,REG,NYJ,15,0,0,0,0,0,0,0,0,0,0,0,0,,,0,,0,0,0,0,0,0,0,0,0,0,,0,0,0,0,0,0,0,0,0,0,0,0,0,0,,0,0,0,0,0,,0,0,0,0,14,3,18,6,43,1,6,44,14,1,32,1,0,0,0,0,0,0,0,0,0,2,4,0,0,0,0,0,0,0,0,0,0,0,0,0,,,0,0,0,0,0,0,0,0,0,0,0,0,,,,0,0,0,0,0,0,0,,0,0,0,0,,0,0,,0,0,0,0,0,0,0,0,0,0,0,0
00-0034806,M.Kiser,Micah Kiser,LB,LB,"https://static.www.nfl.com/image/private/f_auto,q_auto/league/ex1nv0jhbsg8qnf91fwc",2021,REG,DEN,5,0,0,0,0,0,0,0,0,0,0,0,0,,,0,,0,0,0,0,0,0,0,0,0,0,,0,0,0,0,0,0,0,0,0,0,0,0,0,0,,0,0,0,0,0,,0,0,0,0,7,2,10,1,1,0,0,0,0,0,0,0,0,0,0,0,0,0,0,0,0,0,0,0,0,0,0,0,0,0,0,0,0,0,0,0,,,0,0,0,0,0,0,0,0,0,0,0,0,,,,0,0,0,0,0,0,0,,0,0,0,0,,0,0,,0,0,0,0,0,0,0,0,0,0,0,0
00-0034807,O.Okoronkwo,Ogbo Okoronkwo,DE,DL,"https://static.www.nfl.com/image/upload/f_auto,q_auto/league/qbhwpvb59fmyguz8ttg0",2021,REG,LA,10,0,0,0,0,0,0,0,0,0,0,0,0,,,0,,0,0,0,0,0,0,0,0,0,0,,0,0,0,0,0,0,0,0,0,0,0,0,0,0,,0,0,0,0,0,,0,0,0,0,7,2,6,3,7,2,2,18,6,0,0,0,0,0,0,0,0,0,0,0,0,1,15,0,0,0,0,0,0,0,0,0,0,0,0,0,,,0,0,0,0,0,0,0,0,0,0,0,0,,,,0,0,0,0,0,0,0,,0,0,0,0,,0,0,,0,0,0,0,0,0,0,0,0,0,0,0
00-0034808,J.Kelly,John Kelly,RB,RB,"https://static.www.nfl.com/image/upload/f_auto,q_auto/league/pcjtitrxadmpg7ujoddg",2021,REG,CLE,1,0,0,0,0,0,0,0,0,0,0,0,0,,,0,,0,0,0,0,2,13,0,0,0,1,0.203084378270432,0,1,0,0,0,0,0,0,0,0,0,0,0,0,,0,0,0,0,0,,0,0,0,0,0,0,0,0,0,0,0,0,0,0,0,0,0,0,0,0,0,0,0,0,0,0,0,0,0,0,0,0,0,0,0,0,0,0,0,0,,,0,0,0,0,0,0,0,0,0,0,0,0,,,,0,0,0,0,0,0,0,,0,0,0,0,,0,0,,0,0,0,0,0,0,0,0,0,0,1.3,1.3
00-0034810,S.Joseph,Sebastian Joseph-Day,DT,DL,"https://static.www.nfl.com/image/upload/f_auto,q_auto/league/clutt16odnru2dvidv9w",2021,REG,LA,7,0,0,0,0,0,0,0,0,0,0,0,0,,,0,,0,0,0,0,0,0,0,0,0,0,,0,0,0,0,0,0,0,0,0,0,0,0,0,0,,0,0,0,0,0,,0,0,0,0,16,7,15,3,18,0,3,18,5,0,0,0,0,0,0,0,0,0,0,0,0,1,5,0,0,0,0,0,0,0,0,0,0,0,0,0,,,0,0,0,0,0,0,0,0,0,0,0,0,,,,0,0,0,0,0,0,0,,0,0,0,0,,0,0,,0,0,0,0,0,0,0,0,0,0,0,0
00-0034812,T.Howard,Travin Howard,LB,LB,"https://static.www.nfl.com/image/private/f_auto,q_auto/league/tbrrwq35cjidvwjeybkq",2021,REG,LA,6,0,0,0,0,0,0,0,0,0,0,0,0,,,0,,0,0,0,0,0,0,0,0,0,0,,0,0,0,0,0,0,0,0,0,0,0,0,0,0,,0,0,0,0,0,,0,0,0,0,12,3,6,0,0,0,0,0,0,1,19,3,0,0,0,0,0,0,0,0,0,0,0,0,0,0,0,0,0,0,0,0,0,0,0,0,,,0,0,0,0,0,0,0,0,0,0,0,0,,,,0,0,0,0,0,0,0,,0,0,0,0,,0,0,,0,0,0,0,0,0,0,0,0,0,0,0
00-0034813,J.Lawler,Justin Lawler,LB,LB,"https://static.www.nfl.com/image/private/f_auto,q_auto/league/rrtrniuoaezvpqawhiya",2021,REG,LA,1,0,0,0,0,0,0,0,0,0,0,0,0,,,0,,0,0,0,0,0,0,0,0,0,0,,0,0,0,0,0,0,0,0,0,0,0,0,0,0,,0,0,0,0,0,,0,0,0,0,0,0,1,0,0,0,0,0,0,0,0,0,0,0,0,0,0,0,0,0,0,0,0,0,0,0,0,0,0,0,0,0,0,0,0,0,,,0,0,0,0,0,0,0,0,0,0,0,0,,,,0,0,0,0,0,0,0,,0,0,0,0,,0,0,,0,0,0,0,0,0,0,0,0,0,0,0
00-0034815,F.Warner,Fred Warner,MLB,LB,"https://static.www.nfl.com/image/upload/f_auto,q_auto/league/u3en19iyyfc64d3vprh6",2021,REG,SF,16,0,0,0,0,0,0,0,0,0,0,0,0,,,0,,0,0,0,0,0,0,0,0,0,0,,0,0,0,0,0,0,0,0,0,0,0,0,0,0,,0,0,0,0,0,,0,0,0,0,71,8,58,4,9,1,0.5,5,3,0,0,4,0,0,0,0,0,0,3,0,0,1,24,0,0,0,0,0,0,0,0,0,0,0,0,0,,,0,0,0,0,0,0,0,0,0,0,0,0,,,,0,0,0,0,0,0,0,,0,0,0,0,,0,0,,0,0,0,0,0,0,0,0,0,0,0,0
00-0034816,R.Jones,Ronald Jones,RB,RB,"https://static.www.nfl.com/image/private/f_auto,q_auto/league/juku3wy4sv0xwobxw7xp",2021,REG,TB,15,0,0,0,0,0,0,0,0,0,0,0,0,,,0,,0,0,0,0,101,428,4,2,2,25,-3.85281771598966,0,8,6,1,0,10,13,64,0,0,0,-15,77,2,0.277788223989774,0,2,0,0,0,-4.26666666666667,0.0181564245810056,-0.00254496097726502,0.0254531641874229,0,0,0,0,0,0,0,0,0,0,0,0,0,0,0,0,0,0,0,0,0,0,1,5,2,0,0,2,2,0,0,0,0,0,0,0,0,,,0,0,0,0,0,0,0,0,0,0,0,0,,,,0,0,0,0,0,0,0,,0,0,0,0,,0,0,,0,0,0,0,0,0,0,0,0,0,69.2,79.2
00-0034817,G.Christian,Geron Christian,OT,OL,"https://static.www.nfl.com/image/upload/f_auto,q_auto/league/op7pv7rqvcvolr41t285",2021,REG,HOU,5,0,0,0,0,0,0,0,0,0,0,0,0,,,0,,0,0,0,0,0,0,0,0,0,0,,0,0,0,0,0,0,0,0,0,0,0,0,0,0,,0,0,0,0,0,,0,0,0,0,1,0,0,0,0,0,0,0,0,0,0,0,0,0,0,0,0,0,0,0,0,5,40,0,0,0,0,0,0,0,0,0,0,0,0,0,,,0,0,0,0,0,0,0,0,0,0,0,0,,,,0,0,0,0,0,0,0,,0,0,0,0,,0,0,,0,0,0,0,0,0,0,0,0,0,0,0
00-0034818,D.Nnadi,Derrick Nnadi,NT,DL,"https://static.www.nfl.com/image/upload/f_auto,q_auto/league/dbzhxihrdflpqcgcn7z4",2021,REG,KC,17,0,0,0,0,0,0,0,0,0,0,0,0,,,0,,0,0,0,0,0,0,0,0,0,0,,0,0,0,0,0,0,0,0,0,0,0,0,0,0,,0,0,0,0,0,,0,0,0,0,19,2,17,2,10,0,3,10,5,0,0,0,0,0,0,0,0,0,0,0,0,2,20,0,0,0,0,0,0,0,0,0,0,0,0,0,,,0,0,0,0,0,0,0,0,0,0,0,0,,,,0,0,0,0,0,0,0,,0,0,0,0,,0,0,,0,0,0,0,0,0,0,0,0,0,0,0
00-0034825,A.Key,Arden Key,DE,DL,"https://static.www.nfl.com/image/upload/f_auto,q_auto/league/wgnbernjlxpmk5rhgkhn",2021,REG,SF,16,0,0,0,0,0,0,0,0,0,0,0,0,,,0,,0,0,0,0,0,0,0,0,0,0,,0,0,0,0,0,0,0,0,0,0,0,0,0,0,,0,0,0,0,0,,0,0,0,0,10,1,11,5,38,0,6.5,51.5,17,0,0,1,0,0,0,0,0,0,0,0,0,5,55,0,0,0,0,0,0,0,0,0,0,0,0,0,,,0,0,0,0,0,0,0,0,0,0,0,0,,,,0,0,0,0,0,0,0,,0,0,0,0,,0,0,,0,0,0,0,0,0,0,0,0,0,0,0
00-0034827,Dj.Moore,DJ Moore,WR,WR,"https://static.www.nfl.com/image/upload/f_auto,q_auto/league/qphturmeiifnqrnf5pax",2021,REG,CAR,17,0,0,0,0,0,0,0,0,0,0,0,0,,,0,,0,0,0,0,8,48,0,0,0,4,7.40770576131763,0,3,2,0,0,93,163,1157,4,1,1,1734,422,60,9.49150797346094,1,52,28,16,1,0.66724336793541,0.283478260869565,0.392574145347521,0.700019293047613,0,5,0,1,0,0,0,0,0,0,0,0,0,0,0,0,0,1,1,0,0,0,1,10,1,0,0,1,1,1,9,1,13,0,0,0,0,,,0,0,0,0,0,0,0,0,0,0,0,0,,,,0,0,0,0,0,0,0,,0,0,0,0,,0,0,,0,0,0,0,0,0,0,0,0,0,144.5,237.5
00-0034828,H.Landry,Harold Landry III,LB,LB,"https://static.www.nfl.com/image/upload/f_auto,q_auto/league/u4vo0zlxvsph3annhc4f",2021,REG,TEN,17,0,0,0,0,0,0,0,0,0,0,0,0,,,0,,0,0,0,0,0,0,0,0,0,0,,0,0,0,0,0,0,0,0,0,0,0,0,0,0,,0,0,0,0,0,,0,0,0,0,44,7,24,12,75,1,12,80,22,0,0,0,0,0,0,0,0,0,0,0,0,0,0,0,0,0,0,0,0,0,0,0,0,0,0,0,,,0,0,0,0,0,0,0,0,0,0,0,0,,,,0,0,0,0,0,0,0,,0,0,0,0,,0,0,,0,0,0,0,0,0,0,0,0,0,0,0
00-0034829,M.Gesicki,Mike Gesicki,TE,TE,"https://static.www.nfl.com/image/upload/f_auto,q_auto/league/mfswo0trev4oi2gnb41e",2021,REG,MIA,17,0,1,0,0,0,0,0,0,0,28,0,0,-0.586453419644386,-36.1966907978058,0,0,0,0,0,0,0,0,0,0,0,0,,0,0,0,0,0,73,112,780,2,0,0,1048,221,39,18.9550175485181,1,29,17,12,1,0.744274809160305,0.186978297161937,0.234399463207336,0.44454706998804,0,2,0,0,0,0,0,0,0,0,0,0,0,0,0,0,0,0,0,0,0,0,1,7,0,0,0,0,0,0,0,0,0,0,0,0,0,,,0,0,0,0,0,0,0,0,0,0,0,0,,,,0,0,0,0,0,0,0,,0,0,0,0,,0,0,,0,0,0,0,0,0,0,0,0,0,92,165
00-0034830,H.Hurst,Hayden Hurst,TE,TE,"https://static.www.nfl.com/image/upload/f_auto,q_auto/league/qxvkvmi2fphxjqyb21nv",2021,REG,ATL,12,0,0,0,0,0,0,0,0,0,0,0,0,,,0,,0,0,0,0,0,0,0,0,0,0,,0,0,0,0,0,26,31,221,3,3,1,205,89,11,2.64730920143162,0,8,4,1,0,1.07804878048781,0.055956678700361,0.0494810523775042,0.118571754714794,0,1,0,0,0,0,0,0,0,0,0,0,0,0,0,0,0,0,0,0,0,0,3,25,3,0,2,3,1,0,0,0,0,0,0,0,0,,,0,0,0,0,0,0,0,0,0,0,0,0,,,,0,0,0,0,0,0,0,,0,0,0,0,,0,0,,0,0,0,0,0,0,0,0,0,0,38.1,64.1
00-0034831,R.Green,Rasheem Green,DE,DL,"https://static.www.nfl.com/image/private/f_auto,q_auto/league/q5a4fmrm2xxioqe5ijpi",2021,REG,SEA,17,0,0,0,0,0,0,0,0,0,0,0,0,,,0,,0,0,0,0,0,0,0,0,0,0,,0,0,0,0,0,0,0,0,0,0,0,0,0,0,,0,0,0,0,0,,0,0,0,0,19,8,21,6,39,0,6.5,46.5,15,0,0,4,0,0,0,0,0,0,0,0,0,3,24,0,0,0,0,0,0,0,0,0,0,0,0,0,,,0,0,0,0,0,0,0,0,0,0,0,0,,,,0,0,0,0,0,0,0,,0,0,0,0,,0,0,,0,0,0,0,0,0,0,0,0,0,0,0
00-0034832,B.Chubb,Bradley Chubb,OLB,LB,"https://static.www.nfl.com/image/upload/f_auto,q_auto/league/u0hpsvirbf0ksqqrr4of",2021,REG,DEN,6,0,0,0,0,0,0,0,0,0,0,0,0,,,0,,0,0,0,0,0,0,0,0,0,0,,0,0,0,0,0,0,0,0,0,0,0,0,0,0,,0,0,0,0,0,,0,0,0,0,9,0,12,1,4,0,0,0,4,1,21,2,0,0,0,0,0,0,0,0,0,2,20,0,0,0,0,0,0,0,0,0,0,0,0,0,,,0,0,0,0,0,0,0,0,0,0,0,0,,,,0,0,0,0,0,0,0,,0,0,0,0,,0,0,,0,0,0,0,0,0,0,0,0,0,0,0
00-0034833,I.Wynn,Isaiah Wynn,G,OL,"https://static.www.nfl.com/image/upload/f_auto,q_auto/league/vtldccf1xfjt0cmblvxu",2021,REG,NE,7,0,0,0,0,0,0,0,0,0,0,0,0,,,0,,0,0,0,0,0,0,0,0,0,0,,0,0,0,0,0,0,0,0,0,0,0,0,0,0,,0,0,0,0,0,,0,0,0,0,1,0,0,0,0,0,0,0,0,0,0,0,0,0,0,0,0,0,0,0,0,8,65,0,0,0,0,0,0,0,0,0,0,0,0,0,,,0,0,0,0,0,0,0,0,0,0,0,0,,,,0,0,0,0,0,0,0,,0,0,0,0,,0,0,,0,0,0,0,0,0,0,0,0,0,0,0
00-0034834,S.Hubbard,Sam Hubbard,DE,DL,"https://static.www.nfl.com/image/upload/f_auto,q_auto/league/eoodwerhenaqvcaqm29t",2021,REG,CIN,16,0,0,0,0,0,0,0,0,0,0,0,0,,,0,,0,0,0,0,0,0,0,0,0,0,,0,0,0,0,0,0,0,0,0,0,0,0,0,0,,0,0,0,0,0,,0,0,0,0,30,3,29,11,36,1,7.5,32,17,0,0,3,0,0,0,0,0,0,2,43,0,1,5,0,0,0,0,0,0,0,0,0,0,0,0,0,,,0,0,0,0,0,0,0,0,0,0,0,0,,,,0,0,0,0,0,0,0,,0,0,0,0,,0,0,,0,0,0,0,0,0,0,0,0,0,0,0
00-0034836,B.Smith,Braden Smith,OT,OL,"https://static.www.nfl.com/image/upload/f_auto,q_auto/league/xajcpouicrecoyupypyw",2021,REG,IND,3,0,0,0,0,0,0,0,0,0,0,0,0,,,0,,0,0,0,0,0,0,0,0,0,0,,0,0,0,0,0,0,0,0,0,0,0,0,0,0,,0,0,0,0,0,,0,0,0,0,0,0,0,0,0,0,0,0,0,0,0,0,0,0,0,0,0,0,0,0,0,5,35,0,0,0,0,0,0,0,0,0,0,0,0,0,,,0,0,0,0,0,0,0,0,0,0,0,0,,,,0,0,0,0,0,0,0,,0,0,0,0,,0,0,,0,0,0,0,0,0,0,0,0,0,0,0
00-0034837,C.Ridley,Calvin Ridley,WR,WR,"https://static.www.nfl.com/image/upload/f_auto,q_auto/league/l96rlegwqz7qfakbdtlp",2021,REG,ATL,5,0,0,0,0,0,0,0,0,0,0,0,0,,,0,,0,0,0,0,0,0,0,0,0,0,,0,0,0,0,0,31,52,281,2,0,0,521,91,16,7.90123467370404,0,11,6,3,0,0.539347408829175,0.0938628158844765,0.125754284335023,0.228822222861231,0,1,0,0,0,0,0,0,0,0,0,0,0,0,0,0,0,0,0,0,0,0,2,15,0,0,0,0,0,0,0,0,0,0,0,0,0,,,0,0,0,0,0,0,0,0,0,0,0,0,,,,0,0,0,0,0,0,0,,0,0,0,0,,0,0,,0,0,0,0,0,0,0,0,0,0,40.1,71.1
00-0034838,R.Freeman,Royce Freeman,RB,RB,"https://static.www.nfl.com/image/upload/f_auto,q_auto/league/qs4e1hiqj9xymlqk6yas",2021,REG,HOU,12,0,0,0,0,0,0,0,0,0,0,0,0,,,0,,0,0,0,0,56,169,0,0,0,8,-9.51403795826278,0,2,2,0,0,10,16,77,0,0,0,-6,75,4,-1.75418729842634,0,4,0,0,0,-12.8333333333333,0.0278260869565217,-0.00135838804618519,0.040788258802453,0,1,1,0,0,0,0,0,0,0,0,0,0,0,0,0,0,0,0,0,0,0,0,0,0,0,0,0,0,0,0,0,0,0,0,0,0,,,0,0,0,0,0,0,0,0,0,0,0,0,,,,0,0,0,0,0,0,0,,0,0,0,0,,0,0,,0,0,0,0,0,0,0,0,0,0,24.6,34.6
00-0034839,S.Beal,Sam Beal,DB,DB,"https://static.www.nfl.com/image/private/f_auto,q_auto/league/i2f6dvzikdojakefus8n",2021,REG,NYG,1,0,0,0,0,0,0,0,0,0,0,0,0,,,0,,0,0,0,0,0,0,0,0,0,0,,0,0,0,0,0,0,0,0,0,0,0,0,0,0,,0,0,0,0,0,,0,0,0,0,1,0,0,0,0,0,0,0,0,0,0,0,0,0,0,0,0,0,0,0,0,0,0,0,0,0,0,0,0,0,0,0,0,0,0,0,,,0,0,0,0,0,0,0,0,0,0,0,0,,,,0,0,0,0,0,0,0,,0,0,0,0,,0,0,,0,0,0,0,0,0,0,0,0,0,0,0
00-0034842,T.Bryan,Taven Bryan,DT,DL,"https://static.www.nfl.com/image/upload/f_auto,q_auto/league/omwj6uyx0ermi51ptvh6",2021,REG,JAX,11,0,0,0,0,0,0,0,0,0,0,0,0,,,0,,0,0,0,0,0,0,0,0,0,0,,0,0,0,0,0,0,0,0,0,0,0,0,0,0,,0,0,0,0,0,,0,0,0,0,9,1,5,4,20,0,2,16,8,0,0,0,0,0,0,0,0,0,0,0,0,1,5,0,0,0,0,0,0,0,0,0,0,0,0,0,,,0,0,0,0,0,0,0,0,0,0,0,0,,,,0,0,0,0,0,0,0,,0,0,0,0,,0,0,,0,0,0,0,0,0,0,0,0,0,0,0
00-0034843,M.Hughes,Mike Hughes,CB,DB,"https://static.www.nfl.com/image/upload/f_auto,q_auto/league/fzxie6iznr3i8qc2pmnv",2021,REG,KC,13,0,0,0,0,0,0,0,0,0,0,0,0,,,0,,0,0,0,0,0,0,0,0,0,0,,0,0,0,0,0,0,0,0,0,0,0,0,0,0,,0,0,0,0,0,,0,0,0,0,40,0,7,0,0,4,0,0,0,1,0,6,0,1,0,0,0,0,1,23,1,0,0,1,0,0,1,1,5,68,1,25,0,0,0,0,,,0,0,0,0,0,0,0,0,0,0,0,0,,,,0,0,0,0,0,0,0,,0,0,0,0,,0,0,,0,0,0,0,0,0,0,0,0,0,0,0
00-0034844,S.Barkley,Saquon Barkley,RB,RB,"https://static.www.nfl.com/image/upload/f_auto,q_auto/league/ern1nbhivkmwkg82c7v1",2021,REG,NYG,13,0,0,0,0,0,0,0,0,0,0,0,0,,,0,,0,0,0,0,162,593,2,1,1,27,-20.3498575433616,0,9,7,3,1,41,57,263,2,1,0,30,298,13,-3.736571233836,0,13,3,1,1,8.76666666666667,0.101063829787234,0.0068760027504011,0.156408946606132,0,0,0,0,0,0,0,0,0,0,0,0,0,0,0,0,0,0,0,0,0,0,0,0,2,0,0,2,1,0,0,0,0,0,0,0,0,,,0,0,0,0,0,0,0,0,0,0,0,0,,,,0,0,0,0,0,0,0,,0,0,0,0,,0,0,,0,0,0,0,0,0,0,0,0,0,107.6,148.6
00-0034845,S.Michel,Sony Michel,RB,RB,"https://static.www.nfl.com/image/private/f_auto,q_auto/league/eydtwcqcaegkuwivq0ln",2021,REG,LA,17,0,0,0,0,0,0,0,0,0,0,0,0,,,0,,0,0,0,0,208,845,4,1,1,49,-21.0700079339543,0,21,12,2,0,21,33,128,1,0,0,-14,133,6,-8.64380755734207,0,5,1,1,0,-9.14285714285714,0.0548172757475083,-0.00272691858200234,0.0803170706138608,0,1,0,0,0,0,0,0,0,0,0,0,0,0,0,0,0,0,0,0,0,0,1,15,1,0,0,1,1,0,0,4,90,0,0,0,0,,,0,0,0,0,0,0,0,0,0,0,0,0,,,,0,0,0,0,0,0,0,,0,0,0,0,,0,0,,0,0,0,0,0,0,0,0,0,0,125.3,146.3
00-0034846,D.Leonard,Shaquille Leonard,OLB,LB,"https://static.www.nfl.com/image/private/f_auto,q_auto/league/wsciifrkszbcjmnzsliy",2021,REG,IND,16,0,0,0,0,0,0,0,0,0,0,0,0,,,0,,0,0,0,0,0,0,0,0,0,0,,0,0,0,0,0,0,0,0,0,0,0,0,0,0,,0,0,0,0,0,,0,0,0,0,58,17,47,4,10,8,0,0,3,4,12,8,0,1,0,0,1,0,2,29,0,4,50,1,0,0,1,0,0,0,0,0,0,0,0,0,,,0,0,0,0,0,0,0,0,0,0,0,0,,,,0,0,0,0,0,0,0,,0,0,0,0,,0,0,,0,0,0,0,0,0,0,0,0,0,0,0
00-0034847,M.McGlinchey,Mike McGlinchey,OT,OL,"https://static.www.nfl.com/image/upload/f_auto,q_auto/league/rlmc7tqeolzj5btkdicj",2021,REG,SF,4,0,0,0,0,0,0,0,0,0,0,0,0,,,0,,0,0,0,0,0,0,0,0,0,0,,0,0,0,0,0,0,0,0,0,0,0,0,0,0,,0,0,0,0,0,,0,0,0,0,1,0,0,0,0,0,0,0,0,0,0,0,0,0,0,0,0,0,0,0,0,5,40,0,0,0,0,0,0,0,0,0,0,0,0,0,,,0,0,0,0,0,0,0,0,0,0,0,0,,,,0,0,0,0,0,0,0,,0,0,0,0,,0,0,,0,0,0,0,0,0,0,0,0,0,0,0
00-0034854,K.Hodge,KhaDarel Hodge,WR,WR,"https://static.www.nfl.com/image/upload/f_auto,q_auto/league/r6vyxamrbb62lcccap2r",2021,REG,DET,12,0,0,0,0,0,0,0,0,0,0,0,0,,,0,,0,0,0,0,0,0,0,0,0,0,,0,0,0,0,0,13,27,157,0,0,0,304,37,7,-6.31410539101227,1,6,3,2,1,0.516447368421053,0.047787610619469,0.0803595030399154,0.127933068057144,0,4,1,0,0,0,0,0,0,0,0,0,0,0,0,0,0,0,0,0,0,0,1,10,0,0,0,0,0,0,0,0,0,0,0,0,0,,,0,0,0,0,0,0,0,0,0,0,0,0,,,,0,0,0,0,0,0,0,,0,0,0,0,,0,0,,0,0,0,0,0,0,0,0,0,0,17.7,30.7
00-0034855,B.Mayfield,Baker Mayfield,QB,QB,"https://static.www.nfl.com/image/upload/f_auto,q_auto/league/i2uufyghiphx4oihgucm",2021,REG,CLE,14,253,418,3010,17,13,43,-269,5,3,3659,1383,143,-5.39741304627143,-2.71870790049434,2,0.822629133643072,114,62,42,9,37,134,1,1,0,12,6.11131855749408,0,4,4,0,0,0,0,11,0,0,0,0,11,0,,0,1,0,0,0,0,0,0,0,0,0,0,0,0,0,0,0,0,0,0,0,0,0,0,0,0,0,0,0,0,0,1,10,5,1,2,6,3,0,0,0,0,0,0,0,0,,,0,0,0,0,0,0,0,0,0,0,0,0,,,,0,0,0,0,0,0,0,,0,0,0,0,,0,0,,0,0,0,0,0,0,0,0,0,0,180.9,180.9
00-0034856,D.Ward,Denzel Ward,CB,DB,"https://static.www.nfl.com/image/upload/f_auto,q_auto/league/mmp5gacrbeeolrsgg5wm",2021,REG,CLE,15,0,0,0,0,0,0,0,0,0,0,0,0,,,0,,0,0,0,0,0,0,0,0,0,0,,0,0,0,0,0,0,0,0,0,0,0,0,0,0,,0,0,0,0,0,,0,0,0,0,33,1,9,1,2,0,0.5,2,2,3,103,10,1,0,0,0,0,0,0,0,0,3,37,0,0,0,0,0,0,0,0,0,0,0,0,0,,,0,0,0,0,0,0,0,0,0,0,0,0,,,,0,0,0,0,0,0,0,,0,0,0,0,,0,0,,0,0,0,0,0,0,0,0,0,0,0,0
00-0034857,J.Allen,Josh Allen,QB,QB,"https://static.www.nfl.com/image/upload/f_auto,q_auto/league/servs1fpsynfxep4rz2z",2021,REG,BUF,17,409,646,4407,36,15,26,-164,3,1,5295,1734,234,79.9928577935822,2.09755572317478,1,0.832294617563739,181,80,51,8,122,763,6,5,2,54,55.6467176340784,1,28,22,9,0,0,0,0,0,0,0,0,0,0,1.053,1,0,0,0,0,,0,0,0,0,2,0,0,0,0,0,0,0,0,0,0,0,0,0,0,0,2,-4,0,0,0,2,33,6,2,1,8,3,0,0,0,0,0,0,0,0,,,0,0,0,0,0,0,0,0,0,0,0,0,,,,0,0,0,0,0,0,0,,0,0,0,0,,0,0,,0,0,0,0,0,0,0,0,0,0,402.58,402.58
00-0034858,Te.Edmunds,Terrell Edmunds,S,DB,"https://static.www.nfl.com/image/upload/f_auto,q_auto/league/fk1i6e8ursk3awmpts1j",2021,REG,PIT,17,0,0,0,0,0,0,0,0,0,0,0,0,,,0,,0,0,0,0,0,0,0,0,0,0,,0,0,0,0,0,0,0,0,0,0,0,0,0,0,,0,0,0,0,0,,0,0,0,0,49,14,26,6,29,0,1,13,1,2,15,6,0,0,0,0,0,0,0,0,0,0,0,0,0,0,0,0,0,0,0,0,0,0,0,0,,,0,0,0,0,0,0,0,0,0,0,0,0,,,,0,0,0,0,0,0,0,,0,0,0,0,,0,0,,0,0,0,0,0,0,0,0,0,0,0,0
00-0034860,D.Pettis,Dante Pettis,WR,WR,"https://static.www.nfl.com/image/upload/f_auto,q_auto/league/xz70t2ahl2ak2q9mqtia",2021,REG,NYG,3,1,1,16,0,0,0,0,0,0,13,3,1,0.98088472627569,36.3633871078491,0,1.23076923076923,1,1,0,0,0,0,0,0,0,0,,0,0,0,0,0,10,16,87,1,0,0,103,38,5,-1.96423208350576,0,4,1,1,0,0.844660194174757,0.0283687943262411,0.0236076094430438,0.0590785180994923,0,1,0,0,0,0,0,0,0,0,0,0,0,0,1,0,0,0,0,0,0,0,0,0,0,1,0,1,0,2,0,0,0,0,0,0,0,,,0,0,0,0,0,0,0,0,0,0,0,0,,,,0,0,0,0,0,0,0,,0,0,0,0,,0,0,,0,0,0,0,0,0,0,0,0,0,15.34,25.34
00-0034867,M.Turner,Malik Turner,WR,WR,"https://static.www.nfl.com/image/private/f_auto,q_auto/league/r7wv14bgrb5ohjmqsf9p",2021,REG,DAL,7,0,0,0,0,0,0,0,0,0,0,0,0,,,0,,0,0,0,0,0,0,0,0,0,0,,0,0,0,0,0,12,16,149,3,0,0,149,74,8,6.50244387047133,0,5,1,1,1,1,0.0251177394034537,0.0291243158717748,0.0580636302154229,0,0,0,0,0,0,0,0,0,0,0,0,0,0,0,0,0,0,0,0,0,0,0,0,0,0,0,0,0,0,0,0,0,0,0,0,0,,,0,0,0,0,0,0,0,0,0,0,0,0,,,,0,0,0,0,0,0,0,,0,0,0,0,,0,0,,0,0,0,0,0,0,0,0,0,0,32.9,44.9
00-0034869,S.Darnold,Sam Darnold,QB,QB,"https://static.www.nfl.com/image/upload/f_auto,q_auto/league/s5t8m6bhedjwwtfw3ild",2021,REG,CAR,12,243,406,2527,9,13,35,-204,5,2,2932,1387,123,-76.7135797189775,-4.8873513044479,1,0.861869031377899,99,54,30,4,48,222,5,2,2,21,3.87888621813283,0,8,5,2,0,0,0,0,0,0,0,0,0,0,,0,0,0,0,0,,0,0,0,0,0,0,0,0,0,0,0,0,0,0,0,0,0,0,0,0,3,-5,0,0,0,2,13,6,3,0,9,4,0,0,0,0,0,0,0,0,,,0,0,0,0,0,0,0,0,0,0,0,0,,,,0,0,0,0,0,0,0,,0,0,0,0,,0,0,,0,0,0,0,0,0,0,0,0,0,157.28,157.28
00-0034874,R.Smith,Roquan Smith,ILB,LB,"https://static.www.nfl.com/image/upload/f_auto,q_auto/league/ru4idxsvmhlpiwx6za9a",2021,REG,CHI,17,0,0,0,0,0,0,0,0,0,0,0,0,,,0,,0,0,0,0,0,0,0,0,0,0,,0,0,0,0,0,0,0,0,0,0,0,0,0,0,,0,0,0,0,0,,0,0,0,0,85,10,68,11,45,0,3,25,4,1,53,3,1,0,0,0,0,0,0,0,0,4,34,0,0,0,0,0,0,0,0,0,0,0,0,0,,,0,0,0,0,0,0,0,0,0,0,0,0,,,,0,0,0,0,0,0,0,,0,0,0,0,,0,0,,0,0,0,0,0,0,0,0,0,0,0,0
00-0034887,A.Johnson,Alexander Johnson,LB,LB,"https://static.www.nfl.com/image/private/f_auto,q_auto/league/zish1d1wbrhziswhsssd",2021,REG,DEN,6,0,0,0,0,0,0,0,0,0,0,0,0,,,0,,0,0,0,0,0,0,0,0,0,0,,0,0,0,0,0,0,0,0,0,0,0,0,0,0,,0,0,0,0,0,,0,0,0,0,18,2,12,2,26,0,2,26,2,0,0,3,0,0,0,0,0,0,1,10,0,0,0,0,0,0,0,0,0,0,0,0,0,0,0,0,,,0,0,0,0,0,0,0,0,0,0,0,0,,,,0,0,0,0,0,0,0,,0,0,0,0,,0,0,,0,0,0,0,0,0,0,0,0,0,0,0
00-0034899,J.Wolford,John Wolford,QB,QB,"https://static.www.nfl.com/image/upload/f_auto,q_auto/league/rx1z0on3krils5gvkgj4",2021,REG,LA,2,1,4,5,0,1,1,-8,0,0,19,7,0,-6.36047899327241,-53.3856704831123,0,0.263157894736842,0,0,0,0,2,-1,0,0,0,0,-1.03255195403472,0,0,0,0,0,0,0,0,0,0,0,0,0,0,,0,0,0,0,0,,0,0,0,0,0,0,0,0,0,0,0,0,0,0,0,0,0,0,0,0,0,0,0,0,0,0,0,0,0,0,0,0,0,0,0,0,0,0,0,0,,,0,0,0,0,0,0,0,0,0,0,0,0,,,,0,0,0,0,0,0,0,,0,0,0,0,,0,0,,0,0,0,0,0,0,0,0,0,0,-1.9,-1.9
00-0034902,S.Eguavoen,Sam Eguavoen,LB,LB,"https://static.www.nfl.com/image/upload/f_auto,q_auto/league/qvwzilzdorawnld7aous",2021,REG,MIA,11,0,0,0,0,0,0,0,0,0,0,0,0,,,0,,0,0,0,0,0,0,0,0,0,0,,0,0,0,0,0,0,0,0,0,0,0,0,0,0,,0,0,0,0,0,,0,0,0,0,7,2,7,0,0,0,0.5,4.5,7,0,0,0,0,0,0,0,0,0,1,0,1,0,0,0,0,0,0,0,0,0,0,0,0,0,0,0,,,0,0,0,0,0,0,0,0,0,0,0,0,,,,0,0,0,0,0,0,0,,0,0,0,0,,0,0,,0,0,0,0,0,0,0,0,0,0,0,0
00-0034903,T.Campbell,Tevaughn Campbell,DB,DB,"https://static.www.nfl.com/image/upload/f_auto,q_auto/league/gt6omgjvqjkohkngei3o",2021,REG,LAC,12,0,0,0,0,0,0,0,0,0,0,0,0,,,0,,0,0,0,0,0,0,0,0,0,0,,0,0,0,0,0,0,1,0,0,0,0,10,0,0,-2.76716072531417,0,0,0,0,0,0,0.00151745068285281,0.00196772924045651,0.00365358649259877,0,28,3,9,0,0,2,0,0,0,0,0,4,0,0,0,0,0,0,1,61,1,2,9,0,0,0,0,0,0,0,0,0,0,0,0,0,,,0,0,0,0,0,0,0,0,0,0,0,0,,,,0,0,0,0,0,0,0,,0,0,0,0,,0,0,,0,0,0,0,0,0,0,0,0,0,0,0
00-0034909,T.Vizcaino,Tristan Vizcaino,K,SPEC,"https://static.www.nfl.com/image/private/f_auto,q_auto/league/ejfiunmxfxj38cj2k5e8",2021,REG,LAC,6,0,0,0,0,0,0,0,0,0,0,0,0,,,0,,0,0,0,0,0,0,0,0,0,0,,0,0,0,0,0,0,0,0,0,0,0,0,0,0,,0,0,0,0,0,,0,0,0,0,1,0,0,0,0,0,0,0,0,0,0,0,0,0,0,0,0,0,0,0,0,0,0,0,0,0,0,0,0,0,0,0,6,7,1,0,46,0.857142857142857,0,3,2,1,0,0,0,0,0,1,0,0,33;27;46;32;29;24,44,,191,44,0,10,15,5,0,0.666666666666667,0,0,0,0,,1,0,32,32,1,0,0,0,0,1,6,0,26,0,0
00-0034913,C.Blewitt,Chris Blewitt,K,SPEC,"https://static.www.nfl.com/image/private/f_auto,q_auto/league/e30vigqekarg8cz3c2a6",2021,REG,WAS,2,0,0,0,0,0,0,0,0,0,0,0,0,,,0,,0,0,0,0,0,0,0,0,0,0,,0,0,0,0,0,0,0,0,0,0,0,0,0,0,,0,0,0,0,0,,0,0,0,0,0,0,0,0,0,0,0,0,0,0,0,0,0,0,0,0,0,0,0,0,0,0,0,0,0,0,0,0,0,0,0,0,2,5,0,3,52,0.4,0,0,0,1,1,0,0,0,0,0,0,0,45;52,,42;45;47,97,0,134,2,2,0,0,1,0,0,0,0,,0,0,,0,0,0,0,0,0,0,0,0,0,0,0
00-0034921,E.Fry,Elliott Fry,K,SPEC,"https://static.www.nfl.com/image/private/f_auto,q_auto/league/brxmzxdub4ls9t722fis",2021,REG,CIN,2,0,0,0,0,0,0,0,0,0,0,0,0,,,0,,0,0,0,0,0,0,0,0,0,0,,0,0,0,0,0,0,0,0,0,0,0,0,0,0,,0,0,0,0,0,,0,0,0,0,0,0,0,0,0,0,0,0,0,0,0,0,0,0,0,0,0,0,0,0,0,0,0,0,0,0,0,0,0,0,0,0,4,5,1,0,44,0.8,0,0,3,1,0,0,0,0,1,0,0,0,44;34;30;36,39,,144,39,0,4,5,1,0,0.8,0,0,0,0,,0,0,,0,0,0,0,0,0,0,0,0,0,0,0
00-0034930,T.Benson,Trinity Benson,WR,WR,"https://static.www.nfl.com/image/private/f_auto,q_auto/league/ieftt22eccs8cjnodaxb",2021,REG,DET,7,0,0,0,0,0,0,0,0,0,0,0,0,,,0,,0,0,0,0,0,0,0,0,0,0,,0,0,0,0,0,10,22,103,0,0,0,175,59,4,-9.61333417706192,0,3,2,2,0,0.588571428571429,0.0389380530973451,0.0462595823420566,0.0907887872854573,0,1,0,0,0,0,0,0,0,0,0,0,0,0,0,0,0,0,0,0,0,0,0,0,0,0,0,0,0,0,0,0,0,0,0,0,0,,,0,0,0,0,0,0,0,0,0,0,0,0,,,,0,0,0,0,0,0,0,,0,0,0,0,,0,0,,0,0,0,0,0,0,0,0,0,0,10.3,20.3
00-0034937,J.Leglue,John Leglue,G,OL,"https://static.www.nfl.com/image/upload/f_auto,q_auto/league/ik87fzzabfqtbxsyntxu",2021,REG,PIT,3,0,0,0,0,0,0,0,0,0,0,0,0,,,0,,0,0,0,0,0,0,0,0,0,0,,0,0,0,0,0,0,0,0,0,0,0,0,0,0,,0,0,0,0,0,,0,0,0,0,0,0,0,0,0,0,0,0,0,0,0,0,0,0,0,0,0,0,0,0,0,4,25,0,0,0,0,0,0,0,0,0,0,0,0,0,,,0,0,0,0,0,0,0,0,0,0,0,0,,,,0,0,0,0,0,0,0,,0,0,0,0,,0,0,,0,0,0,0,0,0,0,0,0,0,0,0
00-0034941,M.Wishnowsky,Mitch Wishnowsky,P,SPEC,"https://static.www.nfl.com/image/upload/f_auto,q_auto/league/kjifuyh2rm6dygczcv4f",2021,REG,SF,16,0,0,0,0,0,0,0,0,0,0,0,0,,,0,,0,0,0,0,0,0,0,0,0,0,,0,0,0,0,0,0,0,0,0,0,0,0,0,0,,0,0,0,0,0,,0,0,0,0,3,0,0,0,0,0,0,0,0,0,0,0,0,0,0,0,0,0,0,0,0,0,0,0,0,0,0,0,0,0,0,0,0,1,1,0,,0,0,0,0,0,0,0,0,0,0,1,0,0,,41,,0,41,0,1,2,1,0,0.5,0,0,0,0,,57,0,67,2566,21,7,10,5,15,20,156,0,2310,0,0
00-0034944,C.Hansen,Chase Hansen,LB,LB,"https://static.www.nfl.com/image/private/f_auto,q_auto/league/hluxdq5t1n7rvmtocj6n",2021,REG,NO,1,0,0,0,0,0,0,0,0,0,0,0,0,,,0,,0,0,0,0,0,0,0,0,0,0,,0,0,0,0,0,0,0,0,0,0,0,0,0,0,,0,0,0,0,0,,0,0,0,0,0,0,1,0,0,0,0,0,0,0,0,0,0,0,0,0,0,0,0,0,0,0,0,0,0,0,0,0,0,0,0,0,0,0,0,0,,,0,0,0,0,0,0,0,0,0,0,0,0,,,,0,0,0,0,0,0,0,,0,0,0,0,,0,0,,0,0,0,0,0,0,0,0,0,0,0,0
00-0034954,M.Reed,Malik Reed,LB,LB,"https://static.www.nfl.com/image/private/f_auto,q_auto/league/c3efy9qazz8gzi8b3qvb",2021,REG,DEN,14,0,0,0,0,0,0,0,0,0,0,0,0,,,0,,0,0,0,0,0,0,0,0,0,0,,0,0,0,0,0,0,0,0,0,0,0,0,0,0,,0,0,0,0,0,,0,0,0,0,22,2,19,3,14,2,5,36,8,0,0,2,0,0,0,0,0,0,1,0,0,0,0,0,0,0,0,0,0,0,0,0,0,0,0,0,,,0,0,0,0,0,0,0,0,0,0,0,0,,,,0,0,0,0,0,0,0,,0,0,0,0,,0,0,,0,0,0,0,0,0,0,0,0,0,0,0
00-0034955,B.Rypien,Brett Rypien,QB,QB,"https://static.www.nfl.com/image/upload/f_auto,q_auto/league/aagqym9xmd5rligbbacq",2021,REG,DEN,1,0,2,0,0,0,0,0,0,0,11,0,0,-2.05911778751761,-54.7191679477692,0,0,0,0,0,0,0,0,0,0,0,0,,0,0,0,0,0,0,0,0,0,0,0,0,0,0,,0,0,0,0,0,,0,0,0,0,0,0,0,0,0,0,0,0,0,0,0,0,0,0,0,0,0,0,0,0,0,0,0,0,0,0,0,0,0,0,0,0,0,0,0,0,,,0,0,0,0,0,0,0,0,0,0,0,0,,,,0,0,0,0,0,0,0,,0,0,0,0,,0,0,,0,0,0,0,0,0,0,0,0,0,0,0
00-0034956,J.Watson,Josh Watson,LB,LB,"https://static.www.nfl.com/image/private/f_auto,q_auto/league/h1uyjqcly6xgykmhbdfn",2021,REG,HOU,1,0,0,0,0,0,0,0,0,0,0,0,0,,,0,,0,0,0,0,0,0,0,0,0,0,,0,0,0,0,0,0,0,0,0,0,0,0,0,0,,0,0,0,0,0,,0,0,0,0,0,0,0,0,0,0,0,0,0,0,0,0,0,0,0,0,0,0,0,0,0,1,15,0,0,0,0,0,0,0,0,0,0,0,0,0,,,0,0,0,0,0,0,0,0,0,0,0,0,,,,0,0,0,0,0,0,0,,0,0,0,0,,0,0,,0,0,0,0,0,0,0,0,0,0,0,0
00-0034959,A.Beck,Andrew Beck,FB,RB,"https://static.www.nfl.com/image/upload/f_auto,q_auto/league/cgfleml3vlakevf285n3",2021,REG,DEN,1,0,0,0,0,0,0,0,0,0,0,0,0,,,0,,0,0,0,0,0,0,0,0,0,0,,0,0,0,0,0,0,0,0,0,0,0,0,0,0,,0,0,0,0,0,,0,0,0,0,1,0,0,0,0,0,0,0,0,0,0,0,0,0,0,0,0,0,0,0,0,0,0,0,0,0,0,0,0,0,0,0,0,0,0,0,,,0,0,0,0,0,0,0,0,0,0,0,0,,,,0,0,0,0,0,0,0,,0,0,0,0,,0,0,,0,0,0,0,0,0,0,0,0,0,0,0
00-0034960,J.Meyers,Jakobi Meyers,WR,WR,"https://static.www.nfl.com/image/upload/f_auto,q_auto/league/qui5ajbevlk7pfjpcufz",2021,REG,NE,16,2,2,45,0,0,0,0,0,0,11,34,1,1.78691730397986,41.6868925094605,0,4.09090909090909,2,1,1,0,1,9,0,0,0,0,0.923072559235152,0,0,0,0,0,83,126,866,2,1,1,1221,222,42,19.0950914472887,2,34,18,12,0,0.709254709254709,0.240458015267176,0.284748134328358,0.560010716930614,0,2,0,0,0,0,0,0,0,0,0,0,0,0,0,0,0,0,0,0,0,0,2,15,0,1,0,1,1,1,7,0,0,0,0,0,0,,,0,0,0,0,0,0,0,0,0,0,0,0,,,,0,0,0,0,0,0,0,,0,0,0,0,,0,0,,0,0,0,0,0,0,0,0,0,0,103.3,186.3
00-0034966,D.Ross,D'Angelo Ross,CB,DB,"https://static.www.nfl.com/image/upload/f_auto,q_auto/league/knsvo3gypaqfo3vtnt1o",2021,REG,NE,1,0,0,0,0,0,0,0,0,0,0,0,0,,,0,,0,0,0,0,0,0,0,0,0,0,,0,0,0,0,0,0,0,0,0,0,0,0,0,0,,0,0,0,0,0,,0,0,0,0,2,0,1,0,0,0,0,0,0,0,0,0,0,0,0,0,0,0,0,0,0,0,0,0,0,0,0,0,0,0,0,0,0,0,0,0,,,0,0,0,0,0,0,0,0,0,0,0,0,,,,0,0,0,0,0,0,0,,0,0,0,0,,0,0,,0,0,0,0,0,0,0,0,0,0,0,0
00-0034967,R.Gary,Rashan Gary,LB,LB,"https://static.www.nfl.com/image/private/f_auto,q_auto/league/t4clz4xe8sfxszmvohfo",2021,REG,GB,16,0,0,0,0,0,0,0,0,0,0,0,0,,,0,,0,0,0,0,0,0,0,0,0,0,,0,0,0,0,0,0,0,0,0,0,0,0,0,0,,0,0,0,0,0,,0,0,0,0,23,4,20,8,52,2,9.5,71,28,0,0,0,0,0,0,0,0,0,1,0,0,1,15,0,0,0,0,0,0,0,0,0,0,0,0,0,,,0,0,0,0,0,0,0,0,0,0,0,0,,,,0,0,0,0,0,0,0,,0,0,0,0,,0,0,,0,0,0,0,0,0,0,0,0,0,0,0
00-0034968,D.Savage,Darnell Savage,DB,DB,"https://static.www.nfl.com/image/upload/f_auto,q_auto/league/oahujzgwcvkeyc9qpqrb",2021,REG,GB,16,0,0,0,0,0,0,0,0,0,0,0,0,,,0,,0,0,0,0,0,0,0,0,0,0,,0,0,0,0,0,0,0,0,0,0,0,0,0,0,,0,0,0,0,0,,0,0,0,0,43,5,15,1,1,0,0,0,0,2,0,9,0,0,0,0,0,0,0,0,0,3,66,0,0,0,0,0,0,0,0,0,0,0,0,0,,,0,0,0,0,0,0,0,0,0,0,0,0,,,,0,0,0,0,0,0,0,,0,0,0,0,,0,0,,0,0,0,0,0,0,0,0,0,0,0,0
00-0034969,B.Banogu,Ben Banogu,DE,DL,"https://static.www.nfl.com/image/private/f_auto,q_auto/league/p9k6kdaayai1uggtqruq",2021,REG,IND,1,0,0,0,0,0,0,0,0,0,0,0,0,,,0,,0,0,0,0,0,0,0,0,0,0,,0,0,0,0,0,0,0,0,0,0,0,0,0,0,,0,0,0,0,0,,0,0,0,0,1,0,1,0,0,0,0,0,1,0,0,0,0,0,0,0,0,0,0,0,0,0,0,0,0,0,0,0,0,0,0,0,0,0,0,0,,,0,0,0,0,0,0,0,0,0,0,0,0,,,,0,0,0,0,0,0,0,,0,0,0,0,,0,0,,0,0,0,0,0,0,0,0,0,0,0,0
00-0034972,A.Mattison,Alexander Mattison,RB,RB,"https://static.www.nfl.com/image/upload/f_auto,q_auto/league/mbcaep8diu9yuo3qrtiz",2021,REG,MIN,16,0,0,0,0,0,0,0,0,0,0,0,0,,,0,,0,0,0,0,134,491,3,1,1,28,-25.9953988567139,0,10,7,2,1,32,39,228,1,0,0,3,238,10,-2.7079422143603,0,9,5,3,0,76,0.0674740484429066,0.000619578686493185,0.101644777744905,0,0,0,0,0,0,0,0,0,0,0,0,0,0,0,0,0,1,0,0,0,0,0,0,1,0,0,1,1,0,0,1,18,0,0,0,0,,,0,0,0,0,0,0,0,0,0,0,0,0,,,,0,0,0,0,0,0,0,,0,0,0,0,,0,0,,0,0,0,0,0,0,0,0,0,0,93.9,125.9
00-0034973,M.Crosby,Maxx Crosby,DE,DL,"https://static.www.nfl.com/image/upload/f_auto,q_auto/league/eradjc0noknlab2smu1e",2021,REG,LV,17,0,0,0,0,0,0,0,0,0,0,0,0,,,0,,0,0,0,0,0,0,0,0,0,0,,0,0,0,0,0,0,0,0,0,0,0,0,0,0,,0,0,0,0,0,,0,0,0,0,26,10,20,11,54,0,8,52.5,30,0,0,7,0,0,0,0,0,0,0,0,0,8,70,0,0,0,0,0,0,0,0,0,0,0,0,0,,,0,0,0,0,0,0,0,0,0,0,0,0,,,,0,0,0,0,0,0,0,,0,0,0,0,,0,0,,0,0,0,0,0,0,0,0,0,0,0,0
00-0034974,J.Love,Julian Love,SAF,DB,"https://static.www.nfl.com/image/upload/f_auto,q_auto/league/s3fvfslhz6hpmf6fzv2u",2021,REG,NYG,15,0,0,0,0,0,0,0,0,0,0,0,0,,,0,,0,0,0,0,0,0,0,0,0,0,,0,0,0,0,0,0,0,0,0,0,0,0,0,0,,0,0,0,0,0,,0,0,0,0,33,3,30,1,2,0,0.5,2.5,2,1,0,7,0,0,0,0,0,0,1,0,0,3,25,0,0,0,0,0,0,0,0,0,0,0,0,0,,,0,0,0,0,0,0,0,0,0,0,0,0,,,,0,0,0,0,0,0,0,,0,0,0,0,,0,0,,0,0,0,0,0,0,0,0,0,0,0,0
00-0034977,S.Redwine,Sheldrick Redwine,DB,DB,"https://static.www.nfl.com/image/upload/f_auto,q_auto/league/l1inyksf3ejpmdkzhzsf",2021,REG,MIA,4,0,0,0,0,0,0,0,0,0,0,0,0,,,0,,0,0,0,0,0,0,0,0,0,0,,0,0,0,0,0,0,0,0,0,0,0,0,0,0,,0,0,0,0,0,,0,0,0,0,5,0,3,0,0,0,0,0,0,0,0,0,0,0,0,0,0,0,0,0,0,0,0,0,0,0,0,0,0,0,0,0,0,0,0,0,,,0,0,0,0,0,0,0,0,0,0,0,0,,,,0,0,0,0,0,0,0,,0,0,0,0,,0,0,,0,0,0,0,0,0,0,0,0,0,0,0
00-0034978,B.Powers,Ben Powers,G,OL,"https://static.www.nfl.com/image/upload/f_auto,q_auto/league/fajb5zieqq91lh0ymlws",2021,REG,BAL,3,0,0,0,0,0,0,0,0,0,0,0,0,,,0,,0,0,0,0,0,0,0,0,0,0,,0,0,0,0,0,0,0,0,0,0,0,0,0,0,,0,0,0,0,0,,0,0,0,0,0,0,0,0,0,0,0,0,0,0,0,0,0,0,0,0,0,0,0,0,0,3,25,0,0,0,0,0,0,0,0,0,0,0,0,0,,,0,0,0,0,0,0,0,0,0,0,0,0,,,,0,0,0,0,0,0,0,,0,0,0,0,,0,0,,0,0,0,0,0,0,0,0,0,0,0,0
00-0034981,F.Moreau,Foster Moreau,TE,TE,"https://static.www.nfl.com/image/upload/f_auto,q_auto/league/esc21tsccagvyy1ctaoc",2021,REG,LV,15,0,0,0,0,0,0,0,0,0,0,0,0,,,0,,0,0,0,0,0,0,0,0,0,0,,0,0,0,0,0,30,44,373,3,1,0,325,189,16,-0.873387371928531,0,16,9,6,1,1.14769230769231,0.0729684908789387,0.0635386119257087,0.153929764666404,0,3,0,1,0,0,1,0,0,0,0,0,0,0,0,0,0,0,0,1,0,0,4,35,1,0,1,1,0,0,0,0,0,0,0,0,0,,,0,0,0,0,0,0,0,0,0,0,0,0,,,,0,0,0,0,0,0,0,,0,0,0,0,,0,0,,0,0,0,0,0,0,0,0,0,0,55.3,85.3
00-0034982,D.Greenlaw,Dre Greenlaw,LB,LB,"https://static.www.nfl.com/image/upload/f_auto,q_auto/league/twmm0to7fptnq71n75iz",2021,REG,SF,3,0,0,0,0,0,0,0,0,0,0,0,0,,,0,,0,0,0,0,0,0,0,0,0,0,,0,0,0,0,0,0,0,0,0,0,0,0,0,0,,0,0,0,0,0,,0,0,0,0,9,1,11,0,0,0,0,0,1,1,39,1,1,0,0,0,0,0,0,0,0,2,26,0,0,0,0,0,0,0,0,0,0,0,0,0,,,0,0,0,0,0,0,0,0,0,0,0,0,,,,0,0,0,0,0,0,0,,0,0,0,0,,0,0,,0,0,0,0,0,0,0,0,0,0,0,0
00-0034983,H.Renfrow,Hunter Renfrow,WR,WR,"https://static.www.nfl.com/image/upload/f_auto,q_auto/league/sgrqk1a6fm34swazm2bx",2021,REG,LV,17,0,0,0,0,0,0,0,0,0,0,0,0,,,0,,0,0,0,0,3,3,0,0,0,0,-1.60257622005884,0,0,0,0,0,103,128,1038,9,1,1,828,452,51,50.453046968609,0,41,18,10,1,1.2536231884058,0.212271973466003,0.161876832844575,0.431721743190207,0,2,0,0,0,0,0,0,0,0,0,0,1,0,4,0,0,3,-6,0,0,0,0,0,2,3,1,5,1,31,303,0,0,0,0,0,0,,,0,0,0,0,0,0,0,0,0,0,0,0,,,,0,0,0,0,0,0,0,,0,0,0,0,,0,0,,0,0,0,0,0,0,0,0,0,0,156.1,259.1
00-0034984,K.Keke,Kingsley Keke,DE,DL,"https://static.www.nfl.com/image/private/f_auto,q_auto/league/imitdfhjy3ee989bemjd",2021,REG,GB,11,0,0,0,0,0,0,0,0,0,0,0,0,,,0,,0,0,0,0,0,0,0,0,0,0,,0,0,0,0,0,0,0,0,0,0,0,0,0,0,,0,0,0,0,0,,0,0,0,0,7,3,13,1,13,1,2.5,23,4,0,0,3,0,0,0,0,0,0,0,0,0,2,15,0,0,0,0,0,0,0,0,0,0,0,0,0,,,0,0,0,0,0,0,0,0,0,0,0,0,,,,0,0,0,0,0,0,0,,0,0,0,0,,0,0,,0,0,0,0,0,0,0,0,0,0,0,0
00-0034987,E.Speed,E.J. Speed,LB,LB,"https://static.www.nfl.com/image/upload/f_auto,q_auto/league/lpqe7elzi8tbt8rjzozd",2021,REG,IND,13,0,0,0,0,0,0,0,0,0,0,0,0,,,0,,0,0,0,0,0,0,0,0,0,0,,0,0,0,0,0,0,0,0,0,0,0,0,0,0,,0,0,0,0,0,,0,0,0,2,20,3,8,0,0,1,0,0,0,0,0,1,0,0,0,12,0,0,0,0,0,0,0,0,0,0,0,0,0,0,0,0,0,0,0,0,,,0,0,0,0,0,0,0,0,0,0,0,0,,,,0,0,0,0,0,0,0,,0,0,0,0,,0,0,,0,0,0,0,0,0,0,0,0,0,12,12
00-0034988,K.Smith,Kaden Smith,TE,TE,"https://static.www.nfl.com/image/private/f_auto,q_auto/league/gbwycqfz69f3c3ozzt0g",2021,REG,NYG,4,0,0,0,0,0,0,0,0,0,0,0,0,,,0,,0,0,0,0,0,0,0,0,0,0,,0,0,0,0,0,3,3,33,0,0,0,22,11,1,1.69925882306416,0,1,1,1,0,1.5,0.00531914893617021,0.00504240201696081,0.0115084048161279,0,2,0,0,0,0,0,0,0,0,0,0,0,0,0,0,0,0,0,0,0,0,0,0,0,0,0,0,0,0,0,0,0,0,0,0,0,,,0,0,0,0,0,0,0,0,0,0,0,0,,,,0,0,0,0,0,0,0,,0,0,0,0,,0,0,,0,0,0,0,0,0,0,0,0,0,3.3,6.3
00-0034992,A.Watts,Armon Watts,DT,DL,"https://static.www.nfl.com/image/upload/f_auto,q_auto/league/m3aiaywwfngkhwcqtcdm",2021,REG,MIN,15,0,0,0,0,0,0,0,0,0,0,0,0,,,0,,0,0,0,0,0,0,0,0,0,0,,0,0,0,0,0,0,0,0,0,0,0,0,0,0,,0,0,0,0,0,,0,0,0,0,15,5,26,3,19,2,5,34,10,0,0,0,0,0,0,0,0,0,0,0,0,0,0,0,0,0,0,0,0,0,0,0,0,0,0,0,,,0,0,0,0,0,0,0,0,0,0,0,0,,,,0,0,0,0,0,0,0,,0,0,0,0,,0,0,,0,0,0,0,0,0,0,0,0,0,0,0
00-0034993,M.Epps,Marcus Epps,SAF,DB,"https://static.www.nfl.com/image/upload/f_auto,q_auto/league/buqwodgcsy5ndrrxtpga",2021,REG,PHI,15,0,0,0,0,0,0,0,0,0,0,0,0,,,0,,0,0,0,0,0,0,0,0,0,0,,0,0,0,0,0,0,0,0,0,0,0,0,0,0,,0,0,0,0,0,,0,0,0,0,37,2,23,0,0,0,0,0,0,1,0,5,0,0,0,0,0,0,0,0,0,1,10,0,0,0,0,0,0,0,0,0,0,0,0,0,,,0,0,0,0,0,0,0,0,0,0,0,0,,,,0,0,0,0,0,0,0,,0,0,0,0,,0,0,,0,0,0,0,0,0,0,0,0,0,0,0
00-0034994,O.Udoh,Olisaemeka Udoh,OT,OL,"https://static.www.nfl.com/image/upload/f_auto,q_auto/league/i4odgbpj1mebaq92mpo2",2021,REG,MIN,8,0,0,0,0,0,0,0,0,0,0,0,0,,,0,,0,0,0,0,0,0,0,0,0,0,,0,0,0,0,0,0,0,0,0,0,0,0,0,0,,0,0,0,0,0,,0,0,0,0,0,0,0,0,0,0,0,0,0,0,0,0,0,0,0,0,0,0,0,0,0,13,114,0,0,0,0,0,0,0,0,0,0,0,0,0,,,0,0,0,0,0,0,0,0,0,0,0,0,,,,0,0,0,0,0,0,0,,0,0,0,0,,0,0,,0,0,0,0,0,0,0,0,0,0,0,0
00-0034996,T.Harris,Tim Harris,CB,DB,"https://static.www.nfl.com/image/private/f_auto,q_auto/league/wqnh3qbwqoxqevazxtpa",2021,REG,CLE,1,0,0,0,0,0,0,0,0,0,0,0,0,,,0,,0,0,0,0,0,0,0,0,0,0,,0,0,0,0,0,0,0,0,0,0,0,0,0,0,,0,0,0,0,0,,0,0,0,0,1,0,1,0,0,0,0,0,0,0,0,0,0,0,0,0,0,0,0,0,0,0,0,0,0,0,0,0,0,0,0,0,0,0,0,0,,,0,0,0,0,0,0,0,0,0,0,0,0,,,,0,0,0,0,0,0,0,,0,0,0,0,,0,0,,0,0,0,0,0,0,0,0,0,0,0,0
00-0034999,T.Summers,Ty Summers,LB,LB,"https://static.www.nfl.com/image/upload/f_auto,q_auto/league/gx55memu9ifriore7bzy",2021,REG,GB,7,0,0,0,0,0,0,0,0,0,0,0,0,,,0,,0,0,0,0,0,0,0,0,0,0,,0,0,0,0,0,0,0,0,0,0,0,0,0,0,,0,0,0,0,0,,0,0,0,0,7,1,1,0,0,0,0,0,0,0,0,0,0,0,0,0,0,0,1,0,0,0,0,0,0,0,0,0,0,0,0,0,0,0,0,0,,,0,0,0,0,0,0,0,0,0,0,0,0,,,,0,0,0,0,0,0,0,,0,0,0,0,,0,0,,0,0,0,0,0,0,0,0,0,0,0,0
00-0035020,D.Flannigan-Fowles,Demetrius Flannigan-Fowles,LB,LB,"https://static.www.nfl.com/image/upload/f_auto,q_auto/league/elhj5qgby9zxlasenqjb",2021,REG,SF,12,0,0,0,0,0,0,0,0,0,0,0,0,,,0,,0,0,0,0,0,0,0,0,0,0,,0,0,0,0,0,0,0,0,0,0,0,0,0,0,,0,0,0,0,0,,0,0,0,0,12,1,16,0,0,0,0,0,0,0,0,0,0,0,0,0,0,0,0,0,0,0,0,0,0,0,0,0,0,0,0,0,0,0,0,0,,,0,0,0,0,0,0,0,0,0,0,0,0,,,,0,0,0,0,0,0,0,,0,0,0,0,,0,0,,0,0,0,0,0,0,0,0,0,0,0,0
00-0035021,A.Dulin,Ashton Dulin,WR,WR,"https://static.www.nfl.com/image/upload/f_auto,q_auto/league/tfiokr6nyal5c5qgdj1c",2021,REG,IND,16,0,0,0,0,0,0,0,0,0,0,0,0,,,0,,0,0,0,0,3,32,0,0,0,1,0.338705803151242,0,1,1,1,0,13,22,173,2,0,0,304,50,9,5.97164781868924,0,7,5,2,1,0.569078947368421,0.0438247011952191,0.076,0.118937051792829,0,11,1,5,0,0,0,0,0,0,0,0,0,0,0,0,0,1,0,2,0,1,0,0,0,0,0,0,0,0,0,8,206,0,0,0,0,,,0,0,0,0,0,0,0,0,0,0,0,0,,,,0,0,0,0,0,0,0,,0,0,0,0,,0,0,,0,0,0,0,0,0,0,0,0,0,32.5,45.5
00-0035022,P.Hart,Penny Hart,WR,WR,"https://static.www.nfl.com/image/private/f_auto,q_auto/league/x56attwx7uv6a8zbetsq",2021,REG,SEA,11,0,0,0,0,0,0,0,0,0,0,0,0,,,0,,0,0,0,0,0,0,0,0,0,0,,0,0,0,0,0,7,12,59,0,0,0,108,41,3,-3.16131397546269,0,3,1,0,0,0.546296296296296,0.0253164556962025,0.0233816843472613,0.0543418625873867,0,6,0,5,0,0,0,0,0,0,0,0,0,0,0,0,0,0,0,0,0,0,1,5,0,0,0,0,0,0,0,0,0,0,0,0,0,,,0,0,0,0,0,0,0,0,0,0,0,0,,,,0,0,0,0,0,0,0,,0,0,0,0,,0,0,,0,0,0,0,0,0,0,0,0,0,5.9,12.9
00-0035026,K.Givens,Kevin Givens,DT,DL,"https://static.www.nfl.com/image/upload/f_auto,q_auto/league/dpbmpsyvi88lpb4xebly",2021,REG,SF,11,0,0,0,0,0,0,0,0,0,0,0,0,,,0,,0,0,0,0,0,0,0,0,0,0,,0,0,0,0,0,0,0,0,0,0,0,0,0,0,,0,0,0,0,0,,0,0,0,0,6,1,10,0,0,1,0,0,2,0,0,0,0,0,0,0,0,0,0,0,0,0,0,0,0,0,0,0,0,0,0,0,0,0,0,0,,,0,0,0,0,0,0,0,0,0,0,0,0,,,,0,0,0,0,0,0,0,,0,0,0,0,,0,0,,0,0,0,0,0,0,0,0,0,0,0,0
00-0035040,D.Blough,David Blough,QB,QB,"https://static.www.nfl.com/image/private/f_auto,q_auto/league/enumsdgbnfykd6znzeck",2021,REG,DET,1,0,0,0,0,0,1,-6,1,0,0,0,0,-0.930512365535833,,0,,0,0,0,0,1,6,0,0,0,0,0.34443784924224,0,0,0,0,0,0,0,0,0,0,0,0,0,0,,0,0,0,0,0,,0,0,0,0,0,0,0,0,0,0,0,0,0,0,0,0,0,0,0,0,0,0,0,0,0,0,0,1,0,0,1,0,0,0,0,0,0,0,0,0,,,0,0,0,0,0,0,0,0,0,0,0,0,,,,0,0,0,0,0,0,0,,0,0,0,0,,0,0,,0,0,0,0,0,0,0,0,0,0,0.6,0.6
00-0035042,J.Gillan,Jamie Gillan,P,SPEC,"https://static.www.nfl.com/image/upload/f_auto,q_auto/league/kxwddoiqqghc1kxaajco",2021,REG,CLE,12,0,0,0,0,0,0,0,0,0,0,0,0,,,0,,0,0,0,0,1,0,0,1,0,0,-3.3422745866701,0,0,0,0,0,0,0,0,0,0,0,0,0,0,,0,0,0,0,0,,0,0,0,0,2,0,1,0,0,0,0,0,0,0,0,0,0,0,0,0,1,-8,0,0,0,0,0,0,1,0,1,0,0,0,0,0,0,0,0,0,,,0,0,0,0,0,0,0,0,0,0,0,0,,,,0,0,0,0,0,0,0,,0,0,0,0,,42,0,65,1842,15,7,3,1,12,19,162,0,1660,0,0
00-0035045,D.Montgomery,D.J. Montgomery,WR,WR,"https://static.www.nfl.com/image/upload/f_auto,q_auto/league/tpo0g9pqvia4lh2noq33",2021,REG,NYJ,2,0,0,0,0,0,0,0,0,0,0,0,0,,,0,,0,0,0,0,0,0,0,0,0,0,,0,0,0,0,0,3,6,36,0,0,0,39,15,2,-2.6614067054595,0,2,0,0,0,0.923076923076923,0.0103270223752151,0.00896757875373649,0.0217678386904383,0,0,0,1,0,0,0,0,0,0,0,0,0,0,0,0,0,0,0,0,0,0,0,0,0,0,0,0,0,0,0,0,0,0,0,0,0,,,0,0,0,0,0,0,0,0,0,0,0,0,,,,0,0,0,0,0,0,0,,0,0,0,0,,0,0,,0,0,0,0,0,0,0,0,0,0,3.6,6.6
00-0035048,W.Ray,Wyatt Ray,LB,LB,"https://static.www.nfl.com/image/private/f_auto,q_auto/league/gbndvytyrqddf09rknyj",2021,REG,CIN,8,0,0,0,0,0,0,0,0,0,0,0,0,,,0,,0,0,0,0,0,0,0,0,0,0,,0,0,0,0,0,0,0,0,0,0,0,0,0,0,,0,0,0,0,0,,0,0,0,0,3,2,10,0,0,1,1,5,2,0,0,0,0,0,0,0,0,0,0,0,0,0,0,0,0,0,0,0,0,0,0,0,0,0,0,0,,,0,0,0,0,0,0,0,0,0,0,0,0,,,,0,0,0,0,0,0,0,,0,0,0,0,,0,0,,0,0,0,0,0,0,0,0,0,0,0,0
00-0035062,S.Mustipher,Sam Mustipher,C,OL,"https://static.www.nfl.com/image/upload/f_auto,q_auto/league/qk1zzlke1gkuerfe8kc4",2021,REG,CHI,6,0,0,0,0,0,0,0,0,0,0,0,0,,,0,,0,0,0,0,0,0,0,0,0,0,,0,0,0,0,0,0,0,0,0,0,0,0,0,0,,0,0,0,0,0,,0,0,0,0,1,0,0,0,0,0,0,0,0,0,0,0,0,0,0,0,0,-6,0,0,0,4,30,0,5,0,5,0,0,0,0,0,0,0,0,0,,,0,0,0,0,0,0,0,0,0,0,0,0,,,,0,0,0,0,0,0,0,,0,0,0,0,,0,0,,0,0,0,0,0,0,0,0,0,0,0,0
00-0035073,J.Harris,Jonathan Harris,DT,DL,"https://static.www.nfl.com/image/upload/f_auto,q_auto/league/cp345mijudr0kvwiesbu",2021,REG,DEN,3,0,0,0,0,0,0,0,0,0,0,0,0,,,0,,0,0,0,0,0,0,0,0,0,0,,0,0,0,0,0,0,0,0,0,0,0,0,0,0,,0,0,0,0,0,,0,0,0,0,5,2,3,0,0,0,0,0,1,0,0,0,0,0,0,0,0,0,0,0,0,0,0,0,0,0,0,0,0,0,0,0,0,0,0,0,,,0,0,0,0,0,0,0,0,0,0,0,0,,,,0,0,0,0,0,0,0,,0,0,0,0,,0,0,,0,0,0,0,0,0,0,0,0,0,0,0
00-0035076,C.Bolton,Curtis Bolton,LB,LB,"https://static.www.nfl.com/image/upload/f_auto,q_auto/league/agspoindqgum5jrugxgo",2021,REG,DET,2,0,0,0,0,0,0,0,0,0,0,0,0,,,0,,0,0,0,0,0,0,0,0,0,0,,0,0,0,0,0,0,0,0,0,0,0,0,0,0,,0,0,0,0,0,,0,0,0,0,2,0,1,0,0,0,0,0,0,0,0,0,0,0,0,0,0,0,0,0,0,0,0,0,0,0,0,0,0,0,0,0,0,0,0,0,,,0,0,0,0,0,0,0,0,0,0,0,0,,,,0,0,0,0,0,0,0,,0,0,0,0,,0,0,,0,0,0,0,0,0,0,0,0,0,0,0
00-0035084,Y.Nijman,Yosh Nijman,OT,OL,"https://static.www.nfl.com/image/upload/f_auto,q_auto/league/zkc4avbq8cmmqo9flz4z",2021,REG,GB,3,0,0,0,0,0,0,0,0,0,0,0,0,,,0,,0,0,0,0,0,0,0,0,0,0,,0,0,0,0,0,0,0,0,0,0,0,0,0,0,,0,0,0,0,0,,0,0,0,0,0,0,0,0,0,0,0,0,0,0,0,0,0,0,0,0,1,0,0,0,0,2,20,0,0,0,0,0,0,0,0,0,0,0,0,0,,,0,0,0,0,0,0,0,0,0,0,0,0,,,,0,0,0,0,0,0,0,,0,0,0,0,,0,0,,0,0,0,0,0,0,0,0,0,0,0,0
00-0035094,B.Mone,Bryan Mone,NT,DL,"https://static.www.nfl.com/image/private/f_auto,q_auto/league/bkoc7udtoizomqmqmb0k",2021,REG,SEA,12,0,0,0,0,0,0,0,0,0,0,0,0,,,0,,0,0,0,0,0,0,0,0,0,0,,0,0,0,0,0,0,0,0,0,0,0,0,0,0,,0,0,0,0,0,,0,0,0,0,13,2,20,0,0,1,1.5,8.5,3,0,0,1,0,0,0,0,0,0,0,0,0,3,25,0,0,0,0,0,0,0,0,0,0,0,0,0,,,0,0,0,0,0,0,0,0,0,0,0,0,,,,0,0,0,0,0,0,0,,0,0,0,0,,0,0,,0,0,0,0,0,0,0,0,0,0,0,0
00-0035099,K.Blasingame,Khari Blasingame,FB,RB,"https://static.www.nfl.com/image/upload/f_auto,q_auto/league/beioi5h4lq0obt8yx35v",2021,REG,TEN,5,0,0,0,0,0,0,0,0,0,0,0,0,,,0,,0,0,0,0,3,6,0,1,1,1,-2.56176345306449,0,0,0,0,0,2,2,4,0,0,0,0,4,0,-0.896811547223479,0,0,0,0,0,0,0.00383141762452107,0,0.00574712643678161,0,2,0,0,0,0,0,0,0,0,0,0,0,0,0,0,0,0,0,0,0,0,0,0,1,0,0,1,1,0,0,1,12,0,0,0,0,,,0,0,0,0,0,0,0,0,0,0,0,0,,,,0,0,0,0,0,0,0,,0,0,0,0,,0,0,,0,0,0,0,0,0,0,0,0,0,-1,1
00-0035101,D.Davis,Davion Davis,WR,WR,"https://static.www.nfl.com/image/private/f_auto,q_auto/league/sqsasalphgxytdferwds",2021,REG,HOU,2,0,0,0,0,0,0,0,0,0,0,0,0,,,0,,0,0,0,0,0,0,0,0,0,0,,0,0,0,0,0,1,3,17,0,0,0,14,13,1,-4.32051273412071,0,1,1,0,0,1.21428571428571,0.00573613766730402,0.00350262697022767,0.0110560453801154,0,0,0,0,0,0,0,0,0,0,0,0,0,0,0,0,0,0,0,0,0,0,0,0,0,0,0,0,0,0,0,0,0,0,0,0,0,,,0,0,0,0,0,0,0,0,0,0,0,0,,,,0,0,0,0,0,0,0,,0,0,0,0,,0,0,,0,0,0,0,0,0,0,0,0,0,1.7,2.7
00-0035112,P.Mekari,Patrick Mekari,OT,OL,"https://static.www.nfl.com/image/upload/f_auto,q_auto/league/vvvuokcp8hwm8i9j9ctb",2021,REG,BAL,4,0,0,0,0,0,0,0,0,0,0,0,0,,,0,,0,0,0,0,0,0,0,0,0,0,,0,0,0,0,0,0,0,0,0,0,0,0,0,0,,0,0,0,0,0,,0,0,0,0,1,0,0,0,0,0,0,0,0,0,0,0,0,0,0,0,0,0,0,0,0,3,16,0,0,0,0,0,0,0,0,0,0,0,0,0,,,0,0,0,0,0,0,0,0,0,0,0,0,,,,0,0,0,0,0,0,0,,0,0,0,0,,0,0,,0,0,0,0,0,0,0,0,0,0,0,0
00-0035118,M.Orzech,Matthew Orzech,LS,SPEC,"https://static.www.nfl.com/image/upload/f_auto,q_auto/league/kfuljmbcfkwx1quqoklv",2021,REG,LA,2,0,0,0,0,0,0,0,0,0,0,0,0,,,0,,0,0,0,0,0,0,0,0,0,0,,0,0,0,0,0,0,0,0,0,0,0,0,0,0,,0,0,0,0,0,,0,0,0,0,1,0,0,0,0,0,0,0,0,0,0,0,0,0,0,0,0,-6,0,0,0,0,0,0,1,0,1,0,0,0,0,0,0,0,0,0,,,0,0,0,0,0,0,0,0,0,0,0,0,,,,0,0,0,0,0,0,0,,0,0,0,0,,0,0,,0,0,0,0,0,0,0,0,0,0,0,0
00-0035125,A.Ingold,Alec Ingold,FB,RB,"https://static.www.nfl.com/image/upload/f_auto,q_auto/league/comhknenryrjabyifcqe",2021,REG,LV,7,0,0,0,0,0,0,0,0,0,0,0,0,,,0,,0,0,0,0,2,1,0,0,0,1,0.282602343766484,0,0,0,0,0,10,12,85,1,0,0,56,46,4,3.78819375644622,0,2,1,1,0,1.51785714285714,0.0199004975124378,0.0109481915933529,0.0375144803840037,0,2,0,2,0,0,0,0,0,0,0,0,0,0,0,0,0,1,1,0,0,0,1,5,0,0,0,0,0,0,0,0,0,0,0,0,0,,,0,0,0,0,0,0,0,0,0,0,0,0,,,,0,0,0,0,0,0,0,,0,0,0,0,,0,0,,0,0,0,0,0,0,0,0,0,0,14.6,24.6
00-0035126,A.Wesley,Antoine Wesley,WR,WR,"https://static.www.nfl.com/image/private/f_auto,q_auto/league/qbvjkexq50bd0ik1get4",2021,REG,ARI,8,0,0,0,0,0,0,0,0,0,0,0,0,,,0,,0,0,0,0,0,0,0,0,0,0,,0,0,0,0,0,19,32,208,3,0,0,317,61,9,-3.42481851803209,0,6,5,4,0,0.65615141955836,0.056140350877193,0.0716384180790961,0.134357418971157,0,0,0,0,0,0,0,0,0,0,0,0,0,0,0,0,0,0,0,0,0,0,0,0,0,0,0,0,0,0,0,0,0,0,0,0,0,,,0,0,0,0,0,0,0,0,0,0,0,0,,,,0,0,0,0,0,0,0,,0,0,0,0,,0,0,,0,0,0,0,0,0,0,0,0,0,38.8,57.8
00-0035127,A.James,Andre James,OT,OL,"https://static.www.nfl.com/image/upload/f_auto,q_auto/league/cliagitqwyz5snrphj2c",2021,REG,LV,4,0,0,0,0,0,0,0,0,0,0,0,0,,,0,,0,0,0,0,0,0,0,0,0,0,,0,0,0,0,0,0,0,0,0,0,0,0,0,0,,0,0,0,0,0,,0,0,0,0,0,0,0,0,0,0,0,0,0,0,0,0,0,0,0,0,0,0,0,0,0,5,45,0,1,0,1,0,0,0,0,0,0,0,0,0,,,0,0,0,0,0,0,0,0,0,0,0,0,,,,0,0,0,0,0,0,0,,0,0,0,0,,0,0,,0,0,0,0,0,0,0,0,0,0,0,0
00-0035133,K.Nixon,Keisean Nixon,DB,DB,"https://static.www.nfl.com/image/upload/f_auto,q_auto/league/vl34o93l5u7ins8ioebi",2021,REG,LV,5,0,0,0,0,0,0,0,0,0,0,0,0,,,0,,0,0,0,0,0,0,0,0,0,0,,0,0,0,0,0,0,0,0,0,0,0,0,0,0,,0,0,0,0,0,,0,0,0,0,6,1,5,0,0,0,0,0,1,0,0,0,0,0,0,0,0,0,0,0,0,0,0,0,0,0,0,0,0,0,0,0,0,0,0,0,,,0,0,0,0,0,0,0,0,0,0,0,0,,,,0,0,0,0,0,0,0,,0,0,0,0,,0,0,,0,0,0,0,0,0,0,0,0,0,0,0
00-0035135,T.Ward,Tim Ward,DE,DL,"https://static.www.nfl.com/image/private/f_auto,q_auto/league/mdyrgs4ngangxocxenld",2021,REG,NYJ,9,0,0,0,0,0,0,0,0,0,0,0,0,,,0,,0,0,0,0,0,0,0,0,0,0,,0,0,0,0,0,0,0,0,0,0,0,0,0,0,,0,0,0,0,0,,0,0,0,0,5,0,7,0,0,0,0,0,0,0,0,2,0,0,0,0,0,0,0,0,0,1,4,0,0,0,0,0,0,0,0,0,0,0,0,0,,,0,0,0,0,0,0,0,0,0,0,0,0,,,,0,0,0,0,0,0,0,,0,0,0,0,,0,0,,0,0,0,0,0,0,0,0,0,0,0,0
00-0035139,M.Blair,Marquise Blair,DB,DB,"https://static.www.nfl.com/image/private/f_auto,q_auto/league/pbiurl35dkc9s7jmznhd",2021,REG,SEA,5,0,0,0,0,0,0,0,0,0,0,0,0,,,0,,0,0,0,0,0,0,0,0,0,0,,0,0,0,0,0,0,0,0,0,0,0,0,0,0,,0,0,0,0,0,,0,0,0,0,5,0,4,1,3,0,0,0,0,0,0,2,0,0,0,0,0,0,0,0,0,2,20,0,0,0,0,0,0,0,0,0,0,0,0,0,,,0,0,0,0,0,0,0,0,0,0,0,0,,,,0,0,0,0,0,0,0,,0,0,0,0,,0,0,,0,0,0,0,0,0,0,0,0,0,0,0
00-0035140,M.Hardman,Mecole Hardman,WR,WR,"https://static.www.nfl.com/image/upload/f_auto,q_auto/league/mswmia17pkencx01nswj",2021,REG,KC,17,0,0,0,0,0,0,0,0,0,0,0,0,,,0,,0,0,0,0,8,46,0,1,1,2,-1.55453368742019,0,2,1,1,0,59,83,693,2,1,1,612,502,33,17.9945405435865,0,21,10,8,4,1.13235294117647,0.130298273155416,0.123262839879154,0.281731397648532,0,2,0,0,0,0,0,0,0,0,0,0,0,0,1,0,0,1,0,0,0,0,0,0,2,1,0,3,2,13,157,2,35,0,0,0,0,,,0,0,0,0,0,0,0,0,0,0,0,0,,,,0,0,0,0,0,0,0,,0,0,0,0,,0,0,,0,0,0,0,0,0,0,0,0,0,81.9,140.9
00-0035142,U.Amadi,Ugo Amadi,CB,DB,"https://static.www.nfl.com/image/upload/f_auto,q_auto/league/xo6ierx4ousz4wxuye0z",2021,REG,SEA,15,0,0,0,0,0,0,0,0,0,0,0,0,,,0,,0,0,0,0,0,0,0,0,0,0,,0,0,0,0,0,0,0,0,0,0,0,0,0,0,,0,0,0,0,0,,0,0,0,0,40,2,12,2,7,1,0,0,0,1,12,6,0,1,0,0,0,0,0,0,0,6,51,0,1,1,1,0,0,0,0,0,0,0,0,0,,,0,0,0,0,0,0,0,0,0,0,0,0,,,,0,0,0,0,0,0,0,,0,0,0,0,,0,0,,0,0,0,0,0,0,0,0,0,0,0,0
00-0035144,Ma.Wilson,Mack Wilson,LB,LB,"https://static.www.nfl.com/image/upload/f_auto,q_auto/league/zjazfilpr7k2agiwqpxn",2021,REG,CLE,10,0,0,0,0,0,0,0,0,0,0,0,0,,,0,,0,0,0,0,0,0,0,0,0,0,,0,0,0,0,0,0,0,0,0,0,0,0,0,0,,0,0,0,0,0,,0,0,0,0,24,2,16,0,0,0,0,0,0,0,0,0,0,0,0,0,0,0,0,0,0,0,0,0,0,0,0,0,0,0,0,0,0,0,0,0,,,0,0,0,0,0,0,0,0,0,0,0,0,,,,0,0,0,0,0,0,0,,0,0,0,0,,0,0,,0,0,0,0,0,0,0,0,0,0,0,0
00-0035145,A.Seibert,Austin Seibert,K,SPEC,"https://static.www.nfl.com/image/upload/f_auto,q_auto/league/ubdrkk43d3tlggqeq0en",2021,REG,DET,6,0,0,0,0,0,0,0,0,0,0,0,0,,,0,,0,0,0,0,0,0,0,0,0,0,,0,0,0,0,0,0,0,0,0,0,0,0,0,0,,0,0,0,0,0,,0,0,0,0,0,0,0,0,0,0,0,0,0,0,0,0,0,0,0,0,0,0,0,0,0,0,0,0,0,0,0,0,0,0,0,0,10,12,2,0,52,0.833333333333333,0,0,4,5,1,0,0,0,0,1,1,0,49;43;39;52;40;35;37;47;41;31,51;47,,414,98,0,5,5,0,0,1,0,0,0,0,,0,0,,0,0,0,0,0,0,0,0,0,0,0,0
00-0035147,R.Fenton,Rashad Fenton,CB,DB,"https://static.www.nfl.com/image/private/f_auto,q_auto/league/mmjxvj9shtwdwifjmtfi",2021,REG,KC,13,0,0,0,0,0,0,0,0,0,0,0,0,,,0,,0,0,0,0,0,0,0,0,0,0,,0,0,0,0,0,0,0,0,0,0,0,0,0,0,,0,0,0,0,0,,0,0,0,0,39,0,10,0,0,1,0,0,0,0,0,7,0,0,0,0,0,0,0,0,0,4,38,0,0,0,0,0,0,0,0,0,0,0,0,0,,,0,0,0,0,0,0,0,0,0,0,0,0,,,,0,0,0,0,0,0,0,,0,0,0,0,,0,0,,0,0,0,0,0,0,0,0,0,0,0,0
00-0035150,K.Boyd,Kris Boyd,CB,DB,"https://static.www.nfl.com/image/upload/f_auto,q_auto/league/m4mypipricmwh7lfemgo",2021,REG,MIN,10,0,0,0,0,0,0,0,0,0,0,0,0,,,0,,0,0,0,0,0,0,0,0,0,0,,0,0,0,0,0,0,0,0,0,0,0,0,0,0,,0,0,0,0,0,,0,0,0,0,19,2,5,0,0,0,0,0,0,0,0,0,0,0,0,0,1,0,1,0,0,3,35,0,0,0,0,0,0,0,0,0,0,0,0,0,,,0,0,0,0,0,0,0,0,0,0,0,0,,,,0,0,0,0,0,0,0,,0,0,0,0,,0,0,,0,0,0,0,0,0,0,0,0,0,0,0
00-0035156,J.Fox,Jack Fox,P,SPEC,"https://static.www.nfl.com/image/upload/f_auto,q_auto/league/oxbywegffnm7lrwl2map",2021,REG,DET,17,2,3,38,0,0,0,0,0,0,30,21,2,5.19235931470757,5.36253452301025,0,1.26666666666667,2,2,1,0,0,0,0,0,0,0,,0,0,0,0,0,0,0,0,0,0,0,0,0,0,,0,0,0,0,0,,0,0,0,0,0,0,0,0,0,0,0,0,0,0,0,0,0,0,0,0,0,0,0,0,0,0,0,0,0,0,0,0,0,0,0,0,0,0,0,0,,,0,0,0,0,0,0,0,0,0,0,0,0,,,,0,0,0,0,0,0,0,,0,0,0,0,,65,0,70,3198,17,2,11,7,10,35,308,0,2750,1.52,1.52
00-0035157,D.Harris,Darius Harris,LB,LB,"https://static.www.nfl.com/image/upload/f_auto,q_auto/league/hhjpzik4tly0h4mwsigq",2021,REG,KC,1,0,0,0,0,0,0,0,0,0,0,0,0,,,0,,0,0,0,0,0,0,0,0,0,0,,0,0,0,0,0,0,0,0,0,0,0,0,0,0,,0,0,0,0,0,,0,0,0,0,1,0,0,0,0,0,0,0,0,0,0,0,0,0,0,0,0,0,0,0,0,0,0,0,0,0,0,0,0,0,0,0,0,0,0,0,,,0,0,0,0,0,0,0,0,0,0,0,0,,,,0,0,0,0,0,0,0,,0,0,0,0,,0,0,,0,0,0,0,0,0,0,0,0,0,0,0
00-0035164,C.Thompson,Cody Thompson,WR,WR,"https://static.www.nfl.com/image/upload/f_auto,q_auto/league/dghmeq55sg0rb1ppakkr",2021,REG,SEA,2,0,0,0,0,0,0,0,0,0,0,0,0,,,0,,0,0,0,0,0,0,0,0,0,0,,0,0,0,0,0,0,0,0,0,0,0,0,0,0,,0,0,0,0,0,,0,0,0,0,0,0,1,0,0,0,0,0,0,0,0,0,0,0,0,0,0,0,1,0,0,0,0,0,0,0,0,0,0,0,0,0,0,0,0,0,,,0,0,0,0,0,0,0,0,0,0,0,0,,,,0,0,0,0,0,0,0,,0,0,0,0,,0,0,,0,0,0,0,0,0,0,0,0,0,0,0
00-0035166,A.Al-Shaair,Azeez Al-Shaair,LB,LB,"https://static.www.nfl.com/image/upload/f_auto,q_auto/league/gtnnl92squxvzhhydeq8",2021,REG,SF,13,0,0,0,0,0,0,0,0,0,0,0,0,,,0,,0,0,0,0,0,0,0,0,0,0,,0,0,0,0,0,0,0,0,0,0,0,0,0,0,,0,0,0,0,0,,0,0,0,0,51,7,44,7,20,1,2,8,2,1,24,5,0,0,0,0,0,0,2,12,0,0,0,0,0,0,0,0,0,0,0,0,0,0,0,0,,,0,0,0,0,0,0,0,0,0,0,0,0,,,,0,0,0,0,0,0,0,,0,0,0,0,,0,0,,0,0,0,0,0,0,0,0,0,0,0,0
00-0035177,W.Harvey,Willie Harvey,LB,LB,"https://static.www.nfl.com/image/private/f_auto,q_auto/league/ei4gatffhsoshxqhpy61",2021,REG,CLE,1,0,0,0,0,0,0,0,0,0,0,0,0,,,0,,0,0,0,0,0,0,0,0,0,0,,0,0,0,0,0,0,0,0,0,0,0,0,0,0,,0,0,0,0,0,,0,0,0,0,1,0,0,0,0,0,0,0,0,0,0,0,0,0,0,0,0,0,0,0,0,0,0,0,0,0,0,0,0,0,0,0,0,0,0,0,,,0,0,0,0,0,0,0,0,0,0,0,0,,,,0,0,0,0,0,0,0,,0,0,0,0,,0,0,,0,0,0,0,0,0,0,0,0,0,0,0
00-0035184,D.Ozigbo,Devine Ozigbo,RB,RB,"https://static.www.nfl.com/image/private/f_auto,q_auto/league/teht8fiw2mu5g8xmdoqm",2021,REG,NO,1,0,0,0,0,0,0,0,0,0,0,0,0,,,0,,0,0,0,0,1,-3,0,0,0,0,-1.04458366846666,0,0,0,0,0,1,1,7,0,0,0,4,3,1,0.787435521837324,0,0,0,0,0,1.75,0.00210970464135021,0.00106809078771696,0.00391222051342719,0,0,0,0,0,0,0,0,0,0,0,0,0,0,0,0,0,0,0,0,0,0,0,0,0,0,0,0,0,0,0,0,0,0,0,0,0,,,0,0,0,0,0,0,0,0,0,0,0,0,,,,0,0,0,0,0,0,0,,0,0,0,0,,0,0,,0,0,0,0,0,0,0,0,0,0,0.4,1.4
00-0035187,A.Walter,Austin Walter,RB,RB,"https://static.www.nfl.com/image/private/f_auto,q_auto/league/ra41toaybxgxojhemusk",2021,REG,NYJ,4,0,0,0,0,0,0,0,0,0,0,0,0,,,0,,0,0,0,0,26,101,1,0,0,5,-1.673842381771,0,4,3,0,0,2,3,9,0,0,0,-9,13,1,-0.828732173424214,0,1,0,0,0,-1,0.00516351118760757,-0.00206944125086227,0.00629665790580777,0,0,0,0,0,0,0,0,0,0,0,0,0,0,0,0,0,0,0,0,0,0,0,0,0,0,0,0,0,0,0,0,0,0,0,0,0,,,0,0,0,0,0,0,0,0,0,0,0,0,,,,0,0,0,0,0,0,0,,0,0,0,0,,0,0,,0,0,0,0,0,0,0,0,0,0,17,19
00-0035189,M.Wright,Matthew Wright,K,SPEC,"https://static.www.nfl.com/image/upload/f_auto,q_auto/league/htrs1hrrfok88fllrtex",2021,REG,JAX,14,0,0,0,0,0,0,0,0,0,0,0,0,,,0,,0,0,0,0,0,0,0,0,0,0,,0,0,0,0,0,0,0,0,0,0,0,0,0,0,,0,0,0,0,0,,0,0,0,0,0,0,0,0,0,0,0,0,0,0,0,0,0,0,0,0,0,0,0,0,0,0,0,0,0,0,0,0,0,0,0,0,21,24,3,0,56,0.875,0,7,7,3,4,0,0,0,0,1,2,0,40;54;53;39;55;21;56;30;22;34;22;38;35;21;45;40;29;22;20;39;31,53;42;51,,746,146,0,13,15,2,0,0.866666666666667,1,1,0,0,53,0,0,,0,0,0,0,0,0,0,0,0,0,0,0
00-0035190,A.Cole,AJ Cole,P,SPEC,"https://static.www.nfl.com/image/upload/f_auto,q_auto/league/t6ah2u0wptbb8n22tehr",2021,REG,LV,17,0,0,0,0,0,0,0,0,0,0,0,0,,,0,,0,0,0,0,0,0,0,0,0,0,,0,0,0,0,0,0,0,0,0,0,0,0,0,0,,0,0,0,0,0,,0,0,0,0,1,0,0,0,0,1,0,0,0,0,0,0,0,0,0,0,0,0,0,0,0,0,0,0,0,0,0,0,0,0,0,0,0,0,0,0,,,0,0,0,0,0,0,0,0,0,0,0,0,,,,0,0,0,0,0,0,0,,0,0,0,0,,64,0,71,3132,28,7,5,7,17,28,341,0,2651,0,0
00-0035192,J.Slye,Joey Slye,K,SPEC,"https://static.www.nfl.com/image/upload/f_auto,q_auto/league/xokfs27mtqrbb0y47ahn",2021,REG,WAS,12,0,0,0,0,0,0,0,0,0,0,0,0,,,0,,0,0,0,0,0,0,0,0,0,0,,0,0,0,0,0,0,0,0,0,0,0,0,0,0,,0,0,0,0,0,,0,0,0,0,1,0,1,0,0,0,0,0,0,0,0,0,0,0,0,0,0,0,0,0,0,0,0,0,0,0,0,0,0,0,0,0,23,25,1,1,56,0.92,0,9,5,5,4,0,0,0,0,1,0,0,40;26;25;53;47;34;56;48;52;22;32;46;28;29;36;29;23;31;39;55;23;43;23,48,41,840,48,41,18,22,3,1,0.818181818181818,0,0,0,0,,0,0,,0,0,0,0,0,0,0,0,0,0,0,0
00-0035202,D.Phillips,Del'Shawn Phillips,LB,LB,"https://static.www.nfl.com/image/upload/f_auto,q_auto/league/plnsixu8jpozw1grxuvc",2021,REG,NYJ,11,0,0,0,0,0,0,0,0,0,0,0,0,,,0,,0,0,0,0,0,0,0,0,0,0,,0,0,0,0,0,0,0,0,0,0,0,0,0,0,,0,0,0,0,0,,0,0,0,0,11,0,20,2,10,0,1,8,1,0,0,0,0,0,0,0,0,0,1,34,0,0,0,0,0,0,0,0,0,0,0,0,0,0,0,0,,,0,0,0,0,0,0,0,0,0,0,0,0,,,,0,0,0,0,0,0,0,,0,0,0,0,,0,0,,0,0,0,0,0,0,0,0,0,0,0,0
00-0035208,O.Zaccheaus,Olamide Zaccheaus,WR,WR,"https://static.www.nfl.com/image/upload/f_auto,q_auto/league/ucpai2odeunecbe6o1dj",2021,REG,ATL,15,0,0,0,0,0,0,0,0,0,0,0,0,,,0,,0,0,0,0,1,2,0,0,0,1,0.517502564936876,0,0,0,0,0,31,53,406,3,0,0,477,96,22,11.5927129170597,0,16,5,4,2,0.851153039832285,0.0956678700361011,0.1151339608979,0.224095577682682,0,3,1,1,0,0,0,0,0,0,0,0,0,0,0,0,0,0,0,0,0,0,0,0,0,0,0,0,0,3,36,2,41,0,0,0,0,,,0,0,0,0,0,0,0,0,0,0,0,0,,,,0,0,0,0,0,0,0,,0,0,0,0,,0,0,,0,0,0,0,0,0,0,0,0,0,58.8,89.8
00-0035210,H.Miller,Herb Miller,CB,DB,"https://static.www.nfl.com/image/private/f_auto,q_auto/league/eeuvupwlf9ed6dewycyf",2021,REG,CLE,5,0,0,0,0,0,0,0,0,0,0,0,0,,,0,,0,0,0,0,0,0,0,0,0,0,,0,0,0,0,0,0,0,0,0,0,0,0,0,0,,0,0,0,0,0,,0,0,0,0,4,0,1,0,0,0,0,0,0,0,0,0,0,0,0,0,0,0,0,0,0,2,18,0,0,0,0,0,0,0,0,0,0,0,0,0,,,0,0,0,0,0,0,0,0,0,0,0,0,,,,0,0,0,0,0,0,0,,0,0,0,0,,0,0,,0,0,0,0,0,0,0,0,0,0,0,0
00-0035215,D.Harris,Deonte Harty,WR,WR,"https://static.www.nfl.com/image/upload/f_auto,q_auto/league/fh7rbtvohdkaacqaxqke",2021,REG,NO,13,0,0,0,0,0,0,0,0,0,0,0,0,,,0,,0,0,0,0,5,41,0,0,0,1,1.13728076068219,0,1,1,1,0,36,59,570,3,0,0,585,246,23,9.92946859491039,0,17,9,5,4,0.974358974358974,0.124472573839662,0.156208277703605,0.296054655152017,0,2,0,0,0,0,0,0,0,0,0,0,0,0,1,0,0,1,0,0,0,0,0,0,1,1,0,2,1,21,199,29,690,0,0,0,0,,,0,0,0,0,0,0,0,0,0,0,0,0,,,,0,0,0,0,0,0,0,,0,0,0,0,,0,0,,0,0,0,0,0,0,0,0,0,0,79.1,115.1
00-0035216,D.Johnson,Diontae Johnson,WR,WR,"https://static.www.nfl.com/image/upload/f_auto,q_auto/league/rjtil6ilydmwoy0btlt7",2021,REG,PIT,16,0,0,0,0,0,0,0,0,0,0,0,0,,,0,,0,0,0,0,5,53,0,0,0,2,3.93995102384361,0,3,1,1,0,107,169,1161,8,2,2,1440,527,59,22.0465287814862,1,46,20,14,4,0.80625,0.258805513016845,0.324397386798829,0.615286440284448,0,1,0,0,0,0,0,0,0,0,0,0,0,0,0,0,0,0,0,0,0,0,8,50,1,1,0,2,2,0,0,0,0,0,0,0,0,,,0,0,0,0,0,0,0,0,0,0,0,0,,,,0,0,0,0,0,0,0,,0,0,0,0,,0,0,,0,0,0,0,0,0,0,0,0,0,167.4,274.4
00-0035217,B.Snell,Benny Snell,RB,RB,"https://static.www.nfl.com/image/private/f_auto,q_auto/league/fo3ppnx6djkougdmpthf",2021,REG,PIT,16,0,0,0,0,0,0,0,0,0,0,0,0,,,0,,0,0,0,0,36,98,0,0,0,2,-11.181178654189,0,0,0,0,0,2,4,13,0,0,0,-4,20,0,-2.23067166790133,0,0,0,0,0,-3.25,0.00612557427258806,-0.000901103852218968,0.00855758871232881,0,3,0,4,0,0,0,0,0,0,0,0,0,0,0,0,0,0,0,0,0,0,4,38,0,0,0,0,0,0,0,0,0,0,0,0,0,,,0,0,0,0,0,0,0,0,0,0,0,0,,,,0,0,0,0,0,0,0,,0,0,0,0,,0,0,,0,0,0,0,0,0,0,0,0,0,11.1,13.1
00-0035218,S.Smith,Sutton Smith,RB,RB,"https://static.www.nfl.com/image/private/f_auto,q_auto/league/m7zhoorpgybfc5tjyrwi",2021,REG,LV,1,0,0,0,0,0,0,0,0,0,0,0,0,,,0,,0,0,0,0,0,0,0,0,0,0,,0,0,0,0,0,0,0,0,0,0,0,0,0,0,,0,0,0,0,0,,0,0,0,0,1,0,0,0,0,0,0,0,0,0,0,0,0,0,0,0,0,0,0,0,0,0,0,0,0,0,0,0,0,0,0,0,0,0,0,0,,,0,0,0,0,0,0,0,0,0,0,0,0,,,,0,0,0,0,0,0,0,,0,0,0,0,,0,0,,0,0,0,0,0,0,0,0,0,0,0,0
00-0035219,I.Buggs,Isaiah Buggs,DT,DL,"https://static.www.nfl.com/image/private/f_auto,q_auto/league/fpx9zf3ok9xhrergynxi",2021,REG,PIT,9,0,0,0,0,0,0,0,0,0,0,0,0,,,0,,0,0,0,0,0,0,0,0,0,0,,0,0,0,0,0,0,0,0,0,0,0,0,0,0,,0,0,0,0,0,,0,0,0,0,4,1,12,2,2,0,0,0,0,0,0,1,0,0,0,0,0,0,0,0,0,1,5,0,0,0,0,0,0,0,0,0,0,0,0,0,,,0,0,0,0,0,0,0,0,0,0,0,0,,,,0,0,0,0,0,0,0,,0,0,0,0,,0,0,,0,0,0,0,0,0,0,0,0,0,0,0
00-0035222,Z.Gentry,Zach Gentry,TE,TE,"https://static.www.nfl.com/image/upload/f_auto,q_auto/league/a8vddwqiybkx41wwtjy4",2021,REG,PIT,10,0,0,0,0,0,0,0,0,0,0,0,0,,,0,,0,0,0,0,0,0,0,0,0,0,,0,0,0,0,0,19,25,167,0,0,0,75,127,11,-2.38037549739498,0,10,3,2,0,2.22666666666667,0.0382848392036753,0.0168956972291057,0.069254246865887,0,1,0,0,0,0,0,0,0,0,0,0,0,0,0,0,0,0,0,0,0,0,0,0,0,0,0,0,0,0,0,0,0,0,0,0,0,,,0,0,0,0,0,0,0,0,0,0,0,0,,,,0,0,0,0,0,0,0,,0,0,0,0,,0,0,,0,0,0,0,0,0,0,0,0,0,16.7,35.7
00-0035223,U.Gilbert,Ulysees Gilbert,LB,LB,"https://static.www.nfl.com/image/private/f_auto,q_auto/league/cuiogahz0e5enpzl6fbr",2021,REG,PIT,10,0,0,0,0,0,0,0,0,0,0,0,0,,,0,,0,0,0,0,0,0,0,0,0,0,,0,0,0,0,0,0,0,0,0,0,0,0,0,0,,0,0,0,0,0,,0,0,0,1,8,3,4,0,0,0,0,0,0,0,0,0,0,0,0,9,0,0,0,0,0,1,10,0,0,0,0,0,0,0,0,0,0,0,0,0,,,0,0,0,0,0,0,0,0,0,0,0,0,,,,0,0,0,0,0,0,0,,0,0,0,0,,0,0,,0,0,0,0,0,0,0,0,0,0,6,6
00-0035227,P.Locke,P.J. Locke,DB,DB,"https://static.www.nfl.com/image/upload/f_auto,q_auto/league/ojoaoxeadc6x0iekj3my",2021,REG,DEN,5,0,0,0,0,0,0,0,0,0,0,0,0,,,0,,0,0,0,0,0,0,0,0,0,0,,0,0,0,0,0,0,0,0,0,0,0,0,0,0,,0,0,0,0,0,,0,0,0,0,4,1,1,0,0,0,0,0,1,0,0,0,0,0,0,0,0,0,0,0,0,1,5,0,0,0,0,0,0,0,0,0,0,0,0,0,,,0,0,0,0,0,0,0,0,0,0,0,0,,,,0,0,0,0,0,0,0,,0,0,0,0,,0,0,,0,0,0,0,0,0,0,0,0,0,0,0
00-0035228,K.Murray,Kyler Murray,QB,QB,"https://static.www.nfl.com/image/upload/f_auto,q_auto/league/flezsremqighwuiyu77f",2021,REG,ARI,14,333,481,3787,24,10,31,-286,1,0,3823,1789,172,64.4405530493575,4.21373843823493,0,0.990583311535443,146,71,49,9,88,423,5,10,0,25,4.64207029414057,0,14,10,1,1,0,0,7,0,0,0,0,7,0,,0,0,0,0,0,0,0,0,0,0,0,0,0,0,0,0,0,0,0,0,0,0,0,0,0,0,13,-38,0,0,0,1,11,0,13,0,13,0,0,0,0,0,0,0,0,0,,,0,0,0,0,0,0,0,0,0,0,0,0,,,,0,0,0,0,0,0,0,,0,0,0,0,,0,0,,0,0,0,0,0,0,0,0,0,0,300.48,300.48
00-0035229,T.Hockenson,T.J. Hockenson,TE,TE,"https://static.www.nfl.com/image/upload/f_auto,q_auto/league/rs8o65x0u0n9xzde0fd6",2021,REG,DET,12,0,0,0,0,0,0,0,0,0,0,0,0,,,0,,0,0,0,0,0,0,0,0,0,0,,0,0,0,0,0,61,84,583,4,0,0,616,199,32,5.46785234076034,1,24,10,8,0,0.946428571428571,0.148672566371681,0.162833729844039,0.33699246044835,0,2,0,0,0,0,0,0,0,0,0,0,0,0,0,0,0,0,0,0,0,0,6,40,0,0,0,0,0,0,0,0,0,0,0,0,0,,,0,0,0,0,0,0,0,0,0,0,0,0,,,,0,0,0,0,0,0,0,,0,0,0,0,,0,0,,0,0,0,0,0,0,0,0,0,0,84.3,145.3
00-0035230,E.Oliver,Ed Oliver,DT,DL,"https://static.www.nfl.com/image/upload/f_auto,q_auto/league/wqmheiax6xnk7pvcdzav",2021,REG,BUF,16,0,0,0,0,0,0,0,0,0,0,0,0,,,0,,0,0,0,0,0,0,0,0,0,0,,0,0,0,0,0,0,0,0,0,0,0,0,0,0,,0,0,0,0,0,,0,0,0,0,24,5,12,8,44,1,4,27.5,14,0,0,3,0,0,0,0,0,0,0,0,0,5,65,0,0,0,0,0,0,0,0,0,0,0,0,0,,,0,0,0,0,0,0,0,0,0,0,0,0,,,,0,0,0,0,0,0,0,,0,0,0,0,,0,0,,0,0,0,0,0,0,0,0,0,0,0,0
00-0035231,C.Wilkins,Christian Wilkins,DT,DL,"https://static.www.nfl.com/image/upload/f_auto,q_auto/league/ogy5fqw1xsut7lcxffyw",2021,REG,MIA,17,0,0,0,0,0,0,0,0,0,0,0,0,,,0,,0,0,0,0,0,0,0,0,0,0,,0,0,0,0,0,1,1,1,1,0,0,1,0,1,0.53282988598221,0,0,0,0,0,1,0.00166944908180301,0.000223663609930664,0.00266073814965597,0,35,14,40,8,35,1,4.5,31,13,0,0,4,0,1,0,0,0,0,1,9,0,0,0,1,0,0,1,0,0,0,0,0,0,0,0,0,,,0,0,0,0,0,0,0,0,0,0,0,0,,,,0,0,0,0,0,0,0,,0,0,0,0,,0,0,,0,0,0,0,0,0,0,0,0,0,6.1,7.1
00-0035233,A.Dillard,Andre Dillard,OT,OL,"https://static.www.nfl.com/image/upload/f_auto,q_auto/league/zjva2yhlkarduzaqqrxm",2021,REG,PHI,3,0,0,0,0,0,0,0,0,0,0,0,0,,,0,,0,0,0,0,0,0,0,0,0,0,,0,0,0,0,0,0,0,0,0,0,0,0,0,0,,0,0,0,0,0,,0,0,0,0,0,0,0,0,0,0,0,0,0,0,0,0,0,0,0,0,0,0,0,0,0,3,25,0,0,0,0,0,0,0,0,0,0,0,0,0,,,0,0,0,0,0,0,0,0,0,0,0,0,,,,0,0,0,0,0,0,0,,0,0,0,0,,0,0,,0,0,0,0,0,0,0,0,0,0,0,0
00-0035234,T.Howard,Tytus Howard,OT,OL,"https://static.www.nfl.com/image/upload/f_auto,q_auto/league/dsxhasekno62of0prulo",2021,REG,HOU,7,0,0,0,0,0,0,0,0,0,0,0,0,,,0,,0,0,0,0,0,0,0,0,0,0,,0,0,0,0,0,0,0,0,0,0,0,0,0,0,,0,0,0,0,0,,0,0,0,0,0,0,0,0,0,0,0,0,0,0,0,0,0,0,0,0,0,0,0,0,0,7,55,0,0,0,0,0,0,0,0,0,0,0,0,0,,,0,0,0,0,0,0,0,0,0,0,0,0,,,,0,0,0,0,0,0,0,,0,0,0,0,,0,0,,0,0,0,0,0,0,0,0,0,0,0,0
00-0035235,K.McGary,Kaleb McGary,OT,OL,"https://static.www.nfl.com/image/upload/f_auto,q_auto/league/qomzib0zc5muqcj4yeuh",2021,REG,ATL,3,0,0,0,0,0,0,0,0,0,0,0,0,,,0,,0,0,0,0,0,0,0,0,0,0,,0,0,0,0,0,0,0,0,0,0,0,0,0,0,,0,0,0,0,0,,0,0,0,0,0,0,0,0,0,0,0,0,0,0,0,0,0,0,0,0,1,0,0,0,0,3,20,0,0,0,0,0,0,0,0,0,0,0,0,0,,,0,0,0,0,0,0,0,0,0,0,0,0,,,,0,0,0,0,0,0,0,,0,0,0,0,,0,0,,0,0,0,0,0,0,0,0,0,0,0,0
00-0035236,B.Murphy,Byron Murphy,CB,DB,"https://static.www.nfl.com/image/upload/f_auto,q_auto/league/secfzfwznyhcgiow4rvq",2021,REG,ARI,16,0,0,0,0,0,0,0,0,0,0,0,0,,,0,,0,0,0,0,0,0,0,0,0,0,,0,0,0,0,0,0,0,0,0,0,0,0,0,0,,0,0,0,0,0,,0,0,0,0,49,0,15,0,0,1,0.5,0.5,1,4,49,12,1,0,0,0,0,0,1,0,0,6,47,0,0,0,0,0,1,48,0,0,0,0,0,0,,,0,0,0,0,0,0,0,0,0,0,0,0,,,,0,0,0,0,0,0,0,,0,0,0,0,,0,0,,0,0,0,0,0,0,0,0,0,0,0,0
00-0035237,J.Taylor,Jawaan Taylor,OT,OL,"https://static.www.nfl.com/image/upload/f_auto,q_auto/league/honwntzfepzenss8uqhw",2021,REG,JAX,8,0,0,0,0,0,0,0,0,0,0,0,0,,,0,,0,0,0,0,0,0,0,0,0,0,,0,0,0,0,0,0,0,0,0,0,0,0,0,0,,0,0,0,0,0,,0,0,0,0,0,0,0,0,0,0,0,0,0,0,0,0,0,0,0,0,0,0,0,0,0,11,95,0,0,0,0,0,0,0,0,0,0,0,0,0,,,0,0,0,0,0,0,0,0,0,0,0,0,,,,0,0,0,0,0,0,0,,0,0,0,0,,0,0,,0,0,0,0,0,0,0,0,0,0,0,0
00-0035238,C.Ford,Cody Ford,OT,OL,"https://static.www.nfl.com/image/private/f_auto,q_auto/league/tvlrnep8pest5wubog4f",2021,REG,BUF,3,0,0,0,0,0,0,0,0,0,0,0,0,,,0,,0,0,0,0,0,0,0,0,0,0,,0,0,0,0,0,0,0,0,0,0,0,0,0,0,,0,0,0,0,0,,0,0,0,0,1,0,0,0,0,0,0,0,0,0,0,0,0,0,0,0,0,0,0,0,0,3,23,0,0,0,0,0,0,0,0,0,0,0,0,0,,,0,0,0,0,0,0,0,0,0,0,0,0,,,,0,0,0,0,0,0,0,,0,0,0,0,,0,0,,0,0,0,0,0,0,0,0,0,0,0,0
00-0035239,S.Murphy-Bunting,Sean Murphy-Bunting,CB,DB,"https://static.www.nfl.com/image/upload/f_auto,q_auto/league/ddyearvwzjb4jmunqlei",2021,REG,TB,9,0,0,0,0,0,0,0,0,0,0,0,0,,,0,,0,0,0,0,0,0,0,0,0,0,,0,0,0,0,0,0,0,0,0,0,0,0,0,0,,0,0,0,0,0,,0,0,0,0,26,4,13,0,0,1,0,0,0,0,0,3,0,0,0,0,0,0,0,0,0,2,29,0,0,0,0,0,0,0,0,0,0,0,0,0,,,0,0,0,0,0,0,0,0,0,0,0,0,,,,0,0,0,0,0,0,0,,0,0,0,0,,0,0,,0,0,0,0,0,0,0,0,0,0,0,0
00-0035240,J.Tavai,Jahlani Tavai,LB,LB,"https://static.www.nfl.com/image/upload/f_auto,q_auto/league/srlewkb9utcfby1x0bhh",2021,REG,NE,9,0,0,0,0,0,0,0,0,0,0,0,0,,,0,,0,0,0,0,0,0,0,0,0,0,,0,0,0,0,0,0,0,0,0,0,0,0,0,0,,0,0,0,0,0,,0,0,0,0,3,3,8,0,0,0,0,0,0,0,0,0,0,0,0,0,0,0,1,0,0,0,0,0,0,0,0,0,0,0,0,0,0,0,0,0,,,0,0,0,0,0,0,0,0,0,0,0,0,,,,0,0,0,0,0,0,0,,0,0,0,0,,0,0,,0,0,0,0,0,0,0,0,0,0,0,0
00-0035241,J.Williams,Joejuan Williams,CB,DB,"https://static.www.nfl.com/image/private/f_auto,q_auto/league/xvd6nmxdr9hf0ohkyxhn",2021,REG,NE,10,0,0,0,0,0,0,0,0,0,0,0,0,,,0,,0,0,0,0,0,0,0,0,0,0,,0,0,0,0,0,0,0,0,0,0,0,0,0,0,,0,0,0,0,0,,0,0,0,0,14,1,6,0,0,0,0,0,1,0,0,5,0,0,0,0,0,0,0,0,0,2,6,0,0,0,0,0,0,0,0,0,0,0,0,0,,,0,0,0,0,0,0,0,0,0,0,0,0,,,,0,0,0,0,0,0,0,,0,0,0,0,,0,0,,0,0,0,0,0,0,0,0,0,0,0,0
00-0035242,E.McCoy,Erik McCoy,C,OL,"https://static.www.nfl.com/image/upload/f_auto,q_auto/league/w5kp02xeo5pg9shcddoz",2021,REG,NO,6,0,0,0,0,0,0,0,0,0,0,0,0,,,0,,0,0,0,0,0,0,0,0,0,0,,0,0,0,0,0,0,0,0,0,0,0,0,0,0,,0,0,0,0,0,,0,0,0,0,0,0,0,0,0,0,0,0,0,0,0,0,0,0,0,0,0,0,0,0,0,7,55,0,0,0,0,0,0,0,0,0,0,0,0,0,,,0,0,0,0,0,0,0,0,0,0,0,0,,,,0,0,0,0,0,0,0,,0,0,0,0,,0,0,,0,0,0,0,0,0,0,0,0,0,0,0
00-0035243,M.Sanders,Miles Sanders,RB,RB,"https://static.www.nfl.com/image/upload/f_auto,q_auto/league/niyjjkzmxjmesftgjs8y",2021,REG,PHI,12,0,0,0,0,0,0,0,0,0,0,0,0,,,0,,0,0,0,0,137,754,0,1,1,33,1.44632499365487,1,20,14,7,0,26,34,158,0,0,0,-18,227,6,-6.75276211053946,0,6,4,1,0,-8.77777777777778,0.0726495726495727,-0.00425531914893617,0.105995635570104,0,0,0,0,0,0,0,0,0,0,0,0,0,0,0,0,0,0,0,0,0,0,1,15,1,0,0,1,1,0,0,0,0,0,0,0,0,,,0,0,0,0,0,0,0,0,0,0,0,0,,,,0,0,0,0,0,0,0,,0,0,0,0,,0,0,,0,0,0,0,0,0,0,0,0,0,91.2,117.2
00-0035244,L.Johnson,Lonnie Johnson,SAF,DB,"https://static.www.nfl.com/image/upload/f_auto,q_auto/league/a25iox2kpt2faeivak0g",2021,REG,HOU,13,0,0,0,0,0,0,0,0,0,0,0,0,,,0,,0,0,0,0,0,0,0,0,0,0,,0,0,0,0,0,0,0,0,0,0,0,0,0,0,,0,0,0,0,0,,0,0,0,0,33,5,17,1,9,0,0,0,0,3,47,6,0,0,0,0,0,0,0,0,0,4,32,0,0,0,0,0,0,0,0,0,0,0,0,0,,,0,0,0,0,0,0,0,0,0,0,0,0,,,,0,0,0,0,0,0,0,,0,0,0,0,,0,0,,0,0,0,0,0,0,0,0,0,0,0,0
00-0035245,M.Scharping,Max Scharping,G,OL,"https://static.www.nfl.com/image/upload/f_auto,q_auto/league/jdw55yuyz1uhd5wxchvj",2021,REG,HOU,3,0,0,0,0,0,0,0,0,0,0,0,0,,,0,,0,0,0,0,0,0,0,0,0,0,,0,0,0,0,0,0,0,0,0,0,0,0,0,0,,0,0,0,0,0,,0,0,0,0,0,0,0,0,0,0,0,0,0,0,0,0,0,0,0,0,0,0,0,0,0,3,30,0,0,0,0,0,0,0,0,0,0,0,0,0,,,0,0,0,0,0,0,0,0,0,0,0,0,,,,0,0,0,0,0,0,0,,0,0,0,0,,0,0,,0,0,0,0,0,0,0,0,0,0,0,0
00-0035246,J.Arcega-Whiteside,J.J. Arcega-Whiteside,WR,WR,"https://static.www.nfl.com/image/private/f_auto,q_auto/league/ybukzc2rvl0mqfnn387e",2021,REG,PHI,7,0,0,0,0,0,0,0,0,0,0,0,0,,,0,,0,0,0,0,0,0,0,0,0,0,,0,0,0,0,0,2,5,36,0,0,0,41,29,2,-3.35056522814557,0,2,1,1,0,0.878048780487805,0.0106837606837607,0.00969267139479905,0.0228105110020004,0,4,0,1,0,0,1,0,0,0,0,0,0,0,0,0,0,1,0,0,0,0,2,18,0,0,0,0,0,0,0,0,0,0,0,0,0,,,0,0,0,0,0,0,0,0,0,0,0,0,,,,0,0,0,0,0,0,0,,0,0,0,0,,0,0,,0,0,0,0,0,0,0,0,0,0,3.6,5.6
00-0035247,T.Hill,Trysten Hill,DT,DL,"https://static.www.nfl.com/image/upload/f_auto,q_auto/league/k5jscadqqcnj44izwijp",2021,REG,DAL,5,0,0,0,0,0,0,0,0,0,0,0,0,,,0,,0,0,0,0,0,0,0,0,0,0,,0,0,0,0,0,0,0,0,0,0,0,0,0,0,,0,0,0,0,0,,0,0,0,0,7,0,4,0,0,0,0.5,0,3,0,0,0,0,0,0,0,0,0,0,0,0,0,0,0,0,0,0,0,0,0,0,0,0,0,0,0,,,0,0,0,0,0,0,0,0,0,0,0,0,,,,0,0,0,0,0,0,0,,0,0,0,0,,0,0,,0,0,0,0,0,0,0,0,0,0,0,0
00-0035248,Z.Allen,Zach Allen,DE,DL,"https://static.www.nfl.com/image/upload/f_auto,q_auto/league/alnctfzlh2giup65i5zt",2021,REG,ARI,14,0,0,0,0,0,0,0,0,0,0,0,0,,,0,,0,0,0,0,0,0,0,0,0,0,,0,0,0,0,0,0,0,0,0,0,0,0,0,0,,0,0,0,0,0,,0,0,0,0,24,6,18,4,27,0,4,16,14,1,25,4,0,0,0,0,0,0,3,26,1,2,23,0,0,0,0,0,0,0,0,0,0,0,0,0,,,0,0,0,0,0,0,0,0,0,0,0,0,,,,0,0,0,0,0,0,0,,0,0,0,0,,0,0,,0,0,0,0,0,0,0,0,0,0,0,0
00-0035249,J.Oliver,Josh Oliver,TE,TE,"https://static.www.nfl.com/image/upload/f_auto,q_auto/league/pfvhbfguzu6wv9ikluop",2021,REG,BAL,11,0,0,0,0,0,0,0,0,0,0,0,0,,,0,,0,0,0,0,0,0,0,0,0,0,,0,0,0,0,0,9,15,66,0,1,0,126,25,4,-3.32906061690301,0,2,1,0,0,0.523809523809524,0.0253807106598985,0.0240825688073395,0.0549288641549853,0,2,0,2,0,0,0,0,0,0,0,0,0,0,0,0,0,1,0,0,0,0,1,10,1,0,0,1,0,0,0,0,0,0,0,0,0,,,0,0,0,0,0,0,0,0,0,0,0,0,,,,0,0,0,0,0,0,0,,0,0,0,0,,0,0,,0,0,0,0,0,0,0,0,0,0,6.6,15.6
00-0035250,D.Singletary,Devin Singletary,RB,RB,"https://static.www.nfl.com/image/upload/f_auto,q_auto/league/wqw8ee4nsxsisqb3bagw",2021,REG,BUF,17,0,0,0,0,0,0,0,0,0,0,0,0,,,0,,0,0,0,0,188,870,7,2,0,44,-3.82014839537442,0,20,19,6,2,40,50,228,1,3,0,4,242,11,-2.3093669366735,0,9,1,0,0,57,0.0802568218298555,0.000746965452847806,0.120908108561777,0,1,0,0,0,0,0,0,0,0,0,0,0,0,0,0,0,2,0,0,0,0,1,5,4,1,3,5,0,0,0,0,0,0,0,0,0,,,0,0,0,0,0,0,0,0,0,0,0,0,,,,0,0,0,0,0,0,0,,0,0,0,0,,0,0,,0,0,0,0,0,0,0,0,0,0,157.8,197.8
00-0035252,Y.Cajuste,Yodny Cajuste,OT,OL,"https://static.www.nfl.com/image/upload/f_auto,q_auto/league/zgmoaupjic5cnbhwbtfx",2021,REG,NE,1,0,0,0,0,0,0,0,0,0,0,0,0,,,0,,0,0,0,0,0,0,0,0,0,0,,0,0,0,0,0,0,0,0,0,0,0,0,0,0,,0,0,0,0,0,,0,0,0,0,1,0,0,0,0,0,0,0,0,0,0,0,0,0,0,0,0,0,0,0,0,0,0,0,0,0,0,0,0,0,0,0,0,0,0,0,,,0,0,0,0,0,0,0,0,0,0,0,0,,,,0,0,0,0,0,0,0,,0,0,0,0,,0,0,,0,0,0,0,0,0,0,0,0,0,0,0
00-0035253,C.Gardner-Johnson,C.J. Gardner-Johnson,SAF,DB,"https://static.www.nfl.com/image/upload/f_auto,q_auto/league/lgbewdwm0p4wnwfbcock",2021,REG,NO,12,0,0,0,0,0,0,0,0,0,0,0,0,,,0,,0,0,0,0,0,0,0,0,0,0,,0,0,0,0,0,0,0,0,0,0,0,0,0,0,,0,0,0,0,0,,0,0,0,0,31,1,14,4,17,0,2,14,4,3,45,7,0,0,0,0,0,0,0,0,0,3,25,0,0,0,0,0,0,0,0,0,0,0,0,0,,,0,0,0,0,0,0,0,0,0,0,0,0,,,,0,0,0,0,0,0,0,,0,0,0,0,,0,0,,0,0,0,0,0,0,0,0,0,0,0,0
00-0035254,A.Nelson,Anthony Nelson,LB,LB,"https://static.www.nfl.com/image/upload/f_auto,q_auto/league/p7ot8uy26tblyhgpwcdv",2021,REG,TB,13,0,0,0,0,0,0,0,0,0,0,0,0,,,0,,0,0,0,0,0,0,0,0,0,0,,0,0,0,0,0,0,0,0,0,0,0,0,0,0,,0,0,0,0,0,,0,0,0,0,12,1,9,6,46,0,5,45,10,0,0,1,0,0,0,0,0,0,1,0,0,3,15,0,0,0,0,0,0,0,0,0,0,0,0,0,,,0,0,0,0,0,0,0,0,0,0,0,0,,,,0,0,0,0,0,0,0,,0,0,0,0,,0,0,,0,0,0,0,0,0,0,0,0,0,0,0
00-0035255,K.Sheffield,Kendall Sheffield,DB,DB,"https://static.www.nfl.com/image/upload/f_auto,q_auto/league/ukj6kbovqjqrinpgeysa",2021,REG,ATL,1,0,0,0,0,0,0,0,0,0,0,0,0,,,0,,0,0,0,0,0,0,0,0,0,0,,0,0,0,0,0,0,0,0,0,0,0,0,0,0,,0,0,0,0,0,,0,0,0,0,2,0,2,0,0,0,0,0,0,0,0,0,0,0,0,0,0,0,0,0,0,0,0,0,0,0,0,0,0,0,0,0,0,0,0,0,,,0,0,0,0,0,0,0,0,0,0,0,0,,,,0,0,0,0,0,0,0,,0,0,0,0,,0,0,,0,0,0,0,0,0,0,0,0,0,0,0
00-0035259,T.Wesco,Trevon Wesco,TE,TE,"https://static.www.nfl.com/image/private/f_auto,q_auto/league/ptq3iidy6uyg3f31gjl5",2021,REG,NYJ,8,0,0,0,0,0,0,0,0,0,0,0,0,,,0,,0,0,0,0,0,0,0,0,0,0,,0,0,0,0,0,3,5,35,0,0,0,3,29,2,-1.34905443125172,0,2,1,0,0,11.6666666666667,0.00860585197934596,0.000689813750287422,0.0133916475942201,0,3,0,1,0,0,0,0,0,0,0,0,0,0,0,0,0,1,0,0,0,0,2,20,0,0,0,0,0,0,0,0,0,0,0,0,0,,,0,0,0,0,0,0,0,0,0,0,0,0,,,,0,0,0,0,0,0,0,,0,0,0,0,,0,0,,0,0,0,0,0,0,0,0,0,0,3.5,6.5
00-0035260,R.Wren,Renell Wren,DT,DL,"https://static.www.nfl.com/image/private/f_auto,q_auto/league/mksyn1sfszc9boas8jqp",2021,REG,CIN,1,0,0,0,0,0,0,0,0,0,0,0,0,,,0,,0,0,0,0,0,0,0,0,0,0,,0,0,0,0,0,0,0,0,0,0,0,0,0,0,,0,0,0,0,0,,0,0,0,0,0,0,1,0,0,0,0,0,0,0,0,0,0,0,0,0,0,0,0,0,0,0,0,0,0,0,0,0,0,0,0,0,0,0,0,0,,,0,0,0,0,0,0,0,0,0,0,0,0,,,,0,0,0,0,0,0,0,,0,0,0,0,,0,0,,0,0,0,0,0,0,0,0,0,0,0,0
00-0035261,T.Pollard,Tony Pollard,RB,RB,"https://static.www.nfl.com/image/upload/f_auto,q_auto/league/dvpdczetkdhrqpm8izmd",2021,REG,DAL,15,0,0,0,0,0,0,0,0,0,0,0,0,,,0,,0,0,0,0,130,719,2,0,0,35,12.8812159731039,0,17,15,4,1,39,46,337,0,2,0,8,341,15,6.88631749583151,0,11,3,2,0,42.125,0.0722135007849294,0.00156372165754496,0.109414856337676,1,4,0,1,0,0,0,0,0,0,0,0,0,0,0,0,0,1,0,0,0,0,0,0,2,0,0,2,0,0,0,17,489,0,0,0,0,,,0,0,0,0,0,0,0,0,0,0,0,0,,,,0,0,0,0,0,0,0,,0,0,0,0,,0,0,,0,0,0,0,0,0,0,0,0,0,123.6,162.6
00-0035262,D.Tranquill,Drue Tranquill,LB,LB,"https://static.www.nfl.com/image/upload/f_auto,q_auto/league/azjrwh0rdddskgckydsq",2021,REG,LAC,14,0,0,0,0,0,0,0,0,0,0,0,0,,,0,,0,0,0,0,0,0,0,0,0,0,,0,0,0,0,0,0,0,0,0,0,0,0,0,0,,0,0,0,0,0,,0,0,0,0,43,2,31,5,22,0,1.5,14,3,0,0,1,0,0,0,0,0,0,1,0,0,1,9,0,0,0,0,0,0,0,0,0,0,0,0,0,,,0,0,0,0,0,0,0,0,0,0,0,0,,,,0,0,0,0,0,0,0,,0,0,0,0,,0,0,,0,0,0,0,0,0,0,0,0,0,0,0
00-0035263,W.Martin,Wes Martin,G,OL,"https://static.www.nfl.com/image/private/f_auto,q_auto/league/z1gps8fhahf628sqjhtv",2021,REG,NYG,1,0,0,0,0,0,0,0,0,0,0,0,0,,,0,,0,0,0,0,0,0,0,0,0,0,,0,0,0,0,0,0,0,0,0,0,0,0,0,0,,0,0,0,0,0,,0,0,0,0,1,0,0,0,0,0,0,0,0,0,0,0,0,0,0,0,0,0,0,0,0,0,0,0,0,0,0,0,0,0,0,0,0,0,0,0,,,0,0,0,0,0,0,0,0,0,0,0,0,,,,0,0,0,0,0,0,0,,0,0,0,0,,0,0,,0,0,0,0,0,0,0,0,0,0,0,0
00-0035265,J.Cominsky,John Cominsky,DE,DL,"https://static.www.nfl.com/image/upload/f_auto,q_auto/league/zmuz0sxgahnwann1ztyg",2021,REG,ATL,1,0,0,0,0,0,0,0,0,0,0,0,0,,,0,,0,0,0,0,0,0,0,0,0,0,,0,0,0,0,0,0,0,0,0,0,0,0,0,0,,0,0,0,0,0,,0,0,0,0,2,0,0,1,5,0,0,0,0,0,0,0,0,0,0,0,0,0,0,0,0,0,0,0,0,0,0,0,0,0,0,0,0,0,0,0,,,0,0,0,0,0,0,0,0,0,0,0,0,,,,0,0,0,0,0,0,0,,0,0,0,0,,0,0,,0,0,0,0,0,0,0,0,0,0,0,0
00-0035266,M.Jordan,Mike Jordan,G,OL,"https://static.www.nfl.com/image/upload/f_auto,q_auto/league/b7mi3e3r7n1cdlymjtwl",2021,REG,CAR,4,0,0,0,0,0,0,0,0,0,0,0,0,,,0,,0,0,0,0,0,0,0,0,0,0,,0,0,0,0,0,0,0,0,0,0,0,0,0,0,,0,0,0,0,0,,0,0,0,0,2,0,0,0,0,0,0,0,0,0,0,0,0,0,0,0,0,0,0,0,0,3,21,0,0,0,0,0,0,0,0,0,0,0,0,0,,,0,0,0,0,0,0,0,0,0,0,0,0,,,,0,0,0,0,0,0,0,,0,0,0,0,,0,0,,0,0,0,0,0,0,0,0,0,0,0,0
00-0035268,R.Armstead,Ryquell Armstead,RB,RB,"https://static.www.nfl.com/image/private/f_auto,q_auto/league/jgcl3vn95zrklzlulgut",2021,REG,JAX,2,0,0,0,0,0,0,0,0,0,0,0,0,,,0,,0,0,0,0,15,80,0,0,0,3,1.6966322271619,0,1,1,1,0,3,4,16,0,0,0,0,20,1,-5.90007190260803,0,0,0,0,0,0,0.00686106346483705,0,0.0102915951972556,0,0,0,0,0,0,0,0,0,0,0,0,0,0,0,0,0,0,0,0,0,0,1,3,0,0,0,0,0,0,0,0,0,0,0,0,0,,,0,0,0,0,0,0,0,0,0,0,0,0,,,,0,0,0,0,0,0,0,,0,0,0,0,,0,0,,0,0,0,0,0,0,0,0,0,0,9.6,12.6
00-0035269,M.Gay,Matt Gay,K,SPEC,"https://static.www.nfl.com/image/upload/f_auto,q_auto/league/qeca8ofwxhytcioy29wc",2021,REG,LA,17,0,0,0,0,0,0,0,0,0,0,0,0,,,0,,0,0,0,0,0,0,0,0,0,0,,0,0,0,0,0,0,0,0,0,0,0,0,0,0,,0,0,0,0,0,,0,0,0,0,1,0,0,0,0,0,0,0,0,0,0,0,0,0,0,0,0,0,0,0,0,0,0,0,0,0,0,0,0,0,0,0,32,34,2,0,55,0.941176470588235,0,6,15,7,4,0,0,0,0,1,1,0,53;22;34;38;48;26;42;22;31;47;32;33;47;27;34;22;54;37;36;39;40;44;37;55;35;33;55;35;32;31;24;43,46;56,,1188,102,0,48,49,1,0,0.979591836734694,0,0,0,0,,0,0,,0,0,0,0,0,0,0,0,0,0,0,0
00-0035270,A.Oruwariye,Amani Oruwariye,CB,DB,"https://static.www.nfl.com/image/upload/f_auto,q_auto/league/rfqlsxmwdqnfcxng5oli",2021,REG,DET,14,0,0,0,0,0,0,0,0,0,0,0,0,,,0,,0,0,0,0,0,0,0,0,0,0,,0,0,0,0,0,0,0,0,0,0,0,0,0,0,,0,0,0,0,0,,0,0,0,0,42,2,13,2,4,0,0,0,0,6,73,11,0,0,0,0,0,0,1,0,0,8,70,0,0,0,0,0,0,0,0,0,0,0,0,0,,,0,0,0,0,0,0,0,0,0,0,0,0,,,,0,0,0,0,0,0,0,,0,0,0,0,,0,0,,0,0,0,0,0,0,0,0,0,0,0,0
00-0035272,A.Van Ginkel,Andrew Van Ginkel,OLB,LB,"https://static.www.nfl.com/image/upload/f_auto,q_auto/league/vbpdlib647tcpzz59wyt",2021,REG,MIA,17,0,0,0,0,0,0,0,0,0,0,0,0,,,0,,0,0,0,0,0,0,0,0,0,0,,0,0,0,0,0,0,0,0,0,0,0,0,0,0,,0,0,0,0,0,,0,0,0,0,40,10,21,9,38,1,4,32.5,20,0,0,7,0,0,0,0,0,0,0,0,0,4,28,0,0,0,0,0,0,0,0,0,0,0,0,0,,,0,0,0,0,0,0,0,0,0,0,0,0,,,,0,0,0,0,0,0,0,,0,0,0,0,,0,0,,0,0,0,0,0,0,0,0,0,0,0,0
00-0035273,Q.Ollison,Qadree Ollison,RB,RB,"https://static.www.nfl.com/image/private/f_auto,q_auto/league/ifvzpr0bzxjwbpv0zpml",2021,REG,ATL,6,0,0,0,0,0,0,0,0,0,0,0,0,,,0,,0,0,0,0,21,105,1,1,1,7,-4.71563008642988,0,5,2,0,0,4,6,12,0,0,0,0,7,1,-4.13411433284637,0,0,0,0,0,0,0.0108303249097473,0,0.0162454873646209,0,1,0,1,0,0,1,0,0,0,0,0,0,0,0,0,0,0,0,0,0,0,0,0,1,0,0,1,1,0,0,0,0,0,0,0,0,,,0,0,0,0,0,0,0,0,0,0,0,0,,,,0,0,0,0,0,0,0,,0,0,0,0,,0,0,,0,0,0,0,0,0,0,0,0,0,15.7,19.7
00-0035276,B.Cashman,Blake Cashman,LB,LB,"https://static.www.nfl.com/image/upload/f_auto,q_auto/league/mvui8tjkoewkupyncbok",2021,REG,NYJ,1,0,0,0,0,0,0,0,0,0,0,0,0,,,0,,0,0,0,0,0,0,0,0,0,0,,0,0,0,0,0,0,0,0,0,0,0,0,0,0,,0,0,0,0,0,,0,0,0,0,3,0,0,0,0,0,0,0,0,0,0,0,0,0,0,0,0,0,0,0,0,0,0,0,0,0,0,0,0,0,0,0,0,0,0,0,,,0,0,0,0,0,0,0,0,0,0,0,0,,,,0,0,0,0,0,0,0,,0,0,0,0,,0,0,,0,0,0,0,0,0,0,0,0,0,0,0
00-0035277,M.Jackson,Mike Jackson,CB,DB,"https://static.www.nfl.com/image/upload/f_auto,q_auto/league/cqvxm9n1ncjq7hd2dtqb",2021,REG,SEA,2,0,0,0,0,0,0,0,0,0,0,0,0,,,0,,0,0,0,0,0,0,0,0,0,0,,0,0,0,0,0,0,0,0,0,0,0,0,0,0,,0,0,0,0,0,,0,0,0,0,1,0,1,0,0,0,0,0,0,0,0,2,0,0,0,0,0,0,0,0,0,0,0,0,0,0,0,0,0,0,0,0,0,0,0,0,,,0,0,0,0,0,0,0,0,0,0,0,0,,,,0,0,0,0,0,0,0,,0,0,0,0,,0,0,,0,0,0,0,0,0,0,0,0,0,0,0
00-0035279,C.Omenihu,Charles Omenihu,DE,DL,"https://static.www.nfl.com/image/upload/f_auto,q_auto/league/eqdzy6rghyb0sywwbd8i",2021,REG,SF,13,0,0,0,0,0,0,0,0,0,0,0,0,,,0,,0,0,0,0,0,0,0,0,0,0,,0,0,0,0,0,0,0,0,0,0,0,0,0,0,,0,0,0,0,0,,0,0,0,0,13,1,3,1,1,0,0,0,4,0,0,1,0,0,0,0,0,0,0,0,0,2,13,0,0,0,0,0,0,0,0,0,0,0,0,0,,,0,0,0,0,0,0,0,0,0,0,0,0,,,,0,0,0,0,0,0,0,,0,0,0,0,,0,0,,0,0,0,0,0,0,0,0,0,0,0,0
00-0035280,J.Bailey,Jake Bailey,P,SPEC,"https://static.www.nfl.com/image/upload/f_auto,q_auto/league/xgqo8pwrwqtmfhoaproq",2021,REG,NE,17,0,0,0,0,0,0,0,0,0,0,0,0,,,0,,0,0,0,0,0,0,0,0,0,0,-0.947,0,0,0,0,0,0,0,0,0,0,0,0,0,0,,0,0,0,0,0,,0,0,0,0,0,0,0,0,0,0,0,0,0,0,0,0,0,0,0,0,0,0,0,0,0,0,0,0,0,0,0,0,0,0,0,0,0,0,0,0,,,0,0,0,0,0,0,0,0,0,0,0,0,,,,0,0,0,0,0,0,0,,0,0,0,0,,49,3,71,2316,23,8,6,6,13,16,138,0,2058,0,0
00-0035281,J.Jackson,Joe Jackson,DE,DL,"https://static.www.nfl.com/image/private/f_auto,q_auto/league/rqoqlrbajzk3zlqv9ibl",2021,REG,CLE,10,0,0,0,0,0,0,0,0,0,0,0,0,,,0,,0,0,0,0,0,0,0,0,0,0,,0,0,0,0,0,0,0,0,0,0,0,0,0,0,,0,0,0,0,0,,0,0,0,0,5,4,7,1,4,0,1.5,4,3,0,0,0,0,0,0,0,0,0,0,0,0,0,0,0,0,0,0,0,0,0,0,0,0,0,0,0,,,0,0,0,0,0,0,0,0,0,0,0,0,,,,0,0,0,0,0,0,0,,0,0,0,0,,0,0,,0,0,0,0,0,0,0,0,0,0,0,0
00-0035286,C.Holcomb,Cole Holcomb,LB,LB,"https://static.www.nfl.com/image/upload/f_auto,q_auto/league/hhhvsv4sv9zreuedr7lj",2021,REG,WAS,16,0,0,0,0,0,0,0,0,0,0,0,0,,,0,,0,0,0,0,0,0,0,0,0,0,,0,0,0,0,0,0,0,0,0,0,0,0,0,0,,0,0,0,0,0,,0,0,0,0,66,17,59,1,1,2,1,0,2,2,54,7,1,0,0,0,0,0,1,0,0,2,24,0,0,0,0,0,0,0,0,0,0,0,0,0,,,0,0,0,0,0,0,0,0,0,0,0,0,,,,0,0,0,0,0,0,0,,0,0,0,0,,0,0,,0,0,0,0,0,0,0,0,0,0,0,0
00-0035289,G.Minshew,Gardner Minshew,QB,QB,"https://static.www.nfl.com/image/upload/f_auto,q_auto/league/lggwtoj1m0jxxiawtzpw",2021,REG,PHI,3,41,60,439,4,1,5,-31,1,0,346,263,24,15.8815975123972,3.15991498922047,0,1.26878612716763,19,9,7,0,9,21,0,0,0,2,-1.08274675789289,0,0,0,0,0,0,0,0,0,0,0,0,0,0,,0,0,0,0,0,,0,0,0,0,0,0,0,0,0,0,0,0,0,0,0,0,0,0,0,0,1,0,0,0,0,0,0,0,1,1,1,0,0,0,0,0,0,0,0,0,,,0,0,0,0,0,0,0,0,0,0,0,0,,,,0,0,0,0,0,0,0,,0,0,0,0,,0,0,,0,0,0,0,0,0,0,0,0,0,33.66,33.66
00-0035290,J.Johnson,Jaquan Johnson,DB,DB,"https://static.www.nfl.com/image/private/f_auto,q_auto/league/d83fqx8f4xboaay0iefs",2021,REG,BUF,8,0,0,0,0,0,0,0,0,0,0,0,0,,,0,,0,0,0,0,0,0,0,0,0,0,,0,0,0,0,0,0,0,0,0,0,0,0,0,0,,0,0,0,0,0,,0,0,0,0,5,3,6,0,0,0,0,0,0,1,25,1,0,0,0,0,0,0,0,0,0,0,0,0,0,0,0,0,0,0,0,0,0,0,0,0,,,0,0,0,0,0,0,0,0,0,0,0,0,,,,0,0,0,0,0,0,0,,0,0,0,0,,0,0,,0,0,0,0,0,0,0,0,0,0,0,0
00-0035291,T.Williams,Trayveon Williams,RB,RB,"https://static.www.nfl.com/image/upload/f_auto,q_auto/league/zwei0idpruplnhlmpfkr",2021,REG,CIN,4,0,0,0,0,0,0,0,0,0,0,0,0,,,0,,0,0,0,0,15,51,0,0,0,4,-0.211836054979358,0,1,0,0,0,1,2,4,0,0,0,-7,11,0,-0.690285214750837,0,0,0,0,0,-0.571428571428571,0.0037037037037037,-0.001591994541733,0.00444115937634246,0,1,0,1,0,0,0,0,0,0,0,0,0,0,0,0,0,0,0,0,0,0,0,0,0,0,0,0,0,0,0,0,0,0,0,0,0,,,0,0,0,0,0,0,0,0,0,0,0,0,,,,0,0,0,0,0,0,0,,0,0,0,0,,0,0,,0,0,0,0,0,0,0,0,0,0,5.5,6.5
00-0035292,D.Long,David Long Jr.,ILB,LB,"https://static.www.nfl.com/image/upload/f_auto,q_auto/league/h6g8cn2jt1rvuvkyvmkp",2021,REG,TEN,10,0,0,0,0,0,0,0,0,0,0,0,0,,,0,,0,0,0,0,0,0,0,0,0,0,,0,0,0,0,0,0,0,0,0,0,0,0,0,0,,0,0,0,0,0,,0,0,0,0,40,6,29,3,10,0,0,0,2,2,6,6,0,0,0,0,0,0,0,0,0,2,20,0,0,0,0,0,0,0,0,0,0,0,0,0,,,0,0,0,0,0,0,0,0,0,0,0,0,,,,0,0,0,0,0,0,0,,0,0,0,0,,0,0,,0,0,0,0,0,0,0,0,0,0,0,0
00-0035293,X.Crawford,Xavier Crawford,DB,DB,"https://static.www.nfl.com/image/private/f_auto,q_auto/league/aqwneslgs9rsvnmjzvcd",2021,REG,CHI,7,0,0,0,0,0,0,0,0,0,0,0,0,,,0,,0,0,0,0,0,0,0,0,0,0,,0,0,0,0,0,0,0,0,0,0,0,0,0,0,,0,0,0,0,0,,0,0,0,0,10,1,4,0,0,0,0,0,0,0,0,0,0,0,0,0,0,0,0,0,0,2,30,0,0,0,0,0,0,0,0,0,0,0,0,0,,,0,0,0,0,0,0,0,0,0,0,0,0,,,,0,0,0,0,0,0,0,,0,0,0,0,,0,0,,0,0,0,0,0,0,0,0,0,0,0,0
00-0035294,B.Austin,Blessuan Austin,DB,DB,"https://static.www.nfl.com/image/private/f_auto,q_auto/league/vyl3paz1mk6ukjtgvu24",2021,REG,SEA,4,0,0,0,0,0,0,0,0,0,0,0,0,,,0,,0,0,0,0,0,0,0,0,0,0,,0,0,0,0,0,0,0,0,0,0,0,0,0,0,,0,0,0,0,0,,0,0,0,0,6,2,2,0,0,0,0,0,0,0,0,0,0,0,0,0,0,0,0,0,0,2,16,0,0,0,0,0,0,0,0,0,0,0,0,0,,,0,0,0,0,0,0,0,0,0,0,0,0,,,,0,0,0,0,0,0,0,,0,0,0,0,,0,0,,0,0,0,0,0,0,0,0,0,0,0,0
00-0035295,I.Prince,Isaiah Prince,OT,OL,"https://static.www.nfl.com/image/private/f_auto,q_auto/league/dp1scgce6httdu0udyng",2021,REG,CIN,3,0,0,0,0,0,0,0,0,0,0,0,0,,,0,,0,0,0,0,0,0,0,0,0,0,,0,0,0,0,0,0,0,0,0,0,0,0,0,0,,0,0,0,0,0,,0,0,0,0,0,0,0,0,0,0,0,0,0,0,0,0,0,0,0,0,0,0,0,0,0,4,30,0,0,0,0,0,0,0,0,0,0,0,0,0,,,0,0,0,0,0,0,0,0,0,0,0,0,,,,0,0,0,0,0,0,0,,0,0,0,0,,0,0,,0,0,0,0,0,0,0,0,0,0,0,0
00-0035298,S.Miller,Scott Miller,WR,WR,"https://static.www.nfl.com/image/upload/f_auto,q_auto/league/mlx2xhjvzt6pqwgoloqa",2021,REG,TB,6,0,0,0,0,0,0,0,0,0,0,0,0,,,0,,0,0,0,0,2,43,1,0,0,2,4.53541858197423,0,2,1,1,0,5,9,38,0,0,0,117,9,2,-5.675998245874,0,1,0,0,0,0.324786324786325,0.0125698324022346,0.0198506956226671,0.0327502355392189,0,2,0,0,0,0,0,0,0,0,0,0,0,0,0,0,0,0,0,1,0,0,1,5,0,0,0,0,0,0,0,1,19,0,0,0,0,,,0,0,0,0,0,0,0,0,0,0,0,0,,,,0,0,0,0,0,0,0,,0,0,0,0,,0,0,,0,0,0,0,0,0,0,0,0,0,14.1,19.1
00-0035300,D.Daley,Dennis Daley,OT,OL,"https://static.www.nfl.com/image/private/f_auto,q_auto/league/vmjhwdrhizhlakdxlsd1",2021,REG,CAR,8,0,0,0,0,0,0,0,0,0,0,0,0,,,0,,0,0,0,0,0,0,0,0,0,0,,0,0,0,0,0,0,0,0,0,0,0,0,0,0,,0,0,0,0,0,,0,0,0,0,0,0,1,0,0,0,0,0,0,0,0,0,0,0,0,0,0,0,0,0,0,9,70,0,0,0,0,0,0,0,0,0,0,0,0,0,,,0,0,0,0,0,0,0,0,0,0,0,0,,,,0,0,0,0,0,0,0,,0,0,0,0,,0,0,,0,0,0,0,0,0,0,0,0,0,0,0
00-0035301,D.Wilson,Donovan Wilson,SAF,DB,"https://static.www.nfl.com/image/upload/f_auto,q_auto/league/fl10d0bhrvfrqkjamcgp",2021,REG,DAL,9,0,0,0,0,0,0,0,0,0,0,0,0,,,0,,0,0,0,0,0,0,0,0,0,0,,0,0,0,0,0,0,0,0,0,0,0,0,0,0,,0,0,0,0,0,,0,0,0,0,17,0,12,0,0,0,0,0,1,0,0,1,0,0,0,0,0,0,0,0,0,2,28,0,0,0,0,0,0,0,0,0,0,0,0,0,,,0,0,0,0,0,0,0,0,0,0,0,0,,,,0,0,0,0,0,0,0,,0,0,0,0,,0,0,,0,0,0,0,0,0,0,0,0,0,0,0
00-0035304,C.Gillaspia,Cullen Gillaspia,RB,RB,"https://static.www.nfl.com/image/private/f_auto,q_auto/league/nalegoem45fmncudsllg",2021,REG,NYG,4,0,0,0,0,0,0,0,0,0,0,0,0,,,0,,0,0,0,0,0,0,0,0,0,0,,0,0,0,0,0,0,0,0,0,0,0,0,0,0,,0,0,0,0,0,,0,0,0,0,2,0,2,0,0,0,0,0,0,0,0,0,0,0,0,0,0,0,0,0,0,1,6,0,0,0,0,0,0,0,0,0,0,0,0,0,,,0,0,0,0,0,0,0,0,0,0,0,0,,,,0,0,0,0,0,0,0,,0,0,0,0,,0,0,,0,0,0,0,0,0,0,0,0,0,0,0
00-0035306,D.Johnson,Darryl Johnson,OLB,LB,"https://static.www.nfl.com/image/private/f_auto,q_auto/league/yhmqdkguwvfgpl8jrh6z",2021,REG,CAR,1,0,0,0,0,0,0,0,0,0,0,0,0,,,0,,0,0,0,0,0,0,0,0,0,0,,0,0,0,0,0,0,0,0,0,0,0,0,0,0,,0,0,0,0,0,,0,0,0,0,0,0,1,0,0,0,0,0,0,0,0,0,0,0,0,0,0,0,0,0,0,0,0,0,0,0,0,0,0,0,0,0,0,0,0,0,,,0,0,0,0,0,0,0,0,0,0,0,0,,,,0,0,0,0,0,0,0,,0,0,0,0,,0,0,,0,0,0,0,0,0,0,0,0,0,0,0
00-0035307,J.Moreland,Jimmy Moreland,CB,DB,"https://static.www.nfl.com/image/private/f_auto,q_auto/league/bp7hb6gibhqd0wk7vykg",2021,REG,HOU,2,0,0,0,0,0,0,0,0,0,0,0,0,,,0,,0,0,0,0,0,0,0,0,0,0,,0,0,0,0,0,0,0,0,0,0,0,0,0,0,,0,0,0,0,0,,0,0,0,0,0,0,2,0,0,0,0,0,0,0,0,0,0,0,0,0,0,0,0,0,0,0,0,0,0,0,0,0,0,0,0,0,0,0,0,0,,,0,0,0,0,0,0,0,0,0,0,0,0,,,,0,0,0,0,0,0,0,,0,0,0,0,,0,0,,0,0,0,0,0,0,0,0,0,0,0,0
00-0035308,T.Sweeney,Tommy Sweeney,TE,TE,"https://static.www.nfl.com/image/upload/f_auto,q_auto/league/ixhp102leeriycsx1pkl",2021,REG,BUF,7,0,0,0,0,0,0,0,0,0,0,0,0,,,0,,0,0,0,0,0,0,0,0,0,0,,0,0,0,0,0,9,12,44,1,1,0,69,14,3,-3.79020547436085,0,2,0,0,0,0.63768115942029,0.0192616372391653,0.0128851540616246,0.0379120637018852,0,0,0,0,0,0,0,0,0,0,0,0,0,0,0,0,0,0,0,0,0,0,2,10,1,0,1,1,0,0,0,0,0,0,0,0,0,,,0,0,0,0,0,0,0,0,0,0,0,0,,,,0,0,0,0,0,0,0,,0,0,0,0,,0,0,,0,0,0,0,0,0,0,0,0,0,10.4,19.4
00-0035311,M.Gaskin,Myles Gaskin,RB,RB,"https://static.www.nfl.com/image/upload/f_auto,q_auto/league/dn5kacxm99pb95u8dle1",2021,REG,MIA,17,0,0,0,0,0,0,0,0,0,0,0,0,,,0,,0,0,0,0,173,612,3,2,1,25,-28.6345472207782,0,12,10,2,0,49,63,234,4,0,0,32,250,13,-6.78806696219854,0,7,2,2,0,7.3125,0.105175292153589,0.00715723551778126,0.162773003092831,0,0,0,0,0,0,0,0,0,0,0,0,0,0,0,0,0,1,0,0,0,0,0,0,2,0,0,2,1,0,0,2,29,0,0,0,0,,,0,0,0,0,0,0,0,0,0,0,0,0,,,,0,0,0,0,0,0,0,,0,0,0,0,,0,0,,0,0,0,0,0,0,0,0,0,0,124.6,173.6
00-0035316,K.Elliss,Kaden Elliss,LB,LB,"https://static.www.nfl.com/image/upload/f_auto,q_auto/league/b7jmlakbznkeusvsztgo",2021,REG,NO,9,0,0,0,0,0,0,0,0,0,0,0,0,,,0,,0,0,0,0,0,0,0,0,0,0,,0,0,0,0,0,0,0,0,0,0,0,0,0,0,,0,0,0,0,0,,0,0,0,0,8,1,8,1,3,0,1,3,3,0,0,0,0,0,0,0,0,0,1,0,0,1,4,0,0,0,0,0,0,0,0,0,0,0,0,0,,,0,0,0,0,0,0,0,0,0,0,0,0,,,,0,0,0,0,0,0,0,,0,0,0,0,,0,0,,0,0,0,0,0,0,0,0,0,0,0,0
00-0035327,C.Moore,C.J. Moore,DB,DB,"https://static.www.nfl.com/image/upload/f_auto,q_auto/league/lnna9lfl2zadwrtpkhea",2021,REG,DET,11,0,0,0,0,0,0,0,0,0,0,0,0,,,0,,0,0,0,0,1,28,0,0,0,1,4.78689199872315,0,1,1,1,0,0,0,0,0,0,0,0,0,0,,0,0,0,0,0,,0,0,0,0,11,2,9,0,0,0,0,0,1,1,21,1,0,0,0,0,0,0,0,0,0,0,0,0,0,0,0,0,0,0,0,0,0,0,0,0,,,0,0,0,0,0,0,0,0,0,0,0,0,,,,0,0,0,0,0,0,0,,0,0,0,0,,0,0,,0,0,0,0,0,0,0,0,0,0,2.8,2.8
00-0035328,M.Nelson,Matt Nelson,OT,OL,"https://static.www.nfl.com/image/upload/f_auto,q_auto/league/akzyyzceelnt2nkblgb2",2021,REG,DET,1,0,0,0,0,0,0,0,0,0,0,0,0,,,0,,0,0,0,0,0,0,0,0,0,0,,0,0,0,0,0,0,1,0,0,0,0,6,0,0,-0.592342924210243,0,0,0,0,0,0,0.00176991150442478,0.00158604282315623,0.00376509723284653,0,0,0,0,0,0,0,0,0,0,0,0,0,0,0,0,0,0,0,0,0,0,0,0,0,0,0,0,0,0,0,0,0,0,0,0,0,,,0,0,0,0,0,0,0,0,0,0,0,0,,,,0,0,0,0,0,0,0,,0,0,0,0,,0,0,,0,0,0,0,0,0,0,0,0,0,0,0
00-0035329,D.Parham,Donald Parham,TE,TE,"https://static.www.nfl.com/image/upload/f_auto,q_auto/league/v4ryz7edi35hnbogbqjt",2021,REG,LAC,13,0,0,0,0,0,0,0,0,0,0,0,0,,,0,,0,0,0,0,0,0,0,0,0,0,,0,0,0,0,0,20,27,190,3,0,0,121,138,13,7.14505668891082,1,10,4,1,0,1.5702479338843,0.0409711684370258,0.0238095238095238,0.0781234193222054,0,0,0,0,0,0,0,0,0,0,0,0,0,0,0,0,0,0,0,0,0,0,5,45,0,0,0,0,0,0,0,0,0,0,0,0,0,,,0,0,0,0,0,0,0,0,0,0,0,0,,,,0,0,0,0,0,0,0,,0,0,0,0,,0,0,,0,0,0,0,0,0,0,0,0,0,39,59
00-0035330,A.Pittman,Anthony Pittman,LB,LB,"https://static.www.nfl.com/image/upload/f_auto,q_auto/league/eitmt82nhdoeyeemklmi",2021,REG,DET,7,0,0,0,0,0,0,0,0,0,0,0,0,,,0,,0,0,0,0,0,0,0,0,0,0,,0,0,0,0,0,0,0,0,0,0,0,0,0,0,,0,0,0,0,0,,0,0,0,0,7,2,9,0,0,0,0,0,1,0,0,1,0,0,0,0,0,0,0,0,0,0,0,0,0,0,0,0,0,0,0,0,0,0,0,0,,,0,0,0,0,0,0,0,0,0,0,0,0,,,,0,0,0,0,0,0,0,,0,0,0,0,,0,0,,0,0,0,0,0,0,0,0,0,0,0,0
00-0035334,K.Strong,Kevin Strong,DT,DL,"https://static.www.nfl.com/image/private/f_auto,q_auto/league/ayepxrrynzz6cnxf5xco",2021,REG,TEN,3,0,0,0,0,0,0,0,0,0,0,0,0,,,0,,0,0,0,0,0,0,0,0,0,0,,0,0,0,0,0,0,0,0,0,0,0,0,0,0,,0,0,0,0,0,,0,0,0,0,4,0,2,0,0,0,0,0,0,0,0,0,0,0,0,0,0,0,0,0,0,0,0,0,0,0,0,0,0,0,0,0,0,0,0,0,,,0,0,0,0,0,0,0,0,0,0,0,0,,,,0,0,0,0,0,0,0,,0,0,0,0,,0,0,,0,0,0,0,0,0,0,0,0,0,0,0
00-0035341,T.Irwin,Trenton Irwin,WR,WR,"https://static.www.nfl.com/image/upload/f_auto,q_auto/league/xqipuwaysjsl9xhtqblt",2021,REG,CIN,5,0,0,0,0,0,0,0,0,0,0,0,0,,,0,,0,0,0,0,0,0,0,0,0,0,,0,0,0,0,0,2,5,34,0,0,0,86,5,1,-1.70675897650654,0,1,1,1,0,0.395348837209302,0.00925925925925926,0.0195587900841483,0.0275800419477927,0,0,0,0,0,0,0,0,0,0,0,0,0,0,0,0,0,0,0,0,0,0,0,0,0,0,0,0,0,3,31,0,0,0,0,0,0,,,0,0,0,0,0,0,0,0,0,0,0,0,,,,0,0,0,0,0,0,0,,0,0,0,0,,0,0,,0,0,0,0,0,0,0,0,0,0,3.4,5.4
00-0035342,P.Laird,Patrick Laird,RB,RB,"https://static.www.nfl.com/image/private/f_auto,q_auto/league/lhildzn90os4dmucczjw",2021,REG,MIA,3,0,0,0,0,0,0,0,0,0,0,0,0,,,0,,0,0,0,0,1,4,0,0,0,0,-0.148230464663357,0,0,0,0,0,3,3,17,0,0,0,-3,20,2,2.36972801660886,0,1,0,0,0,-5.66666666666667,0.00500834724540902,-0.000670990829791993,0.00704282728725913,0,0,0,0,0,0,0,0,0,0,0,0,0,0,0,0,0,0,0,0,0,0,0,0,0,0,0,0,0,0,0,0,0,0,0,0,0,,,0,0,0,0,0,0,0,0,0,0,0,0,,,,0,0,0,0,0,0,0,,0,0,0,0,,0,0,,0,0,0,0,0,0,0,0,0,0,2.1,5.1
00-0035343,J.Ledbetter,Jonathan Ledbetter,DE,DL,"https://static.www.nfl.com/image/private/f_auto,q_auto/league/vipmbrcixn2huexfkobd",2021,REG,ARI,1,0,0,0,0,0,0,0,0,0,0,0,0,,,0,,0,0,0,0,0,0,0,0,0,0,,0,0,0,0,0,0,0,0,0,0,0,0,0,0,,0,0,0,0,0,,0,0,0,0,0,0,0,0,0,0,0,0,0,0,0,0,0,0,0,0,0,0,0,0,0,1,15,0,0,0,0,0,0,0,0,0,0,0,0,0,,,0,0,0,0,0,0,0,0,0,0,0,0,,,,0,0,0,0,0,0,0,,0,0,0,0,,0,0,,0,0,0,0,0,0,0,0,0,0,0,0
00-0035345,C.Myarick,Chris Myarick,TE,TE,"https://static.www.nfl.com/image/upload/f_auto,q_auto/league/zyedrh1lvylrutfof4ld",2021,REG,NYG,4,0,0,0,0,0,0,0,0,0,0,0,0,,,0,,0,0,0,0,0,0,0,0,0,0,,0,0,0,0,0,3,6,17,1,0,0,13,8,2,-4.33840865606908,0,1,0,0,0,1.30769230769231,0.0106382978723404,0.00297960119184048,0.018043167642799,0,0,0,0,0,0,0,0,0,0,0,0,0,0,0,0,0,0,0,0,0,0,0,0,0,0,0,0,0,0,0,0,0,0,0,0,0,,,0,0,0,0,0,0,0,0,0,0,0,0,,,,0,0,0,0,0,0,0,,0,0,0,0,,0,0,,0,0,0,0,0,0,0,0,0,0,7.7,10.7
00-0035346,N.Needham,Nik Needham,DB,DB,"https://static.www.nfl.com/image/upload/f_auto,q_auto/league/ighdnxkcrnsue00m74ay",2021,REG,MIA,15,0,0,0,0,0,0,0,0,0,0,0,0,,,0,,0,0,0,0,0,0,0,0,0,0,,0,0,0,0,0,0,0,0,0,0,0,0,0,0,,0,0,0,0,0,,0,0,0,0,42,6,11,1,10,0,1,10,2,2,28,5,1,0,0,0,0,0,1,0,0,1,8,0,0,0,0,0,0,0,0,0,0,0,0,0,,,0,0,0,0,0,0,0,0,0,0,0,0,,,,0,0,0,0,0,0,0,,0,0,0,0,,0,0,,0,0,0,0,0,0,0,0,0,0,0,0
00-0035350,P.Williams,Preston Williams,WR,WR,"https://static.www.nfl.com/image/private/f_auto,q_auto/league/ycedbmymomppxkrh6gcc",2021,REG,MIA,6,0,0,0,0,0,0,0,0,0,0,0,0,,,0,,0,0,0,0,1,7,0,0,0,0,0.392152484739199,0,0,0,0,0,6,16,71,0,0,0,137,38,3,-5.44381647120802,0,2,2,2,0,0.518248175182482,0.0267111853088481,0.030641914560501,0.0615161181556228,0,0,0,0,0,0,0,0,0,0,0,0,0,0,0,0,0,0,0,0,0,0,0,0,0,0,0,0,0,0,0,0,0,0,0,0,0,,,0,0,0,0,0,0,0,0,0,0,0,0,,,,0,0,0,0,0,0,0,,0,0,0,0,,0,0,,0,0,0,0,0,0,0,0,0,0,7.8,13.8
00-0035352,T.Dodson,Tyrel Dodson,LB,LB,"https://static.www.nfl.com/image/upload/f_auto,q_auto/league/ssfyc6yarlegh112xeoa",2021,REG,BUF,8,0,0,0,0,0,0,0,0,0,0,0,0,,,0,,0,0,0,0,0,0,0,0,0,0,,0,0,0,0,0,0,0,0,0,0,0,0,0,0,,0,0,0,0,0,,0,0,0,0,7,3,5,0,0,0,0,0,0,0,0,0,0,0,0,0,0,0,0,0,0,3,25,0,0,0,0,0,0,0,0,0,0,0,0,0,,,0,0,0,0,0,0,0,0,0,0,0,0,,,,0,0,0,0,0,0,0,,0,0,0,0,,0,0,,0,0,0,0,0,0,0,0,0,0,0,0
00-0035355,B.Hance,Blake Hance,OL,OL,"https://static.www.nfl.com/image/upload/f_auto,q_auto/league/hdxdmuvnrlz3tykblysu",2021,REG,CLE,2,0,0,0,0,0,0,0,0,0,0,0,0,,,0,,0,0,0,0,0,0,0,0,0,0,,0,0,0,0,0,0,0,0,0,0,0,0,0,0,,0,0,0,0,0,,0,0,0,0,0,0,0,0,0,0,0,0,0,0,0,0,0,0,0,0,0,0,0,0,0,2,17,0,0,0,0,0,0,0,0,0,0,0,0,0,,,0,0,0,0,0,0,0,0,0,0,0,0,,,,0,0,0,0,0,0,0,,0,0,0,0,,0,0,,0,0,0,0,0,0,0,0,0,0,0,0
00-0035356,T.Jackson,Tyree Jackson,TE,TE,"https://static.www.nfl.com/image/upload/f_auto,q_auto/league/wqy8qk8uznsw4mn206rv",2021,REG,PHI,3,0,0,0,0,0,0,0,0,0,0,0,0,,,0,,0,0,0,0,0,0,0,0,0,0,,0,0,0,0,0,3,7,22,1,0,0,69,7,2,0.269519538793247,0,1,0,0,0,0.318840579710145,0.014957264957265,0.0163120567375887,0.0338543371522095,0,0,0,0,0,0,0,0,0,0,0,0,0,0,0,0,0,0,0,0,0,0,0,0,0,0,0,0,0,0,0,0,0,0,0,0,0,,,0,0,0,0,0,0,0,0,0,0,0,0,,,,0,0,0,0,0,0,0,,0,0,0,0,,0,0,,0,0,0,0,0,0,0,0,0,0,8.2,11.2
00-0035357,C.Lewis,Cam Lewis,CB,DB,"https://static.www.nfl.com/image/upload/f_auto,q_auto/league/zjktx8s1xlcacohcfimq",2021,REG,BUF,4,0,0,0,0,0,0,0,0,0,0,0,0,,,0,,0,0,0,0,0,0,0,0,0,0,,0,0,0,0,0,0,0,0,0,0,0,0,0,0,,0,0,0,0,0,,0,0,0,0,3,0,4,1,1,1,0,0,0,0,0,1,0,0,0,0,0,0,0,0,0,1,15,0,0,0,0,0,0,0,0,0,0,0,0,0,,,0,0,0,0,0,0,0,0,0,0,0,0,,,,0,0,0,0,0,0,0,,0,0,0,0,,0,0,,0,0,0,0,0,0,0,0,0,0,0,0
00-0035358,C.McLaughlin,Chase McLaughlin,K,SPEC,"https://static.www.nfl.com/image/upload/f_auto,q_auto/league/vwefhtevyn2qxauchan5",2021,REG,CLE,16,0,0,0,0,0,0,0,0,0,0,0,0,,,0,,0,0,0,0,0,0,0,0,0,0,,0,0,0,0,0,0,0,0,0,0,0,0,0,0,,0,0,0,0,0,,0,0,0,0,0,0,0,0,0,0,0,0,0,0,0,0,0,0,0,0,0,0,0,0,0,0,0,0,0,0,0,0,0,0,0,0,15,21,5,1,57,0.714285714285714,0,3,4,4,4,0,0,0,0,5,0,0,30;57;41;52;28;48;53;35;31;52;30;28;24;46;43,45;46;46;41;47,41,598,225,41,36,37,0,1,0.972972972972973,0,0,0,0,,0,0,,0,0,0,0,0,0,0,0,0,0,0,0
00-0035359,D.Sills,David Sills,WR,WR,"https://static.www.nfl.com/image/upload/f_auto,q_auto/league/b0vacwlg3vcau2vzg3ry",2021,REG,NYG,4,0,0,0,0,0,0,0,0,0,0,0,0,,,0,,0,0,0,0,0,0,0,0,0,0,,0,0,0,0,0,2,6,17,0,0,0,58,2,1,-2.95435114038992,0,1,0,0,0,0.293103448275862,0.0106382978723404,0.0132936053174421,0.0252629705307201,0,0,0,0,0,0,0,0,0,0,0,0,0,0,0,0,0,0,0,0,0,0,0,0,0,0,0,0,0,0,0,0,0,0,0,0,0,,,0,0,0,0,0,0,0,0,0,0,0,0,,,,0,0,0,0,0,0,0,,0,0,0,0,,0,0,,0,0,0,0,0,0,0,0,0,0,1.7,3.7
00-0035363,J.Giles-Harris,Joe Giles-Harris,LB,LB,"https://static.www.nfl.com/image/upload/f_auto,q_auto/league/eh3338umczzrrmolwpur",2021,REG,BUF,1,0,0,0,0,0,0,0,0,0,0,0,0,,,0,,0,0,0,0,0,0,0,0,0,0,,0,0,0,0,0,0,0,0,0,0,0,0,0,0,,0,0,0,0,0,,0,0,0,0,1,0,1,0,0,0,0,0,0,0,0,0,0,0,0,0,0,0,0,0,0,0,0,0,0,0,0,0,0,0,0,0,0,0,0,0,,,0,0,0,0,0,0,0,0,0,0,0,0,,,,0,0,0,0,0,0,0,,0,0,0,0,,0,0,,0,0,0,0,0,0,0,0,0,0,0,0
00-0035370,S.Smith,Saivion Smith,S,DB,"https://static.www.nfl.com/image/private/f_auto,q_auto/league/lku9kojjmugrrkijujqr",2021,REG,DET,1,0,0,0,0,0,0,0,0,0,0,0,0,,,0,,0,0,0,0,0,0,0,0,0,0,,0,0,0,0,0,0,0,0,0,0,0,0,0,0,,0,0,0,0,0,,0,0,0,0,1,0,0,0,0,0,0,0,0,0,0,0,0,0,0,0,0,0,0,0,0,1,5,0,0,0,0,0,0,0,0,0,0,0,0,0,,,0,0,0,0,0,0,0,0,0,0,0,0,,,,0,0,0,0,0,0,0,,0,0,0,0,,0,0,,0,0,0,0,0,0,0,0,0,0,0,0
00-0035373,C.Strachan,Connor Strachan,LB,LB,"https://static.www.nfl.com/image/private/f_auto,q_auto/league/d1rsygdspvaoobwgdiw9",2021,REG,HOU,2,0,0,0,0,0,0,0,0,0,0,0,0,,,0,,0,0,0,0,0,0,0,0,0,0,,0,0,0,0,0,0,0,0,0,0,0,0,0,0,,0,0,0,0,0,,0,0,0,0,0,0,3,0,0,0,0,0,0,0,0,0,0,0,0,0,0,0,0,0,0,2,15,0,0,0,0,0,0,0,0,0,0,0,0,0,,,0,0,0,0,0,0,0,0,0,0,0,0,,,,0,0,0,0,0,0,0,,0,0,0,0,,0,0,,0,0,0,0,0,0,0,0,0,0,0,0
00-0035375,B.Rusnak,Brandon Rusnak,DB,DB,"https://static.www.nfl.com/image/private/f_auto,q_auto/league/ybueg5sv7fkjpkvj7ti6",2021,REG,JAX,1,0,0,0,0,0,0,0,0,0,0,0,0,,,0,,0,0,0,0,0,0,0,0,0,0,,0,0,0,0,0,0,0,0,0,0,0,0,0,0,,0,0,0,0,0,,0,0,0,0,1,0,0,0,0,0,0,0,0,0,0,0,0,0,0,0,0,0,0,0,0,0,0,0,0,0,0,0,0,0,0,0,0,0,0,0,,,0,0,0,0,0,0,0,0,0,0,0,0,,,,0,0,0,0,0,0,0,,0,0,0,0,,0,0,,0,0,0,0,0,0,0,0,0,0,0,0
00-0035378,A.Wingard,Andrew Wingard,SAF,DB,"https://static.www.nfl.com/image/upload/f_auto,q_auto/league/vumoaka528nab6au7caj",2021,REG,JAX,15,0,0,0,0,0,0,0,0,0,0,0,0,,,0,,0,0,0,0,1,4,0,0,0,1,2.79573964513838,0,0,0,0,0,0,0,0,0,0,0,0,0,0,,0,0,0,0,0,,0,0,0,0,54,3,31,2,2,0,1,1,1,1,23,1,0,0,0,0,0,0,0,0,0,2,30,0,0,0,0,0,0,0,0,0,0,0,0,0,,,0,0,0,0,0,0,0,0,0,0,0,0,,,,0,0,0,0,0,0,0,,0,0,0,0,,0,0,,0,0,0,0,0,0,0,0,0,0,0.4,0.4
00-0035382,R.Bates,Ryan Bates,OT,OL,"https://static.www.nfl.com/image/upload/f_auto,q_auto/league/tgbklfctfspy8vaps9he",2021,REG,BUF,1,0,0,0,0,0,0,0,0,0,0,0,0,,,0,,0,0,0,0,0,0,0,0,0,0,,0,0,0,0,0,0,0,0,0,0,0,0,0,0,,0,0,0,0,0,,0,0,0,0,0,0,0,0,0,0,0,0,0,0,0,0,0,0,0,0,0,0,0,0,0,1,15,0,0,0,0,0,0,0,0,0,0,0,0,0,,,0,0,0,0,0,0,0,0,0,0,0,0,,,,0,0,0,0,0,0,0,,0,0,0,0,,0,0,,0,0,0,0,0,0,0,0,0,0,0,0
00-0035383,N.Herbig,Nate Herbig,G,OL,"https://static.www.nfl.com/image/upload/f_auto,q_auto/league/q8eyvt37nkna4zswusgo",2021,REG,PHI,5,0,0,0,0,0,0,0,0,0,0,0,0,,,0,,0,0,0,0,0,0,0,0,0,0,,0,0,0,0,0,0,0,0,0,0,0,0,0,0,,0,0,0,0,0,,0,0,0,0,0,0,0,0,0,0,0,0,0,0,0,0,0,0,0,0,1,-24,0,0,0,3,24,0,2,0,2,0,0,0,0,0,0,0,0,0,,,0,0,0,0,0,0,0,0,0,0,0,0,,,,0,0,0,0,0,0,0,,0,0,0,0,,0,0,,0,0,0,0,0,0,0,0,0,0,0,0
00-0035384,I.Opeta,Sua Opeta,G,OL,"https://static.www.nfl.com/image/upload/f_auto,q_auto/league/wcymlec6ziqsdudjza8k",2021,REG,PHI,1,0,0,0,0,0,0,0,0,0,0,0,0,,,0,,0,0,0,0,0,0,0,0,0,0,,0,0,0,0,0,0,0,0,0,0,0,0,0,0,,0,0,0,0,0,,0,0,0,0,0,0,0,0,0,0,0,0,0,0,0,0,0,0,0,0,0,0,0,0,0,1,10,0,0,0,0,0,0,0,0,0,0,0,0,0,,,0,0,0,0,0,0,0,0,0,0,0,0,,,,0,0,0,0,0,0,0,,0,0,0,0,,0,0,,0,0,0,0,0,0,0,0,0,0,0,0
00-0035386,T.Edwards,T.J. Edwards,LB,LB,"https://static.www.nfl.com/image/upload/f_auto,q_auto/league/tqu3uz4nzkcq4crcepj3",2021,REG,PHI,16,0,0,0,0,0,0,0,0,0,0,0,0,,,0,,0,0,0,0,0,0,0,0,0,0,,0,0,0,0,0,0,0,0,0,0,0,0,0,0,,0,0,0,0,0,,0,0,0,0,59,5,66,5,8,0,1,3,2,1,1,5,0,0,0,0,0,0,1,0,0,0,0,0,0,0,0,0,0,0,0,0,0,0,0,0,,,0,0,0,0,0,0,0,0,0,0,0,0,,,,0,0,0,0,0,0,0,,0,0,0,0,,0,0,,0,0,0,0,0,0,0,0,0,0,0,0
00-0035390,A.Rush,Anthony Rush,NT,DL,"https://static.www.nfl.com/image/private/f_auto,q_auto/league/gzp89ixndmimaowwzbtp",2021,REG,ATL,8,0,0,0,0,0,0,0,0,0,0,0,0,,,0,,0,0,0,0,0,0,0,0,0,0,,0,0,0,0,0,0,0,0,0,0,0,0,0,0,,0,0,0,0,0,,0,0,0,0,9,1,9,1,1,1,0,0,1,0,0,0,0,0,0,0,0,0,0,0,0,2,10,0,0,0,0,0,0,0,0,0,0,0,0,0,,,0,0,0,0,0,0,0,0,0,0,0,0,,,,0,0,0,0,0,0,0,,0,0,0,0,,0,0,,0,0,0,0,0,0,0,0,0,0,0,0
00-0035393,A.Chesley,Anthony Chesley,CB,DB,"https://static.www.nfl.com/image/private/f_auto,q_auto/league/in4fm05omsc5glrezjnj",2021,REG,IND,4,0,0,0,0,0,0,0,0,0,0,0,0,,,0,,0,0,0,0,0,0,0,0,0,0,,0,0,0,0,0,0,0,0,0,0,0,0,0,0,,0,0,0,0,0,,0,0,0,0,6,0,0,0,0,0,0,0,0,0,0,0,0,0,0,0,0,0,1,0,0,0,0,0,0,0,0,0,0,0,0,0,0,0,0,0,,,0,0,0,0,0,0,0,0,0,0,0,0,,,,0,0,0,0,0,0,0,,0,0,0,0,,0,0,,0,0,0,0,0,0,0,0,0,0,0,0
00-0035399,S.Morgan,Stanley Morgan,WR,WR,"https://static.www.nfl.com/image/upload/f_auto,q_auto/league/wxgibmduh5kodwlvbgct",2021,REG,CIN,11,0,0,0,0,0,0,0,0,0,0,0,0,,,0,,0,0,0,0,1,3,0,0,0,0,-0.171901097288355,0,0,0,0,0,2,4,11,0,0,0,32,20,0,-1.18376858928241,0,0,0,0,0,0.34375,0.00740740740740741,0.00727768933363657,0.0162054936446567,0,8,0,3,0,0,0,0,0,0,0,0,0,0,0,0,0,0,0,0,0,0,1,15,0,0,0,0,0,0,0,2,22,0,0,0,0,,,0,0,0,0,0,0,0,0,0,0,0,0,,,,0,0,0,0,0,0,0,,0,0,0,0,,0,0,,0,0,0,0,0,0,0,0,0,0,1.4,3.4
00-0035402,C.Granderson,Carl Granderson,DE,DL,"https://static.www.nfl.com/image/upload/f_auto,q_auto/league/qubwfcjeareypbdlvwnb",2021,REG,NO,14,0,0,0,0,0,0,0,0,0,0,0,0,,,0,,0,0,0,0,0,0,0,0,0,0,,0,0,0,0,0,0,0,0,0,0,0,0,0,0,,0,0,0,0,0,,0,0,0,0,10,1,14,5,39,0,3,29,8,0,0,0,0,0,0,0,0,0,0,0,0,2,20,0,0,0,0,0,0,0,0,0,0,0,0,0,,,0,0,0,0,0,0,0,0,0,0,0,0,,,,0,0,0,0,0,0,0,,0,0,0,0,,0,0,,0,0,0,0,0,0,0,0,0,0,0,0
00-0035404,P.Gustin,Porter Gustin,LB,LB,"https://static.www.nfl.com/image/private/f_auto,q_auto/league/jsfwgcqjqczgm0vqqjan",2021,REG,CLE,5,0,0,0,0,0,0,0,0,0,0,0,0,,,0,,0,0,0,0,0,0,0,0,0,0,,0,0,0,0,0,0,0,0,0,0,0,0,0,0,,0,0,0,0,0,,0,0,0,0,4,2,3,0,0,0,0,0,0,0,0,0,0,0,0,0,0,0,1,0,0,0,0,0,0,0,0,0,0,0,0,0,0,0,0,0,,,0,0,0,0,0,0,0,0,0,0,0,0,,,,0,0,0,0,0,0,0,,0,0,0,0,,0,0,,0,0,0,0,0,0,0,0,0,0,0,0
00-0035406,L.Humphrey,Lil'Jordan Humphrey,WR,WR,"https://static.www.nfl.com/image/upload/f_auto,q_auto/league/otxrvkflhixz9akhmfqq",2021,REG,NO,8,0,0,0,0,0,0,0,0,0,0,0,0,,,0,,0,0,0,0,0,0,0,0,0,0,,0,0,0,0,0,13,18,249,2,0,0,192,101,9,4.85606674566236,0,8,7,6,1,1.296875,0.0379746835443038,0.0512683578104139,0.0928498757837454,0,1,0,0,0,0,0,0,0,0,0,0,0,0,0,0,0,0,0,0,0,0,1,5,0,0,0,0,0,0,0,0,0,0,0,0,0,,,0,0,0,0,0,0,0,0,0,0,0,0,,,,0,0,0,0,0,0,0,,0,0,0,0,,0,0,,0,0,0,0,0,0,0,0,0,0,36.9,49.9
00-0035407,D.Kelly,Derrick Kelly,OT,OL,"https://static.www.nfl.com/image/private/f_auto,q_auto/league/p34ijrberb65buc9m0xs",2021,REG,NYG,1,0,0,0,0,0,0,0,0,0,0,0,0,,,0,,0,0,0,0,0,0,0,0,0,0,,0,0,0,0,0,0,0,0,0,0,0,0,0,0,,0,0,0,0,0,,0,0,0,0,0,0,0,0,0,0,0,0,0,0,0,0,0,0,0,0,0,0,0,0,0,1,1,0,0,0,0,0,0,0,0,0,0,0,0,0,,,0,0,0,0,0,0,0,0,0,0,0,0,,,,0,0,0,0,0,0,0,,0,0,0,0,,0,0,,0,0,0,0,0,0,0,0,0,0,0,0
00-0035408,N.Moore,Nick Moore,LS,SPEC,"https://static.www.nfl.com/image/upload/f_auto,q_auto/league/gxej703nnul1cl94qn04",2021,REG,BAL,5,0,0,0,0,0,0,0,0,0,0,0,0,,,0,,0,0,0,0,0,0,0,0,0,0,,0,0,0,0,0,0,0,0,0,0,0,0,0,0,,0,0,0,0,0,,0,0,0,0,3,1,0,0,0,0,0,0,0,0,0,0,0,0,0,0,0,0,0,0,0,2,15,0,0,0,0,0,0,0,0,0,0,0,0,0,,,0,0,0,0,0,0,0,0,0,0,0,0,,,,0,0,0,0,0,0,0,,0,0,0,0,,0,0,,0,0,0,0,0,0,0,0,0,0,0,0
00-0035409,S.Tuttle,Shy Tuttle,DT,DL,"https://static.www.nfl.com/image/upload/f_auto,q_auto/league/dbtt4xlpqoytpgiswgal",2021,REG,NO,17,0,0,0,0,0,0,0,0,0,0,0,0,,,0,,0,0,0,0,0,0,0,0,0,0,,0,0,0,0,0,0,0,0,0,0,0,0,0,0,,0,0,0,0,0,,0,0,0,0,16,1,31,2,6,1,0,0,1,0,0,3,0,0,0,0,0,0,1,0,0,0,0,0,0,0,0,0,0,0,0,0,0,0,0,0,,,0,0,0,0,0,0,0,0,0,0,0,0,,,,0,0,0,0,0,0,0,,0,0,0,0,,0,0,,0,0,0,0,0,0,0,0,0,0,0,0
00-0035412,A.Dowell,Andrew Dowell,LB,LB,"https://static.www.nfl.com/image/private/f_auto,q_auto/league/t6c88stenutb2il1zeor",2021,REG,NO,9,0,0,0,0,0,0,0,0,0,0,0,0,,,0,,0,0,0,0,0,0,0,0,0,0,,0,0,0,0,0,0,0,0,0,0,0,0,0,0,,0,0,0,0,0,,0,0,0,0,7,2,6,0,0,0,0,0,0,0,0,0,0,0,0,0,0,0,0,0,0,1,10,0,0,0,0,0,0,0,0,0,0,0,0,0,,,0,0,0,0,0,0,0,0,0,0,0,0,,,,0,0,0,0,0,0,0,,0,0,0,0,,0,0,,0,0,0,0,0,0,0,0,0,0,0,0
00-0035413,L.Gifford,Luke Gifford,LB,LB,"https://static.www.nfl.com/image/upload/f_auto,q_auto/league/zuskjpnniq2xwnao6tuk",2021,REG,DAL,8,0,0,0,0,0,0,0,0,0,0,0,0,,,0,,0,0,0,0,0,0,0,0,0,0,,0,0,0,0,0,0,0,0,0,0,0,0,0,0,,0,0,0,0,0,,0,0,0,0,6,2,3,1,4,0,0,0,0,0,0,0,0,0,0,5,0,0,0,0,0,1,6,0,0,0,0,0,0,0,0,0,0,0,0,0,,,0,0,0,0,0,0,0,0,0,0,0,0,,,,0,0,0,0,0,0,0,,0,0,0,0,,0,0,,0,0,0,0,0,0,0,0,0,0,0,0
00-0035414,J.Guyton,Jalen Guyton,WR,WR,"https://static.www.nfl.com/image/upload/f_auto,q_auto/league/a6j9njysh2lwdjblxvxw",2021,REG,LAC,16,0,0,0,0,0,0,0,0,0,0,0,0,,,0,,0,0,0,0,7,34,0,1,0,2,-0.975845007225871,0,1,1,1,0,31,48,448,3,0,0,503,149,21,26.9911352899799,0,18,11,5,2,0.89065606361829,0.0728376327769348,0.0989767807949626,0.178540195721876,0,0,0,0,0,0,0,0,0,0,0,0,0,0,0,0,0,1,0,0,0,0,2,15,1,0,0,1,0,0,0,2,32,0,0,0,0,,,0,0,0,0,0,0,0,0,0,0,0,0,,,,0,0,0,0,0,0,0,,0,0,0,0,,0,0,,0,0,0,0,0,0,0,0,0,0,66.2,97.2
00-0035422,C.Westry,Chris Westry,CB,DB,"https://static.www.nfl.com/image/private/f_auto,q_auto/league/iqfuy2ts0tq9uef9zmkq",2021,REG,BAL,5,0,0,0,0,0,0,0,0,0,0,0,0,,,0,,0,0,0,0,0,0,0,0,0,0,,0,0,0,0,0,0,0,0,0,0,0,0,0,0,,0,0,0,0,0,,0,0,0,0,16,1,0,1,2,0,0,0,0,0,0,3,0,0,0,0,0,0,0,0,0,1,30,0,0,0,0,0,0,0,0,0,0,0,0,0,,,0,0,0,0,0,0,0,0,0,0,0,0,,,,0,0,0,0,0,0,0,,0,0,0,0,,0,0,,0,0,0,0,0,0,0,0,0,0,0,0
00-0035423,D.Wise,Daniel Wise,DT,DL,"https://static.www.nfl.com/image/private/f_auto,q_auto/league/detu2rnql7lpxcme3dzb",2021,REG,WAS,3,0,0,0,0,0,0,0,0,0,0,0,0,,,0,,0,0,0,0,0,0,0,0,0,0,,0,0,0,0,0,0,0,0,0,0,0,0,0,0,,0,0,0,0,0,,0,0,0,0,5,0,5,1,2,0,0,0,1,0,0,0,0,0,0,0,0,0,0,0,0,0,0,0,0,0,0,0,0,0,0,0,0,0,0,0,,,0,0,0,0,0,0,0,0,0,0,0,0,,,,0,0,0,0,0,0,0,,0,0,0,0,,0,0,,0,0,0,0,0,0,0,0,0,0,0,0
00-0035428,D.Helm,Daniel Helm,TE,TE,"https://static.www.nfl.com/image/private/f_auto,q_auto/league/aevwno51rzt28qzgkm3v",2021,REG,LV,3,0,0,0,0,0,0,0,0,0,0,0,0,,,0,,0,0,0,0,0,0,0,0,0,0,,0,0,0,0,0,1,2,-1,0,0,0,1,2,0,-2.30164319413462,0,0,0,0,0,-1,0.0033167495854063,0.000195503421309873,0.00511197677302636,0,1,0,0,0,0,0,0,0,0,0,0,0,0,0,0,0,0,0,0,0,0,1,10,0,0,0,0,0,0,0,0,0,0,0,0,0,,,0,0,0,0,0,0,0,0,0,0,0,0,,,,0,0,0,0,0,0,0,,0,0,0,0,,0,0,,0,0,0,0,0,0,0,0,0,0,-0.1,0.9
00-0035432,J.Moore,Jason Moore,WR,WR,"https://static.www.nfl.com/image/private/f_auto,q_auto/league/gbbc1ckeorj74mpfvstq",2021,REG,LAC,1,0,0,0,0,0,0,0,0,0,0,0,0,,,0,,0,0,0,0,0,0,0,0,0,0,,0,0,0,0,0,3,4,56,0,0,0,60,26,3,2.60149277577875,0,3,3,1,0,0.933333333333333,0.00606980273141123,0.0118063754427391,0.0173691669070342,0,0,0,0,0,0,0,0,0,0,0,0,0,0,0,0,0,0,0,0,0,0,0,0,0,0,0,0,0,0,0,0,0,0,0,0,0,,,0,0,0,0,0,0,0,0,0,0,0,0,,,,0,0,0,0,0,0,0,,0,0,0,0,,0,0,,0,0,0,0,0,0,0,0,0,0,5.6,8.6
00-0035437,R.Teamer,Roderic Teamer,DB,DB,"https://static.www.nfl.com/image/private/f_auto,q_auto/league/sma7cwull7agg0gjk7dh",2021,REG,LV,8,0,0,0,0,0,0,0,0,0,0,0,0,,,0,,0,0,0,0,0,0,0,0,0,0,,0,0,0,0,0,0,0,0,0,0,0,0,0,0,,0,0,0,0,0,,0,0,0,0,9,4,5,0,0,0,0,0,0,0,0,1,0,0,0,0,0,0,0,0,0,2,14,0,0,0,0,0,0,0,0,0,0,0,0,0,,,0,0,0,0,0,0,0,0,0,0,0,0,,,,0,0,0,0,0,0,0,,0,0,0,0,,0,0,,0,0,0,0,0,0,0,0,0,0,0,0
00-0035444,J.Kunaszyk,Jordan Kunaszyk,ILB,LB,"https://static.www.nfl.com/image/upload/f_auto,q_auto/league/czsdahph9mq2irzdrrpl",2021,REG,WAS,3,0,0,0,0,0,0,0,0,0,0,0,0,,,0,,0,0,0,0,0,0,0,0,0,0,,0,0,0,0,0,0,0,0,0,0,0,0,0,0,,0,0,0,0,0,,0,0,0,0,3,0,1,0,0,0,0,0,0,0,0,0,0,0,0,0,0,0,0,0,0,0,0,0,0,0,0,0,0,0,0,0,0,0,0,0,,,0,0,0,0,0,0,0,0,0,0,0,0,,,,0,0,0,0,0,0,0,,0,0,0,0,,0,0,,0,0,0,0,0,0,0,0,0,0,0,0
00-0035448,D.Crockett,Damarea Crockett,RB,RB,"https://static.www.nfl.com/image/private/f_auto,q_auto/league/bhihbxc1ert3qwrlyx7t",2021,REG,DEN,1,0,0,0,0,0,0,0,0,0,0,0,0,,,0,,0,0,0,0,3,7,0,0,0,0,-0.893433087565147,0,0,0,0,0,0,0,0,0,0,0,0,0,0,,0,0,0,0,0,,0,0,0,0,0,0,0,0,0,0,0,0,0,0,0,0,0,0,0,0,0,0,0,0,0,0,0,0,0,0,0,0,0,0,0,0,0,0,0,0,,,0,0,0,0,0,0,0,0,0,0,0,0,,,,0,0,0,0,0,0,0,,0,0,0,0,,0,0,,0,0,0,0,0,0,0,0,0,0,0.7,0.7
00-0035455,A.Huggins,Albert Huggins,DT,DL,"https://static.www.nfl.com/image/private/f_auto,q_auto/league/hbbanpqrzp03f4dagsxq",2021,REG,NO,9,0,0,0,0,0,0,0,0,0,0,0,0,,,0,,0,0,0,0,0,0,0,0,0,0,,0,0,0,0,0,0,0,0,0,0,0,0,0,0,,0,0,0,0,0,,0,0,0,0,3,0,13,0,0,0,0,0,2,0,0,0,0,0,0,0,0,0,0,0,0,0,0,0,0,0,0,0,0,0,0,0,0,0,0,0,,,0,0,0,0,0,0,0,0,0,0,0,0,,,,0,0,0,0,0,0,0,,0,0,0,0,,0,0,,0,0,0,0,0,0,0,0,0,0,0,0
00-0035457,T.Johnson,Tyron Johnson,WR,WR,"https://static.www.nfl.com/image/private/f_auto,q_auto/league/vrm7fxgx1p0cdabbo7ce",2021,REG,LV,7,0,0,0,0,0,0,0,0,0,0,0,0,,,0,,0,0,0,0,0,0,0,0,0,0,,0,0,0,0,0,2,5,16,0,0,0,102,9,1,-3.63568509853212,0,1,0,0,0,0.156862745098039,0.00857632933104631,0.0214060860440714,0.0278487542274194,0,2,0,0,0,0,1,0,0,0,0,0,0,0,0,0,0,0,0,0,0,0,2,15,0,0,0,0,0,0,0,8,156,0,0,0,0,,,0,0,0,0,0,0,0,0,0,0,0,0,,,,0,0,0,0,0,0,0,,0,0,0,0,,0,0,,0,0,0,0,0,0,0,0,0,0,1.6,3.6
00-0035480,M.Taylor,Malik Taylor,WR,WR,"https://static.www.nfl.com/image/private/f_auto,q_auto/league/aupsoxtxtpv4fmgs4ttp",2021,REG,GB,7,0,0,0,0,0,0,0,0,0,0,0,0,,,0,,0,0,0,0,0,0,0,0,0,0,,0,0,0,0,0,2,3,14,0,0,0,30,8,1,-0.429488723311806,0,0,0,0,0,0.466666666666667,0.00526315789473684,0.00655307994757536,0.012481892805408,0,0,1,1,0,0,0,0,0,0,0,0,0,0,1,0,0,0,0,0,0,0,1,10,0,1,0,1,1,1,0,5,97,0,0,0,0,,,0,0,0,0,0,0,0,0,0,0,0,0,,,,0,0,0,0,0,0,0,,0,0,0,0,,0,0,,0,0,0,0,0,0,0,0,0,0,1.4,3.4
00-0035500,G.Dortch,Greg Dortch,WR,WR,"https://static.www.nfl.com/image/upload/f_auto,q_auto/league/jt4lbkjxkkrw3f644sft",2021,REG,ARI,5,0,0,0,0,0,0,0,0,0,0,0,0,,,0,,0,0,0,0,1,24,0,0,0,1,1.46592770959251,0,1,1,1,0,3,3,15,0,0,0,-16,31,0,-0.338791366841178,0,1,0,0,0,0,0.00526315789473684,-0.00361581920903955,0.00536366339577758,0,1,0,0,0,0,0,0,0,0,0,0,0,0,0,0,0,0,0,0,0,0,1,9,0,0,0,0,0,3,24,4,79,0,0,0,0,,,0,0,0,0,0,0,0,0,0,0,0,0,,,,0,0,0,0,0,0,0,,0,0,0,0,,0,0,,0,0,0,0,0,0,0,0,0,0,3.9,6.9
00-0035507,K.Phillips,Kyle Phillips,DE,DL,"https://static.www.nfl.com/image/upload/f_auto,q_auto/league/hnwwpniwsysazqufuzmd",2021,REG,NYJ,6,0,0,0,0,0,0,0,0,0,0,0,0,,,0,,0,0,0,0,0,0,0,0,0,0,,0,0,0,0,0,0,0,0,0,0,0,0,0,0,,0,0,0,0,0,,0,0,0,0,5,1,9,1,9,0,1,9,3,0,0,0,0,0,0,0,0,0,0,0,0,0,0,0,0,0,0,0,0,0,0,0,0,0,0,0,,,0,0,0,0,0,0,0,0,0,0,0,0,,,,0,0,0,0,0,0,0,,0,0,0,0,,0,0,,0,0,0,0,0,0,0,0,0,0,0,0
00-0035510,J.Smith,Jeff Smith,WR,WR,"https://static.www.nfl.com/image/upload/f_auto,q_auto/league/nrlg2m2ohbrp0duq1g3b",2021,REG,NYJ,9,0,0,0,0,0,0,0,0,0,0,0,0,,,0,,0,0,0,0,1,-1,0,0,0,0,-0.928618132718839,0,0,0,0,0,8,17,113,0,0,0,192,15,6,5.47714977477117,0,7,1,1,0,0.588541666666667,0.0292598967297762,0.044148080018395,0.0747935011075409,0,1,0,0,0,0,0,0,0,0,0,0,0,0,0,0,0,0,0,0,0,0,0,0,0,0,0,0,0,0,0,0,0,0,0,0,0,,,0,0,0,0,0,0,0,0,0,0,0,0,,,,0,0,0,0,0,0,0,,0,0,0,0,,0,0,,0,0,0,0,0,0,0,0,0,0,11.2,19.2
00-0035513,A.Bledsoe,Amani Bledsoe,DE,DL,"https://static.www.nfl.com/image/private/f_auto,q_auto/league/dqjxmdk8lo8td1ppi08n",2021,REG,TEN,2,0,0,0,0,0,0,0,0,0,0,0,0,,,0,,0,0,0,0,0,0,0,0,0,0,,0,0,0,0,0,0,0,0,0,0,0,0,0,0,,0,0,0,0,0,,0,0,0,0,1,0,0,0,0,0,0,0,0,0,0,1,0,0,0,0,0,0,0,0,0,0,0,0,0,0,0,0,0,0,0,0,0,0,0,0,,,0,0,0,0,0,0,0,0,0,0,0,0,,,,0,0,0,0,0,0,0,,0,0,0,0,,0,0,,0,0,0,0,0,0,0,0,0,0,0,0
00-0035518,B.Hoyett,Braxton Hoyett,DT,DL,"https://static.www.nfl.com/image/private/f_auto,q_auto/league/ejrbc5oe6yfizvdlcb0y",2021,REG,NO,1,0,0,0,0,0,0,0,0,0,0,0,0,,,0,,0,0,0,0,0,0,0,0,0,0,,0,0,0,0,0,0,0,0,0,0,0,0,0,0,,0,0,0,0,0,,0,0,0,0,2,0,2,1,1,0,0,0,0,0,0,0,0,0,0,0,0,0,0,0,0,0,0,0,0,0,0,0,0,0,0,0,0,0,0,0,,,0,0,0,0,0,0,0,0,0,0,0,0,,,,0,0,0,0,0,0,0,,0,0,0,0,,0,0,,0,0,0,0,0,0,0,0,0,0,0,0
00-0035519,I.Mack,Isaiah Mack,DT,DL,"https://static.www.nfl.com/image/upload/f_auto,q_auto/league/uawh7sptgdpqombljqb6",2021,REG,BAL,1,0,0,0,0,0,0,0,0,0,0,0,0,,,0,,0,0,0,0,0,0,0,0,0,0,,0,0,0,0,0,0,0,0,0,0,0,0,0,0,,0,0,0,0,0,,0,0,0,0,1,0,2,1,8,0,1,8,1,0,0,0,0,0,0,0,0,0,0,0,0,0,0,0,0,0,0,0,0,0,0,0,0,0,0,0,,,0,0,0,0,0,0,0,0,0,0,0,0,,,,0,0,0,0,0,0,0,,0,0,0,0,,0,0,,0,0,0,0,0,0,0,0,0,0,0,0
00-0035521,D.Roberson,Derick Roberson,LB,LB,"https://static.www.nfl.com/image/private/f_auto,q_auto/league/s5xoioubtr1wd06pdkru",2021,REG,TEN,3,0,0,0,0,0,0,0,0,0,0,0,0,,,0,,0,0,0,0,0,0,0,0,0,0,,0,0,0,0,0,0,0,0,0,0,0,0,0,0,,0,0,0,0,0,,0,0,0,0,4,2,5,3,22,0,1.5,25,4,0,0,0,0,0,0,0,0,0,0,0,0,0,0,0,0,0,0,0,0,0,0,0,0,0,0,0,,,0,0,0,0,0,0,0,0,0,0,0,0,,,,0,0,0,0,0,0,0,,0,0,0,0,,0,0,,0,0,0,0,0,0,0,0,0,0,0,0
00-0035525,D.Bush,Devin Bush,LB,LB,"https://static.www.nfl.com/image/upload/f_auto,q_auto/league/pgpf5oeyel2jgsz2luaq",2021,REG,PIT,14,0,0,0,0,0,0,0,0,0,0,0,0,,,0,,0,0,0,0,0,0,0,0,0,0,,0,0,0,0,0,0,0,0,0,0,0,0,0,0,,0,0,0,0,0,,0,0,0,0,35,6,29,2,18,1,2,18,4,0,0,4,0,0,0,0,0,0,1,0,0,1,5,0,0,0,0,0,0,0,0,0,0,0,0,0,,,0,0,0,0,0,0,0,0,0,0,0,0,,,,0,0,0,0,0,0,0,,0,0,0,0,,0,0,,0,0,0,0,0,0,0,0,0,0,0,0
00-0035526,E.Jenkins,Elgton Jenkins,C,OL,"https://static.www.nfl.com/image/upload/f_auto,q_auto/league/wrahpqtdvxipwmrepiyl",2021,REG,GB,4,0,0,0,0,0,0,0,0,0,0,0,0,,,0,,0,0,0,0,0,0,0,0,0,0,,0,0,0,0,0,0,0,0,0,0,0,0,0,0,,0,0,0,0,0,,0,0,0,0,2,0,0,0,0,0,0,0,0,0,0,0,0,0,0,0,0,0,0,0,0,3,30,0,0,0,0,0,0,0,0,0,0,0,0,0,,,0,0,0,0,0,0,0,0,0,0,0,0,,,,0,0,0,0,0,0,0,,0,0,0,0,,0,0,,0,0,0,0,0,0,0,0,0,0,0,0
00-0035527,A.Isabella,Andy Isabella,WR,WR,"https://static.www.nfl.com/image/upload/f_auto,q_auto/league/qpqphhsofn96dvojfsx1",2021,REG,ARI,3,0,0,0,0,0,0,0,0,0,0,0,0,,,0,,0,0,0,0,0,0,0,0,0,0,,0,0,0,0,0,1,1,13,0,0,0,6,7,1,0.810408839141019,0,1,0,0,0,2.16666666666667,0.00175438596491228,0.00135593220338983,0.0035807314897413,0,1,0,1,0,0,0,0,0,0,0,0,0,0,0,0,0,0,0,0,0,0,0,0,0,0,0,0,0,0,0,1,31,0,0,0,0,,,0,0,0,0,0,0,0,0,0,0,0,0,,,,0,0,0,0,0,0,0,,0,0,0,0,,0,0,,0,0,0,0,0,0,0,0,0,0,1.3,2.3
00-0035530,K.Willis,Khari Willis,S,DB,"https://static.www.nfl.com/image/private/f_auto,q_auto/league/pgqksilohuni0rvinboo",2021,REG,IND,10,0,0,0,0,0,0,0,0,0,0,0,0,,,0,,0,0,0,0,0,0,0,0,0,0,,0,0,0,0,0,0,0,0,0,0,0,0,0,0,,0,0,0,0,0,,0,0,0,0,36,7,20,2,7,0,1.5,7.5,2,2,0,4,0,0,0,0,0,0,1,0,0,2,28,0,0,0,0,0,0,0,0,0,0,0,0,0,,,0,0,0,0,0,0,0,0,0,0,0,0,,,,0,0,0,0,0,0,0,,0,0,0,0,,0,0,,0,0,0,0,0,0,0,0,0,0,0,0
00-0035531,A.Bryant,Austin Bryant,DE,DL,"https://static.www.nfl.com/image/upload/f_auto,q_auto/league/ag25mjupbuj0nfidcdsd",2021,REG,DET,11,0,0,0,0,0,0,0,0,0,0,0,0,,,0,,0,0,0,0,0,0,0,0,0,0,,0,0,0,0,0,0,0,0,0,0,0,0,0,0,,0,0,0,0,0,,0,0,0,0,18,3,10,5,49,0,4.5,30.5,6,0,0,0,0,0,0,0,0,0,0,0,0,1,5,0,0,0,0,0,0,0,0,0,0,0,0,0,,,0,0,0,0,0,0,0,0,0,0,0,0,,,,0,0,0,0,0,0,0,,0,0,0,0,,0,0,,0,0,0,0,0,0,0,0,0,0,0,0
00-0035532,D.Thompson,Deionte Thompson,SAF,DB,"https://static.www.nfl.com/image/private/f_auto,q_auto/league/nesagd0hvjfa2b9u3yyw",2021,REG,ARI,7,0,0,0,0,0,0,0,0,0,0,0,0,,,0,,0,0,0,0,0,0,0,0,0,0,,0,0,0,0,0,0,0,0,0,0,0,0,0,0,,0,0,0,0,0,,0,0,0,0,4,1,3,0,0,0,0,0,0,0,0,0,0,0,0,0,0,0,0,0,0,2,13,0,0,0,0,0,0,0,0,0,0,0,0,0,,,0,0,0,0,0,0,0,0,0,0,0,0,,,,0,0,0,0,0,0,0,,0,0,0,0,,0,0,,0,0,0,0,0,0,0,0,0,0,0,0
00-0035533,R.Connelly,Ryan Connelly,ILB,LB,"https://static.www.nfl.com/image/private/f_auto,q_auto/league/pndhbud785zz6jwucytk",2021,REG,MIN,3,0,0,0,0,0,0,0,0,0,0,0,0,,,0,,0,0,0,0,0,0,0,0,0,0,,0,0,0,0,0,0,0,0,0,0,0,0,0,0,,0,0,0,0,0,,0,0,0,0,2,0,1,0,0,0,0,0,0,0,0,0,0,0,0,0,0,0,0,0,0,0,0,0,0,0,0,0,0,0,0,0,0,0,0,0,,,0,0,0,0,0,0,0,0,0,0,0,0,,,,0,0,0,0,0,0,0,,0,0,0,0,,0,0,,0,0,0,0,0,0,0,0,0,0,0,0
00-0035535,D.Slayton,Darius Slayton,WR,WR,"https://static.www.nfl.com/image/upload/f_auto,q_auto/league/fyjkvaekv40jn72d0b3q",2021,REG,NYG,13,0,0,0,0,0,0,0,0,0,0,0,0,,,0,,0,0,0,0,1,-13,0,0,0,0,-1.74538392177783,0,0,0,0,0,26,58,339,2,1,1,773,65,14,-14.2523613512519,0,13,7,4,1,0.438551099611902,0.102836879432624,0.177171670868668,0.278275488757004,0,3,0,0,0,0,0,0,0,0,0,0,0,0,0,0,0,0,0,0,0,0,1,10,1,0,0,1,1,0,0,0,0,0,0,0,0,,,0,0,0,0,0,0,0,0,0,0,0,0,,,,0,0,0,0,0,0,0,,0,0,0,0,,0,0,,0,0,0,0,0,0,0,0,0,0,42.6,68.6
00-0035537,T.Johnson,Ty Johnson,RB,RB,"https://static.www.nfl.com/image/upload/f_auto,q_auto/league/hmnzcfm56ojey6myomjg",2021,REG,NYJ,15,0,0,0,0,0,0,0,0,0,0,0,0,,,0,,0,0,0,0,61,238,2,1,1,13,-11.2614269617471,0,7,6,2,0,34,55,372,2,0,0,131,334,20,6.27447348667192,0,17,7,3,0,2.83969465648855,0.0946643717728055,0.0301218670958841,0.163081864626327,0,2,0,1,0,0,0,0,0,0,0,0,0,0,0,0,0,0,0,0,0,0,0,0,2,0,0,2,1,0,0,3,57,0,0,0,0,,,0,0,0,0,0,0,0,0,0,0,0,0,,,,0,0,0,0,0,0,0,,0,0,0,0,,0,0,,0,0,0,0,0,0,0,0,0,0,83,117
00-0035538,E.Egbule,Emeke Egbule,LB,LB,"https://static.www.nfl.com/image/private/f_auto,q_auto/league/txkdzlmnnohajkapho5v",2021,REG,LAC,2,0,0,0,0,0,0,0,0,0,0,0,0,,,0,,0,0,0,0,0,0,0,0,0,0,,0,0,0,0,0,0,0,0,0,0,0,0,0,0,,0,0,0,0,0,,0,0,0,0,1,0,1,0,0,0,0,0,1,0,0,0,0,0,0,0,0,0,0,0,0,0,0,0,0,0,0,0,0,0,0,0,0,0,0,0,,,0,0,0,0,0,0,0,0,0,0,0,0,,,,0,0,0,0,0,0,0,,0,0,0,0,,0,0,,0,0,0,0,0,0,0,0,0,0,0,0
00-0035541,M.Dogbe,Michael Dogbe,DE,DL,"https://static.www.nfl.com/image/private/f_auto,q_auto/league/cu9kvxqla8gawt9y7ox1",2021,REG,ARI,13,0,0,0,0,0,0,0,0,0,0,0,0,,,0,,0,0,0,0,0,0,0,0,0,0,,0,0,0,0,0,0,0,0,0,0,0,0,0,0,,0,0,0,0,0,,0,0,0,0,12,2,13,1,10,0,1,10,2,0,0,0,0,0,0,0,0,0,1,0,0,0,0,0,0,0,0,0,0,0,0,0,0,0,0,0,,,0,0,0,0,0,0,0,0,0,0,0,0,,,,0,0,0,0,0,0,0,,0,0,0,0,,0,0,,0,0,0,0,0,0,0,0,0,0,0,0
00-0035542,K.Hall,Kemon Hall,DB,DB,"https://static.www.nfl.com/image/upload/f_auto,q_auto/league/bttfbfwzvxgoxcnmvqsx",2021,REG,LAC,8,0,0,0,0,0,0,0,0,0,0,0,0,,,0,,0,0,0,0,0,0,0,0,0,0,,0,0,0,0,0,0,0,0,0,0,0,0,0,0,,0,0,0,0,0,,0,0,0,0,4,0,3,0,0,0,0,0,1,0,0,0,0,0,0,0,0,0,1,0,0,2,20,0,0,0,0,0,0,0,0,0,0,0,0,0,,,0,0,0,0,0,0,0,0,0,0,0,0,,,,0,0,0,0,0,0,0,,0,0,0,0,,0,0,,0,0,0,0,0,0,0,0,0,0,0,0
00-0035544,T.Kennedy,Tom Kennedy,WR,WR,"https://static.www.nfl.com/image/upload/f_auto,q_auto/league/gvqhhlipkpytuu4lqnps",2021,REG,DET,6,1,1,75,1,0,0,0,0,0,24,51,1,5.06959803728387,50.0851362943649,0,3.125,1,1,1,1,0,0,0,0,0,0,,0,0,0,0,0,6,10,54,0,0,0,77,17,2,-4.63574888749281,0,2,0,0,0,0.701298701298701,0.0176991150442478,0.0203542162305049,0.0407966239277251,0,0,0,0,0,0,0,0,0,0,0,0,0,0,0,0,0,0,0,0,0,0,0,0,0,0,0,0,0,0,0,4,89,0,0,0,0,,,0,0,0,0,0,0,0,0,0,0,0,0,,,,0,0,0,0,0,0,0,,0,0,0,0,,0,0,,0,0,0,0,0,0,0,0,0,0,12.4,18.4
00-0035547,J.Fortson,Joseph Fortson,TE,TE,"https://static.www.nfl.com/image/private/f_auto,q_auto/league/gxhstzqswbn4z05r9rqv",2021,REG,KC,4,0,0,0,0,0,0,0,0,0,0,0,0,,,0,,0,0,0,0,0,0,0,0,0,0,,0,0,0,0,0,5,5,47,2,0,0,38,9,3,5.35171891207574,0,2,1,1,0,1.23684210526316,0.00784929356357928,0.00765357502517623,0.0171314428629923,0,0,0,0,0,0,0,0,0,0,0,0,0,0,0,0,0,0,0,0,0,0,0,0,0,0,0,0,0,0,0,0,0,0,0,0,0,,,0,0,0,0,0,0,0,0,0,0,0,0,,,,0,0,0,0,0,0,0,,0,0,0,0,,0,0,,0,0,0,0,0,0,0,0,0,0,16.7,21.7
00-0035549,N.Dawkins,Noah Dawkins,LB,LB,"https://static.www.nfl.com/image/private/f_auto,q_auto/league/pcqd1ftgy0ka1bxhpwij",2021,REG,NYJ,1,0,0,0,0,0,0,0,0,0,0,0,0,,,0,,0,0,0,0,0,0,0,0,0,0,,0,0,0,0,0,0,0,0,0,0,0,0,0,0,,0,0,0,0,0,,0,0,0,0,1,0,1,0,0,0,0,0,0,0,0,0,0,0,0,0,0,0,0,0,0,0,0,0,0,0,0,0,0,0,0,0,0,0,0,0,,,0,0,0,0,0,0,0,0,0,0,0,0,,,,0,0,0,0,0,0,0,,0,0,0,0,,0,0,,0,0,0,0,0,0,0,0,0,0,0,0
00-0035562,J.Horsted,Jesper Horsted,TE,TE,"https://static.www.nfl.com/image/private/f_auto,q_auto/league/mqbodeysdvvvuhkctewa",2021,REG,CHI,4,0,0,0,0,0,0,0,0,0,0,0,0,,,0,,0,0,0,0,0,0,0,0,0,0,,0,0,0,0,0,2,3,21,2,0,0,31,0,2,5.22088196395983,0,1,1,0,0,0.67741935483871,0.00572519083969466,0.00689655172413793,0.0134153724664385,0,1,0,1,0,0,0,0,0,0,0,0,0,0,0,0,0,0,0,0,0,0,0,0,0,0,0,0,0,0,0,0,0,0,0,0,0,,,0,0,0,0,0,0,0,0,0,0,0,0,,,,0,0,0,0,0,0,0,,0,0,0,0,,0,0,,0,0,0,0,0,0,0,0,0,0,14.1,16.1
00-0035567,C.Reynolds,Craig Reynolds,RB,RB,"https://static.www.nfl.com/image/upload/f_auto,q_auto/league/f5zuttg3hinfqgronrsg",2021,REG,DET,5,0,0,0,0,0,0,0,0,0,0,0,0,,,0,,0,0,0,0,55,230,0,0,0,11,-7.7654142907678,0,4,3,2,0,7,8,52,0,0,0,5,55,3,1.50500972365262,0,2,0,0,0,10.4,0.0141592920353982,0.00132170235263019,0.0221641296999385,0,1,0,0,0,0,0,0,0,0,0,0,0,0,0,0,0,0,0,0,0,0,0,0,0,0,0,0,0,0,0,0,0,0,0,0,0,,,0,0,0,0,0,0,0,0,0,0,0,0,,,,0,0,0,0,0,0,0,,0,0,0,0,,0,0,,0,0,0,0,0,0,0,0,0,0,28.2,35.2
00-0035572,P.Hesse,Parker Hesse,TE,TE,"https://static.www.nfl.com/image/upload/f_auto,q_auto/league/roaaw3cph7q6cxdco70k",2021,REG,ATL,4,0,0,0,0,0,0,0,0,0,0,0,0,,,0,,0,0,0,0,0,0,0,0,0,0,,0,0,0,0,0,5,6,43,0,0,0,22,21,3,1.89252718823263,0,2,1,0,0,1.95454545454545,0.0108303249097473,0.00531016171856143,0.0199626005676139,0,0,0,0,0,0,0,0,0,0,0,0,0,0,0,0,0,0,0,0,0,0,2,15,0,0,0,0,0,0,0,0,0,0,0,0,0,,,0,0,0,0,0,0,0,0,0,0,0,0,,,,0,0,0,0,0,0,0,,0,0,0,0,,0,0,,0,0,0,0,0,0,0,0,0,0,4.3,9.3
00-0035573,K.Orr,Kareem Orr,DB,DB,"https://static.www.nfl.com/image/private/f_auto,q_auto/league/i0emgafbvmyebeflmhhr",2021,REG,LA,1,0,0,0,0,0,0,0,0,0,0,0,0,,,0,,0,0,0,0,0,0,0,0,0,0,,0,0,0,0,0,0,0,0,0,0,0,0,0,0,,0,0,0,0,0,,0,0,0,0,3,0,1,0,0,0,0,0,0,0,0,0,0,0,0,0,0,0,0,0,0,0,0,0,0,0,0,0,0,0,0,0,0,0,0,0,,,0,0,0,0,0,0,0,0,0,0,0,0,,,,0,0,0,0,0,0,0,,0,0,0,0,,0,0,,0,0,0,0,0,0,0,0,0,0,0,0
00-0035588,G.Bradbury,Garrett Bradbury,C,OL,"https://static.www.nfl.com/image/upload/f_auto,q_auto/league/ww9iafyxzq6olacamaow",2021,REG,MIN,7,0,0,0,0,0,0,0,0,0,0,0,0,,,0,,0,0,0,0,0,0,0,0,0,0,,0,0,0,0,0,1,1,21,0,0,0,-3,24,1,1.50445499410853,0,1,1,1,0,0,0.00173010380622837,-0.000619578686493185,0.00216145062879733,0,0,0,1,0,0,0,0,0,0,0,0,0,0,0,0,0,0,0,0,0,0,5,45,0,0,0,0,0,0,0,0,0,0,0,0,0,,,0,0,0,0,0,0,0,0,0,0,0,0,,,,0,0,0,0,0,0,0,,0,0,0,0,,0,0,,0,0,0,0,0,0,0,0,0,0,2.1,3.1
00-0035591,J.Hollins,Justin Hollins,LB,LB,"https://static.www.nfl.com/image/upload/f_auto,q_auto/league/qu6phgfph0roj69tgp5o",2021,REG,LA,7,0,0,0,0,0,0,0,0,0,0,0,0,,,0,,0,0,0,0,0,0,0,0,0,0,,0,0,0,0,0,0,0,0,0,0,0,0,0,0,,0,0,0,0,0,,0,0,0,0,10,4,8,1,15,1,2,19,1,0,0,0,0,0,0,0,0,0,0,0,0,0,0,0,0,0,0,0,0,0,0,0,0,0,0,0,,,0,0,0,0,0,0,0,0,0,0,0,0,,,,0,0,0,0,0,0,0,,0,0,0,0,,0,0,,0,0,0,0,0,0,0,0,0,0,0,0
00-0035593,J.Winfree,Juwann Winfree,WR,WR,"https://static.www.nfl.com/image/upload/f_auto,q_auto/league/pawxwuphiobdd7voouwl",2021,REG,GB,5,0,0,0,0,0,0,0,0,0,0,0,0,,,0,,0,0,0,0,0,0,0,0,0,0,,0,0,0,0,0,8,13,58,0,2,1,75,31,5,-1.63877306762151,0,4,0,0,0,0.773333333333333,0.0228070175438597,0.0163826998689384,0.0456784162240464,0,0,0,0,0,0,0,0,0,0,0,0,0,0,0,0,0,0,0,0,0,0,1,10,2,0,1,2,1,0,0,0,0,0,0,0,0,,,0,0,0,0,0,0,0,0,0,0,0,0,,,,0,0,0,0,0,0,0,,0,0,0,0,,0,0,,0,0,0,0,0,0,0,0,0,0,3.8,11.8
00-0035594,T.Homer,Travis Homer,RB,RB,"https://static.www.nfl.com/image/upload/f_auto,q_auto/league/dyyclvfaagspov2ydf3i",2021,REG,SEA,14,0,0,0,0,0,0,0,0,0,0,0,0,,,0,,0,0,0,0,21,177,1,0,0,7,9.71526027812014,0,4,4,2,1,16,20,161,0,0,0,48,128,8,-4.34754571967642,0,6,3,3,0,3.35416666666667,0.0421940928270042,0.0103918597098939,0.0705654410374321,1,6,0,5,0,0,1,0,0,0,0,0,0,0,0,0,0,0,0,1,0,0,0,0,0,0,0,0,0,0,0,1,44,0,0,0,0,,,0,0,0,0,0,0,0,0,0,0,0,0,,,,0,0,0,0,0,0,0,,0,0,0,0,,0,0,,0,0,0,0,0,0,0,0,0,0,45.8,61.8
00-0035600,F.Akinmoladun,Freedom Akinmoladun,DE,DL,"https://static.www.nfl.com/image/private/f_auto,q_auto/league/wpnbblhymkdfqplkazvb",2021,REG,NYJ,1,0,0,0,0,0,0,0,0,0,0,0,0,,,0,,0,0,0,0,0,0,0,0,0,0,,0,0,0,0,0,0,0,0,0,0,0,0,0,0,,0,0,0,0,0,,0,0,0,0,1,1,0,0,0,0,0,0,0,0,0,0,0,0,0,0,0,0,0,0,0,0,0,0,0,0,0,0,0,0,0,0,0,0,0,0,,,0,0,0,0,0,0,0,0,0,0,0,0,,,,0,0,0,0,0,0,0,,0,0,0,0,,0,0,,0,0,0,0,0,0,0,0,0,0,0,0
00-0035602,A.Bachman,Alex Bachman,WR,WR,"https://static.www.nfl.com/image/upload/f_auto,q_auto/league/xebxem8tzjm0yyygaklg",2021,REG,NYG,2,0,0,0,0,0,0,0,0,0,0,0,0,,,0,,0,0,0,0,1,-3,0,0,0,0,-3.79185622185469,0,0,0,0,0,0,0,0,0,0,0,0,0,0,,0,0,0,0,0,,0,0,0,0,1,0,0,0,0,0,0,0,0,0,0,0,0,0,0,0,0,0,0,0,0,0,0,0,0,0,0,0,1,16,4,94,0,0,0,0,,,0,0,0,0,0,0,0,0,0,0,0,0,,,,0,0,0,0,0,0,0,,0,0,0,0,,0,0,,0,0,0,0,0,0,0,0,0,0,-0.3,-0.3
00-0035603,K.Blanton,Kendall Blanton,TE,TE,"https://static.www.nfl.com/image/private/f_auto,q_auto/league/hyne29kklkfyyhaljukj",2021,REG,LA,4,0,0,0,0,0,0,0,0,0,0,0,0,,,0,,0,0,0,0,0,0,0,0,0,0,,0,0,0,0,0,4,7,37,0,1,0,43,13,2,-2.16944363102084,0,1,1,1,0,0.86046511627907,0.0116279069767442,0.00837553564472147,0.0233047354164213,0,0,0,0,0,0,0,0,0,0,0,0,0,0,0,0,0,1,0,0,0,0,0,0,0,1,0,1,0,0,0,0,0,0,0,0,0,,,0,0,0,0,0,0,0,0,0,0,0,0,,,,0,0,0,0,0,0,0,,0,0,0,0,,0,0,,0,0,0,0,0,0,0,0,0,0,3.7,7.7
00-0035607,M.Copeland,Marquise Copeland,DT,DL,"https://static.www.nfl.com/image/private/f_auto,q_auto/league/ldtwwdjwltsbch8evaqy",2021,REG,LA,3,0,0,0,0,0,0,0,0,0,0,0,0,,,0,,0,0,0,0,0,0,0,0,0,0,,0,0,0,0,0,0,0,0,0,0,0,0,0,0,,0,0,0,0,0,,0,0,0,0,4,0,6,1,4,0,0,0,0,0,0,0,0,0,0,0,0,0,0,0,0,0,0,0,0,0,0,0,0,0,0,0,0,0,0,0,,,0,0,0,0,0,0,0,0,0,0,0,0,,,,0,0,0,0,0,0,0,,0,0,0,0,,0,0,,0,0,0,0,0,0,0,0,0,0,0,0
00-0035609,J.Gervase,Jake Gervase,LB,LB,"https://static.www.nfl.com/image/private/f_auto,q_auto/league/tgzuawrs7ra52ultqahi",2021,REG,LA,2,0,0,0,0,0,0,0,0,0,0,0,0,,,0,,0,0,0,0,0,0,0,0,0,0,,0,0,0,0,0,0,0,0,0,0,0,0,0,0,,0,0,0,0,0,,0,0,0,0,1,0,1,0,0,0,0,0,0,0,0,0,0,0,0,0,0,0,0,0,0,0,0,0,0,0,0,0,0,0,0,0,0,0,0,0,,,0,0,0,0,0,0,0,0,0,0,0,0,,,,0,0,0,0,0,0,0,,0,0,0,0,,0,0,,0,0,0,0,0,0,0,0,0,0,0,0
00-0035617,T.Reeder,Troy Reeder,LB,LB,"https://static.www.nfl.com/image/upload/f_auto,q_auto/league/laiuwnorvmneuwvav61k",2021,REG,LA,17,0,0,0,0,0,0,0,0,0,0,0,0,,,0,,0,0,0,0,0,0,0,0,0,0,,0,0,0,0,0,0,0,0,0,0,0,0,0,0,,0,0,0,0,0,,0,0,0,0,41,7,43,5,13,0,2,9,4,2,2,6,0,0,0,0,0,0,0,0,0,0,0,0,0,0,0,0,0,0,0,0,0,0,0,0,,,0,0,0,0,0,0,0,0,0,0,0,0,,,,0,0,0,0,0,0,0,,0,0,0,0,,0,0,,0,0,0,0,0,0,0,0,0,0,0,0
00-0035621,N.Webster,Nsimba Webster,WR,WR,"https://static.www.nfl.com/image/upload/f_auto,q_auto/league/ufvxs5eu8ltqoeaogyoo",2021,REG,CHI,6,0,0,0,0,0,0,0,0,0,0,0,0,,,0,,0,0,0,0,0,0,0,0,0,0,,0,0,0,0,0,0,0,0,0,0,0,0,0,0,,0,0,0,0,0,,0,0,0,0,2,3,1,0,0,0,0,0,0,0,0,0,0,1,0,0,0,0,0,0,0,0,0,0,1,0,1,0,4,13,0,0,0,0,0,0,,,0,0,0,0,0,0,0,0,0,0,0,0,,,,0,0,0,0,0,0,0,,0,0,0,0,,0,0,,0,0,0,0,0,0,0,0,0,0,0,0
00-0035624,N.Harry,N'Keal Harry,TE,TE,"https://static.www.nfl.com/image/upload/f_auto,q_auto/league/yl0nlprrudo2o0awymq3",2021,REG,NE,10,0,0,0,0,0,0,0,0,0,0,0,0,,,0,,0,0,0,0,0,0,0,0,0,0,,0,0,0,0,0,12,22,184,0,0,0,327,25,7,7.72372429785901,0,7,3,3,1,0.562691131498471,0.0419847328244275,0.076259328358209,0.116358629087387,0,0,0,0,0,0,0,0,0,0,0,0,0,0,1,0,0,0,0,0,0,0,0,0,0,1,0,1,1,1,0,0,0,0,0,0,0,,,0,0,0,0,0,0,0,0,0,0,0,0,,,,0,0,0,0,0,0,0,,0,0,0,0,,0,0,,0,0,0,0,0,0,0,0,0,0,18.4,30.4
00-0035625,J.Thornhill,Juan Thornhill,SAF,DB,"https://static.www.nfl.com/image/upload/f_auto,q_auto/league/os3bpcmalytfuwosxpzj",2021,REG,KC,15,0,0,0,0,0,0,0,0,0,0,0,0,,,0,,0,0,0,0,0,0,0,0,0,0,,0,0,0,0,0,0,0,0,0,0,0,0,0,0,,0,0,0,0,0,,0,0,0,0,42,1,21,1,4,1,0,0,1,1,13,3,0,0,0,0,0,0,1,0,0,0,0,0,0,0,0,0,0,0,0,0,0,0,0,0,,,0,0,0,0,0,0,0,0,0,0,0,0,,,,0,0,0,0,0,0,0,,0,0,0,0,,0,0,,0,0,0,0,0,0,0,0,0,0,0,0
00-0035628,D.Johnson,D'Ernest Johnson,RB,RB,"https://static.www.nfl.com/image/upload/f_auto,q_auto/league/gbe2eojaxid4n3pmo0rj",2021,REG,CLE,13,0,0,0,0,0,0,0,0,0,0,0,0,,,0,,0,0,0,0,100,534,3,0,0,24,6.43511561059859,0,16,9,4,0,19,25,137,0,1,0,6,138,7,0.700659653026378,0,4,3,0,0,22.8333333333333,0.0501002004008016,0.00139794967381174,0.0761288653728706,0,0,0,1,0,0,0,0,0,0,0,0,0,0,0,0,0,1,0,0,0,0,1,5,1,0,0,1,0,0,0,6,139,0,0,0,0,,,0,0,0,0,0,0,0,0,0,0,0,0,,,,0,0,0,0,0,0,0,,0,0,0,0,,0,0,,0,0,0,0,0,0,0,0,0,0,85.1,104.1
00-0035629,J.Williams,Jonah Williams,OT,OL,"https://static.www.nfl.com/image/upload/f_auto,q_auto/league/ton1hb2fidrdk6zv8erf",2021,REG,CIN,4,0,0,0,0,0,0,0,0,0,0,0,0,,,0,,0,0,0,0,0,0,0,0,0,0,,0,0,0,0,0,0,0,0,0,0,0,0,0,0,,0,0,0,0,0,,0,0,0,0,0,0,0,0,0,0,0,0,0,0,0,0,0,0,0,0,0,0,0,0,0,4,30,0,0,0,0,0,0,0,0,0,0,0,0,0,,,0,0,0,0,0,0,0,0,0,0,0,0,,,,0,0,0,0,0,0,0,,0,0,0,0,,0,0,,0,0,0,0,0,0,0,0,0,0,0,0
00-0035630,C.Lindstrom,Chris Lindstrom,G,OL,"https://static.www.nfl.com/image/upload/f_auto,q_auto/league/siocu1rimlusd0x8ut1w",2021,REG,ATL,2,0,0,0,0,0,0,0,0,0,0,0,0,,,0,,0,0,0,0,0,0,0,0,0,0,,0,0,0,0,0,0,0,0,0,0,0,0,0,0,,0,0,0,0,0,,0,0,0,0,1,0,0,0,0,0,0,0,0,0,0,0,0,0,0,0,0,0,0,0,0,1,5,0,0,0,0,0,0,0,0,0,0,0,0,0,,,0,0,0,0,0,0,0,0,0,0,0,0,,,,0,0,0,0,0,0,0,,0,0,0,0,,0,0,,0,0,0,0,0,0,0,0,0,0,0,0
00-0035631,D.Sample,Drew Sample,TE,TE,"https://static.www.nfl.com/image/upload/f_auto,q_auto/league/dvq8fanrbrpfgf2j3kpm",2021,REG,CIN,10,0,0,0,0,0,0,0,0,0,0,0,0,,,0,,0,0,0,0,0,0,0,0,0,0,,0,0,0,0,0,11,15,81,0,0,0,35,82,3,0.321978353720624,0,3,1,0,0,2.31428571428571,0.0277777777777778,0.007959972708665,0.0472386475627322,0,1,0,1,0,0,0,0,0,0,0,0,0,0,0,0,0,1,0,0,0,0,1,10,0,0,0,0,0,0,0,0,0,0,0,0,0,,,0,0,0,0,0,0,0,0,0,0,0,0,,,,0,0,0,0,0,0,0,,0,0,0,0,,0,0,,0,0,0,0,0,0,0,0,0,0,8.1,19.1
00-0035632,A.Hooker,Amani Hooker,SAF,DB,"https://static.www.nfl.com/image/upload/f_auto,q_auto/league/u9zrvmlfnvzmgttdcsn6",2021,REG,TEN,12,0,0,0,0,0,0,0,0,0,0,0,0,,,0,,0,0,0,0,0,0,0,0,0,0,,0,0,0,0,0,1,1,6,0,0,0,4,2,1,3.06227189977653,0,0,0,0,0,1.5,0.00191570881226054,0.000998751560549313,0.00357268931077532,0,36,2,24,1,2,1,0,0,0,1,21,4,0,0,0,0,0,0,0,0,0,1,41,0,0,0,0,0,0,0,0,0,0,0,0,0,,,0,0,0,0,0,0,0,0,0,0,0,0,,,,0,0,0,0,0,0,0,,0,0,0,0,,0,0,,0,0,0,0,0,0,0,0,0,0,0.6,1.6
00-0035633,C.Ballentine,Corey Ballentine,DB,DB,"https://static.www.nfl.com/image/upload/f_auto,q_auto/league/p1pbz0j3iviqhqtltudy",2021,REG,DET,1,0,0,0,0,0,0,0,0,0,0,0,0,,,0,,0,0,0,0,0,0,0,0,0,0,,0,0,0,0,0,0,0,0,0,0,0,0,0,0,,0,0,0,0,0,,0,0,0,0,0,0,0,0,0,0,0,0,0,0,0,0,0,0,0,0,0,0,0,0,0,0,0,0,0,0,0,0,0,0,4,94,0,0,0,0,,,0,0,0,0,0,0,0,0,0,0,0,0,,,,0,0,0,0,0,0,0,,0,0,0,0,,0,0,,0,0,0,0,0,0,0,0,0,0,0,0
00-0035636,L.Collier,L.J. Collier,DE,DL,"https://static.www.nfl.com/image/private/f_auto,q_auto/league/i39nt3smr30rgznvlal3",2021,REG,SEA,9,0,0,0,0,0,0,0,0,0,0,0,0,,,0,,0,0,0,0,0,0,0,0,0,0,,0,0,0,0,0,0,0,0,0,0,0,0,0,0,,0,0,0,0,0,,0,0,0,0,1,2,5,0,0,0,0,0,5,0,0,1,0,0,0,0,0,0,0,0,0,0,0,0,0,0,0,0,0,0,0,0,0,0,0,0,,,0,0,0,0,0,0,0,0,0,0,0,0,,,,0,0,0,0,0,0,0,,0,0,0,0,,0,0,,0,0,0,0,0,0,0,0,0,0,0,0
00-0035637,R.Ya-Sin,Rock Ya-Sin,CB,DB,"https://static.www.nfl.com/image/upload/f_auto,q_auto/league/ezahxzran7e2ohnmtndh",2021,REG,IND,12,0,0,0,0,0,0,0,0,0,0,0,0,,,0,,0,0,0,0,0,0,0,0,0,0,,0,0,0,0,0,0,0,0,0,0,0,0,0,0,,0,0,0,0,0,,0,0,0,0,25,2,4,0,0,1,0,0,0,0,0,8,0,0,0,0,0,0,1,13,0,2,44,0,0,0,0,0,0,0,0,0,0,0,0,0,,,0,0,0,0,0,0,0,0,0,0,0,0,,,,0,0,0,0,0,0,0,,0,0,0,0,,0,0,,0,0,0,0,0,0,0,0,0,0,0,0
00-0035638,G.Williams,Greedy Williams,CB,DB,"https://static.www.nfl.com/image/private/f_auto,q_auto/league/ssl21y4aqldf4plmazwr",2021,REG,CLE,12,0,0,0,0,0,0,0,0,0,0,0,0,,,0,,0,0,0,0,0,0,0,0,0,0,,0,0,0,0,0,0,0,0,0,0,0,0,0,0,,0,0,0,0,0,,0,0,0,0,34,1,6,0,0,1,0,0,0,2,7,10,0,0,0,0,0,0,0,0,0,1,16,0,0,0,0,0,0,0,0,0,0,0,0,0,,,0,0,0,0,0,0,0,0,0,0,0,0,,,,0,0,0,0,0,0,0,,0,0,0,0,,0,0,,0,0,0,0,0,0,0,0,0,0,0,0
00-0035639,P.Campbell,Parris Campbell,WR,WR,"https://static.www.nfl.com/image/upload/f_auto,q_auto/league/pmb3ypquiy5a2qzzmio4",2021,REG,IND,6,0,0,0,0,0,0,0,0,0,0,0,0,,,0,,0,0,0,0,0,0,0,0,0,0,,0,0,0,0,0,10,20,162,1,0,0,334,17,7,2.37722276465502,0,7,4,3,1,0.485029940119761,0.0398406374501992,0.0835,0.118210956175299,0,0,0,0,0,0,0,0,0,0,0,0,0,0,0,0,0,0,0,0,0,0,0,0,0,0,0,0,0,0,0,0,0,0,0,0,0,,,0,0,0,0,0,0,0,0,0,0,0,0,,,,0,0,0,0,0,0,0,,0,0,0,0,,0,0,,0,0,0,0,0,0,0,0,0,0,22.2,32.2
00-0035640,D.Metcalf,DK Metcalf,WR,WR,"https://static.www.nfl.com/image/upload/f_auto,q_auto/league/tknefloqsleltfmslj2y",2021,REG,SEA,17,0,0,0,0,0,0,0,0,0,0,0,0,,,0,,0,0,0,0,1,6,0,0,0,0,0.222441529447678,0,0,0,0,0,75,129,967,12,1,0,1636,328,48,28.6644086211745,0,41,20,11,2,0.591075794621027,0.272151898734177,0.354189218445551,0.656160301013152,0,1,0,0,0,0,0,0,0,0,0,0,0,0,0,0,41,0,0,0,0,0,4,45,1,0,0,1,0,0,0,0,0,0,0,0,0,,,0,0,0,0,0,0,0,0,0,0,0,0,,,,0,0,0,0,0,0,0,,0,0,0,0,,0,0,,0,0,0,0,0,0,0,0,0,0,169.3,244.3
00-0035642,J.Allen,Josh Hines-Allen,DE,DL,"https://static.www.nfl.com/image/upload/f_auto,q_auto/league/frooc3vy4adlwpkdnyks",2021,REG,JAX,16,0,0,0,0,0,0,0,0,0,0,0,0,,,0,,0,0,0,0,0,0,0,0,0,0,,0,0,0,0,0,0,0,0,0,0,0,0,0,0,,0,0,0,0,0,,0,0,0,0,36,10,25,11,81,1,7.5,70,14,1,11,4,0,0,0,0,0,0,1,0,0,1,15,0,0,0,0,0,0,0,0,0,0,0,0,0,,,0,0,0,0,0,0,0,0,0,0,0,0,,,,0,0,0,0,0,0,0,,0,0,0,0,,0,0,,0,0,0,0,0,0,0,0,0,0,0,0
00-0035643,J.Simmons,Jeffery Simmons,DT,DL,"https://static.www.nfl.com/image/upload/f_auto,q_auto/league/gi2z8wipg8w9vnxwbav0",2021,REG,TEN,17,0,0,0,0,0,0,0,0,0,0,0,0,,,0,,0,0,0,0,0,0,0,0,0,0,,0,0,0,0,0,0,0,0,0,0,0,0,0,0,,0,0,0,0,0,,0,0,0,0,34,8,12,12,66,0,8.5,64.5,16,0,0,6,0,0,0,0,0,0,0,0,0,5,49,0,0,0,0,0,0,0,0,0,0,0,0,0,,,0,0,0,0,0,0,0,0,0,0,0,0,,,,0,0,0,0,0,0,0,,0,0,0,0,,0,0,,0,0,0,0,0,0,0,0,0,0,0,0
00-0035644,N.Fant,Noah Fant,TE,TE,"https://static.www.nfl.com/image/upload/f_auto,q_auto/league/s4idwk38z6bin9lnnw9f",2021,REG,DEN,16,0,0,0,0,0,0,0,0,0,0,0,0,,,0,,0,0,0,0,0,0,0,0,0,0,,0,0,0,0,0,68,90,670,4,0,0,540,319,29,15.2359714873621,0,25,10,7,0,1.24074074074074,0.174081237911025,0.118629173989455,0.344162278659156,0,2,0,0,0,0,0,0,0,0,0,0,0,0,0,0,0,0,0,0,0,0,8,52,0,0,0,0,0,0,0,0,0,0,0,0,0,,,0,0,0,0,0,0,0,0,0,0,0,0,,,,0,0,0,0,0,0,0,,0,0,0,0,,0,0,,0,0,0,0,0,0,0,0,0,0,91,159
00-0035645,G.Olszewski,Gunner Olszewski,WR,WR,"https://static.www.nfl.com/image/upload/f_auto,q_auto/league/q6fs5e2eotgeh47xeo74",2021,REG,NE,16,0,0,0,0,0,0,0,0,0,0,0,0,,,0,,0,0,0,0,1,9,0,0,0,0,0.765960428863764,0,0,0,0,0,2,3,31,0,0,0,29,14,2,1.6776933936053,0,1,1,1,0,1.06896551724138,0.00572519083969466,0.00676305970149254,0.0133219280505868,0,3,0,4,0,0,0,0,0,0,0,0,0,0,2,0,0,2,0,0,0,0,1,5,2,1,1,3,0,26,309,18,416,0,0,0,0,,,0,0,0,0,0,0,0,0,0,0,0,0,,,,0,0,0,0,0,0,0,,0,0,0,0,,0,0,,0,0,0,0,0,0,0,0,0,0,4,6
00-0035646,S.Takitaki,Sione Takitaki,LB,LB,"https://static.www.nfl.com/image/upload/f_auto,q_auto/league/mx5kjkwhlgzbuhagmsb7",2021,REG,CLE,14,0,0,0,0,0,0,0,0,0,0,0,0,,,0,,0,0,0,0,0,0,0,0,0,0,,0,0,0,0,0,0,0,0,0,0,0,0,0,0,,0,0,0,0,0,,0,0,0,0,20,1,23,4,7,1,0,0,2,0,0,0,0,0,0,0,0,0,1,0,0,0,0,0,0,0,0,0,0,0,0,0,0,0,0,0,,,0,0,0,0,0,0,0,0,0,0,0,0,,,,0,0,0,0,0,0,0,,0,0,0,0,,0,0,,0,0,0,0,0,0,0,0,0,0,0,0
00-0035647,M.Sweat,Montez Sweat,DE,DL,"https://static.www.nfl.com/image/upload/f_auto,q_auto/league/lmaq9dyixaolzxleqb5e",2021,REG,WAS,10,0,0,0,0,0,0,0,0,0,0,0,0,,,0,,0,0,0,0,0,0,0,0,0,0,,0,0,0,0,0,0,0,0,0,0,0,0,0,0,,0,0,0,0,0,,0,0,0,0,12,1,11,3,24,3,5,32,13,0,0,0,0,0,0,0,0,0,0,0,0,2,10,0,0,0,0,0,0,0,0,0,0,0,0,0,,,0,0,0,0,0,0,0,0,0,0,0,0,,,,0,0,0,0,0,0,0,,0,0,0,0,,0,0,,0,0,0,0,0,0,0,0,0,0,0,0
00-0035649,N.Davis,Nate Davis,G,OL,"https://static.www.nfl.com/image/upload/f_auto,q_auto/league/ofywu3qirqwt0zsf2hl1",2021,REG,TEN,4,0,0,0,0,0,0,0,0,0,0,0,0,,,0,,0,0,0,0,0,0,0,0,0,0,,0,0,0,0,0,0,0,0,0,0,0,0,0,0,,0,0,0,0,0,,0,0,0,0,1,0,0,0,0,0,0,0,0,0,0,0,0,0,0,0,0,0,0,0,0,3,30,0,0,0,0,0,0,0,0,0,0,0,0,0,,,0,0,0,0,0,0,0,0,0,0,0,0,,,,0,0,0,0,0,0,0,,0,0,0,0,,0,0,,0,0,0,0,0,0,0,0,0,0,0,0
00-0035650,J.Layne,Justin Layne,CB,DB,"https://static.www.nfl.com/image/private/f_auto,q_auto/league/p1s7j8ibljd0f3sjpcux",2021,REG,PIT,13,0,0,0,0,0,0,0,0,0,0,0,0,,,0,,0,0,0,0,0,0,0,0,0,0,,0,0,0,0,0,0,0,0,0,0,0,0,0,0,,0,0,0,0,0,,0,0,0,0,12,0,4,0,0,0,0,0,0,0,0,0,0,0,0,0,1,0,0,0,0,4,33,0,0,0,0,0,0,0,0,0,0,0,0,0,,,0,0,0,0,0,0,0,0,0,0,0,0,,,,0,0,0,0,0,0,0,,0,0,0,0,,0,0,,0,0,0,0,0,0,0,0,0,0,0,0
00-0035651,J.Ferguson,Jaylon Ferguson,LB,LB,"https://static.www.nfl.com/image/private/f_auto,q_auto/league/un3gtkku0prkvucz8hg8",2021,REG,BAL,6,0,0,0,0,0,0,0,0,0,0,0,0,,,0,,0,0,0,0,0,0,0,0,0,0,,0,0,0,0,0,0,0,0,0,0,0,0,0,0,,0,0,0,0,0,,0,0,0,0,2,1,3,0,0,0,0,0,3,0,0,0,0,0,0,0,0,0,0,0,0,0,0,0,0,0,0,0,0,0,0,0,0,0,0,0,,,0,0,0,0,0,0,0,0,0,0,0,0,,,,0,0,0,0,0,0,0,,0,0,0,0,,0,0,,0,0,0,0,0,0,0,0,0,0,0,0
00-0035654,C.Winovich,Chase Winovich,DE,DL,"https://static.www.nfl.com/image/private/f_auto,q_auto/league/pbnpzaqm5bba9dfrtmis",2021,REG,NE,7,0,0,0,0,0,0,0,0,0,0,0,0,,,0,,0,0,0,0,0,0,0,0,0,0,,0,0,0,0,0,0,0,0,0,0,0,0,0,0,,0,0,0,0,0,,0,0,0,0,5,1,5,0,0,0,0,0,1,0,0,0,0,0,0,0,0,0,0,0,0,1,10,0,0,0,0,0,0,0,0,0,0,0,0,0,,,0,0,0,0,0,0,0,0,0,0,0,0,,,,0,0,0,0,0,0,0,,0,0,0,0,,0,0,,0,0,0,0,0,0,0,0,0,0,0,0
00-0035655,W.Harris,Will Harris,SAF,DB,"https://static.www.nfl.com/image/upload/f_auto,q_auto/league/u5dy7qow1rg8c8768koq",2021,REG,DET,17,0,0,0,0,0,0,0,0,0,0,0,0,,,0,,0,0,0,0,0,0,0,0,0,0,,0,0,0,0,0,0,0,0,0,0,0,0,0,0,,0,0,0,0,0,,0,0,0,0,57,5,31,0,0,1,0.5,5.5,1,0,0,4,0,0,0,0,0,0,0,0,0,5,54,0,0,0,0,0,0,0,0,0,0,0,0,0,,,0,0,0,0,0,0,0,0,0,0,0,0,,,,0,0,0,0,0,0,0,,0,0,0,0,,0,0,,0,0,0,0,0,0,0,0,0,0,0,0
00-0035656,K.Saunders,Khalen Saunders,DT,DL,"https://static.www.nfl.com/image/upload/f_auto,q_auto/league/ory67tgth5h9zjiriihh",2021,REG,KC,3,0,0,0,0,0,0,0,0,0,0,0,0,,,0,,0,0,0,0,0,0,0,0,0,0,,0,0,0,0,0,0,0,0,0,0,0,0,0,0,,0,0,0,0,0,,0,0,0,0,1,1,6,0,0,0,0,0,0,0,0,0,0,0,0,0,0,0,0,0,0,0,0,0,0,0,0,0,0,0,0,0,0,0,0,0,,,0,0,0,0,0,0,0,0,0,0,0,0,,,,0,0,0,0,0,0,0,,0,0,0,0,,0,0,,0,0,0,0,0,0,0,0,0,0,0,0
00-0035657,D.Harris,Damien Harris,RB,RB,"https://static.www.nfl.com/image/private/f_auto,q_auto/league/s0cagglk6qh9ciuddjmu",2021,REG,NE,15,0,0,0,0,0,0,0,0,0,0,0,0,,,0,,0,0,0,0,202,929,15,2,2,55,3.19035124554831,0,22,17,8,1,18,21,132,0,0,0,-7,134,4,4.25362770375796,0,5,1,1,0,-18.8571428571429,0.0400763358778626,-0.00163246268656716,0.0589717799361969,0,0,0,0,0,0,0,0,0,0,0,0,0,0,0,0,0,2,0,0,0,0,0,0,2,0,0,2,2,0,0,0,0,0,0,0,0,,,0,0,0,0,0,0,0,0,0,0,0,0,,,,0,0,0,0,0,0,0,,0,0,0,0,,0,0,,0,0,0,0,0,0,0,0,0,0,192.1,210.1
00-0035659,T.McLaurin,Terry McLaurin,WR,WR,"https://static.www.nfl.com/image/upload/f_auto,q_auto/league/wokz1etv1wj1vhbmvxgs",2021,REG,WAS,17,0,0,0,0,0,0,0,0,0,0,0,0,,,0,,0,0,0,0,1,12,0,0,0,1,0.779180705198087,0,1,1,0,0,77,130,1053,5,0,0,1707,307,47,12.1758144038601,0,45,24,15,3,0.616871704745167,0.243445692883895,0.414320388349515,0.655192811170503,0,4,0,0,0,0,0,0,0,0,0,0,0,0,0,0,0,0,0,0,0,0,2,15,0,0,0,0,0,0,0,0,0,0,0,0,0,,,0,0,0,0,0,0,0,0,0,0,0,0,,,,0,0,0,0,0,0,0,,0,0,0,0,,0,0,,0,0,0,0,0,0,0,0,0,0,136.5,213.5
00-0035662,M.Brown,Marquise Brown,WR,WR,"https://static.www.nfl.com/image/upload/f_auto,q_auto/league/ixuddegcphzmvjn4jq6r",2021,REG,BAL,16,0,0,0,0,0,0,0,0,0,0,0,0,,,0,,0,0,0,0,1,5,0,0,0,1,0.944463692372665,0,0,0,0,0,91,146,1008,6,2,0,1622,388,41,11.8895301078763,0,43,20,15,3,0.621454993834772,0.247038917089679,0.310015290519878,0.587569078998432,0,1,0,0,0,0,0,0,0,0,0,0,0,0,0,0,0,0,0,0,0,0,3,15,2,1,1,3,1,0,0,0,0,0,0,0,0,,,0,0,0,0,0,0,0,0,0,0,0,0,,,,0,0,0,0,0,0,0,,0,0,0,0,,0,0,,0,0,0,0,0,0,0,0,0,0,137.3,228.3
00-0035663,T.Rapp,Taylor Rapp,SAF,DB,"https://static.www.nfl.com/image/upload/f_auto,q_auto/league/olasn9vezmd1uvomkpws",2021,REG,LA,17,0,0,0,0,0,0,0,0,0,0,0,0,,,0,,0,0,0,0,0,0,0,0,0,0,,0,0,0,0,0,0,0,0,0,0,0,0,0,0,,0,0,0,0,0,,0,0,0,0,51,13,30,2,5,0,1.5,7,3,4,31,6,0,0,0,0,0,0,1,0,0,1,5,0,0,0,0,0,0,0,0,0,0,0,0,0,,,0,0,0,0,0,0,0,0,0,0,0,0,,,,0,0,0,0,0,0,0,,0,0,0,0,,0,0,,0,0,0,0,0,0,0,0,0,0,0,0
00-0035664,D.Henderson,Darrell Henderson,RB,RB,"https://static.www.nfl.com/image/private/f_auto,q_auto/league/trvk8n0wjne7edxbajgw",2021,REG,LA,12,0,0,0,0,0,0,0,0,0,0,0,0,,,0,,0,0,0,0,149,688,5,0,0,39,-1.37982466769032,0,20,11,1,0,29,40,176,3,0,0,37,180,8,-7.75683466098923,0,6,4,2,0,4.75675675675676,0.0664451827242525,0.00720685625243475,0.104712573463083,0,0,0,0,0,0,0,0,0,0,0,0,0,0,0,0,0,0,0,0,0,0,0,0,0,0,0,0,0,0,0,0,0,0,0,0,0,,,0,0,0,0,0,0,0,0,0,0,0,0,,,,0,0,0,0,0,0,0,,0,0,0,0,,0,0,,0,0,0,0,0,0,0,0,0,0,134.4,163.4
00-0035665,D.Long,David Long,DB,DB,"https://static.www.nfl.com/image/upload/f_auto,q_auto/league/rwpmkpja2y5nhokh5utb",2021,REG,LA,14,0,0,0,0,0,0,0,0,0,0,0,0,,,0,,0,0,0,0,0,0,0,0,0,0,,0,0,0,0,0,0,0,0,0,0,0,0,0,0,,0,0,0,0,0,,0,0,0,0,31,4,5,0,0,0,0,0,0,1,0,4,0,0,0,0,0,0,0,0,0,1,15,0,0,0,0,0,0,0,0,0,0,0,0,0,,,0,0,0,0,0,0,0,0,0,0,0,0,,,,0,0,0,0,0,0,0,,0,0,0,0,,0,0,,0,0,0,0,0,0,0,0,0,0,0,0
00-0035666,B.Evans,Bobby Evans,G,OL,"https://static.www.nfl.com/image/private/f_auto,q_auto/league/wlwycf9jwzhp9yxa5e3g",2021,REG,LA,1,0,0,0,0,0,0,0,0,0,0,0,0,,,0,,0,0,0,0,0,0,0,0,0,0,,0,0,0,0,0,0,0,0,0,0,0,0,0,0,,0,0,0,0,0,,0,0,0,0,0,0,0,0,0,0,0,0,0,0,0,0,0,0,0,0,0,0,0,0,0,1,5,0,0,0,0,0,0,0,0,0,0,0,0,0,,,0,0,0,0,0,0,0,0,0,0,0,0,,,,0,0,0,0,0,0,0,,0,0,0,0,,0,0,,0,0,0,0,0,0,0,0,0,0,0,0
00-0035667,G.Gaines,Greg Gaines,DT,DL,"https://static.www.nfl.com/image/upload/f_auto,q_auto/league/zo3aqstf8ng4tju17tid",2021,REG,LA,17,0,0,0,0,0,0,0,0,0,0,0,0,,,0,,0,0,0,0,0,0,0,0,0,0,,0,0,0,0,0,0,0,0,0,0,0,0,0,0,,0,0,0,0,0,,0,0,0,0,21,7,27,4,13,0,4.5,21.5,13,0,0,0,0,0,0,0,0,0,0,0,0,0,0,0,0,0,0,0,0,0,0,0,0,0,0,0,,,0,0,0,0,0,0,0,0,0,0,0,0,,,,0,0,0,0,0,0,0,,0,0,0,0,,0,0,,0,0,0,0,0,0,0,0,0,0,0,0
00-0035668,D.Edwards,David Edwards,OT,OL,"https://static.www.nfl.com/image/upload/f_auto,q_auto/league/bqypawezfqwbjzic4qty",2021,REG,LA,4,0,0,0,0,0,0,0,0,0,0,0,0,,,0,,0,0,0,0,0,0,0,0,0,0,,0,0,0,0,0,0,0,0,0,0,0,0,0,0,,0,0,0,0,0,,0,0,0,0,1,0,0,0,0,0,0,0,0,0,0,0,0,0,0,0,0,0,0,0,0,3,15,0,0,0,0,0,0,0,0,0,0,0,0,0,,,0,0,0,0,0,0,0,0,0,0,0,0,,,,0,0,0,0,0,0,0,,0,0,0,0,,0,0,,0,0,0,0,0,0,0,0,0,0,0,0
00-0035669,N.Scott,Nick Scott,SAF,DB,"https://static.www.nfl.com/image/upload/f_auto,q_auto/league/cjfueipnys7gl5bby6gc",2021,REG,LA,16,0,0,0,0,0,0,0,0,0,0,0,0,,,0,,0,0,0,0,0,0,0,0,0,0,,0,0,0,0,0,0,0,0,0,0,0,0,0,0,,0,0,0,0,0,,0,0,0,0,26,2,19,0,0,0,0,0,0,2,3,4,0,0,0,0,0,0,0,0,0,3,19,0,0,0,0,0,0,0,0,0,0,0,0,0,,,0,0,0,0,0,0,0,0,0,0,0,0,,,,0,0,0,0,0,0,0,,0,0,0,0,,0,0,,0,0,0,0,0,0,0,0,0,0,0,0
00-0035670,D.Allen,Dakota Allen,LB,LB,"https://static.www.nfl.com/image/private/f_auto,q_auto/league/xhuzrphb7os0a065r2qm",2021,REG,JAX,6,0,0,0,0,0,0,0,0,0,0,0,0,,,0,,0,0,0,0,0,0,0,0,0,0,,0,0,0,0,0,0,0,0,0,0,0,0,0,0,,0,0,0,0,0,,0,0,0,0,3,1,5,0,0,1,0,0,0,0,0,0,0,0,0,0,0,0,0,0,0,1,7,0,0,0,0,0,0,0,0,0,0,0,0,0,,,0,0,0,0,0,0,0,0,0,0,0,0,,,,0,0,0,0,0,0,0,,0,0,0,0,,0,0,,0,0,0,0,0,0,0,0,0,0,0,0
00-0035672,C.Barton,Cody Barton,LB,LB,"https://static.www.nfl.com/image/upload/f_auto,q_auto/league/wbbjzgrgoi4nbgyqmjcs",2021,REG,SEA,11,0,0,0,0,0,0,0,0,0,0,0,0,,,0,,0,0,0,0,0,0,0,0,0,0,,0,0,0,0,0,0,0,0,0,0,0,0,0,0,,0,0,0,0,0,,0,0,0,0,18,5,14,0,0,0,0,0,2,0,0,1,0,0,0,0,0,0,0,0,0,2,15,0,0,0,0,0,0,0,0,0,0,0,0,0,,,0,0,0,0,0,0,0,0,0,0,0,0,,,,0,0,0,0,0,0,0,,0,0,0,0,,0,0,,0,0,0,0,0,0,0,0,0,0,0,0
00-0035674,J.Tillery,Jerry Tillery,DT,DL,"https://static.www.nfl.com/image/upload/f_auto,q_auto/league/hyof95ttrz9czoqaxac7",2021,REG,LAC,16,0,0,0,0,0,0,0,0,0,0,0,0,,,0,,0,0,0,0,0,0,0,0,0,0,,0,0,0,0,0,0,0,0,0,0,0,0,0,0,,0,0,0,0,0,,0,0,0,0,19,5,27,6,38,0,4.5,38,14,0,0,0,0,0,0,0,0,0,0,0,0,5,35,0,0,0,0,0,0,0,0,0,0,0,0,0,,,0,0,0,0,0,0,0,0,0,0,0,0,,,,0,0,0,0,0,0,0,,0,0,0,0,,0,0,,0,0,0,0,0,0,0,0,0,0,0,0
00-0035676,A.Brown,A.J. Brown,WR,WR,"https://static.www.nfl.com/image/private/f_auto,q_auto/league/a014sgzctarbvhwb35lw",2021,REG,TEN,13,0,2,0,0,0,0,0,0,0,42,0,0,-1.25145834789146,-37.6311957836151,0,0,0,0,0,0,2,10,0,0,0,1,0.552041839924641,0,0,0,0,0,63,105,869,5,0,0,1218,235,45,33.8272104859947,0,45,18,10,3,0.713464696223317,0.201149425287356,0.304119850187266,0.514608033062121,0,4,0,0,0,0,0,0,0,0,0,0,0,0,0,0,0,1,0,0,0,0,2,15,0,0,0,0,0,0,0,0,0,0,0,0,0,,,0,0,0,0,0,0,0,0,0,0,0,0,,,,0,0,0,0,0,0,0,,0,0,0,0,,0,0,,0,0,0,0,0,0,0,0,0,0,117.9,180.9
00-0035677,N.Adderley,Nasir Adderley,FS,DB,"https://static.www.nfl.com/image/private/f_auto,q_auto/league/dpvexbntnac14qw14k5d",2021,REG,LAC,15,0,0,0,0,0,0,0,0,0,0,0,0,,,0,,0,0,0,0,0,0,0,0,0,0,,0,0,0,0,0,0,0,0,0,0,0,0,0,0,,0,0,0,0,0,,0,0,0,0,64,5,30,3,4,1,0.5,3.5,2,0,0,5,0,0,0,0,0,0,1,0,0,1,15,0,0,0,0,0,0,0,3,48,0,0,0,0,,,0,0,0,0,0,0,0,0,0,0,0,0,,,,0,0,0,0,0,0,0,,0,0,0,0,,0,0,,0,0,0,0,0,0,0,0,0,0,0,0
00-0035678,D.Jones,Dre'Mont Jones,DE,DL,"https://static.www.nfl.com/image/upload/f_auto,q_auto/league/tfkjcyycf2wcwb87ddjw",2021,REG,DEN,16,0,0,0,0,0,0,0,0,0,0,0,0,,,0,,0,0,0,0,0,0,0,0,0,0,,0,0,0,0,0,0,0,0,0,0,0,0,0,0,,0,0,0,0,0,,0,0,0,0,17,1,13,9,49,1,5.5,37.5,11,0,0,2,0,0,0,0,0,0,1,0,0,6,60,0,0,0,0,0,0,0,0,0,0,0,0,0,,,0,0,0,0,0,0,0,0,0,0,0,0,,,,0,0,0,0,0,0,0,,0,0,0,0,,0,0,,0,0,0,0,0,0,0,0,0,0,0,0
00-0035679,C.McGovern,Connor McGovern,G,OL,"https://static.www.nfl.com/image/upload/f_auto,q_auto/league/ahtkw1j1fygkhnbzv5ax",2021,REG,DAL,2,0,0,0,0,0,0,0,0,0,0,0,0,,,0,,0,0,0,0,0,0,0,0,0,0,,0,0,0,0,0,0,0,0,0,0,0,0,0,0,,0,0,0,0,0,,0,0,0,0,0,0,0,0,0,0,0,0,0,0,0,0,0,0,0,0,0,0,0,0,0,2,15,0,0,0,0,0,0,0,0,0,0,0,0,0,,,0,0,0,0,0,0,0,0,0,0,0,0,,,,0,0,0,0,0,0,0,,0,0,0,0,,0,0,,0,0,0,0,0,0,0,0,0,0,0,0
00-0035680,Qu.Williams,Quincy Williams,LB,LB,"https://static.www.nfl.com/image/upload/f_auto,q_auto/league/ukxxxlah4iappss0ro9e",2021,REG,NYJ,16,0,0,0,0,0,0,0,0,0,0,0,0,,,0,,0,0,0,0,0,0,0,0,0,0,,0,0,0,0,0,0,0,0,0,0,0,0,0,0,,0,0,0,0,0,,0,0,0,0,64,9,37,8,37,3,2,19,4,0,0,5,0,0,0,0,0,0,0,0,0,1,15,0,0,0,0,0,0,0,0,0,0,0,0,0,,,0,0,0,0,0,0,0,0,0,0,0,0,,,,0,0,0,0,0,0,0,,0,0,0,0,,0,0,,0,0,0,0,0,0,0,0,0,0,0,0
00-0035681,M.Edwards,Mike Edwards,SAF,DB,"https://static.www.nfl.com/image/upload/f_auto,q_auto/league/bk3iu3ki1uhkalg3dt28",2021,REG,TB,13,0,0,0,0,0,0,0,0,0,0,0,0,,,0,,0,0,0,0,0,0,0,0,0,0,,0,0,0,0,0,0,0,0,0,0,0,0,0,0,,0,0,0,0,0,,0,0,0,0,31,3,12,1,1,1,0,0,0,3,46,7,2,0,0,0,0,0,0,0,0,2,65,0,0,0,0,0,0,0,0,0,0,0,0,0,,,0,0,0,0,0,0,0,0,0,0,0,0,,,,0,0,0,0,0,0,0,,0,0,0,0,,0,0,,0,0,0,0,0,0,0,0,0,0,0,0
00-0035683,D.Lawrence,Dexter Lawrence,DT,DL,"https://static.www.nfl.com/image/upload/f_auto,q_auto/league/t204hku4pnzartvixi2m",2021,REG,NYG,15,0,0,0,0,0,0,0,0,0,0,0,0,,,0,,0,0,0,0,0,0,0,0,0,0,,0,0,0,0,0,0,0,0,0,0,0,0,0,0,,0,0,0,0,0,,0,0,0,0,25,2,27,5,14,1,2.5,14,11,0,0,2,0,0,0,0,0,0,0,0,0,1,5,0,0,0,0,0,0,0,0,0,0,0,0,0,,,0,0,0,0,0,0,0,0,0,0,0,0,,,,0,0,0,0,0,0,0,,0,0,0,0,,0,0,,0,0,0,0,0,0,0,0,0,0,0,0
00-0035684,D.Baker,Deandre Baker,CB,DB,"https://static.www.nfl.com/image/private/f_auto,q_auto/league/fvfvvsbbkwetjaey9o9u",2021,REG,KC,6,0,0,0,0,0,0,0,0,0,0,0,0,,,0,,0,0,0,0,0,0,0,0,0,0,,0,0,0,0,0,0,0,0,0,0,0,0,0,0,,0,0,0,0,0,,0,0,0,0,13,0,3,0,0,0,0,0,0,0,0,1,0,0,0,0,0,0,0,0,0,2,20,0,0,0,0,0,0,0,0,0,0,0,0,0,,,0,0,0,0,0,0,0,0,0,0,0,0,,,,0,0,0,0,0,0,0,,0,0,0,0,,0,0,,0,0,0,0,0,0,0,0,0,0,0,0
00-0035685,D.Montgomery,David Montgomery,RB,RB,"https://static.www.nfl.com/image/upload/f_auto,q_auto/league/xeb6fq4zimgkksq7uari",2021,REG,CHI,13,0,1,0,0,1,0,0,0,0,9,0,0,-3.17675002466422,-45.8279490470886,0,0,0,0,0,0,225,849,7,1,1,55,-21.6045883598607,0,21,11,5,1,42,51,301,0,0,0,45,273,18,5.27476142265927,0,17,1,0,0,6.68888888888889,0.0973282442748092,0.0100111234705228,0.15300015284158,0,0,0,1,0,0,0,0,0,0,0,0,0,0,0,0,0,1,0,0,0,0,0,0,1,0,0,1,1,0,0,0,0,0,0,0,0,,,0,0,0,0,0,0,0,0,0,0,0,0,,,,0,0,0,0,0,0,0,,0,0,0,0,,0,0,,0,0,0,0,0,0,0,0,0,0,153,195
00-0035686,M.Deiter,Michael Deiter,C,OL,"https://static.www.nfl.com/image/upload/f_auto,q_auto/league/rr4ex2fuppsjfwga6t4z",2021,REG,MIA,1,0,0,0,0,0,0,0,0,0,0,0,0,,,0,,0,0,0,0,0,0,0,0,0,0,,0,0,0,0,0,0,0,0,0,0,0,0,0,0,,0,0,0,0,0,,0,0,0,0,0,0,0,0,0,0,0,0,0,0,0,0,0,0,0,0,0,0,0,0,0,1,10,0,0,0,0,0,0,0,0,0,0,0,0,0,,,0,0,0,0,0,0,0,0,0,0,0,0,,,,0,0,0,0,0,0,0,,0,0,0,0,,0,0,,0,0,0,0,0,0,0,0,0,0,0,0
00-0035687,B.Okereke,Bobby Okereke,ILB,LB,"https://static.www.nfl.com/image/upload/f_auto,q_auto/league/q5gc9nwmikqcyza7m3ku",2021,REG,IND,17,0,0,0,0,0,0,0,0,0,0,0,0,,,0,,0,0,0,0,0,0,0,0,0,0,,0,0,0,0,0,0,0,0,0,0,0,0,0,0,,0,0,0,0,0,,0,0,0,0,66,23,43,3,13,0,1,9,2,2,20,4,0,0,0,0,0,0,0,0,0,0,0,0,0,0,0,0,0,0,0,0,0,0,0,0,,,0,0,0,0,0,0,0,0,0,0,0,0,,,,0,0,0,0,0,0,0,,0,0,0,0,,0,0,,0,0,0,0,0,0,0,0,0,0,0,0
00-0035688,T.Pipkins,Trey Pipkins,OT,OL,"https://static.www.nfl.com/image/upload/f_auto,q_auto/league/nhze2mywnxrcmwyck0x4",2021,REG,LAC,2,0,0,0,0,0,0,0,0,0,0,0,0,,,0,,0,0,0,0,0,0,0,0,0,0,,0,0,0,0,0,0,0,0,0,0,0,0,0,0,,0,0,0,0,0,,0,0,0,0,0,0,0,0,0,0,0,0,0,0,0,0,0,0,0,0,0,0,0,0,0,2,20,0,0,0,0,0,0,0,0,0,0,0,0,0,,,0,0,0,0,0,0,0,0,0,0,0,0,,,,0,0,0,0,0,0,0,,0,0,0,0,,0,0,,0,0,0,0,0,0,0,0,0,0,0,0
00-0035689,D.Knox,Dawson Knox,TE,TE,"https://static.www.nfl.com/image/upload/f_auto,q_auto/league/mswln16dmfhi7m7pzh7q",2021,REG,BUF,15,0,0,0,0,0,0,0,0,0,0,0,0,1.053,,1,,0,0,0,0,0,4,0,0,0,0,,0,0,0,0,0,49,71,587,9,0,0,524,277,31,33.1909386167806,0,24,12,8,2,1.12022900763359,0.113964686998395,0.0978524743230626,0.239443762523736,0,2,0,0,0,0,1,0,0,0,0,0,0,0,0,0,0,0,0,0,0,0,3,20,0,0,0,0,0,0,0,0,0,0,0,0,0,,,0,0,0,0,0,0,0,0,0,0,0,0,,,,0,0,0,0,0,0,0,,0,0,0,0,,0,0,,0,0,0,0,0,0,0,0,0,0,115.1,164.1
00-0035692,C.Ferrell,Clelin Ferrell,DE,DL,"https://static.www.nfl.com/image/upload/f_auto,q_auto/league/rit24n5qbvlrxdv6w9fq",2021,REG,LV,11,0,0,0,0,0,0,0,0,0,0,0,0,,,0,,0,0,0,0,0,0,0,0,0,0,,0,0,0,0,0,0,0,0,0,0,0,0,0,0,,0,0,0,0,0,,0,0,0,0,8,0,6,1,3,0,1.5,8,6,0,0,1,0,0,0,0,0,0,0,0,0,4,36,0,0,0,0,0,0,0,0,0,0,0,0,0,,,0,0,0,0,0,0,0,0,0,0,0,0,,,,0,0,0,0,0,0,0,,0,0,0,0,,0,0,,0,0,0,0,0,0,0,0,0,0,0,0
00-0035693,J.Abram,Johnathan Abram,DB,DB,"https://static.www.nfl.com/image/upload/f_auto,q_auto/league/d2zdaol75a3i4s2sdb4r",2021,REG,LV,14,0,0,0,0,0,0,0,0,0,0,0,0,,,0,,0,0,0,0,0,0,0,0,0,0,,0,0,0,0,0,0,0,0,0,0,0,0,0,0,,0,0,0,0,0,,0,0,0,0,55,9,52,4,13,0,0,0,3,1,6,4,0,0,0,0,0,0,1,0,0,2,18,0,0,0,0,0,0,0,0,0,0,0,0,0,,,0,0,0,0,0,0,0,0,0,0,0,0,,,,0,0,0,0,0,0,0,,0,0,0,0,,0,0,,0,0,0,0,0,0,0,0,0,0,0,0
00-0035695,T.Mullen,Trayvon Mullen,CB,DB,"https://static.www.nfl.com/image/upload/f_auto,q_auto/league/hceuqbr4spm1jogexiv7",2021,REG,LV,4,0,0,0,0,0,0,0,0,0,0,0,0,,,0,,0,0,0,0,0,0,0,0,0,0,,0,0,0,0,0,0,0,0,0,0,0,0,0,0,,0,0,0,0,0,,0,0,0,0,16,1,3,0,0,0,0,0,0,1,18,4,0,0,0,0,0,0,0,0,0,4,66,0,0,0,0,0,0,0,0,0,0,0,0,0,,,0,0,0,0,0,0,0,0,0,0,0,0,,,,0,0,0,0,0,0,0,,0,0,0,0,,0,0,,0,0,0,0,0,0,0,0,0,0,0,0
00-0035696,D.Shelley,Duke Shelley,CB,DB,"https://static.www.nfl.com/image/upload/f_auto,q_auto/league/jmidsg7krhjba8rbvoha",2021,REG,CHI,9,0,0,0,0,0,0,0,0,0,0,0,0,,,0,,0,0,0,0,0,0,0,0,0,0,,0,0,0,0,0,0,0,0,0,0,0,0,0,0,,0,0,0,0,0,,0,0,0,0,29,1,7,0,0,0,0,0,0,0,0,3,0,0,0,0,0,0,0,0,0,0,0,0,0,0,0,0,0,0,0,0,0,0,0,0,,,0,0,0,0,0,0,0,0,0,0,0,0,,,,0,0,0,0,0,0,0,,0,0,0,0,,0,0,,0,0,0,0,0,0,0,0,0,0,0,0
00-0035697,G.Pratt,Germaine Pratt,LB,LB,"https://static.www.nfl.com/image/upload/f_auto,q_auto/league/genaletbuldhonkf0zlc",2021,REG,CIN,15,0,0,0,0,0,0,0,0,0,0,0,0,,,0,,0,0,0,0,0,0,0,0,0,0,,0,0,0,0,0,0,0,0,0,0,0,0,0,0,,0,0,0,0,0,,0,0,0,0,51,6,34,5,7,2,0.5,4,2,1,4,2,0,0,0,0,0,0,2,0,0,0,0,0,0,0,0,0,0,0,1,2,0,0,0,0,,,0,0,0,0,0,0,0,0,0,0,0,0,,,,0,0,0,0,0,0,0,,0,0,0,0,,0,0,,0,0,0,0,0,0,0,0,0,0,0,0
00-0035698,C.Edoga,Chuma Edoga,OT,OL,"https://static.www.nfl.com/image/upload/f_auto,q_auto/league/cjz3anx4ehf8eny1p11v",2021,REG,NYJ,1,0,0,0,0,0,0,0,0,0,0,0,0,,,0,,0,0,0,0,0,0,0,0,0,0,,0,0,0,0,0,0,0,0,0,0,0,0,0,0,,0,0,0,0,0,,0,0,0,0,0,0,0,0,0,0,0,0,0,0,0,0,0,0,0,0,0,0,0,0,0,1,5,0,0,0,0,0,0,0,0,0,0,0,0,0,,,0,0,0,0,0,0,0,0,0,0,0,0,,,,0,0,0,0,0,0,0,,0,0,0,0,,0,0,,0,0,0,0,0,0,0,0,0,0,0,0
00-0035699,J.Dean,Jamel Dean,CB,DB,"https://static.www.nfl.com/image/private/f_auto,q_auto/league/s0k1zs9nyl2cqsjwf5cs",2021,REG,TB,14,0,0,0,0,0,0,0,0,0,0,0,0,,,0,,0,0,0,0,0,0,0,0,0,0,,0,0,0,0,0,0,0,0,0,0,0,0,0,0,,0,0,0,0,0,,0,0,0,0,39,5,9,2,3,0,0,0,0,2,6,9,0,0,0,0,0,0,0,0,0,5,85,0,0,0,0,0,0,0,0,0,0,0,0,0,,,0,0,0,0,0,0,0,0,0,0,0,0,,,,0,0,0,0,0,0,0,,0,0,0,0,,0,0,,0,0,0,0,0,0,0,0,0,0,0,0
00-0035700,J.Jacobs,Josh Jacobs,RB,RB,"https://static.www.nfl.com/image/upload/f_auto,q_auto/league/drtobqw2mk7yw3edjgwo",2021,REG,LV,15,0,0,0,0,0,0,0,0,0,0,0,0,,,0,,0,0,0,0,217,872,9,2,2,45,-32.1792336975768,0,21,13,2,0,54,64,348,0,0,0,-27,395,14,-5.93171847411864,0,12,5,2,0,-12.8888888888889,0.106135986733002,-0.00527859237536657,0.155508965436746,0,1,0,0,0,0,0,0,0,0,0,0,0,0,0,0,0,0,0,0,0,0,1,15,1,1,0,2,2,0,0,0,0,0,0,0,0,,,0,0,0,0,0,0,0,0,0,0,0,0,,,,0,0,0,0,0,0,0,,0,0,0,0,,0,0,,0,0,0,0,0,0,0,0,0,0,172,226
00-0035702,D.Risner,Dalton Risner,G,OL,"https://static.www.nfl.com/image/upload/f_auto,q_auto/league/zjxm9sjrgpebfesh1b0h",2021,REG,DEN,2,0,0,0,0,0,0,0,0,0,0,0,0,,,0,,0,0,0,0,0,0,0,0,0,0,,0,0,0,0,0,0,0,0,0,0,0,0,0,0,,0,0,0,0,0,,0,0,0,0,0,0,0,0,0,0,0,0,0,0,0,0,0,0,0,0,0,0,0,0,0,2,25,0,0,0,0,0,0,0,0,0,0,0,0,0,,,0,0,0,0,0,0,0,0,0,0,0,0,,,,0,0,0,0,0,0,0,,0,0,0,0,,0,0,,0,0,0,0,0,0,0,0,0,0,0,0
00-0035703,M.Boykin,Miles Boykin,WR,WR,"https://static.www.nfl.com/image/upload/f_auto,q_auto/league/v83sulqxwqmk6sp9qnqr",2021,REG,BAL,1,0,0,0,0,0,0,0,0,0,0,0,0,,,0,,0,0,0,0,0,0,0,0,0,0,,0,0,0,0,0,1,1,6,0,0,0,6,0,0,0.0853082651738077,0,0,0,0,0,1,0.00169204737732657,0.00114678899082569,0.00334082335956783,0,0,0,0,0,0,0,0,0,0,0,0,0,0,0,0,0,0,0,0,0,0,0,0,0,0,0,0,0,0,0,0,0,0,0,0,0,,,0,0,0,0,0,0,0,0,0,0,0,0,,,,0,0,0,0,0,0,0,,0,0,0,0,,0,0,,0,0,0,0,0,0,0,0,0,0,0.6,1.6
00-0035704,D.Lock,Drew Lock,QB,QB,"https://static.www.nfl.com/image/upload/f_auto,q_auto/league/e0xz0hu8s0lpbwlr0bzj",2021,REG,DEN,6,67,111,787,2,2,9,-52,1,0,1107,350,32,-9.21884352252849,-3.30911341610305,0,0.71093044263776,28,16,13,2,10,53,2,1,1,5,0.138345645566005,0,1,1,1,0,1,1,1,0,0,0,-5,6,0,-3.13066442887066,0,0,0,0,0,0,0.00193423597678917,-0.00109841827768014,0.00213246117080765,0,1,0,0,0,0,0,0,0,0,0,0,0,0,0,0,0,0,0,0,0,0,0,0,2,0,0,2,1,0,0,0,0,0,0,0,0,,,0,0,0,0,0,0,0,0,0,0,0,0,,,,0,0,0,0,0,0,0,,0,0,0,0,,0,0,,0,0,0,0,0,0,0,0,0,0,50.88,51.88
00-0035705,J.Thompson,Jalen Thompson,DB,DB,"https://static.www.nfl.com/image/upload/f_auto,q_auto/league/gbb1sb2kkjlihuax2cud",2021,REG,ARI,17,0,0,0,0,0,0,0,0,0,0,0,0,,,0,,0,0,0,0,0,0,0,0,0,0,,0,0,0,0,0,0,0,0,0,0,0,0,0,0,,0,0,0,0,0,,0,0,0,0,70,9,42,3,4,0,0,0,2,3,49,7,0,0,0,0,0,0,0,0,0,3,32,0,0,0,0,0,0,0,0,0,0,0,0,0,,,0,0,0,0,0,0,0,0,0,0,0,0,,,,0,0,0,0,0,0,0,,0,0,0,0,,0,0,,0,0,0,0,0,0,0,0,0,0,0,0
00-0035707,D.White,Devin White,LB,LB,"https://static.www.nfl.com/image/upload/f_auto,q_auto/league/oqv87a7jn67zgnlplnbp",2021,REG,TB,17,0,0,0,0,0,0,0,0,0,0,0,0,,,0,,0,0,0,0,0,0,0,0,0,0,,0,0,0,0,0,0,0,0,0,0,0,0,0,0,,0,0,0,0,0,,0,0,0,0,81,6,41,7,27,0,3.5,22.5,18,0,0,3,0,0,0,0,1,5,0,0,0,3,42,0,0,0,0,0,0,0,0,0,0,0,0,0,,,0,0,0,0,0,0,0,0,0,0,0,0,,,,0,0,0,0,0,0,0,,0,0,0,0,,0,0,,0,0,0,0,0,0,0,0,0,0,0,0
00-0035708,O.Ximines,Oshane Ximines,LB,LB,"https://static.www.nfl.com/image/upload/f_auto,q_auto/league/lwucizbpvqrkpolyndj8",2021,REG,NYG,9,0,0,0,0,0,0,0,0,0,0,0,0,,,0,,0,0,0,0,0,0,0,0,0,0,,0,0,0,0,0,0,0,0,0,0,0,0,0,0,,0,0,0,0,0,,0,0,0,0,3,1,9,0,0,0,0,0,2,0,0,3,0,0,0,0,0,0,0,0,0,1,5,0,0,0,0,0,0,0,0,0,0,0,0,0,,,0,0,0,0,0,0,0,0,0,0,0,0,,,,0,0,0,0,0,0,0,,0,0,0,0,,0,0,,0,0,0,0,0,0,0,0,0,0,0,0
00-0035710,D.Jones,Daniel Jones,QB,QB,"https://static.www.nfl.com/image/upload/f_auto,q_auto/league/nhuiypfjzpkisxllinyv",2021,REG,NYG,11,232,361,2428,10,7,22,-160,5,2,2640,1098,116,-11.3988812513774,-0.843908773031977,1,0.91969696969697,101,52,24,5,62,298,2,2,1,16,7.62766782137542,2,8,6,2,1,1,1,16,0,0,0,13,3,1,0.98088472627569,0,1,1,0,0,1.23076923076923,0.00177304964539007,0.00297960119184048,0.00474529530237344,0,0,0,0,0,0,0,0,0,0,0,0,0,0,0,0,0,2,-11,0,0,0,1,10,6,1,0,7,3,0,0,0,0,0,0,0,0,,,0,0,0,0,0,0,0,0,0,0,0,0,,,,0,0,0,0,0,0,0,,0,0,0,0,,0,0,,0,0,0,0,0,0,0,0,0,0,166.52,167.52
00-0035713,B.Burns,Brian Burns,LB,LB,"https://static.www.nfl.com/image/upload/f_auto,q_auto/league/glmrmpqkmsc0jiyicmlg",2021,REG,CAR,16,0,0,0,0,0,0,0,0,0,0,0,0,,,0,,0,0,0,0,0,0,0,0,0,0,,0,0,0,0,0,0,0,0,0,0,0,0,0,0,,0,0,0,0,0,,0,0,0,0,27,4,19,10,61,2,9,78,18,0,0,4,0,0,0,0,0,0,0,0,0,4,50,0,0,0,0,0,0,0,0,0,0,0,0,0,,,0,0,0,0,0,0,0,0,0,0,0,0,,,,0,0,0,0,0,0,0,,0,0,0,0,,0,0,,0,0,0,0,0,0,0,0,0,0,0,0
00-0035715,D.Gore,Derrick Gore,RB,RB,"https://static.www.nfl.com/image/private/f_auto,q_auto/league/wk7zy3ceecze3ly0mj7c",2021,REG,KC,8,0,0,0,0,0,0,0,0,0,0,0,0,,,0,,0,0,0,0,51,256,2,0,0,12,0.300997446430882,0,5,3,2,1,8,9,105,0,0,0,11,90,3,6.62614944617963,0,2,2,1,1,9.54545454545454,0.0141287284144427,0.00221550855991944,0.0227439486136077,0,0,0,1,0,0,0,0,0,0,0,0,0,0,0,0,0,0,0,0,0,0,0,0,0,0,0,0,0,0,0,0,0,0,0,0,0,,,0,0,0,0,0,0,0,0,0,0,0,0,,,,0,0,0,0,0,0,0,,0,0,0,0,,0,0,,0,0,0,0,0,0,0,0,0,0,48.1,56.1
00-0035717,N.Bosa,Nick Bosa,DE,DL,"https://static.www.nfl.com/image/upload/f_auto,q_auto/league/d41bo71xbojqb4picswi",2021,REG,SF,17,0,0,0,0,0,0,0,0,0,0,0,0,,,0,,0,0,0,0,0,0,0,0,0,0,,0,0,0,0,0,0,0,0,0,0,0,0,0,0,,0,0,0,0,0,,0,0,0,0,38,2,12,20,113,4,15.5,122,32,0,0,1,0,0,0,0,0,0,0,0,0,0,0,0,0,0,0,0,0,0,0,0,0,0,0,0,,,0,0,0,0,0,0,0,0,0,0,0,0,,,,0,0,0,0,0,0,0,,0,0,0,0,,0,0,,0,0,0,0,0,0,0,0,0,0,0,0
00-0035718,Q.Williams,Quinnen Williams,DT,DL,"https://static.www.nfl.com/image/upload/f_auto,q_auto/league/iag4dppbwkghvogebnpc",2021,REG,NYJ,15,0,0,0,0,0,0,0,0,0,0,0,0,,,0,,0,0,0,0,0,0,0,0,0,0,,0,0,0,0,0,0,0,0,0,0,0,0,0,0,,0,0,0,0,0,,0,0,0,0,30,6,17,5,43,0,6,50,12,0,0,3,0,0,0,0,0,0,0,0,0,5,24,0,0,0,0,0,0,0,0,0,0,0,0,0,,,0,0,0,0,0,0,0,0,0,0,0,0,,,,0,0,0,0,0,0,0,,0,0,0,0,,0,0,,0,0,0,0,0,0,0,0,0,0,0,0
00-0035719,D.Samuel,Deebo Samuel Sr.,WR,WR,"https://static.www.nfl.com/image/upload/f_auto,q_auto/league/ntgyhqg6hq7fanhhsqiw",2021,REG,SF,16,1,2,24,1,0,0,0,0,0,39,0,1,2.01773363578832,19.4838151335716,0,0.615384615384615,1,1,1,0,59,365,8,0,0,21,20.8494174090738,0,13,11,5,1,77,121,1405,6,4,2,1029,780,51,55.3105186561573,0,52,33,23,9,1.36540330417881,0.243460764587525,0.257057207094679,0.545131191847563,0,1,0,0,0,0,0,0,0,0,0,0,0,0,0,0,0,1,0,0,0,0,1,10,3,1,0,4,2,0,0,3,75,0,0,0,0,,,0,0,0,0,0,0,0,0,0,0,0,0,,,,0,0,0,0,0,0,0,,0,0,0,0,,0,0,,0,0,0,0,0,0,0,0,0,0,261.96,338.96
00-0035726,J.Johnson,Jakob Johnson,RB,RB,"https://static.www.nfl.com/image/upload/f_auto,q_auto/league/awuzhbfuubbmxzxxdtsb",2021,REG,NE,6,0,0,0,0,0,0,0,0,0,0,0,0,,,0,,0,0,0,0,0,0,0,0,0,0,,0,0,0,0,0,4,5,43,0,0,0,10,34,2,2.8324123158236,0,1,1,1,0,4.3,0.00954198473282443,0.00233208955223881,0.0159454397858038,0,1,0,1,0,0,0,0,0,0,0,0,0,0,0,0,0,0,0,0,0,0,1,10,0,0,0,0,0,0,0,1,14,0,0,0,0,,,0,0,0,0,0,0,0,0,0,0,0,0,,,,0,0,0,0,0,0,0,,0,0,0,0,,0,0,,0,0,0,0,0,0,0,0,0,0,4.3,8.3
00-0035742,C.Nizialek,Cameron Nizialek,P,SPEC,"https://static.www.nfl.com/image/private/f_auto,q_auto/league/p3yj7bwxc0fyipklbgeh",2021,REG,ATL,4,0,0,0,0,0,0,0,0,0,0,0,0,,,0,,0,0,0,0,0,0,0,0,0,0,,0,0,0,0,0,0,0,0,0,0,0,0,0,0,,0,0,0,0,0,,0,0,0,0,0,0,0,0,0,0,0,0,0,0,0,0,0,0,0,0,0,0,0,0,0,0,0,0,0,0,0,0,0,0,0,0,0,0,0,0,,,0,0,0,0,0,0,0,0,0,0,0,0,,,,0,0,0,0,0,0,0,,0,0,0,0,,18,0,62,817,6,3,3,2,3,7,61,0,716,0,0
00-0035752,C.Streveler,Chris Streveler,QB,QB,"https://static.www.nfl.com/image/private/f_auto,q_auto/league/epyvfplm9neqqvzsj2q8",2021,REG,ARI,2,6,9,36,0,0,2,-17,0,0,38,22,1,-4.25655591860414,-8.50146247280969,0,0.947368421052632,1,1,0,0,3,6,0,1,0,0,-5.70626845629886,0,0,0,0,0,0,0,0,0,0,0,0,0,0,,0,0,0,0,0,,0,0,0,0,0,0,0,0,0,0,0,0,0,0,0,0,0,0,0,0,0,-4,0,0,0,0,0,0,1,0,1,0,0,0,0,0,0,0,0,0,,,0,0,0,0,0,0,0,0,0,0,0,0,,,,0,0,0,0,0,0,0,,0,0,0,0,,0,0,,0,0,0,0,0,0,0,0,0,0,2.04,2.04
00-0035757,J.Bobenmoyer,Jacob Bobenmoyer,LS,SPEC,"https://static.www.nfl.com/image/upload/f_auto,q_auto/league/cjpwsinxkggwwfhaahga",2021,REG,DEN,4,0,0,0,0,0,0,0,0,0,0,0,0,,,0,,0,0,0,0,0,0,0,0,0,0,,0,0,0,0,0,0,0,0,0,0,0,0,0,0,,0,0,0,0,0,,0,0,0,0,1,1,2,0,0,0,0,0,0,0,0,0,0,0,0,0,0,0,0,0,0,0,0,0,0,0,0,0,0,0,0,0,0,0,0,0,,,0,0,0,0,0,0,0,0,0,0,0,0,,,,0,0,0,0,0,0,0,,0,0,0,0,,0,0,,0,0,0,0,0,0,0,0,0,0,0,0
00-0035758,L.Hajrullahu,Lirim Hajrullahu,K,SPEC,"https://static.www.nfl.com/image/private/f_auto,q_auto/league/nxgqgx0ue9xdo8mavn1u",2021,REG,CAR,4,0,0,0,0,0,0,0,0,0,0,0,0,,,0,,0,0,0,0,0,0,0,0,0,0,,0,0,0,0,0,0,0,0,0,0,0,0,0,0,,0,0,0,0,0,,0,0,0,0,1,0,0,0,0,0,0,0,0,0,0,0,0,0,0,0,0,0,0,0,0,0,0,0,0,0,0,0,0,0,0,0,4,5,1,0,35,0.8,0,2,2,0,0,0,0,0,0,1,0,0,24;29;32;35,47,,120,47,0,8,8,0,0,1,0,0,0,0,,0,0,,0,0,0,0,0,0,0,0,0,0,0,0
00-0035760,J.Patrick,Jacques Patrick,RB,RB,"https://static.www.nfl.com/image/private/f_auto,q_auto/league/c7akgryuyuxz7wok2qcf",2021,REG,SF,1,0,0,0,0,0,0,0,0,0,0,0,0,,,0,,0,0,0,0,2,12,0,0,0,1,0.819772171555087,0,0,0,0,0,0,0,0,0,0,0,0,0,0,,0,0,0,0,0,,0,0,0,0,0,0,0,0,0,0,0,0,0,0,0,0,0,0,0,0,0,0,0,0,0,0,0,0,0,0,0,0,0,0,0,0,0,0,0,0,,,0,0,0,0,0,0,0,0,0,0,0,0,,,,0,0,0,0,0,0,0,,0,0,0,0,,0,0,,0,0,0,0,0,0,0,0,0,0,1.2,1.2
00-0035763,M.Roach,Malcolm Roach,DT,DL,"https://static.www.nfl.com/image/upload/f_auto,q_auto/league/oxcd8veodm7hkiualglu",2021,REG,NO,6,0,0,0,0,0,0,0,0,0,0,0,0,,,0,,0,0,0,0,0,0,0,0,0,0,,0,0,0,0,0,0,0,0,0,0,0,0,0,0,,0,0,0,0,0,,0,0,0,0,4,0,6,0,0,0,0,0,2,1,5,1,0,0,0,0,0,0,0,0,0,1,15,0,0,0,0,0,0,0,0,0,0,0,0,0,,,0,0,0,0,0,0,0,0,0,0,0,0,,,,0,0,0,0,0,0,0,,0,0,0,0,,0,0,,0,0,0,0,0,0,0,0,0,0,0,0
00-0035764,C.Throckmorton,Calvin Throckmorton,OT,OL,"https://static.www.nfl.com/image/upload/f_auto,q_auto/league/pz1qhivdpvz1lwl5aziw",2021,REG,NO,4,0,0,0,0,0,0,0,0,0,0,0,0,,,0,,0,0,0,0,0,0,0,0,0,0,,0,0,0,0,0,0,0,0,0,0,0,0,0,0,,0,0,0,0,0,,0,0,0,0,0,0,0,0,0,0,0,0,0,0,0,0,0,0,0,0,0,0,0,0,0,4,20,0,0,0,0,0,0,0,0,0,0,0,0,0,,,0,0,0,0,0,0,0,0,0,0,0,0,,,,0,0,0,0,0,0,0,,0,0,0,0,,0,0,,0,0,0,0,0,0,0,0,0,0,0,0
00-0035771,M.Wilcox,Mitchell Wilcox,TE,TE,"https://static.www.nfl.com/image/private/f_auto,q_auto/league/cxh2vsypwniukuheewu0",2021,REG,CIN,4,0,0,0,0,0,0,0,0,0,0,0,0,,,0,,0,0,0,0,0,0,0,0,0,0,,0,0,0,0,0,3,5,16,0,0,0,19,8,0,-1.8508235491463,0,0,0,0,0,0.842105263157895,0.00925925925925926,0.00432112804184671,0.0169136785181816,0,1,0,2,0,0,0,0,0,0,0,0,0,0,0,0,0,0,0,0,0,0,0,0,0,0,0,0,0,0,0,0,0,0,0,0,0,,,0,0,0,0,0,0,0,0,0,0,0,0,,,,0,0,0,0,0,0,0,,0,0,0,0,,0,0,,0,0,0,0,0,0,0,0,0,0,1.6,4.6
00-0035795,J.Pierre,James Pierre,CB,DB,"https://static.www.nfl.com/image/upload/f_auto,q_auto/league/zasdorlctouussgqzvwm",2021,REG,PIT,13,0,0,0,0,0,0,0,0,0,0,0,0,,,0,,0,0,0,0,0,0,0,0,0,0,,0,0,0,0,0,0,0,0,0,0,0,0,0,0,,0,0,0,0,0,,0,0,0,0,33,4,10,0,0,3,0,0,0,1,0,4,0,0,0,0,0,0,0,0,0,4,24,0,0,0,0,0,0,0,0,0,0,0,0,0,,,0,0,0,0,0,0,0,0,0,0,0,0,,,,0,0,0,0,0,0,0,,0,0,0,0,,0,0,,0,0,0,0,0,0,0,0,0,0,0,0
00-0035804,J.Griffith,Jonas Griffith,LB,LB,"https://static.www.nfl.com/image/upload/f_auto,q_auto/league/n1w5sqnbearvfvkx1lyv",2021,REG,DEN,7,0,0,0,0,0,0,0,0,0,0,0,0,,,0,,0,0,0,0,0,0,0,0,0,0,,0,0,0,0,0,0,0,0,0,0,0,0,0,0,,0,0,0,0,0,,0,0,0,0,18,4,24,3,8,0,0,0,2,0,0,0,0,0,0,0,0,0,1,0,0,0,0,0,0,0,0,0,0,0,0,0,0,0,0,0,,,0,0,0,0,0,0,0,0,0,0,0,0,,,,0,0,0,0,0,0,0,,0,0,0,0,,0,0,,0,0,0,0,0,0,0,0,0,0,0,0
00-0035806,J.Hasty,JaMycal Hasty,RB,RB,"https://static.www.nfl.com/image/upload/f_auto,q_auto/league/stvclosmy6zi864kfxw7",2021,REG,SF,11,0,0,0,0,0,0,0,0,0,0,0,0,,,0,,0,0,0,0,16,68,1,0,0,6,2.67652474904483,0,2,2,1,0,23,29,157,0,1,0,70,128,7,-2.36209381886843,0,4,1,1,0,2.24285714285714,0.0583501006036217,0.0174868848363727,0.0997659702908935,0,5,0,0,0,0,0,0,0,0,0,0,0,0,0,0,0,0,0,0,0,0,1,5,2,0,1,2,1,0,0,9,145,0,0,0,0,,,0,0,0,0,0,0,0,0,0,0,0,0,,,,0,0,0,0,0,0,0,,0,0,0,0,,0,0,,0,0,0,0,0,0,0,0,0,0,28.5,51.5
00-0035808,J.Mayden,Jared Mayden,SAF,DB,"https://static.www.nfl.com/image/private/f_auto,q_auto/league/cvrooziiafh02vvwj9vi",2021,REG,PHI,3,0,0,0,0,0,0,0,0,0,0,0,0,,,0,,0,0,0,0,0,0,0,0,0,0,,0,0,0,0,0,0,0,0,0,0,0,0,0,0,,0,0,0,0,0,,0,0,0,0,4,0,2,0,0,0,0,0,0,0,0,0,0,0,0,0,0,0,0,0,0,0,0,0,0,0,0,0,0,0,0,0,0,0,0,0,,,0,0,0,0,0,0,0,0,0,0,0,0,,,,0,0,0,0,0,0,0,,0,0,0,0,,0,0,,0,0,0,0,0,0,0,0,0,0,0,0
00-0035821,C.Waitman,Corliss Waitman,P,SPEC,"https://static.www.nfl.com/image/upload/f_auto,q_auto/league/ob1q154g57ksxc5iskbw",2021,REG,PIT,2,0,0,0,0,0,0,0,0,0,0,0,0,,,0,,0,0,0,0,0,0,0,0,0,0,,0,0,0,0,0,0,0,0,0,0,0,0,0,0,,0,0,0,0,0,,0,0,0,0,0,0,0,0,0,0,0,0,0,0,0,0,0,0,0,0,0,0,0,0,0,0,0,0,0,0,0,0,0,0,0,0,0,0,0,0,,,0,0,0,0,0,0,0,0,0,0,0,0,,,,0,0,0,0,0,0,0,,0,0,0,0,,7,0,63,365,1,0,1,1,0,5,47,0,298,0,0
00-0035822,D.Costin,Doug Costin,DT,DL,"https://static.www.nfl.com/image/private/f_auto,q_auto/league/inalxvsxaye8jkf4ocrr",2021,REG,JAX,1,0,0,0,0,0,0,0,0,0,0,0,0,,,0,,0,0,0,0,0,0,0,0,0,0,,0,0,0,0,0,0,0,0,0,0,0,0,0,0,,0,0,0,0,0,,0,0,0,0,0,1,0,0,0,0,0,0,0,0,0,0,0,0,0,0,0,0,0,0,0,0,0,0,0,0,0,0,0,0,0,0,0,0,0,0,,,0,0,0,0,0,0,0,0,0,0,0,0,,,,0,0,0,0,0,0,0,,0,0,0,0,,0,0,,0,0,0,0,0,0,0,0,0,0,0,0
00-0035823,B.Ellefson,Ben Ellefson,TE,TE,"https://static.www.nfl.com/image/private/f_auto,q_auto/league/obeiese68connhihpmln",2021,REG,MIN,3,0,0,0,0,0,0,0,0,0,0,0,0,,,0,,0,0,0,0,0,0,0,0,0,0,,0,0,0,0,0,0,1,0,0,0,0,7,0,0,-0.510377297643572,0,0,0,0,0,0,0.00173010380622837,0.00144568360181743,0.00360713423061476,0,0,0,2,0,0,0,0,0,0,0,0,0,0,0,0,0,0,0,0,0,0,1,1,0,0,0,0,0,0,0,0,0,0,0,0,0,,,0,0,0,0,0,0,0,0,0,0,0,0,,,,0,0,0,0,0,0,0,,0,0,0,0,,0,0,,0,0,0,0,0,0,0,0,0,0,0,0
00-0035827,R.Matiscik,Ross Matiscik,LS,SPEC,"https://static.www.nfl.com/image/upload/f_auto,q_auto/league/peerx3z23y51k34wfqps",2021,REG,JAX,3,0,0,0,0,0,0,0,0,0,0,0,0,,,0,,0,0,0,0,0,0,0,0,0,0,,0,0,0,0,0,0,0,0,0,0,0,0,0,0,,0,0,0,0,0,,0,0,0,0,2,0,0,0,0,0,0,0,0,0,0,0,0,0,0,0,0,0,0,0,0,2,10,0,0,0,0,0,0,0,0,0,0,0,0,0,,,0,0,0,0,0,0,0,0,0,0,0,0,,,,0,0,0,0,0,0,0,,0,0,0,0,,0,0,,0,0,0,0,0,0,0,0,0,0,0,0
00-0035830,J.Reed,J.R. Reed,SAF,DB,"https://static.www.nfl.com/image/private/f_auto,q_auto/league/mmvqivcf55qwzxkcjb5i",2021,REG,NYG,4,0,0,0,0,0,0,0,0,0,0,0,0,,,0,,0,0,0,0,0,0,0,0,0,0,,0,0,0,0,0,0,0,0,0,0,0,0,0,0,,0,0,0,0,0,,0,0,0,0,5,0,8,0,0,0,0,0,0,0,0,0,0,0,0,0,0,0,0,0,0,0,0,0,0,0,0,0,0,0,0,0,0,0,0,0,,,0,0,0,0,0,0,0,0,0,0,0,0,,,,0,0,0,0,0,0,0,,0,0,0,0,,0,0,,0,0,0,0,0,0,0,0,0,0,0,0
00-0035831,J.Robinson,James Robinson,RB,RB,"https://static.www.nfl.com/image/upload/f_auto,q_auto/league/htviio8mhknq9cennrdq",2021,REG,JAX,14,0,0,0,0,0,0,0,0,0,0,0,0,,,0,,0,0,0,0,164,767,8,2,2,41,-11.2524163113048,0,19,15,4,1,31,46,222,0,2,0,40,230,9,-3.48857649535057,0,9,2,1,0,5.55,0.0789022298456261,0.00839454354669465,0.124229525251125,0,2,0,1,0,0,0,0,0,0,0,0,0,0,0,0,0,0,0,0,0,0,0,0,4,0,2,4,2,0,0,0,0,0,0,0,0,,,0,0,0,0,0,0,0,0,0,0,0,0,,,,0,0,0,0,0,0,0,,0,0,0,0,,0,0,,0,0,0,0,0,0,0,0,0,0,142.9,173.9
00-0035835,N.Cottrell,Nathan Cottrell,RB,RB,"https://static.www.nfl.com/image/private/f_auto,q_auto/league/nxdpocnvirsxjrwmkgvw",2021,REG,JAX,3,0,0,0,0,0,0,0,0,0,0,0,0,,,0,,0,0,0,0,1,3,0,0,0,0,-0.0874983409885317,0,0,0,0,0,0,0,0,0,0,0,0,0,0,,0,0,0,0,0,,0,0,0,0,2,0,1,0,0,0,0,0,0,0,0,0,0,0,0,0,0,0,0,0,0,0,0,0,0,0,0,0,0,0,0,0,0,0,0,0,,,0,0,0,0,0,0,0,0,0,0,0,0,,,,0,0,0,0,0,0,0,,0,0,0,0,,0,0,,0,0,0,0,0,0,0,0,0,0,0.3,0.3
00-0035838,M.Cole,Matt Cole,WR,WR,,2021,REG,CAR,1,0,0,0,0,0,0,0,0,0,0,0,0,,,0,,0,0,0,0,0,0,0,0,0,0,,0,0,0,0,0,0,0,0,0,0,0,0,0,0,,0,0,0,0,0,,0,0,0,0,0,0,1,0,0,0,0,0,0,0,0,0,0,0,0,0,0,0,0,0,0,0,0,0,0,0,0,0,0,0,0,0,0,0,0,0,,,0,0,0,0,0,0,0,0,0,0,0,0,,,,0,0,0,0,0,0,0,,0,0,0,0,,0,0,,0,0,0,0,0,0,0,0,0,0,0,0
00-0035844,K.Merritt,Kirk Merritt,WR,WR,"https://static.www.nfl.com/image/private/f_auto,q_auto/league/lrixuukk1wxvulscykqs",2021,REG,MIA,1,0,0,0,0,0,0,0,0,0,0,0,0,,,0,,0,0,0,0,0,0,0,0,0,0,,0,0,0,0,0,1,3,13,0,0,0,56,6,1,-0.217810055008158,0,1,0,0,0,0.232142857142857,0.00500834724540902,0.0125251621561172,0.0162801343773956,0,0,0,0,0,0,0,0,0,0,0,0,0,0,0,0,0,0,0,0,0,0,0,0,0,0,0,0,0,0,0,0,0,0,0,0,0,,,0,0,0,0,0,0,0,0,0,0,0,0,,,,0,0,0,0,0,0,0,,0,0,0,0,,0,0,,0,0,0,0,0,0,0,0,0,0,1.3,2.3
00-0035849,R.Blankenship,Rodrigo Blankenship,K,SPEC,"https://static.www.nfl.com/image/private/f_auto,q_auto/league/a6b0gseld2arwmuol6xx",2021,REG,IND,5,0,0,0,0,0,0,0,0,0,0,0,0,,,0,,0,0,0,0,0,0,0,0,0,0,,0,0,0,0,0,0,0,0,0,0,0,0,0,0,,0,0,0,0,0,,0,0,0,0,0,0,0,0,0,0,0,0,0,0,0,0,0,0,0,0,0,0,0,0,0,0,0,0,0,0,0,0,0,0,0,0,11,14,2,1,48,0.785714285714286,0,3,3,5,0,0,0,0,0,1,1,0,21;48;46;35;43;28;24;34;43;37;43,51;47,37,402,98,37,7,8,1,0,0.875,0,0,0,0,,0,0,,0,0,0,0,0,0,0,0,0,0,0,0
00-0035857,C.Williams,Chris Williams,DT,DL,"https://static.www.nfl.com/image/upload/f_auto,q_auto/league/bbjvbvpdww9kquh969zh",2021,REG,IND,3,0,0,0,0,0,0,0,0,0,0,0,0,,,0,,0,0,0,0,0,0,0,0,0,0,,0,0,0,0,0,0,0,0,0,0,0,0,0,0,,0,0,0,0,0,,0,0,0,0,2,0,2,0,0,0,0,0,0,0,0,0,0,0,0,0,0,0,0,0,0,0,0,0,0,0,0,0,0,0,0,0,0,0,0,0,,,0,0,0,0,0,0,0,0,0,0,0,0,,,,0,0,0,0,0,0,0,,0,0,0,0,,0,0,,0,0,0,0,0,0,0,0,0,0,0,0
00-0035859,B.Gillikin,Blake Gillikin,P,SPEC,"https://static.www.nfl.com/image/upload/f_auto,q_auto/league/idkikmdoy9mz7fw2dgl0",2021,REG,NO,17,0,1,0,0,0,0,0,0,0,9,0,0,-2.3642861736007,-62.5278532505035,0,0,0,0,0,0,0,0,0,0,0,0,,0,0,0,0,0,0,0,0,0,0,0,0,0,0,,0,0,0,0,0,,0,0,0,0,1,0,0,0,0,0,0,0,0,0,0,0,0,0,0,0,0,0,0,0,0,0,0,0,0,0,0,0,0,0,0,0,0,0,0,0,,,0,0,0,0,0,0,0,0,0,0,0,0,,,,0,0,0,0,0,0,0,,0,0,0,0,,83,0,63,3956,29,7,11,4,18,43,391,0,3485,0,0
00-0035860,T.Jones,Tony Jones,RB,RB,"https://static.www.nfl.com/image/private/f_auto,q_auto/league/cgvll8lokulmws98olfa",2021,REG,NO,10,0,0,0,0,0,0,0,0,0,0,0,0,,,0,,0,0,0,0,54,142,0,0,0,7,-18.6899023147416,0,1,0,0,0,5,8,29,0,0,0,1,28,2,-1.54377319914056,0,1,1,0,0,29,0.0168776371308017,0.000267022696929239,0.025503371584053,0,0,0,0,0,0,0,0,0,0,0,0,0,0,0,0,0,0,0,0,0,0,0,0,0,0,0,0,0,0,0,1,5,0,0,0,0,,,0,0,0,0,0,0,0,0,0,0,0,0,,,,0,0,0,0,0,0,0,,0,0,0,0,,0,0,,0,0,0,0,0,0,0,0,0,0,17.1,22.1
00-0035862,E.Bassey,Essang Bassey,DB,DB,"https://static.www.nfl.com/image/private/f_auto,q_auto/league/v8ljdczkzmunbmmjkvjn",2021,REG,LAC,1,0,0,0,0,0,0,0,0,0,0,0,0,,,0,,0,0,0,0,0,0,0,0,0,0,,0,0,0,0,0,0,0,0,0,0,0,0,0,0,,0,0,0,0,0,,0,0,0,0,1,0,0,0,0,0,0,0,0,0,0,0,0,0,0,0,0,0,0,0,0,0,0,0,0,0,0,0,0,0,0,0,0,0,0,0,,,0,0,0,0,0,0,0,0,0,0,0,0,,,,0,0,0,0,0,0,0,,0,0,0,0,,0,0,,0,0,0,0,0,0,0,0,0,0,0,0
00-0035864,K.Hinton,Kendall Hinton,WR,WR,"https://static.www.nfl.com/image/private/f_auto,q_auto/league/emvbhstqosvayr6dm2jp",2021,REG,DEN,11,1,1,1,0,0,0,0,0,0,-5,6,0,-3.13066442887066,43.7685191631317,0,0,0,0,0,0,0,0,0,0,0,0,,0,0,0,0,0,15,23,175,1,0,0,185,57,10,10.0690949811979,0,7,2,2,1,0.945945945945946,0.0444874274661509,0.0406414762741652,0.0951801745911419,0,1,0,0,0,0,0,0,0,0,0,0,0,0,0,0,0,0,0,0,0,0,1,5,0,0,0,0,0,2,24,0,0,0,0,0,0,,,0,0,0,0,0,0,0,0,0,0,0,0,,,,0,0,0,0,0,0,0,,0,0,0,0,,0,0,,0,0,0,0,0,0,0,0,0,0,23.54,38.54
00-0035880,Ja.Davis,Javaris Davis,CB,DB,"https://static.www.nfl.com/image/private/f_auto,q_auto/league/lugtri8msr6qg64n0nin",2021,REG,MIA,1,0,0,0,0,0,0,0,0,0,0,0,0,,,0,,0,0,0,0,0,0,0,0,0,0,,0,0,0,0,0,0,0,0,0,0,0,0,0,0,,0,0,0,0,0,,0,0,0,0,2,0,0,0,0,0,0,0,0,0,0,1,0,0,0,0,0,0,0,0,0,0,0,0,0,0,0,0,0,0,0,0,0,0,0,0,,,0,0,0,0,0,0,0,0,0,0,0,0,,,,0,0,0,0,0,0,0,,0,0,0,0,,0,0,,0,0,0,0,0,0,0,0,0,0,0,0
00-0035881,Y.Durant,Yasir Durant,OT,OL,"https://static.www.nfl.com/image/private/f_auto,q_auto/league/rtwn4i4e7hnctktngha2",2021,REG,NE,1,0,0,0,0,0,0,0,0,0,0,0,0,,,0,,0,0,0,0,0,0,0,0,0,0,,0,0,0,0,0,0,0,0,0,0,0,0,0,0,,0,0,0,0,0,,0,0,0,0,0,0,0,0,0,0,0,0,0,0,0,0,0,0,0,0,1,0,0,0,0,0,0,0,0,0,0,0,0,0,0,0,0,0,0,0,,,0,0,0,0,0,0,0,0,0,0,0,0,,,,0,0,0,0,0,0,0,,0,0,0,0,,0,0,,0,0,0,0,0,0,0,0,0,0,0,0
00-0035883,M.Ffrench,Maurice Ffrench,WR,WR,"https://static.www.nfl.com/image/private/f_auto,q_auto/league/vgh5jb3ig6mr3gavs3me",2021,REG,LAC,2,0,0,0,0,0,0,0,0,0,0,0,0,,,0,,0,0,0,0,1,3,0,0,0,0,-0.280473465798423,0,0,0,0,0,0,0,0,0,0,0,0,0,0,,0,0,0,0,0,,0,0,0,0,0,0,1,0,0,0,0,0,0,0,0,0,0,0,0,0,0,0,0,0,0,0,0,0,0,0,0,0,0,0,1,17,0,0,0,0,,,0,0,0,0,0,0,0,0,0,0,0,0,,,,0,0,0,0,0,0,0,,0,0,0,0,,0,0,,0,0,0,0,0,0,0,0,0,0,0.3,0.3
00-0035889,T.Townsend,Tommy Townsend,P,SPEC,"https://static.www.nfl.com/image/upload/f_auto,q_auto/league/ct2iphnvz4vl1tdy5wym",2021,REG,KC,15,1,1,16,0,0,0,0,0,0,11,5,1,4.03069802792743,39.6010875701904,0,1.45454545454545,1,1,0,0,0,0,0,0,0,0,,0,0,0,0,0,0,0,0,0,0,0,0,0,0,,0,0,0,0,0,,0,0,0,0,0,0,0,0,0,0,0,0,0,0,0,0,0,0,0,0,0,0,0,0,0,0,0,0,0,0,0,0,0,0,0,0,0,0,0,0,,,0,0,0,0,0,0,0,0,0,0,0,0,,,,0,0,0,0,0,0,0,,0,0,0,0,,37,0,68,1746,20,4,5,3,9,16,64,0,1622,0.64,0.64
00-0035890,T.Wharton,Tershawn Wharton,DE,DL,"https://static.www.nfl.com/image/upload/f_auto,q_auto/league/mj9xqaj2jvv5unjgxomd",2021,REG,KC,14,0,0,0,0,0,0,0,0,0,0,0,0,,,0,,0,0,0,0,0,0,0,0,0,0,,0,0,0,0,0,0,0,0,0,0,0,0,0,0,,0,0,0,0,0,,0,0,0,0,12,1,16,0,0,2,2,18,2,1,0,1,0,0,0,0,0,0,0,0,0,0,0,0,0,0,0,0,0,0,0,0,0,0,0,0,,,0,0,0,0,0,0,0,0,0,0,0,0,,,,0,0,0,0,0,0,0,,0,0,0,0,,0,0,,0,0,0,0,0,0,0,0,0,0,0,0
00-0035891,C.White,Cody White,WR,WR,"https://static.www.nfl.com/image/upload/f_auto,q_auto/league/tt9wl5yecg6zcnfnledb",2021,REG,PIT,6,0,0,0,0,0,0,0,0,0,0,0,0,,,0,,0,0,0,0,0,0,0,0,0,0,,0,0,0,0,0,5,6,33,0,0,0,38,14,3,2.26271048240596,0,1,0,0,0,0.868421052631579,0.00918836140888208,0.0085604865960802,0.0197748827305793,0,2,0,2,0,0,0,0,0,0,0,0,0,0,0,0,0,0,0,0,0,0,1,10,0,0,0,0,0,0,0,0,0,0,0,0,0,,,0,0,0,0,0,0,0,0,0,0,0,0,,,,0,0,0,0,0,0,0,,0,0,0,0,,0,0,,0,0,0,0,0,0,0,0,0,0,3.3,8.3
00-0035895,J.Bachie,Joe Bachie,LB,LB,"https://static.www.nfl.com/image/upload/f_auto,q_auto/league/jystq5jdj84wi0pwqzbi",2021,REG,CIN,7,0,0,0,0,0,0,0,0,0,0,0,0,,,0,,0,0,0,0,0,0,0,0,0,0,,0,0,0,0,0,0,0,0,0,0,0,0,0,0,,0,0,0,0,0,,0,0,0,0,16,2,12,0,0,0,0,0,0,0,0,1,0,0,0,0,0,0,0,0,0,0,0,0,0,0,0,0,0,0,0,0,0,0,0,0,,,0,0,0,0,0,0,0,0,0,0,0,0,,,,0,0,0,0,0,0,0,,0,0,0,0,,0,0,,0,0,0,0,0,0,0,0,0,0,0,0
00-0035898,D.Bradwell,Darius Bradwell,RB,RB,"https://static.www.nfl.com/image/private/f_auto,q_auto/league/disdrxqtrv91rtoolwup",2021,REG,LAC,1,0,0,0,0,0,0,0,0,0,0,0,0,,,0,,0,0,0,0,0,0,0,0,0,0,,0,0,0,0,0,0,1,0,0,0,0,1,0,0,-0.448967255651951,0,0,0,0,0,0,0.00151745068285281,0.000196772924045651,0.00241391707111117,0,0,0,0,0,0,0,0,0,0,0,0,0,0,0,0,0,0,0,0,0,0,0,0,0,0,0,0,0,0,0,0,0,0,0,0,0,,,0,0,0,0,0,0,0,0,0,0,0,0,,,,0,0,0,0,0,0,0,,0,0,0,0,,0,0,,0,0,0,0,0,0,0,0,0,0,0,0
00-0035900,C.Christiansen,Cole Christiansen,LB,LB,"https://static.www.nfl.com/image/upload/f_auto,q_auto/league/nrj9fpwkb4zt9jh2yjp9",2021,REG,LAC,1,0,0,0,0,0,0,0,0,0,0,0,0,,,0,,0,0,0,0,0,0,0,0,0,0,,0,0,0,0,0,0,0,0,0,0,0,0,0,0,,0,0,0,0,0,,0,0,0,0,1,0,0,0,0,0,0,0,0,0,0,0,0,0,0,0,0,0,0,0,0,0,0,0,0,0,0,0,0,0,0,0,0,0,0,0,,,0,0,0,0,0,0,0,0,0,0,0,0,,,,0,0,0,0,0,0,0,,0,0,0,0,,0,0,,0,0,0,0,0,0,0,0,0,0,0,0
00-0035903,J.Gaziano,Joe Gaziano,DE,DL,"https://static.www.nfl.com/image/upload/f_auto,q_auto/league/saim6trsnqhedad4hu0r",2021,REG,LAC,9,0,0,0,0,0,0,0,0,0,0,0,0,,,0,,0,0,0,0,0,0,0,0,0,0,,0,0,0,0,0,0,0,0,0,0,0,0,0,0,,0,0,0,0,0,,0,0,0,0,6,2,5,1,1,0,0,0,2,0,0,1,0,0,0,0,0,0,0,0,0,0,0,0,0,0,0,0,0,0,0,0,0,0,0,0,,,0,0,0,0,0,0,0,0,0,0,0,0,,,,0,0,0,0,0,0,0,,0,0,0,0,,0,0,,0,0,0,0,0,0,0,0,0,0,0,0
00-0035906,J.Lemonier,Jessie Lemonier,LB,LB,"https://static.www.nfl.com/image/private/f_auto,q_auto/league/rrmp4ujyj0qkp5kgzhmf",2021,REG,DET,6,0,0,0,0,0,0,0,0,0,0,0,0,,,0,,0,0,0,0,0,0,0,0,0,0,,0,0,0,0,0,0,0,0,0,0,0,0,0,0,,0,0,0,0,0,,0,0,0,0,8,0,7,1,8,0,1.5,12,3,0,0,0,0,0,0,0,0,0,0,0,0,1,5,0,0,0,0,0,0,0,0,0,0,0,0,0,,,0,0,0,0,0,0,0,0,0,0,0,0,,,,0,0,0,0,0,0,0,,0,0,0,0,,0,0,,0,0,0,0,0,0,0,0,0,0,0,0
00-0035908,G.Nabers,Gabe Nabers,FB,RB,"https://static.www.nfl.com/image/private/f_auto,q_auto/league/dbxerjvfk8aqe26t0eny",2021,REG,LAC,7,0,0,0,0,0,0,0,0,0,0,0,0,,,0,,0,0,0,0,3,8,0,0,0,1,-0.187978148926049,0,0,0,0,0,3,3,17,0,0,0,5,12,0,0.203084715292789,0,0,0,0,0,3.4,0.00455235204855842,0.000983864620228257,0.00751723330699741,0,1,0,1,0,0,0,0,0,0,0,0,0,0,0,0,0,0,0,0,0,0,0,0,0,0,0,0,0,0,0,0,0,0,0,0,0,,,0,0,0,0,0,0,0,0,0,0,0,0,,,,0,0,0,0,0,0,0,,0,0,0,0,,0,0,,0,0,0,0,0,0,0,0,0,0,2.5,5.5
00-0035910,T.Smith,T.J. Smith,DT,DL,"https://static.www.nfl.com/image/upload/f_auto,q_auto/league/ew3whemn19zrgyaskr4t",2021,REG,MIN,1,0,0,0,0,0,0,0,0,0,0,0,0,,,0,,0,0,0,0,0,0,0,0,0,0,,0,0,0,0,0,0,0,0,0,0,0,0,0,0,,0,0,0,0,0,,0,0,0,0,1,0,2,0,0,0,0,0,0,0,0,0,0,0,0,0,0,0,0,0,0,0,0,0,0,0,0,0,0,0,0,0,0,0,0,0,,,0,0,0,0,0,0,0,0,0,0,0,0,,,,0,0,0,0,0,0,0,,0,0,0,0,,0,0,,0,0,0,0,0,0,0,0,0,0,0,0
00-0035924,J.Ward,Jonathan Ward,RB,RB,"https://static.www.nfl.com/image/upload/f_auto,q_auto/league/yct3a4xznwcxjvn4iosk",2021,REG,ARI,9,0,0,0,0,0,0,0,0,0,0,0,0,,,0,,0,0,0,0,9,33,0,0,0,3,2.82569446606794,0,0,0,0,0,3,4,34,0,0,0,13,26,1,3.3386069641565,0,1,1,1,0,2.61538461538462,0.00701754385964912,0.00293785310734463,0.0125828129646149,0,3,0,2,0,0,1,0,0,0,0,0,0,0,0,0,0,0,0,0,0,0,3,25,0,0,0,0,0,0,0,1,16,0,0,0,0,,,0,0,0,0,0,0,0,0,0,0,0,0,,,,0,0,0,0,0,0,0,,0,0,0,0,,0,0,,0,0,0,0,0,0,0,0,0,0,6.7,9.7
00-0035925,J.Williams,Jarren Williams,CB,DB,"https://static.www.nfl.com/image/private/f_auto,q_auto/league/jyncwypja37urniugmp6",2021,REG,NYG,5,0,0,0,0,0,0,0,0,0,0,0,0,,,0,,0,0,0,0,0,0,0,0,0,0,,0,0,0,0,0,0,0,0,0,0,0,0,0,0,,0,0,0,0,0,,0,0,0,0,13,1,4,0,0,0,0,0,0,0,0,1,0,0,0,0,0,0,0,0,0,1,10,0,0,0,0,0,0,0,0,0,0,0,0,0,,,0,0,0,0,0,0,0,0,0,0,0,0,,,,0,0,0,0,0,0,0,,0,0,0,0,,0,0,,0,0,0,0,0,0,0,0,0,0,0,0
00-0035927,B.Fehoko,Breiden Fehoko,DT,DL,"https://static.www.nfl.com/image/upload/f_auto,q_auto/league/tkef62tijhxd9nuuw4oc",2021,REG,LAC,5,0,0,0,0,0,0,0,0,0,0,0,0,,,0,,0,0,0,0,0,0,0,0,0,0,,0,0,0,0,0,0,0,0,0,0,0,0,0,0,,0,0,0,0,0,,0,0,0,0,4,1,8,0,0,0,0,0,0,0,0,0,0,0,0,0,0,0,0,0,0,1,5,0,0,0,0,0,0,0,0,0,0,0,0,0,,,0,0,0,0,0,0,0,0,0,0,0,0,,,,0,0,0,0,0,0,0,,0,0,0,0,,0,0,,0,0,0,0,0,0,0,0,0,0,0,0
00-0035928,E.Banks,Eric Banks,DT,DL,"https://static.www.nfl.com/image/upload/f_auto,q_auto/league/bh2nmfqo5vys96ni7eft",2021,REG,LAC,1,0,0,0,0,0,0,0,0,0,0,0,0,,,0,,0,0,0,0,0,0,0,0,0,0,,0,0,0,0,0,0,0,0,0,0,0,0,0,0,,0,0,0,0,0,,0,0,0,0,0,0,1,0,0,0,0,0,0,0,0,0,0,0,0,0,0,0,0,0,0,0,0,0,0,0,0,0,0,0,0,0,0,0,0,0,,,0,0,0,0,0,0,0,0,0,0,0,0,,,,0,0,0,0,0,0,0,,0,0,0,0,,0,0,,0,0,0,0,0,0,0,0,0,0,0,0
00-0035933,M.Hoecht,Michael Hoecht,LB,LB,"https://static.www.nfl.com/image/upload/f_auto,q_auto/league/zpg40jv0kwikhxtmcfsi",2021,REG,LA,6,0,0,0,0,0,0,0,0,0,0,0,0,,,0,,0,0,0,0,0,0,0,0,0,0,,0,0,0,0,0,0,0,0,0,0,0,0,0,0,,0,0,0,0,0,,0,0,0,0,4,2,1,0,0,0,0,0,0,0,0,0,0,0,0,0,0,0,0,0,0,0,0,0,0,0,0,0,0,0,0,0,0,0,0,0,,,0,0,0,0,0,0,0,0,0,0,0,0,,,,0,0,0,0,0,0,0,,0,0,0,0,,0,0,,0,0,0,0,0,0,0,0,0,0,0,0
00-0035935,J.Koski,J.J. Koski,WR,WR,"https://static.www.nfl.com/image/private/f_auto,q_auto/league/bs9joz6ljl29xmpjimjg",2021,REG,LA,3,0,0,0,0,0,0,0,0,0,0,0,0,,,0,,0,0,0,0,0,0,0,0,0,0,,0,0,0,0,0,0,0,0,0,0,0,0,0,0,,0,0,0,0,0,,0,0,0,0,0,0,0,0,0,0,0,0,0,0,0,0,0,1,0,0,0,0,0,0,0,0,0,1,0,0,1,1,2,20,5,89,0,0,0,0,,,0,0,0,0,0,0,0,0,0,0,0,0,,,,0,0,0,0,0,0,0,,0,0,0,0,,0,0,,0,0,0,0,0,0,0,0,0,0,0,0
00-0035942,C.Rozeboom,Christian Rozeboom,LB,LB,"https://static.www.nfl.com/image/upload/f_auto,q_auto/league/kobbnik0wg5amqr1imnr",2021,REG,LA,3,0,0,0,0,0,0,0,0,0,0,0,0,,,0,,0,0,0,0,0,0,0,0,0,0,,0,0,0,0,0,0,0,0,0,0,0,0,0,0,,0,0,0,0,0,,0,0,0,0,3,0,0,0,0,0,0,0,0,0,0,0,0,0,0,0,0,0,0,0,0,0,0,0,0,0,0,0,0,0,0,0,0,0,0,0,,,0,0,0,0,0,0,0,0,0,0,0,0,,,,0,0,0,0,0,0,0,,0,0,0,0,,0,0,,0,0,0,0,0,0,0,0,0,0,0,0
00-0035944,J.Williams,Jonah Williams,DE,DL,"https://static.www.nfl.com/image/upload/f_auto,q_auto/league/d5yxodbic254mvmcqvel",2021,REG,LA,5,0,0,0,0,0,0,0,0,0,0,0,0,,,0,,0,0,0,0,0,0,0,0,0,0,,0,0,0,0,0,0,0,0,0,0,0,0,0,0,,0,0,0,0,0,,0,0,0,0,0,1,4,0,0,0,0,0,0,0,0,0,0,0,0,0,0,0,0,0,0,0,0,0,0,0,0,0,0,0,0,0,0,0,0,0,,,0,0,0,0,0,0,0,0,0,0,0,0,,,,0,0,0,0,0,0,0,,0,0,0,0,,0,0,,0,0,0,0,0,0,0,0,0,0,0,0
00-0035946,M.Adams,Myles Adams,DT,DL,"https://static.www.nfl.com/image/upload/f_auto,q_auto/league/f11lhmyjrovmo0mdp5wa",2021,REG,SEA,2,0,0,0,0,0,0,0,0,0,0,0,0,,,0,,0,0,0,0,0,0,0,0,0,0,,0,0,0,0,0,0,0,0,0,0,0,0,0,0,,0,0,0,0,0,,0,0,0,0,0,0,5,0,0,0,0,0,1,0,0,0,0,0,0,0,0,0,0,0,0,0,0,0,0,0,0,0,0,0,0,0,0,0,0,0,,,0,0,0,0,0,0,0,0,0,0,0,0,,,,0,0,0,0,0,0,0,,0,0,0,0,,0,0,,0,0,0,0,0,0,0,0,0,0,0,0
00-0035950,M.Hartsfield,Myles Hartsfield,FS,DB,"https://static.www.nfl.com/image/private/f_auto,q_auto/league/gk1w1temj96w6wmgyy5x",2021,REG,CAR,10,0,0,0,0,0,0,0,0,0,0,0,0,,,0,,0,0,0,0,0,0,0,0,0,0,,0,0,0,0,0,0,0,0,0,0,0,0,0,0,,0,0,0,0,0,,0,0,0,0,28,2,15,2,4,0,1,2,1,0,0,4,0,0,0,0,0,0,0,0,0,1,15,0,0,0,0,0,0,0,0,0,0,0,0,0,,,0,0,0,0,0,0,0,0,0,0,0,0,,,,0,0,0,0,0,0,0,,0,0,0,0,,0,0,,0,0,0,0,0,0,0,0,0,0,0,0
00-0035956,G.Ricci,Giovanni Ricci,TE,TE,"https://static.www.nfl.com/image/upload/f_auto,q_auto/league/irj1ejjmt0nvi1hlscr7",2021,REG,CAR,8,0,0,0,0,0,0,0,0,0,0,0,0,,,0,,0,0,0,0,0,0,0,0,0,0,,0,0,0,0,0,0,2,0,0,0,0,23,0,0,-0.965295118279755,0,0,0,0,0,0,0.00347826086956522,0.00520715417704324,0.0088623992282781,0,5,0,2,0,0,0,0,0,0,0,0,0,0,0,0,0,0,0,0,0,0,0,0,0,0,0,0,0,0,0,0,0,0,0,0,0,,,0,0,0,0,0,0,0,0,0,0,0,0,,,,0,0,0,0,0,0,0,,0,0,0,0,,0,0,,0,0,0,0,0,0,0,0,0,0,0,0
00-0035957,R.Smith,Rodney Smith,RB,RB,"https://static.www.nfl.com/image/private/f_auto,q_auto/league/xd2tfhcsbxeokt2bisun",2021,REG,CAR,1,0,0,0,0,0,0,0,0,0,0,0,0,,,0,,0,0,0,0,0,0,0,0,0,0,,0,0,0,0,0,5,5,48,0,0,0,16,32,2,2.87801674526418,0,2,1,0,0,3,0.00869565217391304,0.00362236812316052,0.0155791359470819,0,0,0,1,0,0,0,0,0,0,0,0,0,0,0,0,0,0,0,0,0,0,0,0,0,0,0,0,0,0,0,0,0,0,0,0,0,,,0,0,0,0,0,0,0,0,0,0,0,0,,,,0,0,0,0,0,0,0,,0,0,0,0,,0,0,,0,0,0,0,0,0,0,0,0,0,4.8,9.8
00-0035961,K.Barnes,Krys Barnes,LB,LB,"https://static.www.nfl.com/image/upload/f_auto,q_auto/league/xgq5wwfuk5s2frsx0ha0",2021,REG,GB,16,0,0,0,0,0,0,0,0,0,0,0,0,,,0,,0,0,0,0,0,0,0,0,0,0,,0,0,0,0,0,0,0,0,0,0,0,0,0,0,,0,0,0,0,0,,0,0,0,0,53,5,23,4,13,0,1,8,1,0,0,4,0,0,0,0,0,0,2,1,0,0,0,0,0,0,0,0,0,0,0,0,0,0,0,0,,,0,0,0,0,0,0,0,0,0,0,0,0,,,,0,0,0,0,0,0,0,,0,0,0,0,,0,0,,0,0,0,0,0,0,0,0,0,0,0,0
00-0035962,H.Black,Henry Black,SAF,DB,"https://static.www.nfl.com/image/private/f_auto,q_auto/league/vmzpmpwymbcmaaa5zfe9",2021,REG,GB,14,0,0,0,0,0,0,0,0,0,0,0,0,,,0,,0,0,0,0,0,0,0,0,0,0,,0,0,0,0,0,0,0,0,0,0,0,0,0,0,,0,0,0,0,0,,0,0,0,0,26,2,10,0,0,1,0,0,0,1,0,2,0,0,0,0,0,0,0,0,0,0,0,0,0,0,0,0,0,0,0,0,0,0,0,0,,,0,0,0,0,0,0,0,0,0,0,0,0,,,,0,0,0,0,0,0,0,,0,0,0,0,,0,0,,0,0,0,0,0,0,0,0,0,0,0,0
00-0035965,T.Galeai,Tipa Galeai,LB,LB,"https://static.www.nfl.com/image/private/f_auto,q_auto/league/blwenldenlptx2vlnver",2021,REG,GB,6,0,0,0,0,0,0,0,0,0,0,0,0,,,0,,0,0,0,0,0,0,0,0,0,0,,0,0,0,0,0,0,0,0,0,0,0,0,0,0,,0,0,0,0,0,,0,0,0,0,6,1,5,1,3,0,1,3,1,0,0,0,0,0,0,0,0,0,0,0,0,0,0,0,0,0,0,0,0,0,0,0,0,0,0,0,,,0,0,0,0,0,0,0,0,0,0,0,0,,,,0,0,0,0,0,0,0,,0,0,0,0,,0,0,,0,0,0,0,0,0,0,0,0,0,0,0
00-0035973,P.Taylor,Patrick Taylor,RB,RB,"https://static.www.nfl.com/image/upload/f_auto,q_auto/league/nd1utxii5exwfoujq5a4",2021,REG,GB,5,0,0,0,0,0,0,0,0,0,0,0,0,,,0,,0,0,0,0,23,89,1,0,0,5,0.288525637704879,0,2,1,0,0,2,2,3,0,0,0,-2,5,1,1.0177918249392,0,0,0,0,0,-1.5,0.00350877192982456,-0.000436871996505024,0.00495734749718333,0,1,0,0,0,0,0,0,0,0,0,0,0,0,0,0,0,0,0,0,0,0,1,10,0,0,0,0,0,0,0,0,0,0,0,0,0,,,0,0,0,0,0,0,0,0,0,0,0,0,,,,0,0,0,0,0,0,0,,0,0,0,0,,0,0,,0,0,0,0,0,0,0,0,0,0,15.2,17.2
00-0035976,D.Chisena,Dan Chisena,WR,WR,"https://static.www.nfl.com/image/upload/f_auto,q_auto/league/ajn5xdsfu4tn4mohmlg3",2021,REG,MIN,2,0,0,0,0,0,0,0,0,0,0,0,0,,,0,,0,0,0,0,0,0,0,0,0,0,,0,0,0,0,0,0,0,0,0,0,0,0,0,0,,0,0,0,0,0,,0,0,0,0,2,0,1,0,0,0,0,0,0,0,0,0,0,0,0,0,0,0,0,0,0,0,0,0,0,0,0,0,0,0,0,0,0,0,0,0,,,0,0,0,0,0,0,0,0,0,0,0,0,,,,0,0,0,0,0,0,0,,0,0,0,0,,0,0,,0,0,0,0,0,0,0,0,0,0,0,0
00-0035979,M.Dorn,Myles Dorn,SAF,DB,"https://static.www.nfl.com/image/private/f_auto,q_auto/league/vpgb60paptcfiiaq89f7",2021,REG,MIN,2,0,0,0,0,0,0,0,0,0,0,0,0,,,0,,0,0,0,0,0,0,0,0,0,0,,0,0,0,0,0,0,0,0,0,0,0,0,0,0,,0,0,0,0,0,,0,0,0,0,1,0,2,0,0,0,0,0,0,0,0,0,0,0,0,0,0,0,0,0,0,0,0,0,0,0,0,0,0,0,0,0,0,0,0,0,,,0,0,0,0,0,0,0,0,0,0,0,0,,,,0,0,0,0,0,0,0,,0,0,0,0,,0,0,,0,0,0,0,0,0,0,0,0,0,0,0
00-0035984,B.Lynch,Blake Lynch,LB,LB,"https://static.www.nfl.com/image/upload/f_auto,q_auto/league/r2skp5v2pgvumlmqzhgl",2021,REG,MIN,11,0,0,0,0,0,0,0,0,0,0,0,0,,,0,,0,0,0,0,0,0,0,0,0,0,,0,0,0,0,0,0,0,0,0,0,0,0,0,0,,0,0,0,0,0,,0,0,0,0,21,2,12,1,7,1,2,16,1,1,2,2,0,0,0,0,0,0,1,0,0,0,0,0,0,0,0,0,0,0,0,0,0,0,0,0,,,0,0,0,0,0,0,0,0,0,0,0,0,,,,0,0,0,0,0,0,0,,0,0,0,0,,0,0,,0,0,0,0,0,0,0,0,0,0,0,0
00-0035985,D.Moa,David Moa,DT,DL,"https://static.www.nfl.com/image/private/f_auto,q_auto/league/n95d4esakuqldwgt1i3v",2021,REG,NYG,2,0,0,0,0,0,0,0,0,0,0,0,0,,,0,,0,0,0,0,0,0,0,0,0,0,,0,0,0,0,0,0,0,0,0,0,0,0,0,0,,0,0,0,0,0,,0,0,0,0,1,0,2,0,0,0,0,0,0,0,0,0,0,0,0,0,0,0,0,0,0,0,0,0,0,0,0,0,0,0,0,0,0,0,0,0,,,0,0,0,0,0,0,0,0,0,0,0,0,,,,0,0,0,0,0,0,0,,0,0,0,0,,0,0,,0,0,0,0,0,0,0,0,0,0,0,0
00-0035992,T.Colon,Trystan Colon,C,OL,"https://static.www.nfl.com/image/upload/f_auto,q_auto/league/qbh3ipmfn5vfxd8a3cis",2021,REG,BAL,2,0,0,0,0,0,0,0,0,0,0,0,0,,,0,,0,0,0,0,0,0,0,0,0,0,,0,0,0,0,0,0,0,0,0,0,0,0,0,0,,0,0,0,0,0,,0,0,0,0,1,0,0,0,0,0,0,0,0,0,0,0,0,0,0,0,0,0,0,0,0,1,9,0,0,0,0,0,0,0,0,0,0,0,0,0,,,0,0,0,0,0,0,0,0,0,0,0,0,,,,0,0,0,0,0,0,0,,0,0,0,0,,0,0,,0,0,0,0,0,0,0,0,0,0,0,0
00-0035993,T.Huntley,Tyler Huntley,QB,QB,"https://static.www.nfl.com/image/upload/f_auto,q_auto/league/zqrzxwprqfsh4t4aa8lk",2021,REG,BAL,7,122,188,1081,3,4,18,-107,3,2,1407,446,55,-30.697212040843,-1.05324490712239,0,0.768301350390903,43,14,11,1,47,294,2,1,1,22,15.7207509490556,0,13,10,1,0,0,0,0,0,0,0,0,0,0,,0,0,0,0,0,,0,0,0,0,0,0,0,0,0,0,0,0,0,0,0,0,0,0,0,0,1,0,0,0,0,2,25,4,0,1,4,3,0,0,0,0,0,0,0,0,,,0,0,0,0,0,0,0,0,0,0,0,0,,,,0,0,0,0,0,0,0,,0,0,0,0,,0,0,,0,0,0,0,0,0,0,0,0,0,82.64,82.64
00-0035995,G.Arnold,Grayland Arnold,SAF,DB,"https://static.www.nfl.com/image/upload/f_auto,q_auto/league/hl3qqnsctx0o0ocwt37h",2021,REG,HOU,1,0,0,0,0,0,0,0,0,0,0,0,0,,,0,,0,0,0,0,0,0,0,0,0,0,,0,0,0,0,0,0,0,0,0,0,0,0,0,0,,0,0,0,0,0,,0,0,0,0,0,0,1,0,0,0,0,0,0,0,0,0,0,0,0,0,0,0,0,0,0,0,0,0,0,0,0,0,0,0,0,0,0,0,0,0,,,0,0,0,0,0,0,0,0,0,0,0,0,,,,0,0,0,0,0,0,0,,0,0,0,0,,0,0,,0,0,0,0,0,0,0,0,0,0,0,0
00-0036002,E.Riley,Elijah Riley,DB,DB,"https://static.www.nfl.com/image/upload/f_auto,q_auto/league/gqddvgy98q4lnvljvuee",2021,REG,NYJ,7,0,0,0,0,0,0,0,0,0,0,0,0,,,0,,0,0,0,0,0,0,0,0,0,0,,0,0,0,0,0,0,0,0,0,0,0,0,0,0,,0,0,0,0,0,,0,0,0,0,20,3,22,2,4,0,1,0,1,0,0,1,0,0,0,0,0,0,0,0,0,0,0,0,0,0,0,0,0,0,0,0,0,0,0,0,,,0,0,0,0,0,0,0,0,0,0,0,0,,,,0,0,0,0,0,0,0,,0,0,0,0,,0,0,,0,0,0,0,0,0,0,0,0,0,0,0
00-0036005,N.Togiai,Noah Togiai,TE,TE,"https://static.www.nfl.com/image/private/f_auto,q_auto/league/evxzsdrwsxqg5jobzl0r",2021,REG,PHI,1,0,0,0,0,0,0,0,0,0,0,0,0,,,0,,0,0,0,0,0,0,0,0,0,0,,0,0,0,0,0,0,0,0,0,0,0,0,0,0,,0,0,0,0,0,,0,0,0,0,1,0,1,0,0,0,0,0,0,0,0,0,0,0,0,0,0,0,0,0,0,1,10,0,0,0,0,0,0,0,0,0,0,0,0,0,,,0,0,0,0,0,0,0,0,0,0,0,0,,,,0,0,0,0,0,0,0,,0,0,0,0,,0,0,,0,0,0,0,0,0,0,0,0,0,0,0
00-0036007,R.Williams,Raequan Williams,DT,DL,"https://static.www.nfl.com/image/upload/f_auto,q_auto/league/hos5p5gfiouk3lueewug",2021,REG,PHI,1,0,0,0,0,0,0,0,0,0,0,0,0,,,0,,0,0,0,0,0,0,0,0,0,0,,0,0,0,0,0,0,0,0,0,0,0,0,0,0,,0,0,0,0,0,,0,0,0,0,1,0,1,0,0,0,0,0,0,0,0,0,0,0,0,0,0,0,0,0,0,0,0,0,0,0,0,0,0,0,0,0,0,0,0,0,,,0,0,0,0,0,0,0,0,0,0,0,0,,,,0,0,0,0,0,0,0,,0,0,0,0,,0,0,,0,0,0,0,0,0,0,0,0,0,0,0
00-0036010,J.Elliott,Jalen Elliott,DB,DB,"https://static.www.nfl.com/image/upload/f_auto,q_auto/league/gwcvitcgnttnroiskzen",2021,REG,DET,4,0,0,0,0,0,0,0,0,0,0,0,0,,,0,,0,0,0,0,0,0,0,0,0,0,,0,0,0,0,0,0,0,0,0,0,0,0,0,0,,0,0,0,0,0,,0,0,0,0,7,0,5,0,0,0,0,0,0,0,0,0,0,0,0,0,0,0,0,0,0,0,0,0,0,0,0,0,0,0,0,0,0,0,0,0,,,0,0,0,0,0,0,0,0,0,0,0,0,,,,0,0,0,0,0,0,0,,0,0,0,0,,0,0,,0,0,0,0,0,0,0,0,0,0,0,0
00-0036011,B.Price,Bobby Price,DB,DB,"https://static.www.nfl.com/image/upload/f_auto,q_auto/league/rlgj4rky5w5k3k53yk4q",2021,REG,DET,9,0,0,0,0,0,0,0,0,0,0,0,0,,,0,,0,0,0,0,0,0,0,0,0,0,,0,0,0,0,0,1,1,17,0,0,0,9,8,1,4.22529885149561,0,1,1,0,0,1.88888888888889,0.00176991150442478,0.00237906423473434,0.0043202122209512,0,11,1,6,0,0,0,0,0,0,0,0,3,0,0,0,0,0,0,0,0,0,2,11,0,0,0,0,0,0,0,0,0,0,0,0,0,,,0,0,0,0,0,0,0,0,0,0,0,0,,,,0,0,0,0,0,0,0,,0,0,0,0,,0,0,,0,0,0,0,0,0,0,0,0,0,1.7,2.7
00-0036013,A.Siposs,Arryn Siposs,P,SPEC,"https://static.www.nfl.com/image/private/f_auto,q_auto/league/xyrhamalmegp65bluphn",2021,REG,PHI,16,0,0,0,0,0,0,0,0,0,0,0,0,,,0,,0,0,0,0,0,0,0,0,0,0,,0,0,0,0,0,0,0,0,0,0,0,0,0,0,,0,0,0,0,0,,0,0,0,0,0,0,0,0,0,0,0,0,0,0,0,0,0,0,0,0,0,0,0,0,0,0,0,0,0,0,0,0,0,0,0,0,0,0,0,0,,,0,0,0,0,0,0,0,0,0,0,0,0,,,,0,0,0,0,0,0,0,,0,0,0,0,,55,0,68,2416,17,6,10,3,12,24,225,0,2131,0,0
00-0036014,S.Wirtel,Steven Wirtel,LS,SPEC,"https://static.www.nfl.com/image/private/f_auto,q_auto/league/h86ga0zq9zzor1xr0gw0",2021,REG,GB,1,0,0,0,0,0,0,0,0,0,0,0,0,,,0,,0,0,0,0,0,0,0,0,0,0,,0,0,0,0,0,0,0,0,0,0,0,0,0,0,,0,0,0,0,0,,0,0,0,0,1,0,0,0,0,0,0,0,0,0,0,0,0,0,0,0,0,0,0,0,0,0,0,0,0,0,0,0,0,0,0,0,0,0,0,0,,,0,0,0,0,0,0,0,0,0,0,0,0,,,,0,0,0,0,0,0,0,,0,0,0,0,,0,0,,0,0,0,0,0,0,0,0,0,0,0,0
00-0036020,S.Ahmed,Salvon Ahmed,RB,RB,"https://static.www.nfl.com/image/upload/f_auto,q_auto/league/pwpbwvqv5nslmayu2aob",2021,REG,MIA,11,0,0,0,0,0,0,0,0,0,0,0,0,,,0,,0,0,0,0,54,149,0,0,0,8,-11.9648676317302,0,3,2,0,0,12,19,117,0,0,0,41,123,4,1.72769447017345,0,4,2,0,0,2.85365853658537,0.0317195325542571,0.00917020800715724,0.0539984444363957,0,1,0,0,0,0,0,0,0,0,0,0,0,0,0,0,0,0,0,0,0,0,0,0,0,0,0,0,0,0,0,0,0,0,0,0,0,,,0,0,0,0,0,0,0,0,0,0,0,0,,,,0,0,0,0,0,0,0,,0,0,0,0,,0,0,,0,0,0,0,0,0,0,0,0,0,26.6,38.6
00-0036028,F.Bernard,Francis Bernard,LB,LB,"https://static.www.nfl.com/image/private/f_auto,q_auto/league/gi4h9bf097paru2rn1gm",2021,REG,DAL,5,0,0,0,0,0,0,0,0,0,0,0,0,,,0,,0,0,0,0,0,0,0,0,0,0,,0,0,0,0,0,0,0,0,0,0,0,0,0,0,,0,0,0,0,0,,0,0,0,0,1,0,3,0,0,0,0,0,0,0,0,0,0,0,0,0,0,0,0,0,0,1,10,0,0,0,0,0,0,0,0,0,0,0,0,0,,,0,0,0,0,0,0,0,0,0,0,0,0,,,,0,0,0,0,0,0,0,,0,0,0,0,,0,0,,0,0,0,0,0,0,0,0,0,0,0,0
00-0036029,R.Carter,Ron'Dell Carter,LB,LB,"https://static.www.nfl.com/image/private/f_auto,q_auto/league/cc5uuhuvtvkmi1q1ii83",2021,REG,HOU,1,0,0,0,0,0,0,0,0,0,0,0,0,,,0,,0,0,0,0,0,0,0,0,0,0,,0,0,0,0,0,0,0,0,0,0,0,0,0,0,,0,0,0,0,0,,0,0,0,0,0,0,0,0,0,0,0,0,0,0,0,0,0,0,0,0,0,0,0,0,0,1,5,0,0,0,0,0,0,0,0,0,0,0,0,0,,,0,0,0,0,0,0,0,0,0,0,0,0,,,,0,0,0,0,0,0,0,,0,0,0,0,,0,0,,0,0,0,0,0,0,0,0,0,0,0,0
00-0036030,L.Hamilton,La'Darius Hamilton,LB,LB,"https://static.www.nfl.com/image/private/f_auto,q_auto/league/reertkarzxaguz8w1mux",2021,REG,GB,3,0,0,0,0,0,0,0,0,0,0,0,0,,,0,,0,0,0,0,0,0,0,0,0,0,,0,0,0,0,0,0,0,0,0,0,0,0,0,0,,0,0,0,0,0,,0,0,0,0,2,0,1,0,0,0,0,0,2,0,0,0,0,0,0,0,0,0,0,0,0,0,0,0,0,0,0,0,0,0,0,0,0,0,0,0,,,0,0,0,0,0,0,0,0,0,0,0,0,,,,0,0,0,0,0,0,0,,0,0,0,0,,0,0,,0,0,0,0,0,0,0,0,0,0,0,0
00-0036032,S.McKeon,Sean McKeon,TE,TE,"https://static.www.nfl.com/image/upload/f_auto,q_auto/league/vtkdheedmwcb2sjunayt",2021,REG,DAL,5,0,0,0,0,0,0,0,0,0,0,0,0,,,0,,0,0,0,0,0,0,0,0,0,0,,0,0,0,0,0,4,6,27,1,0,0,27,10,2,0.243085776921362,0,2,0,0,0,1,0.00941915227629513,0.00527756059421423,0.0178230208303927,0,0,0,1,0,0,0,0,0,0,0,0,0,0,0,0,0,0,0,0,0,0,0,0,0,0,0,0,0,0,0,0,0,0,0,0,0,,,0,0,0,0,0,0,0,0,0,0,0,0,,,,0,0,0,0,0,0,0,,0,0,0,0,,0,0,,0,0,0,0,0,0,0,0,0,0,8.7,12.7
00-0036036,T.Steele,Terence Steele,OT,OL,"https://static.www.nfl.com/image/upload/f_auto,q_auto/league/ezmoh6joqsserp3ogcqc",2021,REG,DAL,8,0,0,0,0,0,0,0,0,0,0,0,0,,,0,,0,0,0,0,0,0,0,0,0,0,,0,0,0,0,0,1,1,1,1,0,0,1,0,1,1.19108012208017,0,0,0,0,0,1,0.00156985871271586,0.00019546520719312,0.00249161371410897,0,1,0,0,0,0,0,0,0,0,0,0,0,0,0,0,0,0,0,0,0,0,8,60,0,0,0,0,0,0,0,0,0,0,0,0,0,,,0,0,0,0,0,0,0,0,0,0,0,0,,,,0,0,0,0,0,0,0,,0,0,0,0,,0,0,,0,0,0,0,0,0,0,0,0,0,6.1,7.1
00-0036037,S.Franklin,Sam Franklin Jr.,SAF,DB,"https://static.www.nfl.com/image/upload/f_auto,q_auto/league/djoisg0rjwm8t8dlskvn",2021,REG,CAR,9,0,0,0,0,0,0,0,0,0,0,0,0,,,0,,0,0,0,0,0,0,0,0,0,0,,0,0,0,0,0,0,0,0,0,0,0,0,0,0,,0,0,0,0,0,,0,0,0,0,13,6,5,1,1,0,0,0,1,0,0,1,0,0,0,0,0,0,0,0,0,0,0,0,0,0,0,0,0,0,0,0,0,0,0,0,,,0,0,0,0,0,0,0,0,0,0,0,0,,,,0,0,0,0,0,0,0,,0,0,0,0,,0,0,,0,0,0,0,0,0,0,0,0,0,0,0
00-0036040,J.Johnson,Juwan Johnson,TE,TE,"https://static.www.nfl.com/image/upload/f_auto,q_auto/league/wuyyzdqkh5fve8t7kfuv",2021,REG,NO,13,0,0,0,0,0,0,0,0,0,0,0,0,,,0,,0,0,0,0,0,0,0,0,0,0,,0,0,0,0,0,13,22,159,4,0,0,240,42,12,14.5892221026784,0,7,3,3,0,0.6625,0.0464135021097046,0.0640854472630174,0.114480066248669,0,0,0,1,0,0,0,0,0,0,0,0,0,0,0,0,0,0,0,0,0,0,1,10,0,0,0,0,0,0,0,0,0,0,0,0,0,,,0,0,0,0,0,0,0,0,0,0,0,0,,,,0,0,0,0,0,0,0,,0,0,0,0,,0,0,,0,0,0,0,0,0,0,0,0,0,39.9,52.9
00-0036043,J.Whittaker,Jace Whittaker,CB,DB,"https://static.www.nfl.com/image/private/f_auto,q_auto/league/qklqzam7wwoa2g06qsf9",2021,REG,ARI,1,0,0,0,0,0,0,0,0,0,0,0,0,,,0,,0,0,0,0,0,0,0,0,0,0,,0,0,0,0,0,0,0,0,0,0,0,0,0,0,,0,0,0,0,0,,0,0,0,0,2,0,1,0,0,0,0,0,1,0,0,0,0,0,0,0,0,0,0,0,0,0,0,0,0,0,0,0,0,0,0,0,0,0,0,0,,,0,0,0,0,0,0,0,0,0,0,0,0,,,,0,0,0,0,0,0,0,,0,0,0,0,,0,0,,0,0,0,0,0,0,0,0,0,0,0,0
00-0036045,C.Gill,Cam Gill,LB,LB,"https://static.www.nfl.com/image/upload/f_auto,q_auto/league/wxadtc7jcfyso4qdbeni",2021,REG,TB,7,0,0,0,0,0,0,0,0,0,0,0,0,,,0,,0,0,0,0,0,0,0,0,0,0,,0,0,0,0,0,0,0,0,0,0,0,0,0,0,,0,0,0,0,0,,0,0,0,0,7,0,4,1,8,0,1.5,11.5,3,0,0,0,0,0,0,0,0,0,0,0,0,0,0,0,0,0,0,0,0,0,0,0,0,0,0,0,,,0,0,0,0,0,0,0,0,0,0,0,0,,,,0,0,0,0,0,0,0,,0,0,0,0,,0,0,,0,0,0,0,0,0,0,0,0,0,0,0
00-0036050,B.Potoa'e,Benning Potoa'e,DE,DL,"https://static.www.nfl.com/image/private/f_auto,q_auto/league/dwe4xk0m7dyrifff5rtq",2021,REG,TB,1,0,0,0,0,0,0,0,0,0,0,0,0,,,0,,0,0,0,0,0,0,0,0,0,0,,0,0,0,0,0,0,0,0,0,0,0,0,0,0,,0,0,0,0,0,,0,0,0,0,0,0,1,0,0,0,0,0,0,0,0,0,0,0,0,0,0,0,0,0,0,0,0,0,0,0,0,0,0,0,0,0,0,0,0,0,,,0,0,0,0,0,0,0,0,0,0,0,0,,,,0,0,0,0,0,0,0,,0,0,0,0,,0,0,,0,0,0,0,0,0,0,0,0,0,0,0
00-0036056,G.Heslop,Gavin Heslop,DB,DB,"https://static.www.nfl.com/image/private/f_auto,q_auto/league/yigik9vx3eo96vrkxd4v",2021,REG,SEA,2,0,0,0,0,0,0,0,0,0,0,0,0,,,0,,0,0,0,0,0,0,0,0,0,0,,0,0,0,0,0,0,0,0,0,0,0,0,0,0,,0,0,0,0,0,,0,0,0,0,1,0,0,0,0,0,0,0,0,0,0,0,0,0,0,0,0,0,0,0,0,1,10,0,0,0,0,0,0,0,0,0,0,0,0,0,,,0,0,0,0,0,0,0,0,0,0,0,0,,,,0,0,0,0,0,0,0,,0,0,0,0,,0,0,,0,0,0,0,0,0,0,0,0,0,0,0
00-0036068,J.Jones,Jamir Jones,LB,LB,"https://static.www.nfl.com/image/private/f_auto,q_auto/league/zb3wywulp967xjcoy8vf",2021,REG,JAX,8,0,0,0,0,0,0,0,0,0,0,0,0,,,0,,0,0,0,0,0,0,0,0,0,0,,0,0,0,0,0,0,0,0,0,0,0,0,0,0,,0,0,0,0,0,,0,0,0,0,6,1,3,0,0,0,0,0,2,0,0,0,0,0,0,0,0,0,0,0,0,2,17,0,0,0,0,0,0,0,0,0,0,0,0,0,,,0,0,0,0,0,0,0,0,0,0,0,0,,,,0,0,0,0,0,0,0,,0,0,0,0,,0,0,,0,0,0,0,0,0,0,0,0,0,0,0
00-0036069,S.Phillips,Scottie Phillips,RB,RB,"https://static.www.nfl.com/image/private/f_auto,q_auto/league/wa1jecqwos8s5mslgvqk",2021,REG,HOU,2,0,0,0,0,0,0,0,0,0,0,0,0,,,0,,0,0,0,0,6,13,0,0,0,1,-1.65655156064895,0,0,0,0,0,2,3,9,0,0,0,2,7,0,-0.906036397063872,0,0,0,0,0,4.5,0.00573613766730402,0.000500375281461096,0.00895446919797879,0,0,0,0,0,0,0,0,0,0,0,0,0,0,0,0,0,0,0,0,0,0,0,0,0,0,0,0,0,0,0,0,0,0,0,0,0,,,0,0,0,0,0,0,0,0,0,0,0,0,,,,0,0,0,0,0,0,0,,0,0,0,0,,0,0,,0,0,0,0,0,0,0,0,0,0,2.2,4.2
00-0036076,C.Rivers,Chauncey Rivers,LB,LB,"https://static.www.nfl.com/image/private/f_auto,q_auto/league/pi3o8fqd4zz2bsbvvjhv",2021,REG,GB,2,0,0,0,0,0,0,0,0,0,0,0,0,,,0,,0,0,0,0,0,0,0,0,0,0,,0,0,0,0,0,0,0,0,0,0,0,0,0,0,,0,0,0,0,0,,0,0,0,0,2,0,0,0,0,0,0,0,0,0,0,0,0,0,0,0,0,0,0,0,0,0,0,0,0,0,0,0,0,0,0,0,0,0,0,0,,,0,0,0,0,0,0,0,0,0,0,0,0,,,,0,0,0,0,0,0,0,,0,0,0,0,,0,0,,0,0,0,0,0,0,0,0,0,0,0,0
00-0036077,J.Hughes,JuJu Hughes,S,DB,"https://static.www.nfl.com/image/private/f_auto,q_auto/league/nhb13pdrmatkyoouvyqk",2021,REG,LA,2,0,0,0,0,0,0,0,0,0,0,0,0,,,0,,0,0,0,0,0,0,0,0,0,0,,0,0,0,0,0,0,0,0,0,0,0,0,0,0,,0,0,0,0,0,,0,0,0,0,4,0,1,0,0,0,0,0,0,0,0,0,0,0,0,0,0,0,0,0,0,0,0,0,0,0,0,0,0,0,0,0,0,0,0,0,,,0,0,0,0,0,0,0,0,0,0,0,0,,,,0,0,0,0,0,0,0,,0,0,0,0,,0,0,,0,0,0,0,0,0,0,0,0,0,0,0
00-0036080,E.Winston,Easop Winston,WR,WR,"https://static.www.nfl.com/image/upload/f_auto,q_auto/league/qjqlxbgva6thln9lj9n5",2021,REG,NO,3,0,0,0,0,0,0,0,0,0,0,0,0,,,0,,0,0,0,0,0,0,0,0,0,0,,0,0,0,0,0,1,1,5,0,0,0,-4,9,0,-0.509274938609451,0,0,0,0,0,0,0.00210970464135021,-0.00106809078771696,0.00241689341062345,0,0,0,0,0,0,0,0,0,0,0,0,0,0,0,0,0,0,0,0,0,0,0,0,0,0,0,0,0,10,119,0,0,0,0,0,0,,,0,0,0,0,0,0,0,0,0,0,0,0,,,,0,0,0,0,0,0,0,,0,0,0,0,,0,0,,0,0,0,0,0,0,0,0,0,0,0.5,1.5
00-0036081,B.Washington,Broderick Washington,DT,DL,"https://static.www.nfl.com/image/upload/f_auto,q_auto/league/p5tkzkh6v2hda70lwojk",2021,REG,BAL,10,0,0,0,0,0,0,0,0,0,0,0,0,,,0,,0,0,0,0,0,0,0,0,0,0,,0,0,0,0,0,0,0,0,0,0,0,0,0,0,,0,0,0,0,0,,0,0,0,0,6,2,8,1,10,0,1,10,3,0,0,0,0,0,0,0,0,0,0,0,0,0,0,0,0,0,0,0,0,0,0,0,0,0,0,0,,,0,0,0,0,0,0,0,0,0,0,0,0,,,,0,0,0,0,0,0,0,,0,0,0,0,,0,0,,0,0,0,0,0,0,0,0,0,0,0,0
00-0036085,J.White,Javin White,DB,DB,"https://static.www.nfl.com/image/private/f_auto,q_auto/league/hlqkn5qdub5nq1g8en7b",2021,REG,NYJ,1,0,0,0,0,0,0,0,0,0,0,0,0,,,0,,0,0,0,0,0,0,0,0,0,0,,0,0,0,0,0,0,0,0,0,0,0,0,0,0,,0,0,0,0,0,,0,0,0,0,0,0,0,0,0,0,0,0,0,0,0,0,0,0,0,0,0,0,0,0,0,0,0,0,0,0,0,0,1,2,0,0,0,0,0,0,,,0,0,0,0,0,0,0,0,0,0,0,0,,,,0,0,0,0,0,0,0,,0,0,0,0,,0,0,,0,0,0,0,0,0,0,0,0,0,0,0
00-0036086,R.Berry,Rashod Berry,DE,DL,"https://static.www.nfl.com/image/private/f_auto,q_auto/league/fu2xopb9sal4pgfgln52",2021,REG,DET,3,0,0,0,0,0,0,0,0,0,0,0,0,,,0,,0,0,0,0,0,0,0,0,0,0,,0,0,0,0,0,0,0,0,0,0,0,0,0,0,,0,0,0,0,0,,0,0,0,0,2,0,1,0,0,0,0,0,1,0,0,0,0,0,0,0,0,0,0,0,0,0,0,0,0,0,0,0,0,0,0,0,0,0,0,0,,,0,0,0,0,0,0,0,0,0,0,0,0,,,,0,0,0,0,0,0,0,,0,0,0,0,,0,0,,0,0,0,0,0,0,0,0,0,0,0,0
00-0036087,M.Bryant,Myles Bryant,CB,DB,"https://static.www.nfl.com/image/upload/f_auto,q_auto/league/mslszzwcbmt6hafvvu7r",2021,REG,NE,11,0,0,0,0,0,0,0,0,0,0,0,0,,,0,,0,0,0,0,0,0,0,0,0,0,,0,0,0,0,0,0,0,0,0,0,0,0,0,0,,0,0,0,0,0,,0,0,0,0,25,3,13,2,13,1,1,8,2,1,33,3,0,0,0,0,0,0,0,0,0,2,30,0,0,0,0,0,0,0,0,0,0,0,0,0,,,0,0,0,0,0,0,0,0,0,0,0,0,,,,0,0,0,0,0,0,0,,0,0,0,0,,0,0,,0,0,0,0,0,0,0,0,0,0,0,0
00-0036090,D.Harris,De'Jon Harris,LB,LB,"https://static.www.nfl.com/image/private/f_auto,q_auto/league/zthcn7tvordk7so1bj4t",2021,REG,WAS,3,0,0,0,0,0,0,0,0,0,0,0,0,,,0,,0,0,0,0,0,0,0,0,0,0,,0,0,0,0,0,0,0,0,0,0,0,0,0,0,,0,0,0,0,0,,0,0,0,0,3,1,0,1,5,0,1,5,1,0,0,0,0,0,0,0,0,0,0,0,0,0,0,0,0,0,0,0,0,0,0,0,0,0,0,0,,,0,0,0,0,0,0,0,0,0,0,0,0,,,,0,0,0,0,0,0,0,,0,0,0,0,,0,0,,0,0,0,0,0,0,0,0,0,0,0,0
00-0036096,J.Taylor,J.J. Taylor,RB,RB,"https://static.www.nfl.com/image/upload/f_auto,q_auto/league/m8en6noemyviirgtxlgd",2021,REG,NE,5,0,0,0,0,0,0,0,0,0,0,0,0,,,0,,0,0,0,0,19,37,2,0,0,3,-5.11484302554163,0,1,1,0,0,4,4,8,0,1,1,-2,10,0,-6.87880512827542,0,0,0,0,0,-4,0.00763358778625954,-0.000466417910447761,0.0111238891420759,0,1,0,0,0,0,0,0,0,0,0,0,0,0,0,0,0,0,0,0,0,0,0,0,1,0,0,1,1,0,0,1,25,0,0,0,0,,,0,0,0,0,0,0,0,0,0,0,0,0,,,,0,0,0,0,0,0,0,,0,0,0,0,,0,0,,0,0,0,0,0,0,0,0,0,0,14.5,18.5
00-0036105,N.Leverett,Nick Leverett,G,OL,"https://static.www.nfl.com/image/upload/f_auto,q_auto/league/mm4gx4zriitdroyicczo",2021,REG,TB,1,0,0,0,0,0,0,0,0,0,0,0,0,,,0,,0,0,0,0,0,0,0,0,0,0,,0,0,0,0,0,0,0,0,0,0,0,0,0,0,,0,0,0,0,0,,0,0,0,0,0,0,0,0,0,0,0,0,0,0,0,0,0,0,0,0,0,0,0,0,0,1,5,0,0,0,0,0,0,0,0,0,0,0,0,0,,,0,0,0,0,0,0,0,0,0,0,0,0,,,,0,0,0,0,0,0,0,,0,0,0,0,,0,0,,0,0,0,0,0,0,0,0,0,0,0,0
00-0036110,J.Bradley,Ja'Marcus Bradley,WR,WR,"https://static.www.nfl.com/image/private/f_auto,q_auto/league/zt4nt4auwksfvxfclbwk",2021,REG,CLE,4,0,0,0,0,0,0,0,0,0,0,0,0,,,0,,0,0,0,0,0,0,0,0,0,0,,0,0,0,0,0,4,4,64,0,0,0,48,16,2,3.80186279304326,0,2,1,1,0,1.33333333333333,0.00801603206412826,0.0111835973904939,0.0198525662695381,0,2,0,1,0,0,0,0,0,0,0,0,0,0,0,0,0,0,0,0,0,0,0,0,0,0,0,0,0,0,0,2,49,0,0,0,0,,,0,0,0,0,0,0,0,0,0,0,0,0,,,,0,0,0,0,0,0,0,,0,0,0,0,,0,0,,0,0,0,0,0,0,0,0,0,0,6.4,10.4
00-0036114,A.Green,A.J. Green,CB,DB,"https://static.www.nfl.com/image/upload/f_auto,q_auto/league/lacmlfcdn7rcfdxkfkfp",2021,REG,CLE,8,0,0,0,0,0,0,0,0,0,0,0,0,,,0,,0,0,0,0,0,0,0,0,0,0,,0,0,0,0,0,0,0,0,0,0,0,0,0,0,,0,0,0,0,0,,0,0,0,0,13,2,6,0,0,0,0,0,0,1,1,6,0,0,0,0,1,0,1,16,0,1,33,0,0,0,0,0,0,0,0,0,0,0,0,0,,,0,0,0,0,0,0,0,0,0,0,0,0,,,,0,0,0,0,0,0,0,,0,0,0,0,,0,0,,0,0,0,0,0,0,0,0,0,0,0,0
00-0036118,J.Moffatt,Jovante Moffatt,SAF,DB,"https://static.www.nfl.com/image/private/f_auto,q_auto/league/jdrrcesdp7b5sqojxrle",2021,REG,CLE,2,0,0,0,0,0,0,0,0,0,0,0,0,,,0,,0,0,0,0,0,0,0,0,0,0,,0,0,0,0,0,0,0,0,0,0,0,0,0,0,,0,0,0,0,0,,0,0,0,0,4,1,4,0,0,0,0,0,0,0,0,0,0,0,0,0,0,0,0,0,0,0,0,0,0,0,0,0,0,0,0,0,0,0,0,0,,,0,0,0,0,0,0,0,0,0,0,0,0,,,,0,0,0,0,0,0,0,,0,0,0,0,,0,0,,0,0,0,0,0,0,0,0,0,0,0,0
00-0036127,N.Warrior,Nigel Warrior,DB,DB,"https://static.www.nfl.com/image/private/f_auto,q_auto/league/ioejjsyd2kilihxrpjoc",2021,REG,SEA,1,0,0,0,0,0,0,0,0,0,0,0,0,,,0,,0,0,0,0,0,0,0,0,0,0,,0,0,0,0,0,0,0,0,0,0,0,0,0,0,,0,0,0,0,0,,0,0,0,0,1,0,0,0,0,0,0,0,0,0,0,0,0,0,0,0,0,0,0,0,0,0,0,0,0,0,0,0,0,0,0,0,0,0,0,0,,,0,0,0,0,0,0,0,0,0,0,0,0,,,,0,0,0,0,0,0,0,,0,0,0,0,,0,0,,0,0,0,0,0,0,0,0,0,0,0,0
00-0036130,J.Madubuike,Nnamdi Madubuike,DT,DL,"https://static.www.nfl.com/image/upload/f_auto,q_auto/league/zvqf4b2ks5pwfkzynt5d",2021,REG,BAL,14,0,0,0,0,0,0,0,0,0,0,0,0,,,0,,0,0,0,0,0,0,0,0,0,0,,0,0,0,0,0,0,0,0,0,0,0,0,0,0,,0,0,0,0,0,,0,0,0,0,21,2,13,6,24,0,2,15,5,0,0,2,0,0,0,0,0,0,0,0,0,2,20,0,0,0,0,0,0,0,0,0,0,0,0,0,,,0,0,0,0,0,0,0,0,0,0,0,0,,,,0,0,0,0,0,0,0,,0,0,0,0,,0,0,,0,0,0,0,0,0,0,0,0,0,0,0
00-0036131,S.Kindley,Solomon Kindley,G,OL,"https://static.www.nfl.com/image/private/f_auto,q_auto/league/tu53sfjr4zoekygoqsbz",2021,REG,MIA,1,0,0,0,0,0,0,0,0,0,0,0,0,,,0,,0,0,0,0,0,0,0,0,0,0,,0,0,0,0,0,0,0,0,0,0,0,0,0,0,,0,0,0,0,0,,0,0,0,0,0,0,0,0,0,0,0,0,0,0,0,0,0,0,0,0,0,0,0,0,0,1,5,0,0,0,0,0,0,0,0,0,0,0,0,0,,,0,0,0,0,0,0,0,0,0,0,0,0,,,,0,0,0,0,0,0,0,,0,0,0,0,,0,0,,0,0,0,0,0,0,0,0,0,0,0,0
00-0036133,J.Proche,James Proche,WR,WR,"https://static.www.nfl.com/image/upload/f_auto,q_auto/league/s1jyxzrzgn2od1sempye",2021,REG,BAL,7,0,0,0,0,0,0,0,0,0,0,0,0,,,0,,0,0,0,0,0,0,0,0,0,0,,0,0,0,0,0,16,20,202,0,0,0,192,55,10,14.3153648964362,0,8,4,2,0,1.05208333333333,0.0338409475465313,0.036697247706422,0.0764494947142924,0,0,0,0,0,0,0,0,0,0,0,0,0,0,0,0,0,0,0,0,0,0,0,0,0,0,0,0,0,0,0,2,22,0,0,0,0,,,0,0,0,0,0,0,0,0,0,0,0,0,,,,0,0,0,0,0,0,0,,0,0,0,0,,0,0,,0,0,0,0,0,0,0,0,0,0,20.2,36.2
00-0036137,A.Kamara,Azur Kamara,DE,DL,"https://static.www.nfl.com/image/private/f_auto,q_auto/league/u24qqjqcd9zqlvbjhsan",2021,REG,DAL,3,0,0,0,0,0,0,0,0,0,0,0,0,,,0,,0,0,0,0,0,0,0,0,0,0,,0,0,0,0,0,0,0,0,0,0,0,0,0,0,,0,0,0,0,0,,0,0,0,0,2,0,1,0,0,0,0,0,0,0,0,0,0,0,0,0,0,0,0,0,0,1,15,0,0,0,0,0,0,0,0,0,0,0,0,0,,,0,0,0,0,0,0,0,0,0,0,0,0,,,,0,0,0,0,0,0,0,,0,0,0,0,,0,0,,0,0,0,0,0,0,0,0,0,0,0,0
00-0036149,J.Guidry,Javelin Guidry,CB,DB,"https://static.www.nfl.com/image/private/f_auto,q_auto/league/bw1ritix1dxzjjjoxb6q",2021,REG,NYJ,13,0,0,0,0,0,0,0,0,0,0,0,0,,,0,,0,0,0,0,0,0,0,0,0,0,,0,0,0,0,0,0,0,0,0,0,0,0,0,0,,0,0,0,0,0,,0,0,0,0,28,5,15,1,2,0,0,0,1,0,0,3,0,0,0,0,0,0,0,0,0,0,0,0,0,0,0,0,0,0,0,0,0,0,0,0,,,0,0,0,0,0,0,0,0,0,0,0,0,,,,0,0,0,0,0,0,0,,0,0,0,0,,0,0,,0,0,0,0,0,0,0,0,0,0,0,0
00-0036151,B.Huff,Bryce Huff,DE,DL,"https://static.www.nfl.com/image/upload/f_auto,q_auto/league/pminx3vvyt9laihkxk55",2021,REG,NYJ,8,0,0,0,0,0,0,0,0,0,0,0,0,,,0,,0,0,0,0,0,0,0,0,0,0,,0,0,0,0,0,0,0,0,0,0,0,0,0,0,,0,0,0,0,0,,0,0,0,0,4,1,9,1,7,0,2,15,8,0,0,0,0,0,0,0,0,0,0,0,0,1,4,0,0,0,0,0,0,0,0,0,0,0,0,0,,,0,0,0,0,0,0,0,0,0,0,0,0,,,,0,0,0,0,0,0,0,,0,0,0,0,,0,0,,0,0,0,0,0,0,0,0,0,0,0,0
00-0036157,K.Welch,Kristian Welch,LB,LB,"https://static.www.nfl.com/image/upload/f_auto,q_auto/league/ctdrib67gqytr9v2bnpn",2021,REG,BAL,9,0,0,0,0,0,0,0,0,0,0,0,0,,,0,,0,0,0,0,0,0,0,0,0,0,,0,0,0,0,0,0,0,0,0,0,0,0,0,0,,0,0,0,0,0,,0,0,0,0,3,0,10,0,0,0,0,0,0,0,0,0,0,0,0,0,0,0,0,0,0,1,10,0,0,0,0,0,0,0,0,0,0,0,0,0,,,0,0,0,0,0,0,0,0,0,0,0,0,,,,0,0,0,0,0,0,0,,0,0,0,0,,0,0,,0,0,0,0,0,0,0,0,0,0,0,0
00-0036159,J.Uche,Joshua Uche,LB,LB,"https://static.www.nfl.com/image/upload/f_auto,q_auto/league/t7ahfah5ks9tispkebd5",2021,REG,NE,9,0,0,0,0,0,0,0,0,0,0,0,0,,,0,,0,0,0,0,0,0,0,0,0,0,,0,0,0,0,0,0,0,0,0,0,0,0,0,0,,0,0,0,0,0,,0,0,0,0,10,0,2,3,23,0,3,23,4,0,0,0,0,0,0,0,0,0,1,0,0,1,5,0,0,0,0,0,0,0,0,0,0,0,0,0,,,0,0,0,0,0,0,0,0,0,0,0,0,,,,0,0,0,0,0,0,0,,0,0,0,0,,0,0,,0,0,0,0,0,0,0,0,0,0,0,0
00-0036162,T.Bass,Tyler Bass,K,SPEC,"https://static.www.nfl.com/image/upload/f_auto,q_auto/league/zqfia1sgrigi3son5fkw",2021,REG,BUF,17,0,0,0,0,0,0,0,0,0,0,0,0,,,0,,0,0,0,0,0,0,0,0,0,0,,0,0,0,0,0,0,0,0,0,0,0,0,0,0,,0,0,0,0,0,,0,0,0,0,1,0,0,0,0,0,0,0,0,0,0,0,0,0,0,0,0,0,0,0,0,0,0,0,0,0,0,0,0,0,0,0,28,32,4,0,57,0.875,0,15,7,4,2,0,0,0,1,1,2,0,37;25;42;21;48;29;33;26;21;28;30;24;28;52;57;39;24;41;29;34;35;21;25;26;25;34;41;21,53;57;49;33,,896,192,0,51,51,0,0,1,0,0,0,0,,0,0,,0,0,0,0,0,0,0,0,0,0,0,0
00-0036163,J.Herron,Justin Herron,G,OL,"https://static.www.nfl.com/image/upload/f_auto,q_auto/league/fkcvjzqkpstczinzzbrr",2021,REG,NE,2,0,0,0,0,0,0,0,0,0,0,0,0,,,0,,0,0,0,0,0,0,0,0,0,0,,0,0,0,0,0,0,0,0,0,0,0,0,0,0,,0,0,0,0,0,,0,0,0,0,0,0,0,0,0,0,0,0,0,0,0,0,0,0,0,0,0,0,0,0,0,2,20,0,0,0,0,0,0,0,0,0,0,0,0,0,,,0,0,0,0,0,0,0,0,0,0,0,0,,,,0,0,0,0,0,0,0,,0,0,0,0,,0,0,,0,0,0,0,0,0,0,0,0,0,0,0
00-0036166,D.Jackson,Dane Jackson,CB,DB,"https://static.www.nfl.com/image/upload/f_auto,q_auto/league/pd5hj8idoykjrnwurduz",2021,REG,BUF,11,0,0,0,0,0,0,0,0,0,0,0,0,,,0,,0,0,0,0,0,0,0,0,0,0,,0,0,0,0,0,0,0,0,0,0,0,0,0,0,,0,0,0,0,0,,0,0,0,0,31,2,8,0,0,0,0,0,0,0,0,6,0,0,0,0,0,0,0,0,0,2,16,0,0,0,0,0,0,0,0,0,0,0,0,0,,,0,0,0,0,0,0,0,0,0,0,0,0,,,,0,0,0,0,0,0,0,,0,0,0,0,,0,0,,0,0,0,0,0,0,0,0,0,0,0,0
00-0036167,T.Crowder,Tae Crowder,LB,LB,"https://static.www.nfl.com/image/private/f_auto,q_auto/league/sfwj4dhe8eihhmjncd7q",2021,REG,NYG,17,0,0,0,0,0,0,0,0,0,0,0,0,,,0,,0,0,0,0,0,0,0,0,0,0,,0,0,0,0,0,0,0,0,0,0,0,0,0,0,,0,0,0,0,0,,0,0,0,0,53,11,66,2,6,1,0,0,1,2,26,6,0,1,0,0,0,0,0,0,0,2,30,1,0,1,1,0,0,0,0,0,0,0,0,0,,,0,0,0,0,0,0,0,0,0,0,0,0,,,,0,0,0,0,0,0,0,,0,0,0,0,,0,0,,0,0,0,0,0,0,0,0,0,0,0,0
00-0036168,D.Eberle,Dominik Eberle,K,SPEC,"https://static.www.nfl.com/image/private/f_auto,q_auto/league/qpxu1wxnmlrxtg4dd2dg",2021,REG,HOU,1,0,0,0,0,0,0,0,0,0,0,0,0,,,0,,0,0,0,0,0,0,0,0,0,0,,0,0,0,0,0,0,0,0,0,0,0,0,0,0,,0,0,0,0,0,,0,0,0,0,0,0,0,0,0,0,0,0,0,0,0,0,0,0,0,0,0,0,0,0,0,0,0,0,0,0,0,0,0,0,0,0,2,3,1,0,51,0.666666666666667,0,1,0,0,1,0,0,0,0,0,1,0,51;25,52,,76,52,0,5,5,0,0,1,0,0,0,0,,0,0,,0,0,0,0,0,0,0,0,0,0,0,0
00-0036171,A.Brewer,Aaron Brewer,C,OL,"https://static.www.nfl.com/image/upload/f_auto,q_auto/league/acczyg9uo4jbervsjb4o",2021,REG,TEN,4,0,0,0,0,0,0,0,0,0,0,0,0,,,0,,0,0,0,0,0,0,0,0,0,0,,0,0,0,0,0,0,0,0,0,0,0,0,0,0,,0,0,0,0,0,,0,0,0,0,0,0,0,0,0,0,0,0,0,0,0,0,0,0,0,0,1,-17,0,0,0,3,20,0,1,0,1,0,0,0,0,0,0,0,0,0,,,0,0,0,0,0,0,0,0,0,0,0,0,,,,0,0,0,0,0,0,0,,0,0,0,0,,0,0,,0,0,0,0,0,0,0,0,0,0,0,0
00-0036173,T.Hudson,Tommy Hudson,TE,TE,"https://static.www.nfl.com/image/private/f_auto,q_auto/league/qjv7a2gvgt7w8voytjeb",2021,REG,TEN,4,0,0,0,0,0,0,0,0,0,0,0,0,,,0,,0,0,0,0,0,0,0,0,0,0,,0,0,0,0,0,3,6,31,0,0,0,30,24,2,-5.39792847880744,0,2,0,0,0,1.03333333333333,0.0114942528735632,0.00749063670411985,0.0224848250032287,0,0,0,0,0,0,0,0,0,0,0,0,0,0,0,0,0,0,0,0,0,0,0,0,0,0,0,0,0,0,0,0,0,0,0,0,0,,,0,0,0,0,0,0,0,0,0,0,0,0,,,,0,0,0,0,0,0,0,,0,0,0,0,,0,0,,0,0,0,0,0,0,0,0,0,0,3.1,6.1
00-0036176,M.Kinsey,Mason Kinsey,WR,WR,"https://static.www.nfl.com/image/upload/f_auto,q_auto/league/hbslm9pimpxgoeti32jf",2021,REG,TEN,1,0,0,0,0,0,0,0,0,0,0,0,0,,,0,,0,0,0,0,0,0,0,0,0,0,,0,0,0,0,0,0,0,0,0,0,0,0,0,0,,0,0,0,0,0,,0,0,0,0,0,0,0,0,0,0,0,0,0,0,0,0,0,0,0,0,0,0,0,0,0,0,0,0,0,0,0,0,0,0,0,0,0,0,0,0,,,0,0,0,0,0,0,0,0,0,0,0,0,,,,0,0,0,0,0,0,0,,0,0,0,0,,0,0,,0,0,0,0,0,0,0,0,0,0,0,0
00-0036181,T.Tart,Teair Tart,DT,DL,"https://static.www.nfl.com/image/upload/f_auto,q_auto/league/arx3xgdgct71ljt18bqa",2021,REG,TEN,9,0,0,0,0,0,0,0,0,0,0,0,0,,,0,,0,0,0,0,0,0,0,0,0,0,,0,0,0,0,0,0,0,0,0,0,0,0,0,0,,0,0,0,0,0,,0,0,0,0,8,2,6,2,4,0,0,0,1,0,0,0,0,0,0,0,0,0,0,0,0,0,0,0,0,0,0,0,0,0,0,0,0,0,0,0,,,0,0,0,0,0,0,0,0,0,0,0,0,,,,0,0,0,0,0,0,0,,0,0,0,0,,0,0,,0,0,0,0,0,0,0,0,0,0,0,0
00-0036182,N.Westbrook-Ikhine,Nick Westbrook-Ikhine,WR,WR,"https://static.www.nfl.com/image/upload/f_auto,q_auto/league/plgwfjcbl5quoi2jrass",2021,REG,TEN,15,0,0,0,0,0,0,0,0,0,0,0,0,,,0,,0,0,0,0,0,0,0,0,0,0,,0,0,0,0,0,38,57,476,4,1,1,606,144,23,21.7694145615197,0,20,8,5,1,0.785478547854785,0.109195402298851,0.151310861423221,0.269710706444531,0,1,0,2,0,0,0,0,0,0,0,0,0,0,0,0,0,0,0,0,0,0,1,15,1,0,0,1,1,0,0,0,0,0,0,0,0,,,0,0,0,0,0,0,0,0,0,0,0,0,,,,0,0,0,0,0,0,0,,0,0,0,0,,0,0,,0,0,0,0,0,0,0,0,0,0,69.6,107.6
00-0036183,K.Wilkerson,Kristian Wilkerson,WR,WR,"https://static.www.nfl.com/image/upload/f_auto,q_auto/league/kwvkhsgyvfsbzhihhh7c",2021,REG,NE,1,0,0,0,0,0,0,0,0,0,0,0,0,,,0,,0,0,0,0,0,0,0,0,0,0,,0,0,0,0,0,4,8,42,2,0,0,132,5,2,1.9433473990066,0,1,1,1,0,0.318181818181818,0.0152671755725191,0.0307835820895522,0.0444492708214652,0,0,0,0,0,0,0,0,0,0,0,0,0,0,0,0,0,0,0,0,0,0,0,0,0,0,0,0,0,0,0,0,0,0,0,0,0,,,0,0,0,0,0,0,0,0,0,0,0,0,,,,0,0,0,0,0,0,0,,0,0,0,0,,0,0,,0,0,0,0,0,0,0,0,0,0,16.2,20.2
00-0036187,R.Gilliam,Reggie Gilliam,RB,RB,"https://static.www.nfl.com/image/upload/f_auto,q_auto/league/nizwldzesen1vg31inu1",2021,REG,BUF,8,0,0,0,0,0,0,0,0,0,0,0,0,,,0,,0,0,0,0,3,3,0,0,0,0,-3.20063213817775,0,0,0,0,0,3,5,23,0,0,0,21,22,0,0.268346021533944,0,0,0,0,0,1.0952380952381,0.00802568218298555,0.00392156862745098,0.014783621313694,0,1,0,2,0,0,0,0,0,0,0,0,0,0,0,0,0,0,0,0,0,0,0,0,0,0,0,0,0,0,0,0,0,0,0,0,0,,,0,0,0,0,0,0,0,0,0,0,0,0,,,,0,0,0,0,0,0,0,,0,0,0,0,,0,0,,0,0,0,0,0,0,0,0,0,0,2.6,5.6
00-0036192,A.Epenesa,A.J. Epenesa,DE,DL,"https://static.www.nfl.com/image/upload/f_auto,q_auto/league/t85moy0mhdu6pzxwzgxt",2021,REG,BUF,14,0,0,0,0,0,0,0,0,0,0,0,0,,,0,,0,0,0,0,0,0,0,0,0,0,,0,0,0,0,0,0,0,0,0,0,0,0,0,0,,0,0,0,0,0,,0,0,0,0,8,0,6,2,14,0,1.5,13,9,0,0,1,0,0,0,0,0,0,0,0,0,2,19,0,0,0,0,0,0,0,0,0,0,0,0,0,,,0,0,0,0,0,0,0,0,0,0,0,0,,,,0,0,0,0,0,0,0,,0,0,0,0,,0,0,,0,0,0,0,0,0,0,0,0,0,0,0
00-0036195,C.Heck,Charlie Heck,OT,OL,"https://static.www.nfl.com/image/upload/f_auto,q_auto/league/yfjfvnswxtkpiqqv3b16",2021,REG,HOU,2,0,0,0,0,0,0,0,0,0,0,0,0,,,0,,0,0,0,0,0,0,0,0,0,0,,0,0,0,0,0,0,0,0,0,0,0,0,0,0,,0,0,0,0,0,,0,0,0,0,0,0,0,0,0,0,0,0,0,0,0,0,0,0,0,0,0,0,0,0,0,2,10,0,0,0,0,0,0,0,0,0,0,0,0,0,,,0,0,0,0,0,0,0,0,0,0,0,0,,,,0,0,0,0,0,0,0,,0,0,0,0,,0,0,,0,0,0,0,0,0,0,0,0,0,0,0
00-0036196,G.Davis,Gabe Davis,WR,WR,"https://static.www.nfl.com/image/upload/f_auto,q_auto/league/rlmgjtfct5qjtbwcjqg6",2021,REG,BUF,15,0,0,0,0,0,0,0,0,0,0,0,0,,,0,,0,0,0,0,0,0,0,0,0,0,,0,0,0,0,0,35,63,549,6,0,0,846,132,29,20.6983858572481,0,25,15,13,1,0.648936170212766,0.101123595505618,0.157983193277311,0.262273628552545,0,1,0,0,0,0,0,0,0,0,0,0,0,0,0,0,0,0,0,0,0,0,1,5,0,0,0,0,0,0,0,0,0,0,0,0,0,,,0,0,0,0,0,0,0,0,0,0,0,0,,,,0,0,0,0,0,0,0,,0,0,0,0,,0,0,,0,0,0,0,0,0,0,0,0,0,90.9,125.9
00-0036197,J.Fromm,Jake Fromm,QB,QB,"https://static.www.nfl.com/image/upload/f_auto,q_auto/league/i1dr9fc5smv3zpvygqil",2021,REG,NYG,3,27,60,210,1,3,6,-33,2,1,434,99,10,-35.1565807519364,-18.5453440094816,0,0.483870967741936,5,2,2,0,8,65,0,0,0,4,4.59991712035844,0,2,2,1,0,0,0,0,0,0,0,0,0,0,,0,0,0,0,0,,0,0,0,0,0,0,0,0,0,0,0,0,0,0,0,0,0,0,0,0,0,0,0,0,0,0,0,1,1,0,2,1,0,0,0,0,0,0,0,0,,,0,0,0,0,0,0,0,0,0,0,0,0,,,,0,0,0,0,0,0,0,,0,0,0,0,,0,0,,0,0,0,0,0,0,0,0,0,0,10.9,10.9
00-0036198,M.Onwenu,Mike Onwenu,G,OL,"https://static.www.nfl.com/image/upload/f_auto,q_auto/league/l8gnydhcpahpd20mqqlh",2021,REG,NE,2,0,0,0,0,0,0,0,0,0,0,0,0,,,0,,0,0,0,0,0,0,0,0,0,0,,0,0,0,0,0,0,0,0,0,0,0,0,0,0,,0,0,0,0,0,,0,0,0,0,0,0,0,0,0,0,0,0,0,0,0,0,0,0,0,0,0,0,0,0,0,3,25,0,0,0,0,0,0,0,0,0,0,0,0,0,,,0,0,0,0,0,0,0,0,0,0,0,0,,,,0,0,0,0,0,0,0,,0,0,0,0,,0,0,,0,0,0,0,0,0,0,0,0,0,0,0
00-0036199,G.Stone,Geno Stone,SAF,DB,"https://static.www.nfl.com/image/upload/f_auto,q_auto/league/upbrq8aqe7yff3pn8a69",2021,REG,BAL,9,0,0,0,0,0,0,0,0,0,0,0,0,,,0,,0,0,0,0,0,0,0,0,0,0,,0,0,0,0,0,0,0,0,0,0,0,0,0,0,,0,0,0,0,0,,0,0,0,0,14,1,6,1,6,0,0,0,1,1,0,1,0,0,0,0,0,0,0,0,0,0,0,0,0,0,0,0,0,0,0,0,0,0,0,0,,,0,0,0,0,0,0,0,0,0,0,0,0,,,,0,0,0,0,0,0,0,,0,0,0,0,,0,0,,0,0,0,0,0,0,0,0,0,0,0,0
00-0036203,K.Jones,Keandre Jones,LB,LB,"https://static.www.nfl.com/image/upload/f_auto,q_auto/league/j3oeovnadfd6vtol8vu5",2021,REG,CIN,2,0,0,0,0,0,0,0,0,0,0,0,0,,,0,,0,0,0,0,0,0,0,0,0,0,,0,0,0,0,0,0,0,0,0,0,0,0,0,0,,0,0,0,0,0,,0,0,0,0,1,0,2,0,0,0,0,0,0,0,0,0,0,0,0,0,0,0,0,0,0,0,0,0,0,0,0,0,0,0,0,0,0,0,0,0,,,0,0,0,0,0,0,0,0,0,0,0,0,,,,0,0,0,0,0,0,0,,0,0,0,0,,0,0,,0,0,0,0,0,0,0,0,0,0,0,0
00-0036205,L.Mack,Ledarius Mack,LB,LB,"https://static.www.nfl.com/image/private/f_auto,q_auto/league/q4daldhsiq91qyo7yn5o",2021,REG,CHI,3,0,0,0,0,0,0,0,0,0,0,0,0,,,0,,0,0,0,0,0,0,0,0,0,0,,0,0,0,0,0,0,0,0,0,0,0,0,0,0,,0,0,0,0,0,,0,0,0,0,1,0,2,0,0,0,0,0,0,0,0,0,0,0,0,0,0,0,0,0,0,1,5,0,0,0,0,0,0,0,0,0,0,0,0,0,,,0,0,0,0,0,0,0,0,0,0,0,0,,,,0,0,0,0,0,0,0,,0,0,0,0,,0,0,,0,0,0,0,0,0,0,0,0,0,0,0
00-0036208,A.Pierce,Artavis Pierce,RB,RB,"https://static.www.nfl.com/image/private/f_auto,q_auto/league/yyb62mnfyphbutq3hpy7",2021,REG,CHI,1,0,0,0,0,0,0,0,0,0,0,0,0,,,0,,0,0,0,0,0,0,0,0,0,0,,0,0,0,0,0,0,0,0,0,0,0,0,0,0,,0,0,0,0,0,,0,0,0,0,0,0,0,0,0,0,0,0,0,0,0,0,0,0,0,0,0,0,0,0,0,0,0,0,0,0,0,0,0,0,1,27,0,0,0,0,,,0,0,0,0,0,0,0,0,0,0,0,0,,,,0,0,0,0,0,0,0,,0,0,0,0,,0,0,,0,0,0,0,0,0,0,0,0,0,0,0
00-0036212,T.Tagovailoa,Tua Tagovailoa,QB,QB,"https://static.www.nfl.com/image/upload/f_auto,q_auto/league/ktqj3s5vofexl2dwrrp4",2021,REG,MIA,13,263,388,2653,16,10,20,-152,6,1,2735,1231,137,20.9619681269266,1.92541968665625,1,0.970018281535649,98,49,30,6,42,128,3,2,0,13,-5.07093845656182,0,2,1,1,0,0,0,0,0,0,0,0,0,0,,0,0,0,0,0,,0,0,0,0,0,0,1,0,0,0,0,0,0,0,0,0,0,0,0,0,2,-1,0,0,0,0,0,5,4,0,9,1,0,0,0,0,0,0,0,0,,,0,0,0,0,0,0,0,0,0,0,0,0,,,,0,0,0,0,0,0,0,,0,0,0,0,,0,0,,0,0,0,0,0,0,0,0,0,0,180.92,180.92
00-0036213,R.Davis,Raekwon Davis,DT,DL,"https://static.www.nfl.com/image/upload/f_auto,q_auto/league/cebpdy9q3snsm1z8yx00",2021,REG,MIA,12,0,0,0,0,0,0,0,0,0,0,0,0,,,0,,0,0,0,0,0,0,0,0,0,0,,0,0,0,0,0,0,0,0,0,0,0,0,0,0,,0,0,0,0,0,,0,0,0,0,10,2,16,1,2,0,0.5,0.5,1,0,0,0,0,0,0,0,0,0,0,0,0,3,14,0,0,0,0,0,0,0,0,0,0,0,0,0,,,0,0,0,0,0,0,0,0,0,0,0,0,,,,0,0,0,0,0,0,0,,0,0,0,0,,0,0,,0,0,0,0,0,0,0,0,0,0,0,0
00-0036214,T.Phillips,Tyre Phillips,G,OL,"https://static.www.nfl.com/image/upload/f_auto,q_auto/league/hec0e1icue2tbkhvseg3",2021,REG,BAL,3,0,0,0,0,0,0,0,0,0,0,0,0,,,0,,0,0,0,0,0,0,0,0,0,0,,0,0,0,0,0,0,0,0,0,0,0,0,0,0,,0,0,0,0,0,,0,0,0,0,0,0,0,0,0,0,0,0,0,0,0,0,0,0,0,0,0,0,0,0,0,3,20,0,0,0,0,0,0,0,0,0,0,0,0,0,,,0,0,0,0,0,0,0,0,0,0,0,0,,,,0,0,0,0,0,0,0,,0,0,0,0,,0,0,,0,0,0,0,0,0,0,0,0,0,0,0
00-0036215,D.Pinter,Danny Pinter,G,OL,"https://static.www.nfl.com/image/upload/f_auto,q_auto/league/g27drkb8qnnkixez0wbl",2021,REG,IND,3,0,0,0,0,0,0,0,0,0,0,0,0,,,0,,0,0,0,0,0,0,0,0,0,0,,0,0,0,0,0,1,1,2,1,0,0,2,0,1,0.554475066950545,0,0,0,0,0,1,0.00199203187250996,5e-04,0.00333804780876494,0,0,0,0,0,0,0,0,0,0,0,0,0,0,0,0,0,0,0,0,0,0,2,15,0,0,0,0,0,0,0,0,0,0,0,0,0,,,0,0,0,0,0,0,0,0,0,0,0,0,,,,0,0,0,0,0,0,0,,0,0,0,0,,0,0,,0,0,0,0,0,0,0,0,0,0,6.2,7.2
00-0036216,C.Weaver,Curtis Weaver,DE,DL,"https://static.www.nfl.com/image/private/f_auto,q_auto/league/iatur5yrawt98a9khgmo",2021,REG,CLE,1,0,0,0,0,0,0,0,0,0,0,0,0,,,0,,0,0,0,0,0,0,0,0,0,0,,0,0,0,0,0,0,0,0,0,0,0,0,0,0,,0,0,0,0,0,,0,0,0,0,0,0,1,0,0,0,0,0,1,0,0,0,0,0,0,0,0,0,0,0,0,0,0,0,0,0,0,0,0,0,0,0,0,0,0,0,,,0,0,0,0,0,0,0,0,0,0,0,0,,,,0,0,0,0,0,0,0,,0,0,0,0,,0,0,,0,0,0,0,0,0,0,0,0,0,0,0
00-0036217,B.Ferguson,Blake Ferguson,LS,SPEC,"https://static.www.nfl.com/image/upload/f_auto,q_auto/league/koptwhwbykekb58oisw8",2021,REG,MIA,4,0,0,0,0,0,0,0,0,0,0,0,0,,,0,,0,0,0,0,0,0,0,0,0,0,,0,0,0,0,0,0,0,0,0,0,0,0,0,0,,0,0,0,0,0,,0,0,0,0,2,0,1,0,0,0,0,0,0,0,0,0,0,0,0,0,0,0,1,0,0,1,5,0,0,0,0,0,0,0,0,0,0,0,0,0,,,0,0,0,0,0,0,0,0,0,0,0,0,,,,0,0,0,0,0,0,0,,0,0,0,0,,0,0,,0,0,0,0,0,0,0,0,0,0,0,0
00-0036219,M.Callaway,Marquez Callaway,WR,WR,"https://static.www.nfl.com/image/upload/f_auto,q_auto/league/zrqsn3ae99gkgpi97qzr",2021,REG,NO,17,0,0,0,0,0,0,0,0,0,0,0,0,,,0,,0,0,0,0,0,0,0,0,0,0,,0,0,0,0,0,46,84,698,6,0,0,1060,144,32,27.9688551900395,0,29,14,9,3,0.658490566037736,0.177215189873418,0.283044058744993,0.463953625931622,0,0,0,0,0,0,0,0,0,0,0,0,0,0,0,0,0,0,0,0,0,0,2,20,0,0,0,0,0,1,2,0,0,0,0,0,0,,,0,0,0,0,0,0,0,0,0,0,0,0,,,,0,0,0,0,0,0,0,,0,0,0,0,,0,0,,0,0,0,0,0,0,0,0,0,0,105.8,151.8
00-0036220,D.Brown,Derrick Brown,DT,DL,"https://static.www.nfl.com/image/upload/f_auto,q_auto/league/nneryzn7ehs21yeed5ny",2021,REG,CAR,16,0,0,0,0,0,0,0,0,0,0,0,0,,,0,,0,0,0,0,0,0,0,0,0,0,,0,0,0,0,0,0,0,0,0,0,0,0,0,0,,0,0,0,0,0,,0,0,0,0,24,3,14,7,35,0,3,28,9,0,0,4,0,0,0,0,0,0,0,0,0,3,11,0,0,0,0,0,0,0,0,0,0,0,0,0,,,0,0,0,0,0,0,0,0,0,0,0,0,,,,0,0,0,0,0,0,0,,0,0,0,0,,0,0,,0,0,0,0,0,0,0,0,0,0,0,0
00-0036221,Br.Jones,Brandon Jones,SAF,DB,"https://static.www.nfl.com/image/upload/f_auto,q_auto/league/qcgihmzgbq4osnqywbng",2021,REG,MIA,14,0,0,0,0,0,0,0,0,0,0,0,0,,,0,,0,0,0,0,0,0,0,0,0,0,,0,0,0,0,0,0,0,0,0,0,0,0,0,0,,0,0,0,0,0,,0,0,0,0,40,8,31,5,34,1,5,39,10,1,8,1,0,1,0,0,0,0,2,3,0,4,55,1,0,0,1,0,0,0,0,0,0,0,0,0,,,0,0,0,0,0,0,0,0,0,0,0,0,,,,0,0,0,0,0,0,0,,0,0,0,0,,0,0,,0,0,0,0,0,0,0,0,0,0,0,0
00-0036222,I.Rodgers,Isaiah Rodgers,CB,DB,"https://static.www.nfl.com/image/upload/f_auto,q_auto/league/uekaq7hovbb6iz95phej",2021,REG,IND,15,0,0,0,0,0,0,0,0,0,0,0,0,,,0,,0,0,0,0,0,0,0,0,0,0,,0,0,0,0,0,0,0,0,0,0,0,0,0,0,,0,0,0,0,0,,0,0,0,0,35,4,10,1,3,0,0,0,0,3,24,7,0,0,0,0,0,0,0,0,0,1,15,1,0,0,1,0,0,0,19,501,0,0,0,0,,,0,0,0,0,0,0,0,0,0,0,0,0,,,,0,0,0,0,0,0,0,,0,0,0,0,,0,0,,0,0,0,0,0,0,0,0,0,0,0,0
00-0036223,J.Taylor,Jonathan Taylor,RB,RB,"https://static.www.nfl.com/image/upload/f_auto,q_auto/league/uwmnrhwtwug0wrgkomjk",2021,REG,IND,17,0,0,0,0,0,0,0,0,0,0,0,0,,,0,,0,0,0,0,332,1811,18,3,2,107,34.4691941235538,0,50,35,14,5,40,51,360,2,1,0,-45,406,12,4.23322828436761,0,11,5,5,1,-8,0.101593625498008,-0.01125,0.144515438247012,0,0,0,0,0,0,0,0,0,0,0,0,0,0,0,0,0,3,0,0,0,0,1,5,4,0,0,4,2,0,0,0,0,0,0,0,0,,,0,0,0,0,0,0,0,0,0,0,0,0,,,,0,0,0,0,0,0,0,,0,0,0,0,,0,0,,0,0,0,0,0,0,0,0,0,0,333.1,373.1
00-0036224,J.Greenard,Jonathan Greenard,LB,LB,"https://static.www.nfl.com/image/upload/f_auto,q_auto/league/z49ugsnmbfkldervsiws",2021,REG,HOU,10,0,0,0,0,0,0,0,0,0,0,0,0,,,0,,0,0,0,0,0,0,0,0,0,0,,0,0,0,0,0,0,0,0,0,0,0,0,0,0,,0,0,0,0,0,,0,0,0,0,21,2,10,8,40,2,8,50,12,0,0,4,0,0,0,0,0,0,0,0,0,0,0,0,0,0,0,0,0,0,0,0,0,0,0,0,,,0,0,0,0,0,0,0,0,0,0,0,0,,,,0,0,0,0,0,0,0,,0,0,0,0,,0,0,,0,0,0,0,0,0,0,0,0,0,0,0
00-0036226,J.Eason,Jacob Eason,QB,QB,"https://static.www.nfl.com/image/private/f_auto,q_auto/league/e2qgyhtngjk0llvaswxe",2021,REG,IND,1,2,5,25,0,1,0,0,0,0,63,7,2,-3.10254307748983,-24.6548360586166,0,0.396825396825397,2,0,0,0,0,0,0,0,0,0,,0,0,0,0,0,0,0,0,0,0,0,0,0,0,,0,0,0,0,0,,0,0,0,0,0,0,0,0,0,0,0,0,0,0,0,0,0,0,0,0,0,0,0,0,0,0,0,0,0,0,0,0,0,0,0,0,0,0,0,0,,,0,0,0,0,0,0,0,0,0,0,0,0,,,,0,0,0,0,0,0,0,,0,0,0,0,,0,0,,0,0,0,0,0,0,0,0,0,0,-1,-1
00-0036228,D.Patmon,Dezmon Patmon,WR,WR,"https://static.www.nfl.com/image/private/f_auto,q_auto/league/mqyc6dcbtujx7ioohpmv",2021,REG,IND,4,0,0,0,0,0,0,0,0,0,0,0,0,,,0,,0,0,0,0,0,0,0,0,0,0,,0,0,0,0,0,2,4,21,1,0,0,36,3,1,1.17382327961968,0,1,0,0,0,0.583333333333333,0.00796812749003984,0.009,0.0182521912350598,0,0,0,0,0,0,0,0,0,0,0,0,0,0,0,0,0,0,0,0,0,0,0,0,0,0,0,0,0,0,0,0,0,0,0,0,0,,,0,0,0,0,0,0,0,0,0,0,0,0,,,,0,0,0,0,0,0,0,,0,0,0,0,,0,0,,0,0,0,0,0,0,0,0,0,0,8.1,10.1
00-0036229,J.Glasgow,Jordan Glasgow,LB,LB,"https://static.www.nfl.com/image/private/f_auto,q_auto/league/hlsrgpdfng7ya7yz583c",2021,REG,IND,4,0,0,0,0,0,0,0,0,0,0,0,0,,,0,,0,0,0,0,0,0,0,0,0,0,,0,0,0,0,0,0,0,0,0,0,0,0,0,0,,0,0,0,0,0,,0,0,0,0,2,2,2,0,0,0,0,0,0,0,0,0,0,0,0,0,0,0,0,0,0,0,0,0,0,0,0,0,0,0,0,0,0,0,0,0,,,0,0,0,0,0,0,0,0,0,0,0,0,,,,0,0,0,0,0,0,0,,0,0,0,0,,0,0,,0,0,0,0,0,0,0,0,0,0,0,0
00-0036231,K.Dugger,Kyle Dugger,SAF,DB,"https://static.www.nfl.com/image/upload/f_auto,q_auto/league/jqbpdmdm5kvw8qq6qeoe",2021,REG,NE,15,0,0,0,0,0,0,0,0,0,0,0,0,,,0,,0,0,0,0,0,0,0,0,0,0,,0,0,0,0,0,0,0,0,0,0,0,0,0,0,,0,0,0,0,0,,0,0,0,0,56,14,22,3,5,0,0,0,2,4,100,5,0,0,0,0,0,0,1,0,0,1,46,0,0,0,0,0,0,0,0,0,0,0,0,0,,,0,0,0,0,0,0,0,0,0,0,0,0,,,,0,0,0,0,0,0,0,,0,0,0,0,,0,0,,0,0,0,0,0,0,0,0,0,0,0,0
00-0036232,H.Bryant,Harrison Bryant,TE,TE,"https://static.www.nfl.com/image/upload/f_auto,q_auto/league/gmguayurr96nolimwmyn",2021,REG,CLE,15,0,0,0,0,0,0,0,0,0,0,0,0,,,0,,0,0,0,0,0,0,0,0,0,0,,0,0,0,0,0,21,28,233,3,0,0,258,79,14,11.2115939954012,0,8,5,4,1,0.903100775193798,0.0561122244488978,0.0601118359739049,0.12624662185508,0,1,0,2,0,0,0,0,0,0,0,0,0,0,0,0,0,0,0,0,0,0,2,17,0,0,0,0,0,0,0,0,0,0,0,0,0,,,0,0,0,0,0,0,0,0,0,0,0,0,,,,0,0,0,0,0,0,0,,0,0,0,0,,0,0,,0,0,0,0,0,0,0,0,0,0,41.3,62.3
00-0036233,D.Peoples-Jones,Donovan Peoples-Jones,WR,WR,"https://static.www.nfl.com/image/upload/f_auto,q_auto/league/sgfgvm2myyrntnmiqojk",2021,REG,CLE,13,0,0,0,0,0,0,0,0,0,0,0,0,,,0,,0,0,0,0,0,0,0,0,0,0,,0,0,0,0,0,34,58,597,3,1,1,904,146,26,25.022869365794,0,23,14,12,3,0.660398230088496,0.11623246492986,0.210624417520969,0.321785789659468,0,2,0,0,0,0,0,0,0,0,0,0,0,0,1,0,0,0,0,0,0,0,2,15,2,0,0,2,1,12,95,0,0,0,0,0,0,,,0,0,0,0,0,0,0,0,0,0,0,0,,,,0,0,0,0,0,0,0,,0,0,0,0,,0,0,,0,0,0,0,0,0,0,0,0,0,75.7,109.7
00-0036235,S.Quarterman,Shaquille Quarterman,LB,LB,"https://static.www.nfl.com/image/upload/f_auto,q_auto/league/onbbvyvxbxgktkew2v1o",2021,REG,JAX,10,0,0,0,0,0,0,0,0,0,0,0,0,,,0,,0,0,0,0,0,0,0,0,0,0,,0,0,0,0,0,0,0,0,0,0,0,0,0,0,,0,0,0,0,0,,0,0,0,0,14,2,14,1,1,0,0,0,0,0,0,0,0,0,0,0,0,0,0,0,0,0,0,0,0,0,0,0,0,0,0,0,0,0,0,0,,,0,0,0,0,0,0,0,0,0,0,0,0,,,,0,0,0,0,0,0,0,,0,0,0,0,,0,0,,0,0,0,0,0,0,0,0,0,0,0,0
00-0036236,N.Harris,Nick Harris,C,OL,"https://static.www.nfl.com/image/upload/f_auto,q_auto/league/fi6ivlcphteyqp30akm3",2021,REG,CLE,1,0,0,0,0,0,0,0,0,0,0,0,0,,,0,,0,0,0,0,0,0,0,0,0,0,,0,0,0,0,0,0,0,0,0,0,0,0,0,0,,0,0,0,0,0,,0,0,0,0,1,0,0,0,0,0,0,0,0,0,0,0,0,0,0,0,0,0,0,0,0,1,5,0,0,0,0,0,0,0,0,0,0,0,0,0,,,0,0,0,0,0,0,0,0,0,0,0,0,,,,0,0,0,0,0,0,0,,0,0,0,0,,0,0,,0,0,0,0,0,0,0,0,0,0,0,0
00-0036237,L.Murchison,Larrell Murchison,DT,DL,"https://static.www.nfl.com/image/upload/f_auto,q_auto/league/b0h5qpz02cuycf85isw4",2021,REG,TEN,7,0,0,0,0,0,0,0,0,0,0,0,0,,,0,,0,0,0,0,0,0,0,0,0,0,,0,0,0,0,0,0,0,0,0,0,0,0,0,0,,0,0,0,0,0,,0,0,0,0,4,0,4,1,3,0,0,0,0,0,0,0,0,0,0,0,0,0,0,0,0,0,0,0,0,0,0,0,0,0,0,0,0,0,0,0,,,0,0,0,0,0,0,0,0,0,0,0,0,,,,0,0,0,0,0,0,0,,0,0,0,0,,0,0,,0,0,0,0,0,0,0,0,0,0,0,0
00-0036238,J.Penisini,John Penisini,DT,DL,"https://static.www.nfl.com/image/private/f_auto,q_auto/league/haswdzo7clr4t2e662w1",2021,REG,DET,10,0,0,0,0,0,0,0,0,0,0,0,0,,,0,,0,0,0,0,0,0,0,0,0,0,,0,0,0,0,0,0,0,0,0,0,0,0,0,0,,0,0,0,0,0,,0,0,0,0,4,0,10,0,0,0,0,0,1,0,0,1,0,0,0,0,0,0,0,0,0,0,0,0,0,0,0,0,0,0,0,0,0,0,0,0,,,0,0,0,0,0,0,0,0,0,0,0,0,,,,0,0,0,0,0,0,0,,0,0,0,0,,0,0,,0,0,0,0,0,0,0,0,0,0,0,0
00-0036239,J.Garvin,Jonathan Garvin,DE,DL,"https://static.www.nfl.com/image/upload/f_auto,q_auto/league/ncbzavmy4ewcxisvqvwq",2021,REG,GB,12,0,0,0,0,0,0,0,0,0,0,0,0,,,0,,0,0,0,0,0,0,0,0,0,0,,0,0,0,0,0,0,0,0,0,0,0,0,0,0,,0,0,0,0,0,,0,0,0,0,14,1,4,1,4,0,1.5,7.5,5,0,0,0,0,0,0,0,0,0,0,0,0,0,0,0,0,0,0,0,0,0,1,0,0,0,0,0,,,0,0,0,0,0,0,0,0,0,0,0,0,,,,0,0,0,0,0,0,0,,0,0,0,0,,0,0,,0,0,0,0,0,0,0,0,0,0,0,0
00-0036240,C.Jackson,Chris Jackson,DB,DB,"https://static.www.nfl.com/image/private/f_auto,q_auto/league/ibwz0imypuvdffj9xirw",2021,REG,TEN,11,0,0,0,0,0,0,0,0,0,0,0,0,,,0,,0,0,0,0,0,0,0,0,0,0,,0,0,0,0,0,0,0,0,0,0,0,0,0,0,,0,0,0,0,0,,0,0,0,0,25,4,5,1,3,0,0,0,0,0,0,4,0,0,0,0,0,0,0,0,0,5,31,0,0,0,0,0,0,0,0,0,0,0,0,0,,,0,0,0,0,0,0,0,0,0,0,0,0,,,,0,0,0,0,0,0,0,,0,0,0,0,,0,0,,0,0,0,0,0,0,0,0,0,0,0,0
00-0036241,B.Hall,Bryce Hall,CB,DB,"https://static.www.nfl.com/image/upload/f_auto,q_auto/league/owg6wpperxys7bjablkz",2021,REG,NYJ,17,0,0,0,0,0,0,0,0,0,0,0,0,,,0,,0,0,0,0,0,0,0,0,0,0,,0,0,0,0,0,0,0,0,0,0,0,0,0,0,,0,0,0,0,0,,0,0,0,0,58,8,13,4,10,0,0.5,4,2,0,0,16,0,0,0,0,0,0,0,0,0,3,38,0,0,0,0,0,0,0,0,0,0,0,0,0,,,0,0,0,0,0,0,0,0,0,0,0,0,,,,0,0,0,0,0,0,0,,0,0,0,0,,0,0,,0,0,0,0,0,0,0,0,0,0,0,0
00-0036243,V.Scott,Vernon Scott,DB,DB,"https://static.www.nfl.com/image/private/f_auto,q_auto/league/kott72f3gprdsyefdseq",2021,REG,GB,1,0,0,0,0,0,0,0,0,0,0,0,0,,,0,,0,0,0,0,0,0,0,0,0,0,,0,0,0,0,0,0,0,0,0,0,0,0,0,0,,0,0,0,0,0,,0,0,0,0,0,1,0,0,0,0,0,0,0,0,0,0,0,0,0,0,0,0,0,0,0,0,0,0,0,0,0,0,0,0,0,0,0,0,0,0,,,0,0,0,0,0,0,0,0,0,0,0,0,,,,0,0,0,0,0,0,0,,0,0,0,0,,0,0,,0,0,0,0,0,0,0,0,0,0,0,0
00-0036244,C.Parkinson,Colby Parkinson,TE,TE,"https://static.www.nfl.com/image/upload/f_auto,q_auto/league/b1qzivnz0zqa8cjgah8r",2021,REG,SEA,5,0,0,0,0,0,0,0,0,0,0,0,0,,,0,,0,0,0,0,0,0,0,0,0,0,,0,0,0,0,0,5,8,33,0,0,0,47,20,2,0.96540666220244,0,2,0,0,0,0.702127659574468,0.0168776371308017,0.0101753626326045,0.0324392095390256,0,0,0,0,0,0,0,0,0,0,0,0,0,0,0,0,0,0,0,0,0,0,1,10,0,0,0,0,0,0,0,1,13,0,0,0,0,,,0,0,0,0,0,0,0,0,0,0,0,0,,,,0,0,0,0,0,0,0,,0,0,0,0,,0,0,,0,0,0,0,0,0,0,0,0,0,3.3,8.3
00-0036247,F.Swain,Freddie Swain,WR,WR,"https://static.www.nfl.com/image/upload/f_auto,q_auto/league/ir3qlibvnweezkfabv50",2021,REG,SEA,17,0,0,0,0,0,0,0,0,0,0,0,0,,,0,,0,0,0,0,5,32,0,0,0,2,1.17008170136251,0,1,0,0,0,25,40,343,4,0,0,324,206,12,12.2862592846782,0,10,6,6,2,1.05864197530864,0.0843881856540084,0.0701450530417839,0.175683815610261,0,0,0,0,0,0,0,0,0,0,0,0,0,0,1,0,0,2,0,0,0,0,1,10,0,1,0,1,0,22,189,0,0,0,0,0,0,,,0,0,0,0,0,0,0,0,0,0,0,0,,,,0,0,0,0,0,0,0,,0,0,0,0,,0,0,,0,0,0,0,0,0,0,0,0,0,61.5,86.5
00-0036248,A.Jackson,Austin Jackson,OT,OL,"https://static.www.nfl.com/image/upload/f_auto,q_auto/league/rc3dp8zdfrgfxxfij96t",2021,REG,MIA,13,0,0,0,0,0,0,0,0,0,0,0,0,,,0,,0,0,0,0,0,0,0,0,0,0,,0,0,0,0,0,0,0,0,0,0,0,0,0,0,,0,0,0,0,0,,0,0,0,0,1,0,1,0,0,0,0,0,0,0,0,0,0,0,0,0,1,0,0,0,0,13,90,0,0,0,0,0,0,0,0,0,0,0,0,0,,,0,0,0,0,0,0,0,0,0,0,0,0,,,,0,0,0,0,0,0,0,,0,0,0,0,,0,0,,0,0,0,0,0,0,0,0,0,0,0,0
00-0036249,J.Okwara,Julian Okwara,DE,DL,"https://static.www.nfl.com/image/upload/f_auto,q_auto/league/bneqayiahajlquy1dxcc",2021,REG,DET,12,0,0,0,0,0,0,0,0,0,0,0,0,,,0,,0,0,0,0,0,0,0,0,0,0,,0,0,0,0,0,0,0,0,0,0,0,0,0,0,,0,0,0,0,0,,0,0,0,0,15,3,9,5,22,1,5,28,9,1,9,2,0,0,0,0,0,0,1,6,0,3,24,0,0,0,0,0,0,0,0,0,0,0,0,0,,,0,0,0,0,0,0,0,0,0,0,0,0,,,,0,0,0,0,0,0,0,,0,0,0,0,,0,0,,0,0,0,0,0,0,0,0,0,0,0,0
00-0036250,T.Davis,Tyler Davis,TE,TE,"https://static.www.nfl.com/image/upload/f_auto,q_auto/league/awihnovccbawpaof5pva",2021,REG,GB,8,0,0,0,0,0,0,0,0,0,0,0,0,,,0,,0,0,0,0,0,0,0,0,0,0,,0,0,0,0,0,4,5,35,0,0,0,38,13,1,0.0114636978862919,0,1,1,1,0,0.921052631578947,0.0087719298245614,0.00830056793359546,0.0189682922903589,0,4,0,1,0,0,0,0,0,0,0,0,0,0,0,0,0,0,0,0,0,0,0,0,0,0,0,0,0,0,0,0,0,0,0,0,0,,,0,0,0,0,0,0,0,0,0,0,0,0,,,,0,0,0,0,0,0,0,,0,0,0,0,,0,0,,0,0,0,0,0,0,0,0,0,0,3.5,7.5
00-0036251,Z.Moss,Zack Moss,RB,RB,"https://static.www.nfl.com/image/upload/f_auto,q_auto/league/oxrltdgoquiabhihhgnk",2021,REG,BUF,13,0,0,0,0,0,0,0,0,0,0,0,0,,,0,,0,0,0,0,96,345,4,0,0,22,-9.73060401918458,0,5,2,0,0,23,32,197,1,2,1,26,200,12,-2.73415522879122,0,8,3,1,0,7.57692307692308,0.0513643659711075,0.00485527544351074,0.0804452417671188,0,1,0,0,0,0,0,0,0,0,0,0,0,0,0,0,0,0,0,0,0,0,0,0,2,0,1,2,1,0,0,0,0,0,0,0,0,,,0,0,0,0,0,0,0,0,0,0,0,0,,,,0,0,0,0,0,0,0,,0,0,0,0,,0,0,,0,0,0,0,0,0,0,0,0,0,82.2,105.2
00-0036252,M.Pittman,Michael Pittman,WR,WR,"https://static.www.nfl.com/image/upload/f_auto,q_auto/league/z78xpye9hing1e7wke8b",2021,REG,IND,17,0,0,0,0,0,0,0,0,0,0,0,0,,,0,,0,0,0,0,5,44,0,0,0,1,1.57396606641123,0,1,1,1,0,88,129,1082,6,1,0,1253,348,54,48.0997689475393,1,45,21,12,3,0.863527533918595,0.256972111553785,0.31325,0.604733167330677,0,1,0,1,0,0,0,0,0,0,0,0,0,0,0,0,0,0,0,0,0,0,4,35,1,0,0,1,0,0,0,0,0,0,0,0,0,,,0,0,0,0,0,0,0,0,0,0,0,0,,,,0,0,0,0,0,0,0,,0,0,0,0,,0,0,,0,0,0,0,0,0,0,0,0,0,150.6,238.6
00-0036253,J.Blackmon,Julian Blackmon,SAF,DB,"https://static.www.nfl.com/image/upload/f_auto,q_auto/league/n0wfy5rqjhlshhn0kaqk",2021,REG,IND,6,0,0,0,0,0,0,0,0,0,0,0,0,,,0,,0,0,0,0,0,0,0,0,0,0,,0,0,0,0,0,0,0,0,0,0,0,0,0,0,,0,0,0,0,0,,0,0,0,0,27,0,7,2,4,1,0,0,0,0,0,1,0,0,0,0,0,0,0,0,0,0,0,0,0,0,0,0,0,0,0,0,0,0,0,0,,,0,0,0,0,0,0,0,0,0,0,0,0,,,,0,0,0,0,0,0,0,,0,0,0,0,,0,0,,0,0,0,0,0,0,0,0,0,0,0,0
00-0036254,C.Johnson,Collin Johnson,WR,WR,"https://static.www.nfl.com/image/upload/f_auto,q_auto/league/ijr7bal4mbsaum2lp9dq",2021,REG,NYG,8,0,0,0,0,0,0,0,0,0,0,0,0,,,0,,0,0,0,0,0,0,0,0,0,0,,0,0,0,0,0,11,21,105,0,0,0,178,18,6,-12.1048819627643,0,6,2,0,0,0.589887640449438,0.0372340425531915,0.0407976163190465,0.0844093952531198,0,0,0,1,0,0,0,0,0,0,0,0,0,0,0,0,0,0,0,0,0,0,2,13,0,0,0,0,0,0,0,0,0,0,0,0,0,,,0,0,0,0,0,0,0,0,0,0,0,0,,,,0,0,0,0,0,0,0,,0,0,0,0,,0,0,,0,0,0,0,0,0,0,0,0,0,10.5,21.5
00-0036255,D.Mims,Denzel Mims,WR,WR,"https://static.www.nfl.com/image/private/f_auto,q_auto/league/vxqhwwsx0ngjupeajnpm",2021,REG,NYJ,10,0,0,0,0,0,0,0,0,0,0,0,0,,,0,,0,0,0,0,0,0,0,0,0,0,,0,0,0,0,0,8,23,133,0,0,0,268,49,5,-6.65271317067206,0,5,4,3,1,0.496268656716418,0.0395869191049914,0.0616233616923431,0.102516731842127,0,0,0,0,0,0,0,0,0,0,0,0,0,0,0,0,0,0,0,0,0,0,5,40,0,0,0,0,0,0,0,0,0,0,0,0,0,,,0,0,0,0,0,0,0,0,0,0,0,0,,,,0,0,0,0,0,0,0,,0,0,0,0,,0,0,,0,0,0,0,0,0,0,0,0,0,13.3,21.3
00-0036256,C.McKivitz,Colton McKivitz,OT,OL,"https://static.www.nfl.com/image/upload/f_auto,q_auto/league/ljxuxdusiz3j2raspwst",2021,REG,SF,1,0,0,0,0,0,0,0,0,0,0,0,0,,,0,,0,0,0,0,0,0,0,0,0,0,,0,0,0,0,0,0,0,0,0,0,0,0,0,0,,0,0,0,0,0,,0,0,0,0,0,0,0,0,0,0,0,0,0,0,0,0,0,0,0,0,0,0,0,0,0,1,5,0,0,0,0,0,0,0,0,0,0,0,0,0,,,0,0,0,0,0,0,0,0,0,0,0,0,,,,0,0,0,0,0,0,0,,0,0,0,0,,0,0,,0,0,0,0,0,0,0,0,0,0,0,0
00-0036258,J.Jackson,Jonah Jackson,G,OL,"https://static.www.nfl.com/image/upload/f_auto,q_auto/league/wm6av5ujifr8uvmdykj7",2021,REG,DET,8,0,0,0,0,0,0,0,0,0,0,0,0,,,0,,0,0,0,0,0,0,0,0,0,0,,0,0,0,0,0,0,0,0,0,0,0,0,0,0,,0,0,0,0,0,,0,0,0,0,2,0,0,0,0,0,0,0,0,0,0,0,0,0,0,0,0,0,0,0,0,8,60,0,0,0,0,0,0,0,0,0,0,0,0,0,,,0,0,0,0,0,0,0,0,0,0,0,0,,,,0,0,0,0,0,0,0,,0,0,0,0,,0,0,,0,0,0,0,0,0,0,0,0,0,0,0
00-0036259,J.Jennings,Jauan Jennings,WR,WR,"https://static.www.nfl.com/image/upload/f_auto,q_auto/league/cdx9mq3iglzog9mkqvdr",2021,REG,SF,13,0,0,0,0,0,0,0,0,0,0,0,0,,,0,,0,0,0,0,0,0,0,0,0,0,,0,0,0,0,0,24,38,282,5,1,0,355,103,15,18.1749125136813,0,12,4,4,0,0.794366197183099,0.0764587525150906,0.0886834873844617,0.176766569941759,0,1,0,0,0,0,0,0,0,0,0,0,0,0,0,0,0,2,0,0,0,0,2,15,1,0,0,1,0,0,0,0,0,0,0,0,0,,,0,0,0,0,0,0,0,0,0,0,0,0,,,,0,0,0,0,0,0,0,,0,0,0,0,,0,0,,0,0,0,0,0,0,0,0,0,0,58.2,82.2
00-0036260,J.Kinlaw,Javon Kinlaw,DT,DL,"https://static.www.nfl.com/image/upload/f_auto,q_auto/league/lxyzkmqmy5sgrjktwq80",2021,REG,SF,3,0,0,0,0,0,0,0,0,0,0,0,0,,,0,,0,0,0,0,0,0,0,0,0,0,,0,0,0,0,0,0,0,0,0,0,0,0,0,0,,0,0,0,0,0,,0,0,0,0,1,0,7,0,0,0,0,0,1,0,0,0,0,0,0,0,0,0,0,0,0,0,0,0,0,0,0,0,0,0,0,0,0,0,0,0,,,0,0,0,0,0,0,0,0,0,0,0,0,,,,0,0,0,0,0,0,0,,0,0,0,0,,0,0,,0,0,0,0,0,0,0,0,0,0,0,0
00-0036261,B.Aiyuk,Brandon Aiyuk,WR,WR,"https://static.www.nfl.com/image/upload/f_auto,q_auto/league/avzzxycxyculxxqce5k7",2021,REG,SF,17,0,0,0,0,0,0,0,0,0,0,0,0,,,0,,0,0,0,0,5,17,0,0,0,0,-1.26473796577193,0,0,0,0,0,56,84,826,5,1,1,813,349,37,40.7567899694323,1,35,25,16,1,1.0159901599016,0.169014084507042,0.203097676742443,0.395689500480274,0,0,0,0,0,0,0,0,0,0,0,0,0,0,1,0,0,2,-14,0,0,0,3,20,1,1,0,2,1,29,208,0,0,0,0,0,0,,,0,0,0,0,0,0,0,0,0,0,0,0,,,,0,0,0,0,0,0,0,,0,0,0,0,,0,0,,0,0,0,0,0,0,0,0,0,0,114.3,170.3
00-0036262,D.Hamilton,DaVon Hamilton,DT,DL,"https://static.www.nfl.com/image/upload/f_auto,q_auto/league/ncq2nx5rlstdnbaokw76",2021,REG,JAX,15,0,0,0,0,0,0,0,0,0,0,0,0,,,0,,0,0,0,0,0,0,0,0,0,0,,0,0,0,0,0,0,0,0,0,0,0,0,0,0,,0,0,0,0,0,,0,0,0,0,23,3,20,2,13,0,1,12,2,0,0,2,0,0,0,0,0,0,1,0,0,1,15,0,0,0,0,0,0,0,0,0,0,0,0,0,,,0,0,0,0,0,0,0,0,0,0,0,0,,,,0,0,0,0,0,0,0,,0,0,0,0,,0,0,,0,0,0,0,0,0,0,0,0,0,0,0
00-0036264,J.Love,Jordan Love,QB,QB,"https://static.www.nfl.com/image/upload/f_auto,q_auto/league/uneiwen9drvci9ahuebp",2021,REG,GB,6,36,62,411,2,3,3,-23,2,1,494,233,22,-7.06991971802682,-5.51459873716037,0,0.831983805668016,16,9,6,1,12,27,0,1,0,1,1.7074362011482,1,1,0,0,0,0,0,0,0,0,0,0,0,0,,0,0,0,0,0,,0,0,0,0,0,0,0,0,0,0,0,0,0,0,0,0,0,0,0,0,2,-3,0,0,0,0,0,2,1,0,3,1,0,0,0,0,0,0,0,0,,,0,0,0,0,0,0,0,0,0,0,0,0,,,,0,0,0,0,0,0,0,,0,0,0,0,,0,0,,0,0,0,0,0,0,0,0,0,0,21.14,21.14
00-0036265,A.Dillon,AJ Dillon,RB,RB,"https://static.www.nfl.com/image/upload/f_auto,q_auto/league/nknt5pckn5mzq9ll660i",2021,REG,GB,17,0,0,0,0,0,0,0,0,0,0,0,0,,,0,,0,0,0,0,187,803,5,1,1,50,6.16198740177788,0,9,5,2,0,34,37,313,2,1,0,14,310,15,17.0309793037886,0,12,4,3,1,22.3571428571429,0.0649122807017544,0.00305810397553517,0.0995090938355062,0,1,0,0,0,0,0,0,0,0,0,0,0,0,0,0,0,1,0,0,0,0,2,15,2,0,0,2,1,0,0,0,0,0,0,0,0,,,0,0,0,0,0,0,0,0,0,0,0,0,,,,0,0,0,0,0,0,0,,0,0,0,0,,0,0,,0,0,0,0,0,0,0,0,0,0,151.6,185.6
00-0036266,J.Elliott,Jordan Elliott,DT,DL,"https://static.www.nfl.com/image/upload/f_auto,q_auto/league/vkl6igrusm0srrkge1d9",2021,REG,CLE,12,0,0,0,0,0,0,0,0,0,0,0,0,,,0,,0,0,0,0,0,0,0,0,0,0,,0,0,0,0,0,0,0,0,0,0,0,0,0,0,,0,0,0,0,0,,0,0,0,0,7,3,16,0,0,0,0.5,2,4,0,0,1,0,0,0,0,0,0,0,0,0,4,40,0,0,0,0,0,0,0,0,0,0,0,0,0,,,0,0,0,0,0,0,0,0,0,0,0,0,,,,0,0,0,0,0,0,0,,0,0,0,0,,0,0,,0,0,0,0,0,0,0,0,0,0,0,0
00-0036267,J.Wills,Jedrick Wills,OT,OL,"https://static.www.nfl.com/image/private/f_auto,q_auto/league/yb2yk8uqsoakf8yyrlf9",2021,REG,CLE,3,0,0,0,0,0,0,0,0,0,0,0,0,,,0,,0,0,0,0,0,0,0,0,0,0,,0,0,0,0,0,0,0,0,0,0,0,0,0,0,,0,0,0,0,0,,0,0,0,0,0,0,0,0,0,0,0,0,0,0,0,0,0,0,0,0,0,0,0,0,0,4,24,0,0,0,0,0,0,0,0,0,0,0,0,0,,,0,0,0,0,0,0,0,0,0,0,0,0,,,,0,0,0,0,0,0,0,,0,0,0,0,,0,0,,0,0,0,0,0,0,0,0,0,0,0,0
00-0036268,L.Shenault,Laviska Shenault Jr.,WR,WR,"https://static.www.nfl.com/image/upload/f_auto,q_auto/league/o3cfpcor86ghjwyn8icp",2021,REG,JAX,16,0,0,0,0,0,0,0,0,0,0,0,0,,,0,,0,0,0,0,11,41,0,0,0,2,-1.2590741465101,0,2,0,0,0,63,100,619,0,1,1,550,393,30,3.53369860724795,0,27,8,5,2,1.12545454545455,0.171526586620926,0.115424973767051,0.338087361568325,0,2,0,0,0,0,0,0,0,0,0,0,0,0,0,0,0,1,0,0,0,0,3,30,1,0,0,1,1,0,0,0,0,0,0,0,0,,,0,0,0,0,0,0,0,0,0,0,0,0,,,,0,0,0,0,0,0,0,,0,0,0,0,,0,0,,0,0,0,0,0,0,0,0,0,0,64,127
00-0036269,L.Perine,La'Mical Perine,RB,RB,"https://static.www.nfl.com/image/upload/f_auto,q_auto/league/fd2pagtwrgj0hopdspal",2021,REG,NYJ,2,0,0,0,0,0,0,0,0,0,0,0,0,,,0,,0,0,0,0,8,31,0,0,0,1,-1.78606089286041,0,1,1,0,0,0,0,0,0,0,0,0,0,0,,0,0,0,0,0,,0,0,0,0,0,0,0,0,0,0,0,0,0,0,0,0,0,0,0,0,0,0,0,0,0,0,0,0,0,0,0,0,0,0,0,0,0,0,0,0,,,0,0,0,0,0,0,0,0,0,0,0,0,,,,0,0,0,0,0,0,0,,0,0,0,0,,0,0,,0,0,0,0,0,0,0,0,0,0,3.1,3.1
00-0036270,K.Martin,Kamal Martin,LB,LB,"https://static.www.nfl.com/image/private/f_auto,q_auto/league/ltgeqcm48sim4qaxiotv",2021,REG,CAR,4,0,0,0,0,0,0,0,0,0,0,0,0,,,0,,0,0,0,0,0,0,0,0,0,0,,0,0,0,0,0,0,0,0,0,0,0,0,0,0,,0,0,0,0,0,,0,0,0,0,2,0,0,0,0,0,0,0,0,0,0,0,0,0,0,0,0,0,0,0,0,2,20,0,0,0,0,0,0,0,0,0,0,0,0,0,,,0,0,0,0,0,0,0,0,0,0,0,0,,,,0,0,0,0,0,0,0,,0,0,0,0,,0,0,,0,0,0,0,0,0,0,0,0,0,0,0
00-0036271,Q.Watkins,Quez Watkins,WR,WR,"https://static.www.nfl.com/image/upload/f_auto,q_auto/league/srfbu8ebsckazo1jlzys",2021,REG,PHI,17,0,0,0,0,0,0,0,0,0,0,0,0,,,0,,0,0,0,0,1,3,0,0,0,0,-0.166506275651045,0,0,0,0,0,43,62,647,1,0,0,746,253,25,30.8172454671519,1,24,16,12,3,0.867292225201073,0.132478632478632,0.176359338061466,0.322169485360975,0,1,0,2,0,0,0,0,0,0,0,0,0,0,0,0,0,0,0,0,0,0,1,10,0,0,0,0,0,0,0,8,138,0,0,0,0,,,0,0,0,0,0,0,0,0,0,0,0,0,,,,0,0,0,0,0,0,0,,0,0,0,0,,0,0,,0,0,0,0,0,0,0,0,0,0,73,116
00-0036272,B.Bartch,Ben Bartch,OT,OL,"https://static.www.nfl.com/image/upload/f_auto,q_auto/league/cyqdherczwbrk63buszh",2021,REG,JAX,2,0,0,0,0,0,0,0,0,0,0,0,0,,,0,,0,0,0,0,0,0,0,0,0,0,,0,0,0,0,0,0,0,0,0,0,0,0,0,0,,0,0,0,0,0,,0,0,0,0,0,0,0,0,0,0,0,0,0,0,0,0,0,0,0,0,0,0,0,0,0,2,22,0,0,0,0,0,0,0,0,0,0,0,0,0,,,0,0,0,0,0,0,0,0,0,0,0,0,,,,0,0,0,0,0,0,0,,0,0,0,0,,0,0,,0,0,0,0,0,0,0,0,0,0,0,0
00-0036274,J.Okudah,Jeff Okudah,CB,DB,"https://static.www.nfl.com/image/upload/f_auto,q_auto/league/spqqvbna344r34sgvpdk",2021,REG,DET,1,0,0,0,0,0,0,0,0,0,0,0,0,,,0,,0,0,0,0,0,0,0,0,0,0,,0,0,0,0,0,0,0,0,0,0,0,0,0,0,,0,0,0,0,0,,0,0,0,0,3,0,1,0,0,0,0,0,0,0,0,1,0,0,0,0,0,0,0,0,0,0,0,0,0,0,0,0,0,0,0,0,0,0,0,0,,,0,0,0,0,0,0,0,0,0,0,0,0,,,,0,0,0,0,0,0,0,,0,0,0,0,,0,0,,0,0,0,0,0,0,0,0,0,0,0,0
00-0036275,D.Swift,D'Andre Swift,RB,RB,"https://static.www.nfl.com/image/upload/f_auto,q_auto/league/owpmwzoilitcodc6cmxo",2021,REG,DET,13,0,1,0,0,0,0,0,0,0,-12,0,0,-0.912519452162087,,0,0,0,0,0,0,151,617,5,0,0,28,-26.8682002221747,0,21,16,3,1,62,78,452,2,2,1,-1,502,18,-7.82252613935413,0,13,5,3,2,-452,0.138053097345133,-0.000264340470526038,0.206894607688331,0,0,0,0,0,0,0,0,0,0,0,0,0,0,0,0,0,0,0,0,0,0,0,0,2,0,1,2,1,0,0,0,0,0,0,0,0,,,0,0,0,0,0,0,0,0,0,0,0,0,,,,0,0,0,0,0,0,0,,0,0,0,0,,0,0,,0,0,0,0,0,0,0,0,0,0,146.9,208.9
00-0036276,J.Phillips,Jacob Phillips,LB,LB,"https://static.www.nfl.com/image/upload/f_auto,q_auto/league/a0sjbzwrpt69hj6t5kqh",2021,REG,CLE,4,0,0,0,0,0,0,0,0,0,0,0,0,,,0,,0,0,0,0,0,0,0,0,0,0,,0,0,0,0,0,0,0,0,0,0,0,0,0,0,,0,0,0,0,0,,0,0,0,0,6,7,4,2,7,0,1,6,1,0,0,3,0,0,0,0,0,0,0,0,0,1,15,0,0,0,0,0,0,0,0,0,0,0,0,0,,,0,0,0,0,0,0,0,0,0,0,0,0,,,,0,0,0,0,0,0,0,,0,0,0,0,,0,0,,0,0,0,0,0,0,0,0,0,0,0,0
00-0036277,Q.Cephus,Quintez Cephus,WR,WR,"https://static.www.nfl.com/image/upload/f_auto,q_auto/league/klifw1clu1ymeoo5vqpc",2021,REG,DET,5,0,0,0,0,0,0,0,0,0,0,0,0,,,0,,0,0,0,0,0,0,0,0,0,0,,0,0,0,0,0,15,22,204,2,0,0,251,95,9,9.40144161788109,1,6,5,5,1,0.812749003984064,0.0389380530973451,0.0663494581020354,0.104851700317442,0,0,0,0,0,0,0,0,0,0,0,0,0,0,0,0,0,0,0,0,0,0,1,0,0,0,0,0,0,0,0,0,0,0,0,0,0,,,0,0,0,0,0,0,0,0,0,0,0,0,,,,0,0,0,0,0,0,0,,0,0,0,0,,0,0,,0,0,0,0,0,0,0,0,0,0,34.4,49.4
00-0036278,J.Huntley,Jason Huntley,RB,RB,"https://static.www.nfl.com/image/private/f_auto,q_auto/league/gbnyqxaymlji05bnflc5",2021,REG,PHI,1,0,0,0,0,0,0,0,0,0,0,0,0,,,0,,0,0,0,0,13,51,0,0,0,2,-1.65253640734591,0,2,2,0,0,0,1,0,0,0,0,0,0,0,-0.646265172399581,0,0,0,0,0,,0.00213675213675214,0,0.00320512820512821,0,0,0,0,0,0,0,0,0,0,0,0,0,0,0,0,0,0,0,0,0,0,0,0,0,0,0,0,0,0,0,3,84,0,0,0,0,,,0,0,0,0,0,0,0,0,0,0,0,0,,,,0,0,0,0,0,0,0,,0,0,0,0,,0,0,,0,0,0,0,0,0,0,0,0,0,5.1,5.1
00-0036280,M.Harrison,Malik Harrison,LB,LB,"https://static.www.nfl.com/image/upload/f_auto,q_auto/league/d6ttadigndjeor6gwc8m",2021,REG,BAL,9,0,0,0,0,0,0,0,0,0,0,0,0,,,0,,0,0,0,0,0,0,0,0,0,0,,0,0,0,0,0,0,0,0,0,0,0,0,0,0,,0,0,0,0,0,,0,0,0,0,13,1,11,1,3,0,0,0,0,0,0,0,0,0,0,0,0,0,0,0,0,0,0,0,0,0,0,0,0,0,0,0,0,0,0,0,,,0,0,0,0,0,0,0,0,0,0,0,0,,,,0,0,0,0,0,0,0,,0,0,0,0,,0,0,,0,0,0,0,0,0,0,0,0,0,0,0
00-0036281,C.Henderson,C.J. Henderson,CB,DB,"https://static.www.nfl.com/image/upload/f_auto,q_auto/league/tna89m19aol0bnfhugay",2021,REG,CAR,12,0,0,0,0,0,0,0,0,0,0,0,0,,,0,,0,0,0,0,0,0,0,0,0,0,,0,0,0,0,0,0,0,0,0,0,0,0,0,0,,0,0,0,0,0,,0,0,0,0,29,2,8,0,0,0,0,0,0,0,0,2,0,0,0,0,0,0,0,0,0,1,1,0,0,0,0,0,0,0,0,0,0,0,0,0,,,0,0,0,0,0,0,0,0,0,0,0,0,,,,0,0,0,0,0,0,0,,0,0,0,0,,0,0,,0,0,0,0,0,0,0,0,0,0,0,0
00-0036282,G.Delpit,Grant Delpit,SAF,DB,"https://static.www.nfl.com/image/upload/f_auto,q_auto/league/vfp5ffmtbfgobosxlxjj",2021,REG,CLE,14,0,0,0,0,0,0,0,0,0,0,0,0,,,0,,0,0,0,0,0,0,0,0,0,0,,0,0,0,0,0,0,0,0,0,0,0,0,0,0,,0,0,0,0,0,,0,0,0,0,39,4,23,3,5,1,1,7,1,1,5,3,0,0,0,0,0,0,0,0,0,1,15,0,0,0,0,0,0,0,0,0,0,0,0,0,,,0,0,0,0,0,0,0,0,0,0,0,0,,,,0,0,0,0,0,0,0,,0,0,0,0,,0,0,,0,0,0,0,0,0,0,0,0,0,0,0
00-0036283,K.Robinson,Kenny Robinson,SAF,DB,"https://static.www.nfl.com/image/private/f_auto,q_auto/league/a92bigr1l3xd9ycyjtss",2021,REG,CAR,8,0,0,0,0,0,0,0,0,0,0,0,0,,,0,,0,0,0,0,0,0,0,0,0,0,,0,0,0,0,0,0,0,0,0,0,0,0,0,0,,0,0,0,0,0,,0,0,0,1,10,2,5,0,0,0,0,0,0,0,0,0,0,0,0,4,0,0,0,0,0,0,0,0,0,0,0,0,0,0,0,0,0,0,0,0,,,0,0,0,0,0,0,0,0,0,0,0,0,,,,0,0,0,0,0,0,0,,0,0,0,0,,0,0,,0,0,0,0,0,0,0,0,0,0,6,6
00-0036284,M.Becton,Mekhi Becton,G,OL,"https://static.www.nfl.com/image/upload/f_auto,q_auto/league/y8g95wptr3ozqhtj6urd",2021,REG,NYJ,1,0,0,0,0,0,0,0,0,0,0,0,0,,,0,,0,0,0,0,0,0,0,0,0,0,,0,0,0,0,0,0,0,0,0,0,0,0,0,0,,0,0,0,0,0,,0,0,0,0,0,0,0,0,0,0,0,0,0,0,0,0,0,0,0,0,0,0,0,0,0,1,5,0,0,0,0,0,0,0,0,0,0,0,0,0,,,0,0,0,0,0,0,0,0,0,0,0,0,,,,0,0,0,0,0,0,0,,0,0,0,0,,0,0,,0,0,0,0,0,0,0,0,0,0,0,0
00-0036285,A.Terrell,A.J. Terrell,CB,DB,"https://static.www.nfl.com/image/upload/f_auto,q_auto/league/etcev3yjoqtp5tay2ndo",2021,REG,ATL,16,0,0,0,0,0,0,0,0,0,0,0,0,,,0,,0,0,0,0,0,0,0,0,0,0,,0,0,0,0,0,0,0,0,0,0,0,0,0,0,,0,0,0,0,0,,0,0,0,0,51,1,29,3,7,1,1,2,1,3,42,16,0,0,0,0,0,0,0,0,0,4,69,0,0,0,0,0,0,0,0,0,0,0,0,0,,,0,0,0,0,0,0,0,0,0,0,0,0,,,,0,0,0,0,0,0,0,,0,0,0,0,,0,0,,0,0,0,0,0,0,0,0,0,0,0,0
00-0036286,K.Chaisson,K'Lavon Chaisson,LB,LB,"https://static.www.nfl.com/image/upload/f_auto,q_auto/league/gc9qqj4piwlwse4spobk",2021,REG,JAX,13,0,0,0,0,0,0,0,0,0,0,0,0,,,0,,0,0,0,0,0,0,0,0,0,0,,0,0,0,0,0,0,0,0,0,0,0,0,0,0,,0,0,0,0,0,,0,0,0,0,18,2,11,3,5,0,1,2,4,0,0,0,0,0,0,0,0,0,0,0,0,3,17,0,0,0,0,0,0,0,0,0,0,0,0,0,,,0,0,0,0,0,0,0,0,0,0,0,0,,,,0,0,0,0,0,0,0,,0,0,0,0,,0,0,,0,0,0,0,0,0,0,0,0,0,0,0
00-0036287,N.Igbinoghene,Noah Igbinoghene,CB,DB,"https://static.www.nfl.com/image/upload/f_auto,q_auto/league/hyu05mp0m5bstdoi0wdx",2021,REG,MIA,4,0,0,0,0,0,0,0,0,0,0,0,0,,,0,,0,0,0,0,0,0,0,0,0,0,,0,0,0,0,0,0,0,0,0,0,0,0,0,0,,0,0,0,0,0,,0,0,0,0,6,0,0,0,0,0,0,0,0,0,0,0,0,0,0,0,0,0,0,0,0,1,10,0,0,0,0,0,0,0,0,0,0,0,0,0,,,0,0,0,0,0,0,0,0,0,0,0,0,,,,0,0,0,0,0,0,0,,0,0,0,0,,0,0,,0,0,0,0,0,0,0,0,0,0,0,0
00-0036288,Y.Gross-Matos,Yetur Gross-Matos,DE,DL,"https://static.www.nfl.com/image/upload/f_auto,q_auto/league/w1xhz0qsd0rr5hczbpb8",2021,REG,CAR,12,0,0,0,0,0,0,0,0,0,0,0,0,,,0,,0,0,0,0,0,0,0,0,0,0,,0,0,0,0,0,0,0,0,0,0,0,0,0,0,,0,0,0,0,0,,0,0,0,0,15,3,10,4,23,1,3.5,20.5,4,0,0,1,0,0,0,0,0,0,0,0,0,1,5,0,0,0,0,0,0,0,0,0,0,0,0,0,,,0,0,0,0,0,0,0,0,0,0,0,0,,,,0,0,0,0,0,0,0,,0,0,0,0,,0,0,,0,0,0,0,0,0,0,0,0,0,0,0
00-0036289,R.Blacklock,Ross Blacklock,DT,DL,"https://static.www.nfl.com/image/private/f_auto,q_auto/league/bhfz75verrtkscghgjjz",2021,REG,HOU,12,0,0,0,0,0,0,0,0,0,0,0,0,,,0,,0,0,0,0,0,0,0,0,0,0,,0,0,0,0,0,0,0,0,0,0,0,0,0,0,,0,0,0,0,0,,0,0,0,0,10,4,8,2,6,1,2,11,6,0,0,2,0,0,0,0,0,0,0,0,0,4,22,0,0,0,0,0,0,0,0,0,0,0,0,0,,,0,0,0,0,0,0,0,0,0,0,0,0,,,,0,0,0,0,0,0,0,,0,0,0,0,,0,0,,0,0,0,0,0,0,0,0,0,0,0,0
00-0036290,C.Kmet,Cole Kmet,TE,TE,"https://static.www.nfl.com/image/upload/f_auto,q_auto/league/ysnui8mzlu2fo70ub0yt",2021,REG,CHI,17,0,0,0,0,0,0,0,0,0,0,0,0,,,0,,0,0,0,0,1,0,0,0,0,0,-0.222245357494103,0,0,0,0,0,60,93,612,0,0,0,721,246,29,-5.91455016051539,0,31,11,7,0,0.848821081830791,0.177480916030534,0.160400444938821,0.378501685502976,0,1,0,0,0,0,0,0,0,0,0,0,0,0,0,0,0,1,0,0,0,0,4,30,0,0,0,0,0,0,0,1,0,0,0,0,0,,,0,0,0,0,0,0,0,0,0,0,0,0,,,,0,0,0,0,0,0,0,,0,0,0,0,,0,0,,0,0,0,0,0,0,0,0,0,0,61.2,121.2
00-0036291,M.Davidson,Marlon Davidson,DE,DL,"https://static.www.nfl.com/image/upload/f_auto,q_auto/league/zxqpom7rcenoibhktkyh",2021,REG,ATL,10,0,0,0,0,0,0,0,0,0,0,0,0,,,0,,0,0,0,0,0,0,0,0,0,0,,0,0,0,0,0,0,0,0,0,0,0,0,0,0,,0,0,0,0,0,,0,0,0,0,11,1,9,1,8,0,1,8,1,1,3,1,1,0,0,0,0,0,1,0,0,1,1,0,0,0,0,0,0,0,0,0,0,0,0,0,,,0,0,0,0,0,0,0,0,0,0,0,0,,,,0,0,0,0,0,0,0,,0,0,0,0,,0,0,,0,0,0,0,0,0,0,0,0,0,0,0
00-0036292,Ja.Johnson,Jaylon Johnson,CB,DB,"https://static.www.nfl.com/image/upload/f_auto,q_auto/league/mee0icza276avcisghdk",2021,REG,CHI,15,0,0,0,0,0,0,0,0,0,0,0,0,,,0,,0,0,0,0,0,0,0,0,0,0,,0,0,0,0,0,0,0,0,0,0,0,0,0,0,,0,0,0,0,0,,0,0,0,0,33,4,9,1,1,1,0,0,0,1,3,9,0,0,0,0,0,0,0,0,0,4,44,0,0,0,0,0,0,0,0,0,0,0,0,0,,,0,0,0,0,0,0,0,0,0,0,0,0,,,,0,0,0,0,0,0,0,,0,0,0,0,,0,0,,0,0,0,0,0,0,0,0,0,0,0,0
00-0036293,J.Chinn,Jeremy Chinn,SAF,DB,"https://static.www.nfl.com/image/upload/f_auto,q_auto/league/qdvollzto5i4xs6q9gov",2021,REG,CAR,16,0,0,0,0,0,0,0,0,0,0,0,0,,,0,,0,0,0,0,0,0,0,0,0,0,,0,0,0,0,0,0,0,0,0,0,0,0,0,0,,0,0,0,0,0,,0,0,0,0,70,5,32,4,13,1,1,7,5,1,0,5,0,0,0,0,0,0,1,18,0,2,10,0,0,0,0,0,0,0,0,0,0,0,0,0,,,0,0,0,0,0,0,0,0,0,0,0,0,,,,0,0,0,0,0,0,0,,0,0,0,0,,0,0,,0,0,0,0,0,0,0,0,0,0,0,0
00-0036294,L.Wilson,Logan Wilson,LB,LB,"https://static.www.nfl.com/image/upload/f_auto,q_auto/league/yricskcpoyoucmgfauek",2021,REG,CIN,13,0,0,0,0,0,0,0,0,0,0,0,0,,,0,,0,0,0,0,0,0,0,0,0,0,,0,0,0,0,0,0,0,0,0,0,0,0,0,0,,0,0,0,0,0,,0,0,0,0,50,7,43,5,12,1,1,2,1,4,31,4,0,0,0,0,0,0,0,0,0,0,0,0,0,0,0,0,0,0,0,0,0,0,0,0,,,0,0,0,0,0,0,0,0,0,0,0,0,,,,0,0,0,0,0,0,0,,0,0,0,0,,0,0,,0,0,0,0,0,0,0,0,0,0,0,0
00-0036295,M.Hennessy,Matt Hennessy,C,OL,"https://static.www.nfl.com/image/upload/f_auto,q_auto/league/iruohug4gurmckekn4zs",2021,REG,ATL,4,0,0,0,0,0,0,0,0,0,0,0,0,,,0,,0,0,0,0,0,0,0,0,0,0,,0,0,0,0,0,0,0,0,0,0,0,0,0,0,,0,0,0,0,0,,0,0,0,0,0,0,0,0,0,0,0,0,0,0,0,0,0,0,0,0,0,0,0,0,0,4,30,0,0,0,0,0,0,0,0,0,0,0,0,0,,,0,0,0,0,0,0,0,0,0,0,0,0,,,,0,0,0,0,0,0,0,,0,0,0,0,,0,0,,0,0,0,0,0,0,0,0,0,0,0,0
00-0036296,J.Zuniga,Jabari Zuniga,DE,DL,"https://static.www.nfl.com/image/private/f_auto,q_auto/league/kwwf0l0vd74wyxcnacwk",2021,REG,NYJ,1,0,0,0,0,0,0,0,0,0,0,0,0,,,0,,0,0,0,0,0,0,0,0,0,0,,0,0,0,0,0,0,0,0,0,0,0,0,0,0,,0,0,0,0,0,,0,0,0,0,1,0,2,0,0,1,1,8,1,0,0,0,0,0,0,0,0,0,0,0,0,0,0,0,0,0,0,0,0,0,0,0,0,0,0,0,,,0,0,0,0,0,0,0,0,0,0,0,0,,,,0,0,0,0,0,0,0,,0,0,0,0,,0,0,,0,0,0,0,0,0,0,0,0,0,0,0
00-0036297,D.Evans,Darrynton Evans,RB,RB,"https://static.www.nfl.com/image/upload/f_auto,q_auto/league/akmrd72vwsbpsnuh9775",2021,REG,TEN,1,0,0,0,0,0,0,0,0,0,0,0,0,,,0,,0,0,0,0,2,7,0,0,0,0,-1.24622511619236,0,0,0,0,0,2,2,11,0,0,0,-4,15,1,1.33159657171927,0,0,0,0,0,-2.75,0.00383141762452107,-0.000998751560549313,0.00504800034439709,0,0,0,0,0,0,0,0,0,0,0,0,0,0,0,0,0,0,0,0,0,0,0,0,0,0,0,0,0,0,0,1,17,0,0,0,0,,,0,0,0,0,0,0,0,0,0,0,0,0,,,,0,0,0,0,0,0,0,,0,0,0,0,,0,0,,0,0,0,0,0,0,0,0,0,0,1.8,3.8
00-0036298,A.Davis-Gaither,Akeem Davis-Gaither,LB,LB,"https://static.www.nfl.com/image/upload/f_auto,q_auto/league/bh8mbyhyngomfqg3hf2a",2021,REG,CIN,7,0,0,0,0,0,0,0,0,0,0,0,0,,,0,,0,0,0,0,0,0,0,0,0,0,,0,0,0,0,0,0,0,0,0,0,0,0,0,0,,0,0,0,0,0,,0,0,0,0,19,2,7,0,0,1,0,0,0,0,0,3,0,0,0,0,0,0,0,0,0,0,0,0,0,0,0,0,0,0,0,0,0,0,0,0,,,0,0,0,0,0,0,0,0,0,0,0,0,,,,0,0,0,0,0,0,0,,0,0,0,0,,0,0,,0,0,0,0,0,0,0,0,0,0,0,0
00-0036300,M.Walker,Mykal Walker,LB,LB,"https://static.www.nfl.com/image/upload/f_auto,q_auto/league/tbysjdwb1ea5ya03wnfz",2021,REG,ATL,12,0,0,0,0,0,0,0,0,0,0,0,0,,,0,,0,0,0,0,0,0,0,0,0,0,,0,0,0,0,0,0,0,0,0,0,0,0,0,0,,0,0,0,0,0,,0,0,0,0,14,3,18,0,0,0,0,0,1,1,66,4,1,0,0,0,0,0,1,4,0,0,0,0,0,0,0,0,0,0,0,0,0,0,0,0,,,0,0,0,0,0,0,0,0,0,0,0,0,,,,0,0,0,0,0,0,0,,0,0,0,0,,0,0,,0,0,0,0,0,0,0,0,0,0,0,0
00-0036302,J.Hawkins,Jaylinn Hawkins,SAF,DB,"https://static.www.nfl.com/image/upload/f_auto,q_auto/league/x6aoovce6sz0dxstlb4u",2021,REG,ATL,11,0,0,0,0,0,0,0,0,0,0,0,0,,,0,,0,0,0,0,0,0,0,0,0,0,,0,0,0,0,0,0,0,0,0,0,0,0,0,0,,0,0,0,0,0,,0,0,0,0,12,1,11,0,0,0,0,0,0,2,11,3,0,0,0,0,0,0,0,0,0,3,24,0,0,0,0,0,0,0,0,0,0,0,0,0,,,0,0,0,0,0,0,0,0,0,0,0,0,,,,0,0,0,0,0,0,0,,0,0,0,0,,0,0,,0,0,0,0,0,0,0,0,0,0,0,0
00-0036303,J.Scott,Josiah Scott,CB,DB,"https://static.www.nfl.com/image/private/f_auto,q_auto/league/nv4stfnpyttr3pc5pmc4",2021,REG,PHI,5,0,0,0,0,0,0,0,0,0,0,0,0,,,0,,0,0,0,0,0,0,0,0,0,0,,0,0,0,0,0,0,0,0,0,0,0,0,0,0,,0,0,0,0,0,,0,0,0,0,7,1,4,1,1,0,1,1,1,0,0,0,0,0,0,0,0,0,0,0,0,2,25,0,0,0,0,0,0,0,0,0,0,0,0,0,,,0,0,0,0,0,0,0,0,0,0,0,0,,,,0,0,0,0,0,0,0,,0,0,0,0,,0,0,,0,0,0,0,0,0,0,0,0,0,0,0
00-0036304,J.Reid,John Reid,CB,DB,"https://static.www.nfl.com/image/private/f_auto,q_auto/league/sxc8vmfhrfish4e6nbtk",2021,REG,SEA,6,0,0,0,0,0,0,0,0,0,0,0,0,,,0,,0,0,0,0,0,0,0,0,0,0,,0,0,0,0,0,0,0,0,0,0,0,0,0,0,,0,0,0,0,0,,0,0,0,0,6,1,5,0,0,0,0,0,0,0,0,2,0,0,0,0,0,0,0,0,0,2,26,0,0,0,0,0,0,0,0,0,0,0,0,0,,,0,0,0,0,0,0,0,0,0,0,0,0,,,,0,0,0,0,0,0,0,,0,0,0,0,,0,0,,0,0,0,0,0,0,0,0,0,0,0,0
00-0036305,T.Gipson,Trevis Gipson,LB,LB,"https://static.www.nfl.com/image/upload/f_auto,q_auto/league/mdrrrg7fr2sos9veyyin",2021,REG,CHI,15,0,0,0,0,0,0,0,0,0,0,0,0,,,0,,0,0,0,0,0,0,0,0,0,0,,0,0,0,0,0,0,0,0,0,0,0,0,0,0,,0,0,0,0,0,,0,0,0,0,21,2,16,7,37,5,7,53.5,7,0,0,2,0,0,0,0,0,0,1,0,0,1,15,0,0,0,0,0,0,0,0,0,0,0,0,0,,,0,0,0,0,0,0,0,0,0,0,0,0,,,,0,0,0,0,0,0,0,,0,0,0,0,,0,0,,0,0,0,0,0,0,0,0,0,0,0,0
00-0036306,D.Thomas,Daniel Thomas,SAF,DB,"https://static.www.nfl.com/image/upload/f_auto,q_auto/league/qbw8gam5wiinqegq213p",2021,REG,JAX,6,0,0,0,0,0,0,0,0,0,0,0,0,,,0,,0,0,0,0,0,0,0,0,0,0,,0,0,0,0,0,0,0,0,0,0,0,0,0,0,,0,0,0,0,0,,0,0,0,0,14,3,10,0,0,0,0,0,0,0,0,0,0,0,0,0,0,0,0,0,0,0,0,0,0,0,0,0,0,0,0,0,0,0,0,0,,,0,0,0,0,0,0,0,0,0,0,0,0,,,,0,0,0,0,0,0,0,,0,0,0,0,,0,0,,0,0,0,0,0,0,0,0,0,0,0,0
00-0036307,K.Vildor,Kindle Vildor,CB,DB,"https://static.www.nfl.com/image/upload/f_auto,q_auto/league/f1loty6bu2jaxt9bwcbx",2021,REG,CHI,16,0,0,0,0,0,0,0,0,0,0,0,0,,,0,,0,0,0,0,0,0,0,0,0,0,,0,0,0,0,0,0,0,0,0,0,0,0,0,0,,0,0,0,0,0,,0,0,0,0,30,3,13,1,7,0,1,7,1,0,0,4,0,0,0,0,0,0,0,0,0,4,57,0,0,0,0,0,0,0,0,0,0,0,0,0,,,0,0,0,0,0,0,0,0,0,0,0,0,,,,0,0,0,0,0,0,0,,0,0,0,0,,0,0,,0,0,0,0,0,0,0,0,0,0,0,0
00-0036308,I.Coulter,Isaiah Coulter,WR,WR,"https://static.www.nfl.com/image/private/f_auto,q_auto/league/zezib3bxgsm67dztn4np",2021,REG,CHI,1,0,0,0,0,0,0,0,0,0,0,0,0,,,0,,0,0,0,0,0,0,0,0,0,0,,0,0,0,0,0,0,1,0,0,0,0,22,0,0,-0.857183249667287,0,0,0,0,0,0,0.00190839694656489,0.00489432703003337,0.00628862434087069,0,0,0,0,0,0,0,0,0,0,0,0,0,0,0,0,0,0,0,0,0,0,0,0,0,0,0,0,0,0,0,0,0,0,0,0,0,,,0,0,0,0,0,0,0,0,0,0,0,0,,,,0,0,0,0,0,0,0,,0,0,0,0,,0,0,,0,0,0,0,0,0,0,0,0,0,0,0
00-0036309,D.Mooney,Darnell Mooney,WR,WR,"https://static.www.nfl.com/image/upload/f_auto,q_auto/league/eaejonwaflt9drrs9ika",2021,REG,CHI,17,0,0,0,0,0,0,0,0,0,0,0,0,,,0,,0,0,0,0,6,32,1,0,0,2,0.964358149445616,0,2,1,0,0,81,140,1055,4,0,0,1556,381,49,0.5429042949728,0,42,27,14,3,0.678020565552699,0.267175572519084,0.346162402669633,0.643077040647369,0,5,0,0,0,0,0,0,0,0,0,0,0,0,0,0,0,0,0,0,0,0,0,0,0,0,0,0,0,0,0,1,10,0,0,0,0,,,0,0,0,0,0,0,0,0,0,0,0,0,,,,0,0,0,0,0,0,0,,0,0,0,0,,0,0,,0,0,0,0,0,0,0,0,0,0,138.7,219.7
00-0036310,H.Adeniji,Hakeem Adeniji,OT,OL,"https://static.www.nfl.com/image/upload/f_auto,q_auto/league/qcoi4yerqm7urfbnscft",2021,REG,CIN,2,0,0,0,0,0,0,0,0,0,0,0,0,,,0,,0,0,0,0,0,0,0,0,0,0,,0,0,0,0,0,0,0,0,0,0,0,0,0,0,,0,0,0,0,0,,0,0,0,0,0,0,0,0,0,0,0,0,0,0,0,0,0,0,0,0,0,0,0,0,0,2,20,0,0,0,0,0,0,0,0,0,0,0,0,0,,,0,0,0,0,0,0,0,0,0,0,0,0,,,,0,0,0,0,0,0,0,,0,0,0,0,,0,0,,0,0,0,0,0,0,0,0,0,0,0,0
00-0036311,B.Roy,Bravvion Roy,DT,DL,"https://static.www.nfl.com/image/private/f_auto,q_auto/league/yahohmgmpgysfvgrt9ef",2021,REG,CAR,15,0,0,0,0,0,0,0,0,0,0,0,0,,,0,,0,0,0,0,0,0,0,0,0,0,,0,0,0,0,0,0,0,0,0,0,0,0,0,0,,0,0,0,0,0,,0,0,0,0,6,7,17,1,1,0,0,0,2,0,0,2,0,0,0,0,0,0,0,0,0,2,20,0,0,0,0,0,0,0,0,0,0,0,0,0,,,0,0,0,0,0,0,0,0,0,0,0,0,,,,0,0,0,0,0,0,0,,0,0,0,0,,0,0,,0,0,0,0,0,0,0,0,0,0,0,0
00-0036313,B.Mann,Braden Mann,P,SPEC,"https://static.www.nfl.com/image/upload/f_auto,q_auto/league/eizeojehmxkvvfahj1tk",2021,REG,NYJ,10,0,0,0,0,0,0,0,0,0,0,0,0,,,0,,0,0,0,0,1,4,0,0,0,0,-2.56835237832274,0,0,0,0,0,0,0,0,0,0,0,0,0,0,,0,0,0,0,0,,0,0,0,0,0,0,0,0,0,0,0,0,0,0,0,0,0,0,0,0,0,0,0,0,0,0,0,0,0,0,0,0,0,0,0,0,0,0,0,0,,,0,0,0,0,0,0,0,0,0,0,0,0,,,,0,0,0,0,0,0,0,,0,0,0,0,,41,1,63,1875,14,9,9,1,6,16,151,0,1704,0.4,0.4
00-0036314,M.Bailey,Markus Bailey,LB,LB,"https://static.www.nfl.com/image/upload/f_auto,q_auto/league/etenzo5wtbuoiz2z5tbb",2021,REG,CIN,10,0,0,0,0,0,0,0,0,0,0,0,0,,,0,,0,0,0,0,0,0,0,0,0,0,,0,0,0,0,0,0,0,0,0,0,0,0,0,0,,0,0,0,0,0,,0,0,0,0,17,4,17,0,0,0,0.5,4,1,0,0,3,0,0,0,0,0,0,0,0,0,0,0,0,0,0,0,0,0,0,0,0,0,0,0,0,,,0,0,0,0,0,0,0,0,0,0,0,0,,,,0,0,0,0,0,0,0,,0,0,0,0,,0,0,,0,0,0,0,0,0,0,0,0,0,0,0
00-0036315,S.Thomas-Oliver,Stantley Thomas-Oliver,CB,DB,"https://static.www.nfl.com/image/private/f_auto,q_auto/league/yclgagxypre3gpqh4lth",2021,REG,CAR,4,0,0,0,0,0,0,0,0,0,0,0,0,,,0,,0,0,0,0,0,0,0,0,0,0,,0,0,0,0,0,0,0,0,0,0,0,0,0,0,,0,0,0,0,0,,0,0,0,0,2,1,4,0,0,0,0,0,0,0,0,0,0,0,0,0,0,0,0,0,0,1,5,0,0,0,0,0,0,0,0,0,0,0,0,0,,,0,0,0,0,0,0,0,0,0,0,0,0,,,,0,0,0,0,0,0,0,,0,0,0,0,,0,0,,0,0,0,0,0,0,0,0,0,0,0,0
00-0036316,C.Claybrooks,Chris Claybrooks,CB,DB,"https://static.www.nfl.com/image/private/f_auto,q_auto/league/y2wxfrfy1aqxpmcwrcxg",2021,REG,JAX,12,0,0,0,0,0,0,0,0,0,0,0,0,,,0,,0,0,0,0,0,0,0,0,0,0,,0,0,0,0,0,0,0,0,0,0,0,0,0,0,,0,0,0,0,0,,0,0,0,0,16,1,12,0,0,0,0,0,0,0,0,2,0,0,0,0,1,0,0,0,0,2,18,0,0,0,0,0,0,0,5,88,0,0,0,0,,,0,0,0,0,0,0,0,0,0,0,0,0,,,,0,0,0,0,0,0,0,,0,0,0,0,,0,0,,0,0,0,0,0,0,0,0,0,0,0,0
00-0036319,S.Hofrichter,Sterling Hofrichter,P,SPEC,"https://static.www.nfl.com/image/private/f_auto,q_auto/league/tzimxb1zsrfkb2uw3pnn",2021,REG,TB,2,0,0,0,0,0,0,0,0,0,0,0,0,,,0,,0,0,0,0,0,0,0,0,0,0,,0,0,0,0,0,0,0,0,0,0,0,0,0,0,,0,0,0,0,0,,0,0,0,0,1,0,0,0,0,0,0,0,0,0,0,0,0,0,0,0,0,0,0,0,0,0,0,0,0,0,0,0,0,0,0,0,0,0,0,0,,,0,0,0,0,0,0,0,0,0,0,0,0,,,,0,0,0,0,0,0,0,,0,0,0,0,,6,0,45,227,3,0,0,0,4,2,22,0,205,0,0
00-0036320,J.Charlton,Joseph Charlton,P,SPEC,"https://static.www.nfl.com/image/private/f_auto,q_auto/league/ekullk7pi9dtavlbvdcw",2021,REG,JAX,6,0,0,0,0,0,0,0,0,0,0,0,0,,,0,,0,0,0,0,0,0,0,0,0,0,,0,0,0,0,0,0,0,0,0,0,0,0,0,0,,0,0,0,0,0,,0,0,0,0,1,0,0,0,0,0,0,0,0,0,0,0,0,0,0,0,0,0,0,0,0,0,0,0,0,0,0,0,0,0,0,0,0,0,0,0,,,0,0,0,0,0,0,0,0,0,0,0,0,,,,0,0,0,0,0,0,0,,0,0,0,0,,24,1,57,973,8,3,2,1,14,4,40,0,913,0,0
00-0036321,C.Young,Chase Young,DE,DL,"https://static.www.nfl.com/image/upload/f_auto,q_auto/league/oeg7zkuy6zte74pe8pxl",2021,REG,WAS,9,0,0,0,0,0,0,0,0,0,0,0,0,,,0,,0,0,0,0,0,0,0,0,0,0,,0,0,0,0,0,0,0,0,0,0,0,0,0,0,,0,0,0,0,0,,0,0,0,0,10,5,11,2,12,2,1.5,3.5,4,0,0,2,0,0,0,0,0,0,0,0,0,4,33,0,0,0,0,0,0,0,0,0,0,0,0,0,,,0,0,0,0,0,0,0,0,0,0,0,0,,,,0,0,0,0,0,0,0,,0,0,0,0,,0,0,,0,0,0,0,0,0,0,0,0,0,0,0
00-0036322,J.Jefferson,Justin Jefferson,WR,WR,"https://static.www.nfl.com/image/upload/f_auto,q_auto/league/f0ccavu3ppzcs51e1cuv",2021,REG,MIN,17,2,4,35,0,0,0,0,0,0,36,28,2,1.25333587976638,-5.72643354535103,0,0.972222222222222,2,1,1,0,6,14,0,0,0,1,-2.24479338963283,0,1,0,0,0,108,167,1616,10,1,1,2063,490,75,77.7301302737945,0,67,40,27,5,0.783325254483762,0.288927335640138,0.42606361007848,0.731635530515144,0,0,0,0,0,0,0,0,0,0,0,0,0,0,0,0,0,0,0,0,0,0,1,10,1,0,0,1,1,0,0,0,0,0,0,0,0,,,0,0,0,0,0,0,0,0,0,0,0,0,,,,0,0,0,0,0,0,0,,0,0,0,0,,0,0,,0,0,0,0,0,0,0,0,0,0,222.4,330.4
00-0036323,P.Queen,Patrick Queen,LB,LB,"https://static.www.nfl.com/image/upload/f_auto,q_auto/league/doxpcjbw3vigxuj4xdqu",2021,REG,BAL,17,0,0,0,0,0,0,0,0,0,0,0,0,,,0,,0,0,0,0,0,0,0,0,0,0,,0,0,0,0,0,0,0,0,0,0,0,0,0,0,,0,0,0,0,0,,0,0,0,0,61,7,30,8,37,1,2,19,3,0,0,1,0,0,0,0,0,0,1,0,0,1,15,0,0,0,0,0,0,0,0,0,0,0,0,0,,,0,0,0,0,0,0,0,0,0,0,0,0,,,,0,0,0,0,0,0,0,,0,0,0,0,,0,0,,0,0,0,0,0,0,0,0,0,0,0,0
00-0036325,R.Hunt,Robert Hunt,OT,OL,"https://static.www.nfl.com/image/upload/f_auto,q_auto/league/i7mowb5kq5lqz7tjpstc",2021,REG,MIA,4,0,0,0,0,0,0,0,0,0,0,0,0,,,0,,0,0,0,0,0,0,0,0,0,0,,0,0,0,0,0,0,0,0,0,0,0,0,0,0,,0,0,0,0,0,,0,0,0,0,0,0,0,0,0,0,0,0,0,0,0,0,0,0,0,0,1,0,0,0,0,6,40,0,0,0,0,0,0,0,0,0,0,0,0,0,,,0,0,0,0,0,0,0,0,0,0,0,0,,,,0,0,0,0,0,0,0,,0,0,0,0,,0,0,,0,0,0,0,0,0,0,0,0,0,0,0
00-0036326,C.Claypool,Chase Claypool,WR,WR,"https://static.www.nfl.com/image/upload/f_auto,q_auto/league/intpee5tvgt6rhzxhquc",2021,REG,PIT,15,0,0,0,0,0,0,0,0,0,0,0,0,,,0,,0,0,0,0,14,96,0,0,0,7,3.8205426853383,0,5,4,1,0,59,105,860,2,0,0,1202,295,35,9.79091478392468,0,33,20,13,4,0.715474209650582,0.160796324655436,0.2707817075918,0.430741682297415,0,0,0,0,0,0,0,0,0,0,0,0,0,0,0,0,0,0,0,0,0,0,8,83,0,0,0,0,0,0,0,0,0,0,0,0,0,,,0,0,0,0,0,0,0,0,0,0,0,0,,,,0,0,0,0,0,0,0,,0,0,0,0,,0,0,,0,0,0,0,0,0,0,0,0,0,107.6,166.6
00-0036327,E.Cleveland,Ezra Cleveland,G,OL,"https://static.www.nfl.com/image/upload/f_auto,q_auto/league/wofagulp593x7i5pjxis",2021,REG,MIN,5,0,0,0,0,0,0,0,0,0,0,0,0,,,0,,0,0,0,0,0,0,0,0,0,0,,0,0,0,0,0,0,0,0,0,0,0,0,0,0,,0,0,0,0,0,,0,0,0,0,2,0,0,0,0,0,0,0,0,0,0,0,0,0,0,0,0,0,0,0,0,3,25,0,0,0,0,0,0,0,0,0,0,0,0,0,,,0,0,0,0,0,0,0,0,0,0,0,0,,,,0,0,0,0,0,0,0,,0,0,0,0,,0,0,,0,0,0,0,0,0,0,0,0,0,0,0
00-0036328,A.Gibson,Antonio Gibson,RB,RB,"https://static.www.nfl.com/image/upload/f_auto,q_auto/league/j7ixpkm7u4tdoqwzmbt4",2021,REG,WAS,16,0,0,0,0,0,0,0,0,0,0,0,0,,,0,,0,0,0,0,258,1037,7,5,3,65,-24.1292619752996,1,24,16,4,0,42,52,294,3,1,1,-9,333,12,1.29920356806554,0,8,3,2,1,-32.6666666666667,0.0973782771535581,-0.00218446601941748,0.144538289516745,0,1,0,0,0,0,0,0,0,0,0,0,0,0,0,0,0,0,0,0,0,0,1,5,6,0,1,6,4,0,0,0,0,0,0,0,0,,,0,0,0,0,0,0,0,0,0,0,0,0,,,,0,0,0,0,0,0,0,,0,0,0,0,,0,0,,0,0,0,0,0,0,0,0,0,0,187.1,229.1
00-0036329,A.Davis,Ashtyn Davis,SAF,DB,"https://static.www.nfl.com/image/upload/f_auto,q_auto/league/f1yyvajikoqdnqunml6i",2021,REG,NYJ,13,0,0,0,0,0,0,0,0,0,0,0,0,,,0,,0,0,0,0,0,0,0,0,0,0,,0,0,0,0,0,0,0,0,0,0,0,0,0,0,,0,0,0,0,0,,0,0,0,0,37,6,19,0,0,3,0.5,3,1,2,18,3,0,0,0,0,0,0,0,0,0,0,0,0,0,0,0,0,0,0,0,0,0,0,0,0,,,0,0,0,0,0,0,0,0,0,0,0,0,,,,0,0,0,0,0,0,0,,0,0,0,0,,0,0,,0,0,0,0,0,0,0,0,0,0,0,0
00-0036330,C.Dantzler,Cameron Dantzler,CB,DB,"https://static.www.nfl.com/image/private/f_auto,q_auto/league/ax7tihgxm8xuubatynsy",2021,REG,MIN,11,0,0,0,0,0,0,0,0,0,0,0,0,,,0,,0,0,0,0,0,0,0,0,0,0,,0,0,0,0,0,0,0,0,0,0,0,0,0,0,,0,0,0,0,0,,0,0,0,0,41,3,9,0,0,1,0,0,0,1,0,8,0,0,0,0,0,0,0,0,0,1,7,0,0,0,0,0,0,0,0,0,0,0,0,0,,,0,0,0,0,0,0,0,0,0,0,0,0,,,,0,0,0,0,0,0,0,,0,0,0,0,,0,0,,0,0,0,0,0,0,0,0,0,0,0,0
00-0036331,D.Duvernay,Devin Duvernay,WR,WR,"https://static.www.nfl.com/image/upload/f_auto,q_auto/league/rhqvgqqfokrv6omkw0lg",2021,REG,BAL,16,0,0,0,0,0,0,0,0,0,0,0,0,,,0,,0,0,0,0,7,50,0,0,0,3,2.46116331487428,0,3,2,0,0,33,47,272,2,0,0,284,141,14,7.44823020062551,0,10,5,1,0,0.957746478873239,0.0795262267343486,0.0542813455657492,0.157286281997547,0,0,0,0,0,0,0,0,0,0,0,0,0,0,1,0,0,2,2,0,0,1,1,10,0,1,0,1,0,26,360,28,676,0,0,0,0,,,0,0,0,0,0,0,0,0,0,0,0,0,,,,0,0,0,0,0,0,0,,0,0,0,0,,0,0,,0,0,0,0,0,0,0,0,0,0,44.2,77.2
00-0036332,J.Deguara,Josiah Deguara,TE,TE,"https://static.www.nfl.com/image/upload/f_auto,q_auto/league/wivlyvbmlm0aogcvl2yz",2021,REG,GB,14,0,0,0,0,0,0,0,0,0,0,0,0,,,0,,0,0,0,0,0,0,0,0,0,0,,0,0,0,0,0,25,33,245,2,0,0,114,204,9,0.777494958793015,0,8,3,3,1,2.14912280701754,0.0578947368421053,0.0249017038007864,0.104273297923708,0,1,0,0,0,0,0,0,0,0,0,0,0,0,0,0,0,0,0,0,0,0,1,10,0,0,0,0,0,0,0,0,0,0,0,0,0,,,0,0,0,0,0,0,0,0,0,0,0,0,,,,0,0,0,0,0,0,0,,0,0,0,0,,0,0,,0,0,0,0,0,0,0,0,0,0,36.5,61.5
00-0036333,A.Highsmith,Alex Highsmith,LB,LB,"https://static.www.nfl.com/image/upload/f_auto,q_auto/league/cczpmknwul24lusvhzyf",2021,REG,PIT,16,0,0,0,0,0,0,0,0,0,0,0,0,,,0,,0,0,0,0,0,0,0,0,0,0,,0,0,0,0,0,0,0,0,0,0,0,0,0,0,,0,0,0,0,0,,0,0,0,0,37,9,28,14,54,1,6,35.5,15,0,0,0,0,0,0,0,0,0,0,0,0,4,30,0,0,0,0,0,0,0,0,0,0,0,0,0,,,0,0,0,0,0,0,0,0,0,0,0,0,,,,0,0,0,0,0,0,0,,0,0,0,0,,0,0,,0,0,0,0,0,0,0,0,0,0,0,0
00-0036334,S.Charles,Saahdiq Charles,OT,OL,"https://static.www.nfl.com/image/upload/f_auto,q_auto/league/f3e07rywiznazr0urp4e",2021,REG,WAS,4,0,0,0,0,0,0,0,0,0,0,0,0,,,0,,0,0,0,0,0,0,0,0,0,0,,0,0,0,0,0,0,0,0,0,0,0,0,0,0,,0,0,0,0,0,,0,0,0,0,0,0,0,0,0,0,0,0,0,0,0,0,0,0,0,0,0,0,0,0,0,4,25,0,0,0,0,0,0,0,0,0,0,0,0,0,,,0,0,0,0,0,0,0,0,0,0,0,0,,,,0,0,0,0,0,0,0,,0,0,0,0,,0,0,,0,0,0,0,0,0,0,0,0,0,0,0
00-0036335,D.Wonnum,D.J. Wonnum,LB,LB,"https://static.www.nfl.com/image/upload/f_auto,q_auto/league/i4vqp3hdkbfiakcdmnmo",2021,REG,MIN,17,0,0,0,0,0,0,0,0,0,0,0,0,,,0,,0,0,0,0,0,0,0,0,0,0,,0,0,0,0,0,0,0,0,0,0,0,0,0,0,,0,0,0,0,0,,0,0,0,0,24,5,18,7,63,1,8,77,15,0,0,4,0,0,0,0,0,0,0,0,0,2,20,0,0,0,0,0,0,0,0,0,0,0,0,0,,,0,0,0,0,0,0,0,0,0,0,0,0,,,,0,0,0,0,0,0,0,,0,0,0,0,,0,0,,0,0,0,0,0,0,0,0,0,0,0,0
00-0036336,A.McFarland,Anthony McFarland,RB,RB,"https://static.www.nfl.com/image/private/f_auto,q_auto/league/dwt64mh92t2qztepvswo",2021,REG,PIT,2,0,0,0,0,0,0,0,0,0,0,0,0,,,0,,0,0,0,0,3,3,0,0,0,0,-2.05926969769644,0,0,0,0,0,1,1,11,0,0,0,0,11,1,-1.85594705463154,0,1,0,0,0,0,0.00153139356814701,0,0.00229709035222052,0,0,0,0,0,0,0,0,0,0,0,0,0,0,0,0,0,0,0,0,0,0,0,0,0,0,0,0,0,0,0,3,73,0,0,0,0,,,0,0,0,0,0,0,0,0,0,0,0,0,,,,0,0,0,0,0,0,0,,0,0,0,0,,0,0,,0,0,0,0,0,0,0,0,0,0,1.4,2.4
00-0036337,J.Lynch,James Lynch,DT,DL,"https://static.www.nfl.com/image/upload/f_auto,q_auto/league/d4funuhosghah7ved424",2021,REG,MIN,11,0,0,0,0,0,0,0,0,0,0,0,0,,,0,,0,0,0,0,0,0,0,0,0,0,,0,0,0,0,0,0,0,0,0,0,0,0,0,0,,0,0,0,0,0,,0,0,0,0,15,3,12,2,9,0,1,8,1,0,0,0,0,0,0,0,0,0,1,0,0,2,20,0,0,0,0,0,0,0,0,0,0,0,0,0,,,0,0,0,0,0,0,0,0,0,0,0,0,,,,0,0,0,0,0,0,0,,0,0,0,0,,0,0,,0,0,0,0,0,0,0,0,0,0,0,0
00-0036338,T.Dye,Troy Dye,LB,LB,"https://static.www.nfl.com/image/upload/f_auto,q_auto/league/szcqhlzfkobuu2vh8s7v",2021,REG,MIN,9,0,0,0,0,0,0,0,0,0,0,0,0,,,0,,0,0,0,0,0,0,0,0,0,0,,0,0,0,0,0,0,0,0,0,0,0,0,0,0,,0,0,0,0,0,,0,0,0,0,10,2,8,0,0,0,0,0,0,0,0,0,0,0,0,0,0,0,0,0,0,0,0,0,0,0,0,0,0,0,0,0,0,0,0,0,,,0,0,0,0,0,0,0,0,0,0,0,0,,,,0,0,0,0,0,0,0,,0,0,0,0,,0,0,,0,0,0,0,0,0,0,0,0,0,0,0
00-0036339,K.Dotson,Kevin Dotson,G,OL,"https://static.www.nfl.com/image/upload/f_auto,q_auto/league/nv2c9f4jr08wvzyog86n",2021,REG,PIT,5,0,0,0,0,0,0,0,0,0,0,0,0,,,0,,0,0,0,0,0,0,0,0,0,0,,0,0,0,0,0,0,0,0,0,0,0,0,0,0,,0,0,0,0,0,,0,0,0,0,0,0,0,0,0,0,0,0,0,0,0,0,0,0,0,0,0,0,0,0,0,5,43,0,0,0,0,0,0,0,0,0,0,0,0,0,,,0,0,0,0,0,0,0,0,0,0,0,0,,,,0,0,0,0,0,0,0,,0,0,0,0,,0,0,,0,0,0,0,0,0,0,0,0,0,0,0
00-0036340,A.Gandy-Golden,Antonio Gandy-Golden,WR,WR,"https://static.www.nfl.com/image/private/f_auto,q_auto/league/hi80cnzcbmyma7vq1b2w",2021,REG,WAS,1,0,0,0,0,0,0,0,0,0,0,0,0,,,0,,0,0,0,0,0,0,0,0,0,0,,0,0,0,0,0,0,0,0,0,0,0,0,0,0,,0,0,0,0,0,,0,0,0,0,0,0,0,0,0,0,0,0,0,0,0,0,0,0,0,0,0,0,0,0,0,1,10,0,0,0,0,0,0,0,0,0,0,0,0,0,,,0,0,0,0,0,0,0,0,0,0,0,0,,,,0,0,0,0,0,0,0,,0,0,0,0,,0,0,,0,0,0,0,0,0,0,0,0,0,0,0
00-0036341,K.Kareem,Khalid Kareem,LB,LB,"https://static.www.nfl.com/image/upload/f_auto,q_auto/league/wv4cxlitwh8mxxpzvka5",2021,REG,CIN,4,0,0,0,0,0,0,0,0,0,0,0,0,,,0,,0,0,0,0,0,0,0,0,0,0,,0,0,0,0,0,0,0,0,0,0,0,0,0,0,,0,0,0,0,0,,0,0,0,0,4,1,4,1,1,1,0,0,2,0,0,0,0,0,0,0,0,0,1,4,0,0,0,0,0,0,0,0,0,0,0,0,0,0,0,0,,,0,0,0,0,0,0,0,0,0,0,0,0,,,,0,0,0,0,0,0,0,,0,0,0,0,,0,0,,0,0,0,0,0,0,0,0,0,0,0,0
00-0036342,K.Ismael,Keith Ismael,C,OL,"https://static.www.nfl.com/image/upload/f_auto,q_auto/league/r2nyvq01hor2zkvcmgd5",2021,REG,WAS,3,0,0,0,0,0,0,0,0,0,0,0,0,,,0,,0,0,0,0,0,0,0,0,0,0,,0,0,0,0,0,0,0,0,0,0,0,0,0,0,,0,0,0,0,0,,0,0,0,0,0,0,1,0,0,0,0,0,0,0,0,0,0,0,0,0,0,0,0,0,0,1,10,0,1,0,1,0,0,0,0,0,0,0,0,0,,,0,0,0,0,0,0,0,0,0,0,0,0,,,,0,0,0,0,0,0,0,,0,0,0,0,,0,0,,0,0,0,0,0,0,0,0,0,0,0,0
00-0036343,K.Hudson,Khaleke Hudson,LB,LB,"https://static.www.nfl.com/image/upload/f_auto,q_auto/league/xlpsx6vmahvollkqjzcf",2021,REG,WAS,6,0,0,0,0,0,0,0,0,0,0,0,0,,,0,,0,0,0,0,0,0,0,0,0,0,,0,0,0,0,0,0,0,0,0,0,0,0,0,0,,0,0,0,0,0,,0,0,0,0,4,0,5,0,0,0,0,0,1,0,0,0,0,0,0,0,0,0,0,0,0,2,9,0,0,0,0,0,0,0,0,0,0,0,0,0,,,0,0,0,0,0,0,0,0,0,0,0,0,,,,0,0,0,0,0,0,0,,0,0,0,0,,0,0,,0,0,0,0,0,0,0,0,0,0,0,0
00-0036344,H.Hand,Harrison Hand,CB,DB,"https://static.www.nfl.com/image/upload/f_auto,q_auto/league/s8d7x4ifytwdgwip6t5p",2021,REG,MIN,5,0,0,0,0,0,0,0,0,0,0,0,0,,,0,,0,0,0,0,0,0,0,0,0,0,,0,0,0,0,0,0,0,0,0,0,0,0,0,0,,0,0,0,0,0,,0,0,0,0,5,0,0,0,0,0,0,0,0,0,0,0,0,0,0,0,0,0,0,0,0,2,15,0,0,0,0,0,0,0,0,0,0,0,0,0,,,0,0,0,0,0,0,0,0,0,0,0,0,,,,0,0,0,0,0,0,0,,0,0,0,0,,0,0,,0,0,0,0,0,0,0,0,0,0,0,0
00-0036345,K.Osborn,K.J. Osborn,WR,WR,"https://static.www.nfl.com/image/upload/f_auto,q_auto/league/ol316js270dkzhgkclrq",2021,REG,MIN,17,0,0,0,0,0,0,0,0,0,0,0,0,,,0,,0,0,0,0,1,10,0,0,0,1,0.547039665980265,0,1,0,0,0,50,82,655,7,0,0,861,179,26,14.6071488270836,0,23,12,10,2,0.760743321718931,0.141868512110727,0.177819083023544,0.337276126282571,0,2,0,0,0,0,0,0,0,0,0,0,0,0,0,0,0,0,0,0,0,0,3,25,0,0,0,0,0,4,23,0,0,0,0,0,0,,,0,0,0,0,0,0,0,0,0,0,0,0,,,,0,0,0,0,0,0,0,,0,0,0,0,,0,0,,0,0,0,0,0,0,0,0,0,0,108.5,158.5
00-0036346,A.Brooks,Antoine Brooks Jr.,SAF,DB,"https://static.www.nfl.com/image/private/f_auto,q_auto/league/tlm5xlwjpoz8onhrnxh1",2021,REG,LA,2,0,0,0,0,0,0,0,0,0,0,0,0,,,0,,0,0,0,0,0,0,0,0,0,0,,0,0,0,0,0,0,0,0,0,0,0,0,0,0,,0,0,0,0,0,,0,0,0,0,2,0,1,0,0,0,0,0,0,0,0,0,0,0,0,0,0,0,0,0,0,0,0,0,0,0,0,0,0,0,0,0,0,0,0,0,,,0,0,0,0,0,0,0,0,0,0,0,0,,,,0,0,0,0,0,0,0,,0,0,0,0,,0,0,,0,0,0,0,0,0,0,0,0,0,0,0
00-0036348,J.Metellus,Josh Metellus,SAF,DB,"https://static.www.nfl.com/image/upload/f_auto,q_auto/league/gmb2ahv4eq0jphammw2h",2021,REG,MIN,10,0,0,0,0,0,0,0,0,0,0,0,0,,,0,,0,0,0,0,0,0,0,0,0,0,,0,0,0,0,0,0,0,0,0,0,0,0,0,0,,0,0,0,0,0,,0,0,0,0,8,0,5,0,0,0,0,0,0,0,0,1,0,0,0,0,0,0,0,0,0,2,20,0,0,0,0,0,0,0,1,0,0,0,0,0,,,0,0,0,0,0,0,0,0,0,0,0,0,,,,0,0,0,0,0,0,0,,0,0,0,0,,0,0,,0,0,0,0,0,0,0,0,0,0,0,0
00-0036349,K.Curl,Kam Curl,SAF,DB,"https://static.www.nfl.com/image/upload/f_auto,q_auto/league/tm9ahrg1kvnyyghpj5sy",2021,REG,WAS,16,0,0,0,0,0,0,0,0,0,0,0,0,,,0,,0,0,0,0,0,0,0,0,0,0,,0,0,0,0,0,0,0,0,0,0,0,0,0,0,,0,0,0,0,0,,0,0,0,0,57,5,37,1,5,0,1,5,3,0,0,5,0,0,0,0,0,0,1,0,0,2,34,0,0,0,0,0,0,0,0,0,0,0,0,0,,,0,0,0,0,0,0,0,0,0,0,0,0,,,,0,0,0,0,0,0,0,,0,0,0,0,,0,0,,0,0,0,0,0,0,0,0,0,0,0,0
00-0036350,K.Willekes,Kenny Willekes,DE,DL,"https://static.www.nfl.com/image/private/f_auto,q_auto/league/yhxk5d6vg5nhbk3gpgo7",2021,REG,MIN,5,0,0,0,0,0,0,0,0,0,0,0,0,,,0,,0,0,0,0,0,0,0,0,0,0,,0,0,0,0,0,0,0,0,0,0,0,0,0,0,,0,0,0,0,0,,0,0,0,0,9,2,7,2,15,0,2.5,16.5,7,0,0,1,0,0,0,0,0,0,0,0,0,0,0,0,0,0,0,0,0,0,0,0,0,0,0,0,,,0,0,0,0,0,0,0,0,0,0,0,0,,,,0,0,0,0,0,0,0,,0,0,0,0,,0,0,,0,0,0,0,0,0,0,0,0,0,0,0
00-0036351,J.Smith-Williams,James Smith-Williams,DE,DL,"https://static.www.nfl.com/image/upload/f_auto,q_auto/league/y7za6udwmac12c8hmvwh",2021,REG,WAS,13,0,0,0,0,0,0,0,0,0,0,0,0,,,0,,0,0,0,0,0,0,0,0,0,0,,0,0,0,0,0,0,0,0,0,0,0,0,0,0,,0,0,0,0,0,,0,0,0,0,9,2,19,3,9,0,2.5,13,5,0,0,1,0,0,0,0,0,0,0,0,0,1,5,0,0,0,0,0,0,0,0,0,0,0,0,0,,,0,0,0,0,0,0,0,0,0,0,0,0,,,,0,0,0,0,0,0,0,,0,0,0,0,,0,0,,0,0,0,0,0,0,0,0,0,0,0,0
00-0036352,C.Davis,Carlos Davis,DT,DL,"https://static.www.nfl.com/image/private/f_auto,q_auto/league/joyiwnhaj36xygplruym",2021,REG,PIT,3,0,0,0,0,0,0,0,0,0,0,0,0,,,0,,0,0,0,0,0,0,0,0,0,0,,0,0,0,0,0,0,0,0,0,0,0,0,0,0,,0,0,0,0,0,,0,0,0,0,1,2,2,0,0,0,0,0,0,0,0,0,0,0,0,0,0,0,0,0,0,0,0,0,0,0,0,0,0,0,0,0,0,0,0,0,,,0,0,0,0,0,0,0,0,0,0,0,0,,,,0,0,0,0,0,0,0,,0,0,0,0,,0,0,,0,0,0,0,0,0,0,0,0,0,0,0
00-0036355,J.Herbert,Justin Herbert,QB,QB,"https://static.www.nfl.com/image/upload/f_auto,q_auto/league/s1oelyaroiaalgilbeqk",2021,REG,LAC,17,443,672,5014,38,15,31,-214,1,1,5058,2403,256,121.555703763707,-0.615461159333065,5,0.991300909450376,208,99,53,15,63,302,3,0,0,28,11.1580990264994,0,12,7,1,0,0,0,0,0,0,0,0,0,0,1.053,1,0,0,0,0,,0,0,0,0,1,0,0,0,0,0,0,0,0,0,0,0,0,0,0,0,0,0,0,0,0,0,0,1,0,1,1,1,0,0,0,0,0,0,0,0,,,0,0,0,0,0,0,0,0,0,0,0,0,,,,0,0,0,0,0,0,0,,0,0,0,0,,0,0,,0,0,0,0,0,0,0,0,0,0,380.76,380.76
00-0036356,I.Simmons,Isaiah Simmons,SAF,DB,"https://static.www.nfl.com/image/upload/f_auto,q_auto/league/zf2q7dv6kkj1v3tfefvx",2021,REG,ARI,17,0,0,0,0,0,0,0,0,0,0,0,0,,,0,,0,0,0,0,0,0,0,0,0,0,,0,0,0,0,0,0,0,0,0,0,0,0,0,0,,0,0,0,0,0,,0,0,0,0,65,5,35,3,11,4,1.5,6,4,1,0,7,0,0,0,0,0,0,0,0,0,3,45,0,0,0,0,0,0,0,0,0,0,0,0,0,,,0,0,0,0,0,0,0,0,0,0,0,0,,,,0,0,0,0,0,0,0,,0,0,0,0,,0,0,,0,0,0,0,0,0,0,0,0,0,0,0
00-0036357,H.Ruggs,Henry Ruggs III,WR,WR,"https://static.www.nfl.com/image/private/f_auto,q_auto/league/i8oezzdcas0hd9ap8cfp",2021,REG,LV,7,0,0,0,0,0,0,0,0,0,0,0,0,,,0,,0,0,0,0,3,16,0,0,0,0,-1.14157379779499,0,0,0,0,0,24,36,469,2,0,0,608,109,16,31.0734122270078,0,14,12,9,4,0.771381578947369,0.0597014925373134,0.118866080156403,0.172758494915452,0,0,0,0,0,0,0,0,0,0,0,0,0,0,0,0,0,0,0,0,0,0,1,15,0,0,0,0,0,0,0,4,70,0,0,0,0,,,0,0,0,0,0,0,0,0,0,0,0,0,,,,0,0,0,0,0,0,0,,0,0,0,0,,0,0,,0,0,0,0,0,0,0,0,0,0,60.5,84.5
00-0036358,C.Lamb,CeeDee Lamb,WR,WR,"https://static.www.nfl.com/image/upload/f_auto,q_auto/league/ijxzvtumjhqu3zva1bwc",2021,REG,DAL,16,0,0,0,0,0,0,0,0,0,0,0,0,,,0,,0,0,0,0,9,76,0,0,0,4,4.08371359028388,0,4,3,1,0,79,120,1102,6,0,0,1233,441,54,27.878307176291,0,46,28,20,2,0.893755068937551,0.188383045525903,0.241008600469117,0.451280588617236,0,2,0,0,0,0,0,0,0,0,0,0,0,0,0,0,0,0,0,0,0,0,1,5,0,0,0,0,0,14,139,0,0,0,0,0,0,,,0,0,0,0,0,0,0,0,0,0,0,0,,,,0,0,0,0,0,0,0,,0,0,0,0,,0,0,,0,0,0,0,0,0,0,0,0,0,153.8,232.8
00-0036359,D.Arnette,Damon Arnette,CB,DB,"https://static.www.nfl.com/image/upload/f_auto,q_auto/league/fd2gstkm1skm5r3fxca5",2021,REG,LV,3,0,0,0,0,0,0,0,0,0,0,0,0,,,0,,0,0,0,0,0,0,0,0,0,0,,0,0,0,0,0,0,0,0,0,0,0,0,0,0,,0,0,0,0,0,,0,0,0,0,2,0,2,0,0,0,0,0,0,0,0,1,0,0,0,0,0,0,0,0,0,0,0,0,0,0,0,0,0,0,0,0,0,0,0,0,,,0,0,0,0,0,0,0,0,0,0,0,0,,,,0,0,0,0,0,0,0,,0,0,0,0,,0,0,,0,0,0,0,0,0,0,0,0,0,0,0
00-0036360,C.Edwards-Helaire,Clyde Edwards-Helaire,RB,RB,"https://static.www.nfl.com/image/upload/f_auto,q_auto/league/er6tfnyxampiwn74zrui",2021,REG,KC,10,0,0,0,0,0,0,0,0,0,0,0,0,,,0,,0,0,0,0,119,517,4,2,2,21,-8.79660004522884,0,9,6,0,0,19,23,129,2,0,0,-53,169,8,-0.859723157404438,1,8,1,1,0,-2.43396226415094,0.0361067503924647,-0.01067472306143,0.046687819445696,0,0,0,0,0,0,0,0,0,0,0,0,0,0,0,0,0,1,0,0,0,0,2,30,2,0,0,2,2,0,0,0,0,0,0,0,0,,,0,0,0,0,0,0,0,0,0,0,0,0,,,,0,0,0,0,0,0,0,,0,0,0,0,,0,0,,0,0,0,0,0,0,0,0,0,0,98.6,117.6
00-0036361,T.Diggs,Trevon Diggs,CB,DB,"https://static.www.nfl.com/image/upload/f_auto,q_auto/league/ktdcor3rnkwpgehtwldn",2021,REG,DAL,16,0,0,0,0,0,0,0,0,0,0,0,0,,,0,,0,0,0,0,0,0,0,0,0,0,,0,0,0,0,0,0,0,0,0,0,0,0,0,0,,0,0,0,0,0,,0,0,0,0,39,4,9,0,0,0,0,0,0,11,142,21,2,0,0,0,0,0,0,0,0,9,75,0,0,0,0,0,2,10,0,0,0,0,0,0,,,0,0,0,0,0,0,0,0,0,0,0,0,,,,0,0,0,0,0,0,0,,0,0,0,0,,0,0,,0,0,0,0,0,0,0,0,0,0,0,0
00-0036362,W.Gay,Willie Gay Jr.,LB,LB,"https://static.www.nfl.com/image/upload/f_auto,q_auto/league/vf0j6vpgfr1vg5wsd7uh",2021,REG,KC,12,0,0,0,0,0,0,0,0,0,0,0,0,,,0,,0,0,0,0,0,0,0,0,0,0,,0,0,0,0,0,0,0,0,0,0,0,0,0,0,,0,0,0,0,0,,0,0,0,0,22,4,22,0,0,0,0.5,3.5,1,2,14,4,0,0,0,0,0,0,0,0,0,0,0,0,0,0,0,0,0,0,0,0,0,0,0,0,,,0,0,0,0,0,0,0,0,0,0,0,0,,,,0,0,0,0,0,0,0,,0,0,0,0,,0,0,,0,0,0,0,0,0,0,0,0,0,0,0
00-0036363,J.Jones,Josh Jones,OT,OL,"https://static.www.nfl.com/image/upload/f_auto,q_auto/league/tycxkga3ketrydbwmg1d",2021,REG,ARI,6,0,0,0,0,0,0,0,0,0,0,0,0,,,0,,0,0,0,0,0,0,0,0,0,0,,0,0,0,0,0,0,0,0,0,0,0,0,0,0,,0,0,0,0,0,,0,0,0,0,0,0,0,0,0,0,0,0,0,0,0,0,0,0,0,0,0,0,0,0,0,10,68,0,0,0,0,0,0,0,0,0,0,0,0,0,,,0,0,0,0,0,0,0,0,0,0,0,0,,,,0,0,0,0,0,0,0,,0,0,0,0,,0,0,,0,0,0,0,0,0,0,0,0,0,0,0
00-0036365,B.Edwards,Bryan Edwards,WR,WR,"https://static.www.nfl.com/image/private/f_auto,q_auto/league/duzbn0dd5ss2lnrsovyn",2021,REG,LV,16,0,0,0,0,0,0,0,0,0,0,0,0,,,0,,0,0,0,0,1,0,0,0,0,0,-1.83144422015175,0,0,0,0,0,34,59,571,3,1,0,827,190,26,17.3356165876565,0,24,19,11,1,0.690447400241838,0.0978441127694859,0.161681329423265,0.259943099750514,0,0,0,1,0,0,0,0,0,0,0,0,0,0,0,0,0,0,0,0,0,0,2,14,1,0,0,1,0,0,0,0,0,0,0,0,0,,,0,0,0,0,0,0,0,0,0,0,0,0,,,,0,0,0,0,0,0,0,,0,0,0,0,,0,0,,0,0,0,0,0,0,0,0,0,0,75.1,109.1
00-0036366,N.Gallimore,Neville Gallimore,DT,DL,"https://static.www.nfl.com/image/upload/f_auto,q_auto/league/qwrxmtnfxfkhenqgsnjp",2021,REG,DAL,4,0,0,0,0,0,0,0,0,0,0,0,0,,,0,,0,0,0,0,0,0,0,0,0,0,,0,0,0,0,0,0,0,0,0,0,0,0,0,0,,0,0,0,0,0,,0,0,0,0,4,1,8,2,18,0,1.5,11.5,2,0,0,0,0,0,0,0,0,0,0,0,0,0,0,0,0,0,0,0,0,0,0,0,0,0,0,0,,,0,0,0,0,0,0,0,0,0,0,0,0,,,,0,0,0,0,0,0,0,,0,0,0,0,,0,0,,0,0,0,0,0,0,0,0,0,0,0,0
00-0036367,L.Niang,Lucas Niang,OT,OL,"https://static.www.nfl.com/image/upload/f_auto,q_auto/league/rsnqn3s5uuhmiutjqfsw",2021,REG,KC,5,0,0,0,0,0,0,0,0,0,0,0,0,,,0,,0,0,0,0,0,0,0,0,0,0,,0,0,0,0,0,0,0,0,0,0,0,0,0,0,,0,0,0,0,0,,0,0,0,0,2,0,0,0,0,0,0,0,0,0,0,0,0,0,0,0,0,0,0,0,0,4,30,0,0,0,0,0,0,0,0,0,0,0,0,0,,,0,0,0,0,0,0,0,0,0,0,0,0,,,,0,0,0,0,0,0,0,,0,0,0,0,,0,0,,0,0,0,0,0,0,0,0,0,0,0,0
00-0036368,T.Muse,Tanner Muse,LB,LB,"https://static.www.nfl.com/image/upload/f_auto,q_auto/league/j2xl7exqirdrpzslqmjn",2021,REG,SEA,3,0,0,0,0,0,0,0,0,0,0,0,0,,,0,,0,0,0,0,0,0,0,0,0,0,,0,0,0,0,0,0,0,0,0,0,0,0,0,0,,0,0,0,0,0,,0,0,0,0,2,0,2,0,0,0,0,0,0,0,0,0,0,0,0,0,0,0,0,0,0,0,0,0,0,0,0,0,0,0,0,0,0,0,0,0,,,0,0,0,0,0,0,0,0,0,0,0,0,,,,0,0,0,0,0,0,0,,0,0,0,0,,0,0,,0,0,0,0,0,0,0,0,0,0,0,0
00-0036369,J.Simpson,John Simpson,G,OL,"https://static.www.nfl.com/image/upload/f_auto,q_auto/league/wv8eiewgjjgiedjzsnmh",2021,REG,LV,11,0,0,0,0,0,0,0,0,0,0,0,0,,,0,,0,0,0,0,0,0,0,0,0,0,,0,0,0,0,0,0,0,0,0,0,0,0,0,0,,0,0,0,0,0,,0,0,0,0,0,0,0,0,0,0,0,0,0,0,0,0,0,0,0,0,3,0,0,0,0,10,97,0,0,0,0,0,0,0,0,0,0,0,0,0,,,0,0,0,0,0,0,0,0,0,0,0,0,,,,0,0,0,0,0,0,0,,0,0,0,0,,0,0,,0,0,0,0,0,0,0,0,0,0,0,0
00-0036370,J.Kelley,Joshua Kelley,RB,RB,"https://static.www.nfl.com/image/private/f_auto,q_auto/league/fsu6gqcltgnofaakmq6u",2021,REG,LAC,8,0,0,0,0,0,0,0,0,0,0,0,0,,,0,,0,0,0,0,33,102,0,1,1,5,-15.074566347932,0,2,2,0,0,5,6,38,0,0,0,13,31,1,1.02538307486987,0,2,1,0,0,2.92307692307692,0.00910470409711684,0.00255804801259347,0.0154476897544907,0,0,0,0,0,0,0,0,0,0,0,0,0,0,0,0,0,0,0,0,0,0,0,0,1,0,0,1,1,0,0,0,0,0,0,0,0,,,0,0,0,0,0,0,0,0,0,0,0,0,,,,0,0,0,0,0,0,0,,0,0,0,0,,0,0,,0,0,0,0,0,0,0,0,0,0,12,17
00-0036371,L.Fotu,Leki Fotu,DT,DL,"https://static.www.nfl.com/image/upload/f_auto,q_auto/league/nvivcl9hxccojvuexvmw",2021,REG,ARI,13,0,0,0,0,0,0,0,0,0,0,0,0,,,0,,0,0,0,0,0,0,0,0,0,0,,0,0,0,0,0,0,0,0,0,0,0,0,0,0,,0,0,0,0,0,,0,0,0,0,6,2,11,0,0,1,0,0,0,0,0,3,0,0,0,0,0,0,0,0,0,2,20,0,0,0,0,0,0,0,0,0,0,0,0,0,,,0,0,0,0,0,0,0,0,0,0,0,0,,,,0,0,0,0,0,0,0,,0,0,0,0,,0,0,,0,0,0,0,0,0,0,0,0,0,0,0
00-0036373,R.Lawrence,Rashard Lawrence,DT,DL,"https://static.www.nfl.com/image/private/f_auto,q_auto/league/aqxkxovelybcyjqekr7d",2021,REG,ARI,6,0,0,0,0,0,0,0,0,0,0,0,0,,,0,,0,0,0,0,0,0,0,0,0,0,,0,0,0,0,0,0,0,0,0,0,0,0,0,0,,0,0,0,0,0,,0,0,0,0,6,0,5,0,0,0,0,0,0,0,0,0,0,0,0,0,0,0,0,0,0,1,5,0,0,0,0,0,0,0,0,0,0,0,0,0,,,0,0,0,0,0,0,0,0,0,0,0,0,,,,0,0,0,0,0,0,0,,0,0,0,0,,0,0,,0,0,0,0,0,0,0,0,0,0,0,0
00-0036374,L.Sneed,L'Jarius Sneed,SAF,DB,"https://static.www.nfl.com/image/upload/f_auto,q_auto/league/ft4szbihb9vyadwkiszf",2021,REG,KC,15,0,0,0,0,0,0,0,0,0,0,0,0,,,0,,0,0,0,0,0,0,0,0,0,0,,0,0,0,0,0,0,0,0,0,0,0,0,0,0,,0,0,0,0,0,,0,0,0,0,55,2,19,6,11,1,1,21,2,2,2,8,0,0,0,0,0,0,1,0,0,10,95,0,0,0,0,0,0,0,0,0,0,0,0,0,,,0,0,0,0,0,0,0,0,0,0,0,0,,,,0,0,0,0,0,0,0,,0,0,0,0,,0,0,,0,0,0,0,0,0,0,0,0,0,0,0
00-0036375,A.Robertson,Amik Robertson,CB,DB,"https://static.www.nfl.com/image/upload/f_auto,q_auto/league/htqmihuu8sds0x3qre8g",2021,REG,LV,6,0,0,0,0,0,0,0,0,0,0,0,0,,,0,,0,0,0,0,0,0,0,0,0,0,,0,0,0,0,0,0,0,0,0,0,0,0,0,0,,0,0,0,0,0,,0,0,0,0,11,3,5,0,0,0,0,0,0,0,0,0,0,0,0,0,0,0,0,0,0,2,24,0,0,0,0,0,0,0,0,0,0,0,0,0,,,0,0,0,0,0,0,0,0,0,0,0,0,,,,0,0,0,0,0,0,0,,0,0,0,0,,0,0,,0,0,0,0,0,0,0,0,0,0,0,0
00-0036376,T.Biadasz,Tyler Biadasz,C,OL,"https://static.www.nfl.com/image/upload/f_auto,q_auto/league/ls6xqzbvxs8pwkhwjwph",2021,REG,DAL,11,0,0,0,0,0,0,0,0,0,0,0,0,,,0,,0,0,0,0,0,0,0,0,0,0,,0,0,0,0,0,0,0,0,0,0,0,0,0,0,,0,0,0,0,0,,0,0,0,0,0,0,0,0,0,0,0,0,0,0,0,0,0,0,0,0,1,0,0,0,0,9,61,0,3,0,3,0,0,0,0,0,0,0,0,0,,,0,0,0,0,0,0,0,0,0,0,0,0,,,,0,0,0,0,0,0,0,,0,0,0,0,,0,0,,0,0,0,0,0,0,0,0,0,0,0,0
00-0036378,M.Danna,Michael Danna,LB,LB,"https://static.www.nfl.com/image/private/f_auto,q_auto/league/oiywq8es1rm2rjnpbouw",2021,REG,KC,14,0,0,0,0,0,0,0,0,0,0,0,0,,,0,,0,0,0,0,0,0,0,0,0,0,,0,0,0,0,0,0,0,0,0,0,0,0,0,0,,0,0,0,0,0,,0,0,0,0,10,1,15,3,14,2,3,14,10,0,0,1,0,0,0,0,0,0,0,0,0,0,0,0,0,0,0,0,0,0,0,0,0,0,0,0,,,0,0,0,0,0,0,0,0,0,0,0,0,,,,0,0,0,0,0,0,0,,0,0,0,0,,0,0,,0,0,0,0,0,0,0,0,0,0,0,0
00-0036379,B.Anae,Bradlee Anae,DE,DL,"https://static.www.nfl.com/image/private/f_auto,q_auto/league/t9ur7k9cqwiq3opgu3mp",2021,REG,DAL,4,0,0,0,0,0,0,0,0,0,0,0,0,,,0,,0,0,0,0,0,0,0,0,0,0,,0,0,0,0,0,0,0,0,0,0,0,0,0,0,,0,0,0,0,0,,0,0,0,0,2,0,0,0,0,0,0,0,0,0,0,0,0,0,0,0,0,0,0,0,0,2,10,0,0,0,0,0,0,0,0,0,0,0,0,0,,,0,0,0,0,0,0,0,0,0,0,0,0,,,,0,0,0,0,0,0,0,,0,0,0,0,,0,0,,0,0,0,0,0,0,0,0,0,0,0,0
00-0036380,A.Gilman,Alohi Gilman,SAF,DB,"https://static.www.nfl.com/image/upload/f_auto,q_auto/league/t5twpgxuuzuhasid5jzg",2021,REG,LAC,11,0,0,0,0,0,0,0,0,0,0,0,0,,,0,,0,0,0,0,0,0,0,0,0,0,,0,0,0,0,0,0,0,0,0,0,0,0,0,0,,0,0,0,0,0,,0,0,0,0,24,4,14,0,0,0,0,0,0,1,0,1,0,0,0,0,0,0,0,0,0,1,15,0,0,0,0,0,0,0,0,0,0,0,0,0,,,0,0,0,0,0,0,0,0,0,0,0,0,,,,0,0,0,0,0,0,0,,0,0,0,0,,0,0,,0,0,0,0,0,0,0,0,0,0,0,0
00-0036382,K.Hill,K.J. Hill,WR,WR,"https://static.www.nfl.com/image/private/f_auto,q_auto/league/qd5p8nkgawauikftmkij",2021,REG,LAC,6,0,0,0,0,0,0,0,0,0,0,0,0,,,0,,0,0,0,0,0,0,0,0,0,0,,0,0,0,0,0,3,3,30,0,0,0,18,12,1,1.76258831069572,0,1,1,0,0,1.66666666666667,0.00455235204855842,0.00354191263282172,0.00930786691581284,0,0,0,0,0,0,0,0,0,0,0,0,0,0,0,0,0,0,0,0,0,0,0,0,0,0,0,0,0,6,41,3,50,0,0,0,0,,,0,0,0,0,0,0,0,0,0,0,0,0,,,,0,0,0,0,0,0,0,,0,0,0,0,,0,0,,0,0,0,0,0,0,0,0,0,0,3,6
00-0036383,E.Benjamin,Eno Benjamin,RB,RB,"https://static.www.nfl.com/image/private/f_auto,q_auto/league/ibizpqkleka4az4mprvz",2021,REG,ARI,8,0,0,0,0,0,0,0,0,0,0,0,0,,,0,,0,0,0,0,34,118,1,0,0,4,-6.03502844861941,0,2,1,1,0,6,7,42,0,0,0,-1,46,4,3.57738445198629,0,3,0,0,0,-42,0.012280701754386,-0.000225988700564972,0.0182628605411835,0,0,0,1,0,0,0,0,0,0,0,0,0,0,0,0,0,1,0,0,0,0,0,0,0,0,0,0,0,0,0,7,162,0,0,0,0,,,0,0,0,0,0,0,0,0,0,0,0,0,,,,0,0,0,0,0,0,0,,0,0,0,0,,0,0,,0,0,0,0,0,0,0,0,0,0,22,28
00-0036385,T.Keyes,Bopete Keyes,CB,DB,"https://static.www.nfl.com/image/private/f_auto,q_auto/league/wkdmvf8vilmyvzsjgylh",2021,REG,IND,1,0,0,0,0,0,0,0,0,0,0,0,0,,,0,,0,0,0,0,0,0,0,0,0,0,,0,0,0,0,0,0,0,0,0,0,0,0,0,0,,0,0,0,0,0,,0,0,0,0,1,0,0,0,0,0,0,0,0,0,0,0,0,0,0,0,0,0,0,0,0,0,0,0,0,0,0,0,0,0,0,0,0,0,0,0,,,0,0,0,0,0,0,0,0,0,0,0,0,,,,0,0,0,0,0,0,0,,0,0,0,0,,0,0,,0,0,0,0,0,0,0,0,0,0,0,0
00-0036386,A.Thomas,Andrew Thomas,OT,OL,"https://static.www.nfl.com/image/upload/f_auto,q_auto/league/yuy9qansfewdhoxsi9fq",2021,REG,NYG,7,0,0,0,0,0,0,0,0,0,0,0,0,,,0,,0,0,0,0,0,0,0,0,0,0,,0,0,0,0,0,1,1,2,1,0,0,2,0,1,1.23117657320108,0,0,0,0,0,1,0.00177304964539007,0.000458400183360073,0.00298045459643716,0,3,0,0,0,0,0,0,0,0,0,0,0,0,0,0,0,0,0,0,0,0,5,30,0,0,0,0,0,0,0,0,0,0,0,0,0,,,0,0,0,0,0,0,0,0,0,0,0,0,,,,0,0,0,0,0,0,0,,0,0,0,0,,0,0,,0,0,0,0,0,0,0,0,0,0,6.2,7.2
00-0036387,J.Reagor,Jalen Reagor,WR,WR,"https://static.www.nfl.com/image/upload/f_auto,q_auto/league/r55ywr41a014zd9zmvc1",2021,REG,PHI,17,0,0,0,0,0,0,0,0,0,0,0,0,,,0,,0,0,0,0,10,32,0,0,0,3,-1.50662547536194,0,3,1,0,0,33,57,299,2,0,0,549,151,13,-10.8051546355839,0,13,6,4,0,0.544626593806922,0.121794871794872,0.129787234042553,0.273543371522095,0,3,0,0,0,0,0,0,0,0,0,0,0,0,1,0,0,1,0,0,0,0,1,0,1,1,1,2,0,31,227,12,255,0,0,0,0,,,0,0,0,0,0,0,0,0,0,0,0,0,,,,0,0,0,0,0,0,0,,0,0,0,0,,0,0,,0,0,0,0,0,0,0,0,0,0,45.1,78.1
00-0036388,X.McKinney,Xavier McKinney,SAF,DB,"https://static.www.nfl.com/image/upload/f_auto,q_auto/league/vvjc67dqz3mjghgkdr8v",2021,REG,NYG,17,0,0,0,0,0,0,0,0,0,0,0,0,,,0,,0,0,0,0,0,0,0,0,0,0,,0,0,0,0,0,0,0,0,0,0,0,0,0,0,,0,0,0,0,0,,0,0,0,0,54,5,34,1,2,0,0,0,0,5,64,10,1,0,0,0,0,0,0,0,0,1,8,0,0,0,0,0,0,0,0,0,0,0,0,0,,,0,0,0,0,0,0,0,0,0,0,0,0,,,,0,0,0,0,0,0,0,,0,0,0,0,,0,0,,0,0,0,0,0,0,0,0,0,0,0,0
00-0036389,J.Hurts,Jalen Hurts,QB,QB,"https://static.www.nfl.com/image/upload/f_auto,q_auto/league/c47i9v6gmokkun9cat9s",2021,REG,PHI,15,265,432,3144,16,9,26,-150,5,1,3882,1463,143,18.9473597331509,0.115397485077818,3,0.809891808346213,130,77,44,5,139,784,10,3,1,56,40.5911976853391,0,29,23,7,0,0,1,0,0,0,0,3,0,0,-2.80427084170515,0,0,0,0,0,0,0.00213675213675214,0.000709219858156028,0.00370158210583743,0,0,0,0,0,0,0,0,0,0,0,0,0,0,0,0,0,3,-24,0,0,0,0,0,5,4,1,9,2,0,0,0,0,0,0,0,0,,,0,0,0,0,0,0,0,0,0,0,0,0,,,,0,0,0,0,0,0,0,,0,0,0,0,,0,0,,0,0,0,0,0,0,0,0,0,0,312.16,312.16
00-0036390,M.Ojemudia,Michael Ojemudia,CB,DB,"https://static.www.nfl.com/image/private/f_auto,q_auto/league/lsdacncg3llktpdnufiq",2021,REG,DEN,1,0,0,0,0,0,0,0,0,0,0,0,0,,,0,,0,0,0,0,0,0,0,0,0,0,,0,0,0,0,0,0,0,0,0,0,0,0,0,0,,0,0,0,0,0,,0,0,0,0,8,0,3,0,0,0,0,0,0,0,0,2,0,0,0,0,0,0,0,0,0,0,0,0,0,0,0,0,0,0,0,0,0,0,0,0,,,0,0,0,0,0,0,0,0,0,0,0,0,,,,0,0,0,0,0,0,0,,0,0,0,0,,0,0,,0,0,0,0,0,0,0,0,0,0,0,0
00-0036391,L.Cushenberry,Lloyd Cushenberry III,C,OL,"https://static.www.nfl.com/image/upload/f_auto,q_auto/league/qfwevbrfaklbqmatvwat",2021,REG,DEN,5,0,0,0,0,0,0,0,0,0,0,0,0,,,0,,0,0,0,0,0,0,0,0,0,0,,0,0,0,0,0,0,0,0,0,0,0,0,0,0,,0,0,0,0,0,,0,0,0,0,0,0,0,0,0,0,0,0,0,0,0,0,0,0,0,0,0,0,0,0,0,6,45,0,0,0,0,0,0,0,0,0,0,0,0,0,,,0,0,0,0,0,0,0,0,0,0,0,0,,,,0,0,0,0,0,0,0,,0,0,0,0,,0,0,,0,0,0,0,0,0,0,0,0,0,0,0
00-0036392,M.Peart,Matt Peart,OT,OL,"https://static.www.nfl.com/image/upload/f_auto,q_auto/league/zcjwk9shhxnhv8vwjej7",2021,REG,NYG,2,0,0,0,0,0,0,0,0,0,0,0,0,,,0,,0,0,0,0,0,0,0,0,0,0,,0,0,0,0,0,0,0,0,0,0,0,0,0,0,,0,0,0,0,0,,0,0,0,0,0,0,0,0,0,0,0,0,0,0,0,0,0,0,0,0,0,0,0,0,0,3,14,0,0,0,0,0,0,0,0,0,0,0,0,0,,,0,0,0,0,0,0,0,0,0,0,0,0,,,,0,0,0,0,0,0,0,,0,0,0,0,,0,0,,0,0,0,0,0,0,0,0,0,0,0,0
00-0036393,D.Taylor,Davion Taylor,LB,LB,"https://static.www.nfl.com/image/private/f_auto,q_auto/league/gppzwavl8lhckyfrfw18",2021,REG,PHI,9,0,0,0,0,0,0,0,0,0,0,0,0,,,0,,0,0,0,0,0,0,0,0,0,0,,0,0,0,0,0,0,0,0,0,0,0,0,0,0,,0,0,0,0,0,,0,0,0,0,23,1,17,1,2,2,0,0,0,0,0,0,0,0,0,0,0,0,0,0,0,0,0,0,0,0,0,0,0,0,0,0,0,0,0,0,,,0,0,0,0,0,0,0,0,0,0,0,0,,,,0,0,0,0,0,0,0,,0,0,0,0,,0,0,,0,0,0,0,0,0,0,0,0,0,0,0
00-0036394,D.Holmes,Darnay Holmes,CB,DB,"https://static.www.nfl.com/image/upload/f_auto,q_auto/league/pubbkwys2ishkc7i2ljb",2021,REG,NYG,10,0,0,0,0,0,0,0,0,0,0,0,0,,,0,,0,0,0,0,0,0,0,0,0,0,,0,0,0,0,0,0,0,0,0,0,0,0,0,0,,0,0,0,0,0,,0,0,0,0,18,3,8,0,0,0,0,0,1,1,15,2,0,0,0,0,0,0,0,0,0,3,33,0,0,0,0,0,0,0,5,97,0,0,0,0,,,0,0,0,0,0,0,0,0,0,0,0,0,,,,0,0,0,0,0,0,0,,0,0,0,0,,0,0,,0,0,0,0,0,0,0,0,0,0,0,0
00-0036395,K.Wallace,K'Von Wallace,SAF,DB,"https://static.www.nfl.com/image/upload/f_auto,q_auto/league/ytpbcdbdwwlysnjj6uwb",2021,REG,PHI,7,0,0,0,0,0,0,0,0,0,0,0,0,,,0,,0,0,0,0,0,0,0,0,0,0,,0,0,0,0,0,0,0,0,0,0,0,0,0,0,,0,0,0,0,0,,0,0,0,0,10,2,3,0,0,0,0,0,0,0,0,0,0,0,0,0,0,0,0,0,0,2,25,0,0,0,0,0,0,0,0,0,0,0,0,0,,,0,0,0,0,0,0,0,0,0,0,0,0,,,,0,0,0,0,0,0,0,,0,0,0,0,,0,0,,0,0,0,0,0,0,0,0,0,0,0,0
00-0036396,J.Driscoll,Jack Driscoll,OT,OL,"https://static.www.nfl.com/image/upload/f_auto,q_auto/league/r1p5a2ocvqrraor7lk2b",2021,REG,PHI,1,0,0,0,0,0,0,0,0,0,0,0,0,,,0,,0,0,0,0,0,0,0,0,0,0,,0,0,0,0,0,0,0,0,0,0,0,0,0,0,,0,0,0,0,0,,0,0,0,0,0,0,0,0,0,0,0,0,0,0,0,0,0,0,0,0,0,0,0,0,0,1,5,0,0,0,0,0,0,0,0,0,0,0,0,0,,,0,0,0,0,0,0,0,0,0,0,0,0,,,,0,0,0,0,0,0,0,,0,0,0,0,,0,0,,0,0,0,0,0,0,0,0,0,0,0,0
00-0036398,J.Hightower,John Hightower,WR,WR,"https://static.www.nfl.com/image/private/f_auto,q_auto/league/ov8vehr0hojqxls6q7wr",2021,REG,PHI,1,0,0,0,0,0,0,0,0,0,0,0,0,,,0,,0,0,0,0,0,0,0,0,0,0,,0,0,0,0,0,0,0,0,0,0,0,0,0,0,,0,0,0,0,0,,0,0,0,0,0,0,0,0,0,0,0,0,0,0,0,0,0,0,0,0,0,0,0,0,0,0,0,0,1,0,1,0,0,0,1,0,0,0,0,0,,,0,0,0,0,0,0,0,0,0,0,0,0,,,,0,0,0,0,0,0,0,,0,0,0,0,,0,0,,0,0,0,0,0,0,0,0,0,0,0,0
00-0036400,C.Brown,Cameron Brown,LB,LB,"https://static.www.nfl.com/image/upload/f_auto,q_auto/league/mghokahv3kzopupvgiwa",2021,REG,NYG,9,0,0,0,0,0,0,0,0,0,0,0,0,,,0,,0,0,0,0,0,0,0,0,0,0,,0,0,0,0,0,0,0,0,0,0,0,0,0,0,,0,0,0,0,0,,0,0,0,0,4,2,3,0,0,0,0,0,0,0,0,0,0,0,0,0,0,0,0,0,0,3,26,0,0,0,0,0,0,0,0,0,0,0,0,0,,,0,0,0,0,0,0,0,0,0,0,0,0,,,,0,0,0,0,0,0,0,,0,0,0,0,,0,0,,0,0,0,0,0,0,0,0,0,0,0,0
00-0036401,S.Bradley,Shaun Bradley,LB,LB,"https://static.www.nfl.com/image/private/f_auto,q_auto/league/occegf1e0klknrk466oz",2021,REG,PHI,9,0,0,0,0,0,0,0,0,0,0,0,0,,,0,,0,0,0,0,0,0,0,0,0,0,,0,0,0,0,0,0,0,0,0,0,0,0,0,0,,0,0,0,0,0,,0,0,0,0,14,1,8,0,0,0,0,0,0,0,0,1,0,0,0,0,0,0,0,0,0,0,0,0,0,0,0,0,0,0,0,0,0,0,0,0,,,0,0,0,0,0,0,0,0,0,0,0,0,,,,0,0,0,0,0,0,0,,0,0,0,0,,0,0,,0,0,0,0,0,0,0,0,0,0,0,0
00-0036402,C.Coughlin,Carter Coughlin,LB,LB,"https://static.www.nfl.com/image/upload/f_auto,q_auto/league/dqszbolhovpnjot6ik96",2021,REG,NYG,4,0,0,0,0,0,0,0,0,0,0,0,0,,,0,,0,0,0,0,0,0,0,0,0,0,,0,0,0,0,0,0,0,0,0,0,0,0,0,0,,0,0,0,0,0,,0,0,0,0,2,0,4,0,0,0,0,0,0,0,0,0,0,0,0,0,0,0,0,0,0,0,0,0,0,0,0,0,0,0,0,0,0,0,0,0,,,0,0,0,0,0,0,0,0,0,0,0,0,,,,0,0,0,0,0,0,0,,0,0,0,0,,0,0,,0,0,0,0,0,0,0,0,0,0,0,0
00-0036403,C.Toohill,Casey Toohill,DE,DL,"https://static.www.nfl.com/image/upload/f_auto,q_auto/league/coyl0v90radu8roiklzo",2021,REG,WAS,13,0,0,0,0,0,0,0,0,0,0,0,0,,,0,,0,0,0,0,0,0,0,0,0,0,,0,0,0,0,0,0,0,0,0,0,0,0,0,0,,0,0,0,0,0,,0,0,0,0,12,4,11,1,3,0,1,0,6,0,0,1,0,0,0,0,0,0,0,0,0,1,13,0,0,0,0,0,0,0,0,0,0,0,0,0,,,0,0,0,0,0,0,0,0,0,0,0,0,,,,0,0,0,0,0,0,0,,0,0,0,0,,0,0,,0,0,0,0,0,0,0,0,0,0,0,0
00-0036405,C.Williamson,Chris Williamson,CB,DB,"https://static.www.nfl.com/image/private/f_auto,q_auto/league/fazkvvv485vc1e5vyswf",2021,REG,ATL,2,0,0,0,0,0,0,0,0,0,0,0,0,,,0,,0,0,0,0,0,0,0,0,0,0,,0,0,0,0,0,0,0,0,0,0,0,0,0,0,,0,0,0,0,0,,0,0,0,0,4,0,1,0,0,0,0,0,0,0,0,0,0,0,0,0,0,0,0,0,0,0,0,0,0,0,0,0,0,0,0,0,0,0,0,0,,,0,0,0,0,0,0,0,0,0,0,0,0,,,,0,0,0,0,0,0,0,,0,0,0,0,,0,0,,0,0,0,0,0,0,0,0,0,0,0,0
00-0036406,T.Wirfs,Tristan Wirfs,OT,OL,"https://static.www.nfl.com/image/upload/f_auto,q_auto/league/jiuxi430mkpqe39ikuze",2021,REG,TB,4,0,0,0,0,0,0,0,0,0,0,0,0,,,0,,0,0,0,0,0,0,0,0,0,0,,0,0,0,0,0,0,0,0,0,0,0,0,0,0,,0,0,0,0,0,,0,0,0,0,1,0,0,0,0,0,0,0,0,0,0,0,0,0,0,0,0,0,0,0,0,3,20,0,0,0,0,0,0,0,0,0,0,0,0,0,,,0,0,0,0,0,0,0,0,0,0,0,0,,,,0,0,0,0,0,0,0,,0,0,0,0,,0,0,,0,0,0,0,0,0,0,0,0,0,0,0
00-0036407,J.Jeudy,Jerry Jeudy,WR,WR,"https://static.www.nfl.com/image/upload/f_auto,q_auto/league/szca1v9butuqkjs7ekpm",2021,REG,DEN,10,0,0,0,0,0,0,0,0,0,0,0,0,,,0,,0,0,0,0,2,3,0,0,0,0,-0.854827097151429,0,0,0,0,0,38,56,467,0,1,0,595,178,22,15.3976967990209,0,19,11,7,1,0.784873949579832,0.108317214700193,0.130711775043937,0.253974064581046,0,0,0,0,0,0,0,0,0,0,0,0,0,0,0,0,0,0,0,0,0,0,1,5,1,0,0,1,0,0,0,0,0,0,0,0,0,,,0,0,0,0,0,0,0,0,0,0,0,0,,,,0,0,0,0,0,0,0,,0,0,0,0,,0,0,,0,0,0,0,0,0,0,0,0,0,47,85
00-0036409,J.Brooks,Jordyn Brooks,LB,LB,"https://static.www.nfl.com/image/upload/f_auto,q_auto/league/fqpdggqc3fngvkta63zy",2021,REG,SEA,17,0,0,0,0,0,0,0,0,0,0,0,0,,,0,,0,0,0,0,0,0,0,0,0,0,,0,0,0,0,0,0,0,0,0,0,0,0,0,0,,0,0,0,0,0,,0,0,0,0,83,26,75,9,27,0,1,7,3,0,0,5,0,0,0,0,0,0,1,5,0,2,20,0,0,0,0,0,0,0,0,0,0,0,0,0,,,0,0,0,0,0,0,0,0,0,0,0,0,,,,0,0,0,0,0,0,0,,0,0,0,0,,0,0,,0,0,0,0,0,0,0,0,0,0,0,0
00-0036410,T.Higgins,Tee Higgins,WR,WR,"https://static.www.nfl.com/image/upload/f_auto,q_auto/league/flr9f8oqigbyroeaubxb",2021,REG,CIN,14,0,0,0,0,0,0,0,0,0,0,0,0,,,0,,0,0,0,0,0,0,0,0,0,0,,0,0,0,0,0,74,110,1091,6,1,1,1323,285,53,58.0781794746216,1,49,28,17,2,0.82464096749811,0.203703703703704,0.300886968387537,0.516176433426831,0,3,0,0,0,0,0,0,0,0,0,0,0,0,0,0,0,0,0,0,0,0,2,10,1,0,0,1,1,0,0,0,0,0,0,0,0,,,0,0,0,0,0,0,0,0,0,0,0,0,,,,0,0,0,0,0,0,0,,0,0,0,0,,0,0,,0,0,0,0,0,0,0,0,0,0,145.1,219.1
00-0036411,A.Winfield,Antoine Winfield Jr.,SAF,DB,"https://static.www.nfl.com/image/upload/f_auto,q_auto/league/wn2vlv6eyc9str0ak0fx",2021,REG,TB,13,0,0,0,0,0,0,0,0,0,0,0,0,,,0,,0,0,0,0,0,0,0,0,0,0,,0,0,0,0,0,0,0,0,0,0,0,0,0,0,,0,0,0,0,0,,0,0,0,0,59,3,26,3,11,2,2,8,3,2,30,6,0,0,0,0,0,0,3,9,0,0,0,0,0,0,0,0,0,0,0,0,0,0,0,0,,,0,0,0,0,0,0,0,0,0,0,0,0,,,,0,0,0,0,0,0,0,,0,0,0,0,,0,0,,0,0,0,0,0,0,0,0,0,0,0,0
00-0036412,K.Hamler,KJ Hamler,WR,WR,"https://static.www.nfl.com/image/upload/f_auto,q_auto/league/tft1e8s4emxmx2697duf",2021,REG,DEN,3,0,0,0,0,0,0,0,0,0,0,0,0,,,0,,0,0,0,0,0,0,0,0,0,0,,0,0,0,0,0,5,10,74,0,0,0,201,16,4,5.07608739298303,0,3,2,2,0,0.368159203980099,0.0193423597678917,0.0441564147627417,0.0599230299857567,0,0,0,0,0,0,0,0,0,0,0,0,0,0,0,0,0,0,0,0,0,0,0,0,0,0,0,0,0,0,0,0,0,0,0,0,0,,,0,0,0,0,0,0,0,0,0,0,0,0,,,,0,0,0,0,0,0,0,,0,0,0,0,,0,0,,0,0,0,0,0,0,0,0,0,0,7.4,12.4
00-0036413,D.Taylor,Darrell Taylor,DE,DL,"https://static.www.nfl.com/image/upload/f_auto,q_auto/league/i0d3vsafckx1qzuzcrp6",2021,REG,SEA,15,0,0,0,0,0,0,0,0,0,0,0,0,,,0,,0,0,0,0,0,0,0,0,0,0,,0,0,0,0,0,0,0,0,0,0,0,0,0,0,,0,0,0,0,0,,0,0,0,0,22,6,9,7,31,1,6.5,40,13,0,0,1,0,0,0,0,0,0,0,0,0,4,30,0,0,0,0,0,0,0,0,0,0,0,0,0,,,0,0,0,0,0,0,0,0,0,0,0,0,,,,0,0,0,0,0,0,0,,0,0,0,0,,0,0,,0,0,0,0,0,0,0,0,0,0,0,0
00-0036414,C.Akers,Cam Akers,RB,RB,"https://static.www.nfl.com/image/upload/f_auto,q_auto/league/dutj0wamu7giwghnmr4m",2021,REG,LA,1,0,0,0,0,0,0,0,0,0,0,0,0,,,0,,0,0,0,0,5,3,0,0,0,0,-1.51658312568907,0,0,0,0,0,3,3,10,0,0,0,6,4,0,-0.576643844950013,0,0,0,0,0,1.66666666666667,0.00498338870431894,0.00116867939228672,0.00829315863107911,0,0,0,0,0,0,0,0,0,0,0,0,0,0,0,0,0,0,0,0,0,0,0,0,0,0,0,0,0,0,0,0,0,0,0,0,0,,,0,0,0,0,0,0,0,0,0,0,0,0,,,,0,0,0,0,0,0,0,,0,0,0,0,,0,0,,0,0,0,0,0,0,0,0,0,0,1.3,4.3
00-0036415,V.Jefferson,Van Jefferson,WR,WR,"https://static.www.nfl.com/image/upload/f_auto,q_auto/league/aavlanyckqnsej61ulir",2021,REG,LA,17,0,0,0,0,0,0,0,0,0,0,0,0,,,0,,0,0,0,0,2,20,0,0,0,1,1.35502027976327,0,2,0,0,0,50,89,802,6,0,0,1195,220,32,33.4069923770251,0,28,17,12,4,0.671129707112971,0.147840531561462,0.232761978963771,0.384694182616832,0,1,0,0,0,0,0,0,0,0,0,0,0,0,0,0,0,0,0,0,0,0,5,45,0,0,0,0,0,0,0,0,0,0,0,0,0,,,0,0,0,0,0,0,0,0,0,0,0,0,,,,0,0,0,0,0,0,0,,0,0,0,0,,0,0,,0,0,0,0,0,0,0,0,0,0,118.2,168.2
00-0036416,K.Fulton,Kristian Fulton,CB,DB,"https://static.www.nfl.com/image/upload/f_auto,q_auto/league/gxh7dcqykzmo2nadvs5u",2021,REG,TEN,13,0,0,0,0,0,0,0,0,0,0,0,0,,,0,,0,0,0,0,0,0,0,0,0,0,,0,0,0,0,0,0,0,0,0,0,0,0,0,0,,0,0,0,0,0,,0,0,0,0,29,1,10,0,0,0,0,0,0,2,13,14,0,0,0,0,0,0,0,0,0,4,54,0,0,0,0,0,0,0,0,0,0,0,0,0,,,0,0,0,0,0,0,0,0,0,0,0,0,,,,0,0,0,0,0,0,0,,0,0,0,0,,0,0,,0,0,0,0,0,0,0,0,0,0,0,0
00-0036417,D.Lewis,Damien Lewis,G,OL,"https://static.www.nfl.com/image/upload/f_auto,q_auto/league/aerw6b5qa0plz8ejg68g",2021,REG,SEA,3,0,0,0,0,0,0,0,0,0,0,0,0,,,0,,0,0,0,0,0,0,0,0,0,0,,0,0,0,0,0,0,0,0,0,0,0,0,0,0,,0,0,0,0,0,,0,0,0,0,0,0,0,0,0,0,0,0,0,0,0,0,0,0,0,0,0,0,0,0,0,4,34,0,0,0,0,0,0,0,0,0,0,0,0,0,,,0,0,0,0,0,0,0,0,0,0,0,0,,,,0,0,0,0,0,0,0,,0,0,0,0,,0,0,,0,0,0,0,0,0,0,0,0,0,0,0
00-0036418,Z.Baun,Zack Baun,LB,LB,"https://static.www.nfl.com/image/upload/f_auto,q_auto/league/lxfptgyjuuwmvxrwr3m4",2021,REG,NO,10,0,0,0,0,0,0,0,0,0,0,0,0,,,0,,0,0,0,0,0,0,0,0,0,0,,0,0,0,0,0,0,0,0,0,0,0,0,0,0,,0,0,0,0,0,,0,0,0,0,22,0,8,0,0,0,0,0,2,0,0,0,0,0,0,33,0,0,0,0,0,3,30,0,0,0,0,0,0,0,0,0,0,0,0,0,,,0,0,0,0,0,0,0,0,0,0,0,0,,,,0,0,0,0,0,0,0,,0,0,0,0,,0,0,,0,0,0,0,0,0,0,0,0,0,0,0
00-0036419,T.Lewis,Terrell Lewis,LB,LB,"https://static.www.nfl.com/image/upload/f_auto,q_auto/league/jczlfxv3zqmvm6mjb03i",2021,REG,LA,11,0,0,0,0,0,0,0,0,0,0,0,0,,,0,,0,0,0,0,0,0,0,0,0,0,,0,0,0,0,0,0,0,0,0,0,0,0,0,0,,0,0,0,0,0,,0,0,0,0,13,2,7,4,27,1,3,24,3,0,0,1,0,0,0,0,0,0,0,0,0,4,30,0,0,0,0,0,0,0,0,0,0,0,0,0,,,0,0,0,0,0,0,0,0,0,0,0,0,,,,0,0,0,0,0,0,0,,0,0,0,0,,0,0,,0,0,0,0,0,0,0,0,0,0,0,0
00-0036420,M.Agim,McTelvin Agim,DT,DL,"https://static.www.nfl.com/image/upload/f_auto,q_auto/league/rvttw0dofuy7plihfp0w",2021,REG,DEN,4,0,0,0,0,0,0,0,0,0,0,0,0,,,0,,0,0,0,0,0,0,0,0,0,0,,0,0,0,0,0,0,0,0,0,0,0,0,0,0,,0,0,0,0,0,,0,0,0,0,2,0,2,1,7,0,1.5,7,3,0,0,1,0,0,0,0,0,0,0,0,0,1,15,0,0,0,0,0,0,0,0,0,0,0,0,0,,,0,0,0,0,0,0,0,0,0,0,0,0,,,,0,0,0,0,0,0,0,,0,0,0,0,,0,0,,0,0,0,0,0,0,0,0,0,0,0,0
00-0036421,T.Burgess,Terrell Burgess,SAF,DB,"https://static.www.nfl.com/image/upload/f_auto,q_auto/league/noqfcnfnqtsfgkbg4jum",2021,REG,LA,6,0,0,0,0,0,0,0,0,0,0,0,0,,,0,,0,0,0,0,0,0,0,0,0,0,,0,0,0,0,0,0,0,0,0,0,0,0,0,0,,0,0,0,0,0,,0,0,0,0,4,0,6,0,0,0,0,0,0,0,0,0,0,0,0,0,0,0,0,0,0,0,0,0,0,0,0,0,0,0,0,0,0,0,0,0,,,0,0,0,0,0,0,0,0,0,0,0,0,,,,0,0,0,0,0,0,0,,0,0,0,0,,0,0,,0,0,0,0,0,0,0,0,0,0,0,0
00-0036422,A.Trautman,Adam Trautman,TE,TE,"https://static.www.nfl.com/image/upload/f_auto,q_auto/league/ck9dspk0ykijetdshyn4",2021,REG,NO,11,0,0,0,0,0,0,0,0,0,0,0,0,,,0,,0,0,0,0,0,0,0,0,0,0,,0,0,0,0,0,27,43,263,2,1,1,245,111,13,-8.26678752778767,0,10,6,2,0,1.0734693877551,0.0907172995780591,0.0654205607476636,0.181870341890453,0,1,0,0,0,0,0,0,0,0,0,0,0,0,0,0,0,0,0,0,0,0,4,30,1,0,0,1,1,0,0,0,0,0,0,0,0,,,0,0,0,0,0,0,0,0,0,0,0,0,,,,0,0,0,0,0,0,0,,0,0,0,0,,0,0,,0,0,0,0,0,0,0,0,0,0,36.3,63.3
00-0036423,A.Okwuegbunam,Albert Okwuegbunam,TE,TE,"https://static.www.nfl.com/image/upload/f_auto,q_auto/league/gww1gus87vabpsalkrpc",2021,REG,DEN,14,0,0,0,0,0,0,0,0,0,0,0,0,,,0,,0,0,0,0,0,0,0,0,0,0,,0,0,0,0,0,33,40,330,2,1,1,226,245,15,13.599486835156,0,12,6,3,1,1.46017699115044,0.0773694390715667,0.0496485061511424,0.15080811291315,0,0,0,0,0,0,0,0,0,0,0,0,0,0,0,0,0,1,2,0,0,0,4,34,1,0,0,1,1,0,0,0,0,0,0,0,0,,,0,0,0,0,0,0,0,0,0,0,0,0,,,,0,0,0,0,0,0,0,,0,0,0,0,,0,0,,0,0,0,0,0,0,0,0,0,0,43,76
00-0036424,B.Hopkins,Brycen Hopkins,TE,TE,"https://static.www.nfl.com/image/private/f_auto,q_auto/league/agzychtsya1dteoz1khu",2021,REG,LA,1,0,0,0,0,0,0,0,0,0,0,0,0,,,0,,0,0,0,0,0,0,0,0,0,0,,0,0,0,0,0,1,1,9,0,0,0,3,6,1,1.65918135293759,0,0,0,0,0,3,0.00166112956810631,0.000584339696143358,0.00290073213945982,0,0,0,0,0,0,0,0,0,0,0,0,0,0,0,0,0,0,0,0,0,0,0,0,0,0,0,0,0,0,0,0,0,0,0,0,0,,,0,0,0,0,0,0,0,0,0,0,0,0,,,,0,0,0,0,0,0,0,,0,0,0,0,,0,0,,0,0,0,0,0,0,0,0,0,0,0.9,1.9
00-0036425,D.Dallas,DeeJay Dallas,RB,RB,"https://static.www.nfl.com/image/upload/f_auto,q_auto/league/weotbgqp9f3y1hptcxzm",2021,REG,SEA,17,0,0,0,0,0,0,0,0,0,0,0,0,,,0,,0,0,0,0,33,138,2,0,0,10,1.89191839915345,0,3,2,0,0,21,23,133,0,1,0,39,110,4,-5.36754088419564,0,4,1,1,0,3.41025641025641,0.0485232067510549,0.00844338601428881,0.0786951803365844,0,5,1,4,0,0,1,0,0,0,0,0,0,0,0,0,0,1,0,0,0,0,1,15,1,0,0,1,0,0,0,33,764,0,0,0,0,,,0,0,0,0,0,0,0,0,0,0,0,0,,,,0,0,0,0,0,0,0,,0,0,0,0,,0,0,,0,0,0,0,0,0,0,0,0,0,39.1,60.1
00-0036426,A.Robinson,Alton Robinson,LB,LB,"https://static.www.nfl.com/image/private/f_auto,q_auto/league/ikmscezcmj4qxxhreeea",2021,REG,SEA,13,0,0,0,0,0,0,0,0,0,0,0,0,,,0,,0,0,0,0,0,0,0,0,0,0,,0,0,0,0,0,0,0,0,0,0,0,0,0,0,,0,0,0,0,0,,0,0,0,0,6,7,9,1,2,1,1,12,3,0,0,1,0,0,0,0,0,0,0,0,0,4,27,0,0,0,0,0,0,0,0,0,0,0,0,0,,,0,0,0,0,0,0,0,0,0,0,0,0,,,,0,0,0,0,0,0,0,,0,0,0,0,,0,0,,0,0,0,0,0,0,0,0,0,0,0,0
00-0036427,T.Johnson,Tyler Johnson,WR,WR,"https://static.www.nfl.com/image/upload/f_auto,q_auto/league/s6fg2hapxwa9efbrygxf",2021,REG,TB,16,0,0,0,0,0,0,0,0,0,0,0,0,,,0,,0,0,0,0,0,0,0,0,0,0,,0,0,0,0,0,36,55,360,0,0,0,432,137,14,6.54026686744244,0,10,6,4,0,0.833333333333333,0.0768156424581006,0.0732948761452325,0.166529876988814,0,1,0,0,0,0,0,0,0,0,0,0,0,0,0,0,0,0,0,0,0,0,0,0,0,0,0,0,0,0,0,1,10,0,0,0,0,,,0,0,0,0,0,0,0,0,0,0,0,0,,,,0,0,0,0,0,0,0,,0,0,0,0,,0,0,,0,0,0,0,0,0,0,0,0,0,36,72
00-0036428,J.Strnad,Justin Strnad,LB,LB,"https://static.www.nfl.com/image/upload/f_auto,q_auto/league/qeikhakzijz2ipub82bt",2021,REG,DEN,11,0,0,0,0,0,0,0,0,0,0,0,0,,,0,,0,0,0,0,0,0,0,0,0,0,,0,0,0,0,0,0,0,0,0,0,0,0,0,0,,0,0,0,0,0,,0,0,0,0,21,2,13,0,0,0,0,0,1,0,0,0,0,0,0,0,0,0,0,0,0,1,10,0,0,0,0,0,0,0,0,0,0,0,0,0,,,0,0,0,0,0,0,0,0,0,0,0,0,,,,0,0,0,0,0,0,0,,0,0,0,0,,0,0,,0,0,0,0,0,0,0,0,0,0,0,0
00-0036429,C.Woerner,Charlie Woerner,TE,TE,"https://static.www.nfl.com/image/upload/f_auto,q_auto/league/tflwxcx2ohrc6e8j0n5a",2021,REG,SF,8,0,0,0,0,0,0,0,0,0,0,0,0,,,0,,0,0,0,0,0,0,0,0,0,0,,0,0,0,0,0,5,6,52,0,0,0,52,9,3,2.71811267768499,0,2,1,1,0,1,0.0120724346076459,0.0129902573070197,0.0272018320263826,0,6,0,1,0,0,0,0,0,0,0,0,0,0,0,0,0,0,0,0,0,0,1,5,0,0,0,0,0,0,0,0,0,0,0,0,0,,,0,0,0,0,0,0,0,0,0,0,0,0,,,,0,0,0,0,0,0,0,,0,0,0,0,,0,0,,0,0,0,0,0,0,0,0,0,0,5.2,10.2
00-0036431,J.Fuller,Jordan Fuller,SAF,DB,"https://static.www.nfl.com/image/upload/f_auto,q_auto/league/fels90wvhbe4a0vdjnnu",2021,REG,LA,16,0,0,0,0,0,0,0,0,0,0,0,0,,,0,,0,0,0,0,0,0,0,0,0,0,,0,0,0,0,0,0,0,0,0,0,0,0,0,0,,0,0,0,0,0,,0,0,0,0,58,5,50,1,1,0,0,0,0,1,34,4,0,0,0,0,0,0,0,0,0,0,0,0,0,0,0,0,0,0,0,0,0,0,0,0,,,0,0,0,0,0,0,0,0,0,0,0,0,,,,0,0,0,0,0,0,0,,0,0,0,0,,0,0,,0,0,0,0,0,0,0,0,0,0,0,0
00-0036432,C.Johnston,Clay Johnston,LB,LB,"https://static.www.nfl.com/image/private/f_auto,q_auto/league/l1wwpqwhrzbfn5zhvwdp",2021,REG,CIN,11,0,0,0,0,0,0,0,0,0,0,0,0,,,0,,0,0,0,0,0,0,0,0,0,0,,0,0,0,0,0,0,0,0,0,0,0,0,0,0,,0,0,0,0,0,,0,0,0,0,12,1,14,0,0,1,0,0,0,0,0,0,0,0,0,0,0,0,0,0,0,3,13,0,0,0,0,0,0,0,0,0,0,0,0,0,,,0,0,0,0,0,0,0,0,0,0,0,0,,,,0,0,0,0,0,0,0,,0,0,0,0,,0,0,,0,0,0,0,0,0,0,0,0,0,0,0
00-0036434,C.Russell,Chapelle Russell,LB,LB,"https://static.www.nfl.com/image/private/f_auto,q_auto/league/pfyuzzqgwzbsfef0t35o",2021,REG,JAX,8,0,0,0,0,0,0,0,0,0,0,0,0,,,0,,0,0,0,0,0,0,0,0,0,0,,0,0,0,0,0,0,0,0,0,0,0,0,0,0,,0,0,0,0,0,,0,0,0,0,9,1,8,0,0,0,0,0,0,0,0,0,0,0,0,0,0,0,0,0,0,1,5,0,0,0,0,0,0,0,0,0,0,0,0,0,,,0,0,0,0,0,0,0,0,0,0,0,0,,,,0,0,0,0,0,0,0,,0,0,0,0,,0,0,,0,0,0,0,0,0,0,0,0,0,0,0
00-0036438,S.Sullivan,Stephen Sullivan,TE,TE,"https://static.www.nfl.com/image/upload/f_auto,q_auto/league/miipmedtauhxf4tmilcs",2021,REG,CAR,1,0,0,0,0,0,0,0,0,0,0,0,0,,,0,,0,0,0,0,0,0,0,0,0,0,,0,0,0,0,0,0,1,0,0,0,0,-2,0,0,-0.375625000917353,0,0,0,0,0,0,0.00173913043478261,-0.000452796015395065,0.00229173844139737,0,0,0,0,0,0,0,0,0,0,0,0,0,0,0,0,0,0,0,0,0,0,0,0,0,0,0,0,0,0,0,0,0,0,0,0,0,,,0,0,0,0,0,0,0,0,0,0,0,0,,,,0,0,0,0,0,0,0,,0,0,0,0,,0,0,,0,0,0,0,0,0,0,0,0,0,0,0
00-0036439,T.Cleveland,Tyrie Cleveland,WR,WR,"https://static.www.nfl.com/image/upload/f_auto,q_auto/league/dwoxtowzkymitmazn07e",2021,REG,DEN,4,0,0,0,0,0,0,0,0,0,0,0,0,,,0,,0,0,0,0,0,0,0,0,0,0,,0,0,0,0,0,0,1,0,0,0,0,5,0,0,-0.647225972032175,0,0,0,0,0,0,0.00193423597678917,0.00109841827768014,0.00367024675955985,0,3,0,1,0,0,0,0,0,0,0,0,0,0,0,0,0,0,0,0,0,0,0,0,0,0,0,0,0,0,0,0,0,0,0,0,0,,,0,0,0,0,0,0,0,0,0,0,0,0,,,,0,0,0,0,0,0,0,,0,0,0,0,,0,0,,0,0,0,0,0,0,0,0,0,0,0,0
00-0036440,D.Tuszka,Derrek Tuszka,LB,LB,"https://static.www.nfl.com/image/private/f_auto,q_auto/league/wiwut7roauqr83n1vrxp",2021,REG,PIT,10,0,0,0,0,0,0,0,0,0,0,0,0,,,0,,0,0,0,0,0,0,0,0,0,0,,0,0,0,0,0,0,0,0,0,0,0,0,0,0,,0,0,0,0,0,,0,0,0,0,8,1,9,1,5,1,2,13,2,0,0,0,0,0,0,0,0,0,0,0,0,0,0,0,0,0,0,0,0,0,0,0,0,0,0,0,,,0,0,0,0,0,0,0,0,0,0,0,0,,,,0,0,0,0,0,0,0,,0,0,0,0,,0,0,,0,0,0,0,0,0,0,0,0,0,0,0
00-0036441,K.Murray,"Kenneth Murray, Jr.",LB,LB,"https://static.www.nfl.com/image/upload/f_auto,q_auto/league/up14o9gpznxgcvc5xtqh",2021,REG,LAC,8,0,0,0,0,0,0,0,0,0,0,0,0,,,0,,0,0,0,0,0,0,0,0,0,0,,0,0,0,0,0,0,0,0,0,0,0,0,0,0,,0,0,0,0,0,,0,0,0,0,14,3,14,2,5,0,0,0,0,0,0,0,0,0,0,0,0,0,0,0,0,4,35,0,0,0,0,0,0,0,0,0,0,0,0,0,,,0,0,0,0,0,0,0,0,0,0,0,0,,,,0,0,0,0,0,0,0,,0,0,0,0,,0,0,,0,0,0,0,0,0,0,0,0,0,0,0
00-0036442,J.Burrow,Joe Burrow,QB,QB,"https://static.www.nfl.com/image/upload/f_auto,q_auto/league/gnnvcgui1cijybukk2w7",2021,REG,CIN,16,366,520,4611,34,14,51,-370,4,2,4227,2251,202,99.6510136223365,6.64030506382347,1,1.09084457061746,180,94,60,15,40,118,2,1,0,14,3.47052069223719,0,1,1,0,0,0,0,0,0,0,0,0,0,0,,0,0,0,0,0,,0,0,0,0,2,0,0,0,0,0,0,0,0,0,0,0,0,0,0,0,1,-4,0,0,0,0,0,4,1,0,5,2,0,0,0,0,0,0,0,0,,,0,0,0,0,0,0,0,0,0,0,0,0,,,,0,0,0,0,0,0,0,,0,0,0,0,,0,0,,0,0,0,0,0,0,0,0,0,0,314.24,314.24
00-0036450,K.Vaughn,Ke'Shawn Vaughn,RB,RB,"https://static.www.nfl.com/image/private/f_auto,q_auto/league/npa1msmoqbig9cqznkti",2021,REG,TB,6,0,0,0,0,0,0,0,0,0,0,0,0,,,0,,0,0,0,0,36,180,2,0,0,9,-3.2101816792856,0,5,4,1,1,4,8,26,0,0,0,13,14,1,-1.02041353867692,0,0,0,0,0,2,0.0111731843575419,0.00220563284696301,0.018303719529187,0,0,0,0,0,0,0,0,0,0,0,0,0,0,0,0,0,0,0,0,0,0,0,0,0,0,0,0,0,0,0,1,15,0,0,0,0,,,0,0,0,0,0,0,0,0,0,0,0,0,,,,0,0,0,0,0,0,0,,0,0,0,0,,0,0,,0,0,0,0,0,0,0,0,0,0,32.6,36.6
00-0036456,D.Dafney,Dominique Dafney,TE,TE,"https://static.www.nfl.com/image/private/f_auto,q_auto/league/iualxf5bff0nuttmxkut",2021,REG,GB,6,0,0,0,0,0,0,0,0,0,0,0,0,,,0,,0,0,0,0,0,0,0,0,0,0,,0,0,0,0,0,2,4,34,0,0,0,10,31,2,1.44604720739881,0,1,1,1,0,3.4,0.00701754385964912,0.00218435998252512,0.0120553677772413,0,1,1,1,0,0,1,0,0,0,0,0,0,0,0,0,0,0,0,0,0,0,1,5,0,0,0,0,0,0,0,0,0,0,0,0,0,,,0,0,0,0,0,0,0,0,0,0,0,0,,,,0,0,0,0,0,0,0,,0,0,0,0,,0,0,,0,0,0,0,0,0,0,0,0,0,3.4,5.4
00-0036457,T.Williams,Ty'Son Williams,RB,RB,"https://static.www.nfl.com/image/private/f_auto,q_auto/league/ucxy1zbyppgm62iyvrdr",2021,REG,BAL,7,0,0,0,0,0,0,0,0,0,0,0,0,,,0,,0,0,0,0,35,185,1,1,0,8,-0.730433289834764,0,6,5,2,0,9,12,84,0,0,0,30,71,4,1.16813550860009,0,3,1,1,0,2.8,0.0203045685279188,0.00573394495412844,0.0344706142597681,0,0,0,0,0,0,0,0,0,0,0,0,0,0,0,0,0,0,0,0,0,0,0,0,1,0,0,1,0,0,0,0,0,0,0,0,0,,,0,0,0,0,0,0,0,0,0,0,0,0,,,,0,0,0,0,0,0,0,,0,0,0,0,,0,0,,0,0,0,0,0,0,0,0,0,0,32.9,41.9
00-0036462,I.Gaines,Innis Gaines,SAF,DB,"https://static.www.nfl.com/image/private/f_auto,q_auto/league/zzgd9mgmxwp9ihosvfoy",2021,REG,GB,1,0,0,0,0,0,0,0,0,0,0,0,0,,,0,,0,0,0,0,0,0,0,0,0,0,,0,0,0,0,0,0,0,0,0,0,0,0,0,0,,0,0,0,0,0,,0,0,0,0,0,0,1,0,0,0,0,0,0,0,0,0,0,0,0,0,0,0,0,0,0,0,0,0,0,0,0,0,0,0,0,0,0,0,0,0,,,0,0,0,0,0,0,0,0,0,0,0,0,,,,0,0,0,0,0,0,0,,0,0,0,0,,0,0,,0,0,0,0,0,0,0,0,0,0,0,0
00-0036465,A.Patrick,Aaron Patrick,LB,LB,"https://static.www.nfl.com/image/private/f_auto,q_auto/league/zndyiadhgmlahjfpgptq",2021,REG,DEN,6,0,0,0,0,0,0,0,0,0,0,0,0,,,0,,0,0,0,0,0,0,0,0,0,0,,0,0,0,0,0,0,0,0,0,0,0,0,0,0,,0,0,0,0,0,,0,0,0,0,2,2,4,0,0,0,0,0,0,0,0,0,0,0,0,0,0,0,0,0,0,1,2,0,0,0,0,0,0,0,1,0,0,0,0,0,,,0,0,0,0,0,0,0,0,0,0,0,0,,,,0,0,0,0,0,0,0,,0,0,0,0,,0,0,,0,0,0,0,0,0,0,0,0,0,0,0
00-0036469,M.Ammendola,Matt Ammendola,K,SPEC,"https://static.www.nfl.com/image/upload/f_auto,q_auto/league/ki0lul3j5dqbxlnnqtpv",2021,REG,NYJ,11,0,0,0,0,0,0,0,0,0,0,0,0,,,0,,0,0,0,0,0,0,0,0,0,0,,0,0,0,0,0,0,0,0,0,0,0,0,0,0,,0,0,0,0,0,,0,0,0,0,0,0,0,0,0,0,0,0,0,0,0,0,0,0,0,0,0,0,0,0,0,0,0,0,0,0,0,0,0,0,0,0,13,19,6,0,49,0.68421052631579,0,5,6,2,0,0,0,0,0,3,3,0,21;35;27;22;31;49;24;24;33;48;35;31;37,53;48;54;55;40;42,,417,292,0,14,15,1,0,0.933333333333333,0,0,0,0,,6,0,65,291,2,2,0,0,1,3,36,0,255,0,0
00-0036474,S.Reyes,Sammis Reyes,TE,TE,"https://static.www.nfl.com/image/upload/f_auto,q_auto/league/uigdojlenwlxiuai9amf",2021,REG,WAS,2,0,0,0,0,0,0,0,0,0,0,0,0,,,0,,0,0,0,0,0,0,0,0,0,0,,0,0,0,0,0,0,0,0,0,0,0,0,0,0,,0,0,0,0,0,,0,0,0,0,0,0,2,0,0,0,0,0,0,0,0,0,0,0,0,0,0,0,0,0,0,0,0,0,0,0,0,0,0,0,0,0,0,0,0,0,,,0,0,0,0,0,0,0,0,0,0,0,0,,,,0,0,0,0,0,0,0,,0,0,0,0,,0,0,,0,0,0,0,0,0,0,0,0,0,0,0
00-0036479,K.Paye,Kwity Paye,DE,DL,"https://static.www.nfl.com/image/upload/f_auto,q_auto/league/omibgumkgr8ympte4rmo",2021,REG,IND,14,0,0,0,0,0,0,0,0,0,0,0,0,,,0,,0,0,0,0,0,0,0,0,0,0,,0,0,0,0,0,0,0,0,0,0,0,0,0,0,,0,0,0,0,0,,0,0,0,0,12,4,16,3,11,1,4,23,10,0,0,1,0,0,0,0,0,0,2,0,0,0,0,0,0,0,0,0,0,0,0,0,0,0,0,0,,,0,0,0,0,0,0,0,0,0,0,0,0,,,,0,0,0,0,0,0,0,,0,0,0,0,,0,0,,0,0,0,0,0,0,0,0,0,0,0,0
00-0036480,D.Odeyingbo,Dayo Odeyingbo,DE,DL,"https://static.www.nfl.com/image/upload/f_auto,q_auto/league/h0brx6vrdusdxl6fkxgv",2021,REG,IND,6,0,0,0,0,0,0,0,0,0,0,0,0,,,0,,0,0,0,0,0,0,0,0,0,0,,0,0,0,0,0,0,0,0,0,0,0,0,0,0,,0,0,0,0,0,,0,0,0,0,3,2,1,0,0,1,0.5,0,1,0,0,0,0,0,0,0,0,0,0,0,0,0,0,0,0,0,0,0,0,0,0,0,0,0,0,0,,,0,0,0,0,0,0,0,0,0,0,0,0,,,,0,0,0,0,0,0,0,,0,0,0,0,,0,0,,0,0,0,0,0,0,0,0,0,0,0,0
00-0036481,S.Davis,Shawn Davis,SAF,DB,"https://static.www.nfl.com/image/private/f_auto,q_auto/league/zm8t7evy51sqam6jraq5",2021,REG,GB,1,0,0,0,0,0,0,0,0,0,0,0,0,,,0,,0,0,0,0,0,0,0,0,0,0,,0,0,0,0,0,0,0,0,0,0,0,0,0,0,,0,0,0,0,0,,0,0,0,0,0,0,1,0,0,0,0,0,0,0,0,0,0,0,0,0,0,0,0,0,0,0,0,0,0,0,0,0,0,0,0,0,0,0,0,0,,,0,0,0,0,0,0,0,0,0,0,0,0,,,,0,0,0,0,0,0,0,,0,0,0,0,,0,0,,0,0,0,0,0,0,0,0,0,0,0,0
00-0036482,M.Strachan,Mike Strachan,WR,WR,"https://static.www.nfl.com/image/private/f_auto,q_auto/league/f0eepzx0zweaaoch5xfj",2021,REG,IND,2,0,0,0,0,0,0,0,0,0,0,0,0,,,0,,0,0,0,0,0,0,0,0,0,0,,0,0,0,0,0,2,3,26,0,0,0,54,0,2,4.27714111151205,0,2,1,0,0,0.481481481481482,0.00597609561752988,0.0135,0.0184141434262948,0,0,0,0,0,0,0,0,0,0,0,0,0,0,0,0,0,0,0,0,0,0,0,0,0,0,0,0,0,0,0,0,0,0,0,0,0,,,0,0,0,0,0,0,0,0,0,0,0,0,,,,0,0,0,0,0,0,0,,0,0,0,0,,0,0,,0,0,0,0,0,0,0,0,0,0,2.6,4.6
00-0036491,T.Black,Tarik Black,WR,WR,"https://static.www.nfl.com/image/upload/f_auto,q_auto/league/jqk2dwkp3x9lb5te3m02",2021,REG,NYJ,1,0,0,0,0,0,0,0,0,0,0,0,0,,,0,,0,0,0,0,0,0,0,0,0,0,,0,0,0,0,0,1,2,10,0,0,0,18,0,1,1.09643593220972,0,1,0,0,0,0.555555555555556,0.00344234079173838,0.00413888250172453,0.00806072893881475,0,0,0,0,0,0,0,0,0,0,0,0,0,0,0,0,0,0,0,0,0,0,0,0,0,0,0,0,0,0,0,0,0,0,0,0,0,,,0,0,0,0,0,0,0,0,0,0,0,0,,,,0,0,0,0,0,0,0,,0,0,0,0,,0,0,,0,0,0,0,0,0,0,0,0,0,1,2
00-0036493,De.Jackson,Deon Jackson,RB,RB,"https://static.www.nfl.com/image/private/f_auto,q_auto/league/wvi0pz27h6t7gfjujxis",2021,REG,IND,3,0,0,0,0,0,0,0,0,0,0,0,0,,,0,,0,0,0,0,13,31,1,0,0,2,-5.00215740624117,0,1,0,0,0,0,0,0,0,0,0,0,0,0,,0,0,0,0,0,,0,0,0,0,0,0,0,0,0,0,0,0,0,0,0,0,0,0,0,0,0,0,0,0,0,0,0,0,0,0,0,0,0,0,0,0,0,0,0,0,,,0,0,0,0,0,0,0,0,0,0,0,0,,,,0,0,0,0,0,0,0,,0,0,0,0,,0,0,,0,0,0,0,0,0,0,0,0,0,9.1,9.1
00-0036500,J.Sherwood,Jamien Sherwood,LB,LB,"https://static.www.nfl.com/image/upload/f_auto,q_auto/league/fvyykbueuzcivau5d9qq",2021,REG,NYJ,5,0,0,0,0,0,0,0,0,0,0,0,0,,,0,,0,0,0,0,0,0,0,0,0,0,,0,0,0,0,0,0,0,0,0,0,0,0,0,0,,0,0,0,0,0,,0,0,0,0,8,0,7,0,0,0,0,0,0,0,0,0,0,0,0,0,0,0,0,0,0,1,4,0,0,0,0,0,0,0,0,0,0,0,0,0,,,0,0,0,0,0,0,0,0,0,0,0,0,,,,0,0,0,0,0,0,0,,0,0,0,0,,0,0,,0,0,0,0,0,0,0,0,0,0,0,0
00-0036501,M.Carter II,Michael Carter II,CB,DB,"https://static.www.nfl.com/image/upload/f_auto,q_auto/league/a7yskzasxy1hjvyqql1t",2021,REG,NYJ,15,0,0,0,0,0,0,0,0,0,0,0,0,,,0,,0,0,0,0,0,0,0,0,0,0,,0,0,0,0,0,0,0,0,0,0,0,0,0,0,,0,0,0,0,0,,0,0,0,0,38,7,27,3,12,0,1,5,2,0,0,5,0,0,0,0,0,0,2,0,0,1,10,0,0,0,0,0,0,0,0,0,0,0,0,0,,,0,0,0,0,0,0,0,0,0,0,0,0,,,,0,0,0,0,0,0,0,,0,0,0,0,,0,0,,0,0,0,0,0,0,0,0,0,0,0,0
00-0036502,J.Pinnock,Jason Pinnock,SAF,DB,"https://static.www.nfl.com/image/upload/f_auto,q_auto/league/vfudin1xe9wdv1bv6awj",2021,REG,NYJ,7,0,0,0,0,0,0,0,0,0,0,0,0,,,0,,0,0,0,0,0,0,0,0,0,0,,0,0,0,0,0,0,0,0,0,0,0,0,0,0,,0,0,0,0,0,,0,0,0,0,10,0,6,0,0,2,0,0,0,0,0,1,0,0,0,0,0,0,0,0,0,2,20,0,0,0,0,0,0,0,0,0,0,0,0,0,,,0,0,0,0,0,0,0,0,0,0,0,0,,,,0,0,0,0,0,0,0,,0,0,0,0,,0,0,,0,0,0,0,0,0,0,0,0,0,0,0
00-0036503,H.Nasirildeen,Hamsah Nasirildeen,LB,LB,"https://static.www.nfl.com/image/private/f_auto,q_auto/league/xkhotfznjsn7jteoxp0g",2021,REG,NYJ,6,0,0,0,0,0,0,0,0,0,0,0,0,,,0,,0,0,0,0,0,0,0,0,0,0,,0,0,0,0,0,0,0,0,0,0,0,0,0,0,,0,0,0,0,0,,0,0,0,0,3,0,7,0,0,0,0,0,0,0,0,0,0,0,0,0,0,0,0,0,0,1,2,0,0,0,0,0,0,0,0,0,0,0,0,0,,,0,0,0,0,0,0,0,0,0,0,0,0,,,,0,0,0,0,0,0,0,,0,0,0,0,,0,0,,0,0,0,0,0,0,0,0,0,0,0,0
00-0036504,B.Echols,Brandin Echols,CB,DB,"https://static.www.nfl.com/image/upload/f_auto,q_auto/league/ckxgtnxueibsimypf1qt",2021,REG,NYJ,14,0,0,0,0,0,0,0,0,0,0,0,0,,,0,,0,0,0,0,0,0,0,0,0,0,,0,0,0,0,0,0,0,0,0,0,0,0,0,0,,0,0,0,0,0,,0,0,0,0,46,4,13,1,2,0,0,0,0,2,50,9,1,0,0,0,0,0,0,0,0,4,66,0,0,0,0,0,0,0,0,0,0,0,0,0,,,0,0,0,0,0,0,0,0,0,0,0,0,,,,0,0,0,0,0,0,0,,0,0,0,0,,0,0,,0,0,0,0,0,0,0,0,0,0,0,0
00-0036505,J.Marshall,Jonathan Marshall,DT,DL,"https://static.www.nfl.com/image/upload/f_auto,q_auto/league/fmnaxfzos1obbpplxbsv",2021,REG,NYJ,2,0,0,0,0,0,0,0,0,0,0,0,0,,,0,,0,0,0,0,0,0,0,0,0,0,,0,0,0,0,0,0,0,0,0,0,0,0,0,0,,0,0,0,0,0,,0,0,0,0,1,0,1,0,0,0,0,0,1,0,0,0,0,0,0,0,0,0,0,0,0,1,5,0,0,0,0,0,0,0,0,0,0,0,0,0,,,0,0,0,0,0,0,0,0,0,0,0,0,,,,0,0,0,0,0,0,0,,0,0,0,0,,0,0,,0,0,0,0,0,0,0,0,0,0,0,0
00-0036506,I.Dunn,Isaiah Dunn,CB,DB,"https://static.www.nfl.com/image/private/f_auto,q_auto/league/tu24gafabpeyeutazdex",2021,REG,NYJ,3,0,0,0,0,0,0,0,0,0,0,0,0,,,0,,0,0,0,0,0,0,0,0,0,0,,0,0,0,0,0,0,0,0,0,0,0,0,0,0,,0,0,0,0,0,,0,0,0,0,7,0,1,0,0,0,0,0,0,0,0,2,0,0,0,0,0,0,0,0,0,0,0,0,0,0,0,0,0,0,0,0,0,0,0,0,,,0,0,0,0,0,0,0,0,0,0,0,0,,,,0,0,0,0,0,0,0,,0,0,0,0,,0,0,,0,0,0,0,0,0,0,0,0,0,0,0
00-0036507,M.Dwumfour,Michael Dwumfour,DT,DL,"https://static.www.nfl.com/image/upload/f_auto,q_auto/league/wkqtw6zplyww0chin1s9",2021,REG,HOU,3,0,0,0,0,0,0,0,0,0,0,0,0,,,0,,0,0,0,0,0,0,0,0,0,0,,0,0,0,0,0,0,0,0,0,0,0,0,0,0,,0,0,0,0,0,,0,0,0,0,2,1,2,1,2,0,0.5,4,3,0,0,0,0,0,0,0,0,0,0,0,0,0,0,0,0,0,0,0,0,0,0,0,0,0,0,0,,,0,0,0,0,0,0,0,0,0,0,0,0,,,,0,0,0,0,0,0,0,,0,0,0,0,,0,0,,0,0,0,0,0,0,0,0,0,0,0,0
00-0036510,K.Yeboah,Kenny Yeboah,TE,TE,"https://static.www.nfl.com/image/upload/f_auto,q_auto/league/ydf0qza9jro8obovns31",2021,REG,NYJ,3,0,0,0,0,0,0,0,0,0,0,0,0,,,0,,0,0,0,0,0,0,0,0,0,0,,0,0,0,0,0,2,3,36,0,0,0,48,3,2,2.83653338713339,0,2,1,1,0,0.75,0.00516351118760757,0.0110370200045988,0.0154711807846305,0,1,0,0,0,0,0,0,0,0,0,0,0,0,0,0,0,0,0,0,0,0,1,10,0,0,0,0,0,0,0,0,0,0,0,0,0,,,0,0,0,0,0,0,0,0,0,0,0,0,,,,0,0,0,0,0,0,0,,0,0,0,0,,0,0,,0,0,0,0,0,0,0,0,0,0,3.6,5.6
00-0036515,C.Naggar,Chris Naggar,K,SPEC,,2021,REG,CLE,1,0,0,0,0,0,0,0,0,0,0,0,0,,,0,,0,0,0,0,0,0,0,0,0,0,,0,0,0,0,0,0,0,0,0,0,0,0,0,0,,0,0,0,0,0,,0,0,0,0,0,0,0,0,0,0,0,0,0,0,0,0,0,0,0,0,0,0,0,0,0,0,0,0,0,0,0,0,0,0,0,0,1,1,0,0,37,1,0,0,1,0,0,0,0,0,0,0,0,0,37,,,37,0,0,1,2,1,0,0.5,0,0,0,0,,0,0,,0,0,0,0,0,0,0,0,0,0,0,0
00-0036517,H.Rashed,Hamilcar Rashed Jr.,DE,DL,"https://static.www.nfl.com/image/private/f_auto,q_auto/league/blfsydswt1fg26qdgigw",2021,REG,NYJ,1,0,0,0,0,0,0,0,0,0,0,0,0,,,0,,0,0,0,0,0,0,0,0,0,0,,0,0,0,0,0,0,0,0,0,0,0,0,0,0,,0,0,0,0,0,,0,0,0,0,0,0,1,0,0,0,0,0,0,0,0,0,0,0,0,0,0,0,0,0,0,0,0,0,0,0,0,0,0,0,0,0,0,0,0,0,,,0,0,0,0,0,0,0,0,0,0,0,0,,,,0,0,0,0,0,0,0,,0,0,0,0,,0,0,,0,0,0,0,0,0,0,0,0,0,0,0
00-0036523,T.Ragas,Trey Ragas,RB,RB,"https://static.www.nfl.com/image/private/f_auto,q_auto/league/dxx9omigqswqm8irxgzh",2021,REG,LV,1,0,0,0,0,0,0,0,0,0,0,0,0,,,0,,0,0,0,0,1,9,0,0,0,1,1.17825937736779,0,0,0,0,0,2,2,6,0,0,0,-7,13,0,-0.390999058145098,0,0,0,0,0,-0.857142857142857,0.0033167495854063,-0.00136852394916911,0.00401715761369108,0,0,0,0,0,0,0,0,0,0,0,0,0,0,0,0,0,0,0,0,0,0,0,0,0,0,0,0,0,0,0,0,0,0,0,0,0,,,0,0,0,0,0,0,0,0,0,0,0,0,,,,0,0,0,0,0,0,0,,0,0,0,0,,0,0,,0,0,0,0,0,0,0,0,0,0,1.5,3.5
00-0036526,D.Stoner,Dillon Stoner,WR,WR,"https://static.www.nfl.com/image/private/f_auto,q_auto/league/v9nlqa52g6s7cn1aillm",2021,REG,LV,2,0,0,0,0,0,0,0,0,0,0,0,0,,,0,,0,0,0,0,0,0,0,0,0,0,,0,0,0,0,0,0,0,0,0,0,0,0,0,0,,0,0,0,0,0,,0,0,0,0,1,0,0,0,0,0,0,0,0,0,0,0,0,0,0,0,0,0,0,0,0,2,23,0,0,0,0,0,0,0,0,0,0,0,0,0,,,0,0,0,0,0,0,0,0,0,0,0,0,,,,0,0,0,0,0,0,0,,0,0,0,0,,0,0,,0,0,0,0,0,0,0,0,0,0,0,0
00-0036530,M.Gilbert,Mark Gilbert,CB,DB,"https://static.www.nfl.com/image/private/f_auto,q_auto/league/keudtdkoghssq5iyuzib",2021,REG,DET,1,0,0,0,0,0,0,0,0,0,0,0,0,,,0,,0,0,0,0,0,0,0,0,0,0,,0,0,0,0,0,0,0,0,0,0,0,0,0,0,,0,0,0,0,0,,0,0,0,0,2,0,1,0,0,1,0,0,0,0,0,1,0,0,0,0,0,0,0,0,0,0,0,0,0,0,0,0,0,0,0,0,0,0,0,0,,,0,0,0,0,0,0,0,0,0,0,0,0,,,,0,0,0,0,0,0,0,,0,0,0,0,,0,0,,0,0,0,0,0,0,0,0,0,0,0,0
00-0036534,S.Zylstra,Shane Zylstra,TE,TE,"https://static.www.nfl.com/image/upload/f_auto,q_auto/league/jwgarjssm9bd9ek6cbhr",2021,REG,DET,3,0,0,0,0,0,0,0,0,0,0,0,0,,,0,,0,0,0,0,0,0,0,0,0,0,,0,0,0,0,0,3,7,34,0,0,0,38,6,2,-5.42178606949492,0,2,1,0,0,0.894736842105263,0.0123893805309735,0.0100449378799894,0.0256155273124528,0,0,0,0,0,0,0,0,0,0,0,0,0,0,0,0,0,0,0,0,0,0,1,5,0,0,0,0,0,0,0,0,0,0,0,0,0,,,0,0,0,0,0,0,0,0,0,0,0,0,,,,0,0,0,0,0,0,0,,0,0,0,0,,0,0,,0,0,0,0,0,0,0,0,0,0,3.4,6.4
00-0036537,J.Bronson,Josiah Bronson,DT,DL,"https://static.www.nfl.com/image/upload/f_auto,q_auto/league/c92xhixvzkoszdipbjxf",2021,REG,CLE,5,0,0,0,0,0,0,0,0,0,0,0,0,,,0,,0,0,0,0,0,0,0,0,0,0,,0,0,0,0,0,0,0,0,0,0,0,0,0,0,,0,0,0,0,0,,0,0,0,0,5,3,4,0,0,0,0,0,1,0,0,0,0,0,0,0,0,0,0,0,0,0,0,0,0,0,0,0,0,0,0,0,0,0,0,0,,,0,0,0,0,0,0,0,0,0,0,0,0,,,,0,0,0,0,0,0,0,,0,0,0,0,,0,0,,0,0,0,0,0,0,0,0,0,0,0,0
00-0036550,R.Bateman,Rashod Bateman,WR,WR,"https://static.www.nfl.com/image/upload/f_auto,q_auto/league/gtktmsfcxc1eijwpwzyq",2021,REG,BAL,12,0,0,0,0,0,0,0,0,0,0,0,0,,,0,,0,0,0,0,0,0,0,0,0,0,,0,0,0,0,0,46,68,515,1,0,0,606,163,29,14.8841516723144,0,19,9,8,0,0.84983498349835,0.115059221658206,0.115825688073394,0.253666814138686,0,0,0,0,0,0,0,0,0,0,0,0,0,0,0,0,0,1,0,0,0,0,2,15,0,0,0,0,0,0,0,0,0,0,0,0,0,,,0,0,0,0,0,0,0,0,0,0,0,0,,,,0,0,0,0,0,0,0,,0,0,0,0,,0,0,,0,0,0,0,0,0,0,0,0,0,57.5,103.5
00-0036552,A.Ojulari,Azeez Ojulari,LB,LB,"https://static.www.nfl.com/image/upload/f_auto,q_auto/league/gfq1w3tlod06bgxdnfdc",2021,REG,NYG,17,0,0,0,0,0,0,0,0,0,0,0,0,,,0,,0,0,0,0,0,0,0,0,0,0,,0,0,0,0,0,0,0,0,0,0,0,0,0,0,,0,0,0,0,0,,0,0,0,0,28,1,20,8,44,1,8,53,13,0,0,2,0,0,0,0,0,0,0,0,0,2,30,0,0,0,0,0,0,0,0,0,0,0,0,0,,,0,0,0,0,0,0,0,0,0,0,0,0,,,,0,0,0,0,0,0,0,,0,0,0,0,,0,0,,0,0,0,0,0,0,0,0,0,0,0,0
00-0036553,C.Basham,Carlos Basham,LB,LB,"https://static.www.nfl.com/image/upload/f_auto,q_auto/league/stlyey1t2lotlwldzprf",2021,REG,BUF,8,0,0,0,0,0,0,0,0,0,0,0,0,,,0,,0,0,0,0,0,0,0,0,0,0,,0,0,0,0,0,0,0,0,0,0,0,0,0,0,,0,0,0,0,0,,0,0,0,0,7,4,7,4,27,0,2.5,24,3,0,0,0,0,0,0,0,0,0,0,0,0,0,0,0,0,0,0,0,0,0,0,0,0,0,0,0,,,0,0,0,0,0,0,0,0,0,0,0,0,,,,0,0,0,0,0,0,0,,0,0,0,0,,0,0,,0,0,0,0,0,0,0,0,0,0,0,0
00-0036554,N.Collins,Nico Collins,WR,WR,"https://static.www.nfl.com/image/upload/f_auto,q_auto/league/osmqyvmib3pssxi6cyic",2021,REG,HOU,14,0,0,0,0,0,0,0,0,0,0,0,0,,,0,,0,0,0,0,0,0,0,0,0,0,,0,0,0,0,0,33,60,446,1,0,0,637,131,22,-0.251644096514551,0,18,10,8,0,0.700156985871272,0.11472275334608,0.159369527145359,0.283642799020872,0,1,0,0,0,0,0,0,0,0,0,0,0,0,0,0,0,0,0,0,0,0,1,10,0,0,0,0,0,0,0,0,0,0,0,0,0,,,0,0,0,0,0,0,0,0,0,0,0,0,,,,0,0,0,0,0,0,0,,0,0,0,0,,0,0,,0,0,0,0,0,0,0,0,0,0,50.6,83.6
00-0036555,C.Hubbard,Chuba Hubbard,RB,RB,"https://static.www.nfl.com/image/upload/f_auto,q_auto/league/pjgml85ghq7oa48dctn7",2021,REG,CAR,16,0,0,0,0,0,0,0,0,0,0,0,0,,,0,,0,0,0,0,172,612,5,1,1,36,-23.9574401431892,0,13,12,3,0,25,37,174,1,0,0,2,172,8,-10.2269844976997,0,7,2,1,0,87,0.0643478260869565,0.000452796015395065,0.0968386963412113,0,1,0,0,0,0,0,0,0,0,0,0,0,0,0,0,0,1,0,0,0,0,1,5,1,0,0,1,1,0,0,1,21,0,0,0,0,,,0,0,0,0,0,0,0,0,0,0,0,0,,,,0,0,0,0,0,0,0,,0,0,0,0,,0,0,,0,0,0,0,0,0,0,0,0,0,112.6,137.6
00-0036556,B.Jordan,Brevin Jordan,TE,TE,"https://static.www.nfl.com/image/upload/f_auto,q_auto/league/ypyec24t4prirebsdcg4",2021,REG,HOU,8,0,0,0,0,0,0,0,0,0,0,0,0,,,0,,0,0,0,0,0,0,0,0,0,0,,0,0,0,0,0,20,28,178,3,0,0,159,99,10,5.78663257053661,0,7,2,2,0,1.11949685534591,0.0535372848948375,0.0397798348761571,0.108151811755566,0,0,0,1,0,0,0,0,0,0,0,0,0,0,0,0,0,0,0,0,0,0,1,5,0,0,0,0,0,0,0,0,0,0,0,0,0,,,0,0,0,0,0,0,0,0,0,0,0,0,,,,0,0,0,0,0,0,0,,0,0,0,0,,0,0,,0,0,0,0,0,0,0,0,0,0,35.8,55.8
00-0036557,J.Moore,Jaylon Moore,OT,OL,"https://static.www.nfl.com/image/upload/f_auto,q_auto/league/ggm20opgrljoqe4frwnt",2021,REG,SF,1,0,0,0,0,0,0,0,0,0,0,0,0,,,0,,0,0,0,0,0,0,0,0,0,0,,0,0,0,0,0,0,0,0,0,0,0,0,0,0,,0,0,0,0,0,,0,0,0,0,0,0,0,0,0,0,0,0,0,0,0,0,0,0,0,0,0,0,0,0,0,1,5,0,0,0,0,0,0,0,0,0,0,0,0,0,,,0,0,0,0,0,0,0,0,0,0,0,0,,,,0,0,0,0,0,0,0,,0,0,0,0,,0,0,,0,0,0,0,0,0,0,0,0,0,0,0
00-0036558,D.Nixon,Daviyon Nixon,DT,DL,"https://static.www.nfl.com/image/private/f_auto,q_auto/league/cnqhpb8cuqfiladbnj0l",2021,REG,CAR,6,0,0,0,0,0,0,0,0,0,0,0,0,,,0,,0,0,0,0,0,0,0,0,0,0,,0,0,0,0,0,0,0,0,0,0,0,0,0,0,,0,0,0,0,0,,0,0,0,0,1,0,8,0,0,0,0.5,5,2,0,0,0,0,0,0,0,0,0,0,0,0,1,15,0,0,0,0,0,0,0,0,0,0,0,0,0,,,0,0,0,0,0,0,0,0,0,0,0,0,,,,0,0,0,0,0,0,0,,0,0,0,0,,0,0,,0,0,0,0,0,0,0,0,0,0,0,0
00-0036559,S.Wade,Shaun Wade,CB,DB,"https://static.www.nfl.com/image/upload/f_auto,q_auto/league/z9vpeejmakfufwijb9gv",2021,REG,NE,1,0,0,0,0,0,0,0,0,0,0,0,0,,,0,,0,0,0,0,0,0,0,0,0,0,,0,0,0,0,0,0,0,0,0,0,0,0,0,0,,0,0,0,0,0,,0,0,0,0,0,0,1,0,0,0,0,0,0,0,0,0,0,0,0,0,0,0,0,0,0,0,0,0,0,0,0,0,0,0,0,0,0,0,0,0,,,0,0,0,0,0,0,0,0,0,0,0,0,,,,0,0,0,0,0,0,0,,0,0,0,0,,0,0,,0,0,0,0,0,0,0,0,0,0,0,0
00-0036560,T.Doyle,Tommy Doyle,OT,OL,"https://static.www.nfl.com/image/private/f_auto,q_auto/league/zwk8avcsoxcutb8gwt9j",2021,REG,BUF,1,0,0,0,0,0,0,0,0,0,0,0,0,,,0,,0,0,0,0,0,0,0,0,0,0,,0,0,0,0,0,0,0,0,0,0,0,0,0,0,,0,0,0,0,0,,0,0,0,0,0,0,0,0,0,0,0,0,0,0,0,0,0,0,0,0,0,0,0,0,0,1,10,0,0,0,0,0,0,0,0,0,0,0,0,0,,,0,0,0,0,0,0,0,0,0,0,0,0,,,,0,0,0,0,0,0,0,,0,0,0,0,,0,0,,0,0,0,0,0,0,0,0,0,0,0,0
00-0036561,K.Taylor,Keith Taylor,CB,DB,"https://static.www.nfl.com/image/upload/f_auto,q_auto/league/dag6regaijwshj8f1uyn",2021,REG,CAR,11,0,0,0,0,0,0,0,0,0,0,0,0,,,0,,0,0,0,0,0,0,0,0,0,0,,0,0,0,0,0,0,0,0,0,0,0,0,0,0,,0,0,0,0,0,,0,0,0,0,29,2,7,1,5,1,0,0,0,0,0,3,0,0,0,0,0,0,0,0,0,3,28,0,0,0,0,0,0,0,0,0,0,0,0,0,,,0,0,0,0,0,0,0,0,0,0,0,0,,,,0,0,0,0,0,0,0,,0,0,0,0,,0,0,,0,0,0,0,0,0,0,0,0,0,0,0
00-0036563,D.Lenoir,Deommodore Lenoir,CB,DB,"https://static.www.nfl.com/image/upload/f_auto,q_auto/league/ypghnprlnzwmxjcrbpk7",2021,REG,SF,9,0,0,0,0,0,0,0,0,0,0,0,0,,,0,,0,0,0,0,0,0,0,0,0,0,,0,0,0,0,0,0,0,0,0,0,0,0,0,0,,0,0,0,0,0,,0,0,0,0,11,1,5,1,1,0,0,0,0,0,0,2,0,0,0,0,0,0,0,0,0,4,51,0,0,0,0,0,0,0,0,0,0,0,0,0,,,0,0,0,0,0,0,0,0,0,0,0,0,,,,0,0,0,0,0,0,0,,0,0,0,0,,0,0,,0,0,0,0,0,0,0,0,0,0,0,0
00-0036564,T.Hufanga,Talanoa Hufanga,SAF,DB,"https://static.www.nfl.com/image/upload/f_auto,q_auto/league/gyoo1p5nckluov1mihbe",2021,REG,SF,12,0,0,0,0,0,0,0,0,0,0,0,0,,,0,,0,0,0,0,0,0,0,0,0,0,,0,0,0,0,0,0,0,0,0,0,0,0,0,0,,0,0,0,0,0,,0,0,0,0,20,4,8,1,2,0,0,0,1,0,0,2,0,0,0,0,0,0,0,0,0,1,10,0,0,0,0,0,0,0,0,0,0,0,0,0,,,0,0,0,0,0,0,0,0,0,0,0,0,,,,0,0,0,0,0,0,0,,0,0,0,0,,0,0,,0,0,0,0,0,0,0,0,0,0,0,0
00-0036567,E.Mitchell,Elijah Mitchell,RB,RB,"https://static.www.nfl.com/image/upload/f_auto,q_auto/league/xf383ph8bz6dpp0u9lcd",2021,REG,SF,11,0,0,0,0,0,0,0,0,0,0,0,0,,,0,,0,0,0,0,207,963,5,0,0,47,-15.4936853851866,0,29,21,6,0,19,20,137,1,0,0,-12,151,6,4.11007380124647,0,6,0,0,0,-11.4166666666667,0.0402414486921529,-0.00299775168623532,0.0582637468578647,0,0,0,0,0,0,0,0,0,0,0,0,0,0,0,0,0,0,0,0,0,0,0,0,0,0,0,0,0,0,0,0,0,0,0,0,0,,,0,0,0,0,0,0,0,0,0,0,0,0,,,,0,0,0,0,0,0,0,,0,0,0,0,,0,0,,0,0,0,0,0,0,0,0,0,0,146,165
00-0036568,R.Lopez,Roy Lopez,DT,DL,"https://static.www.nfl.com/image/upload/f_auto,q_auto/league/i4a37cibk9pwjjgq4rla",2021,REG,HOU,12,0,0,0,0,0,0,0,0,0,0,0,0,,,0,,0,0,0,0,0,0,0,0,0,0,,0,0,0,0,0,0,0,0,0,0,0,0,0,0,,0,0,0,0,0,,0,0,0,0,18,2,11,4,5,0,1,2,2,0,0,0,0,0,0,0,0,0,1,0,0,0,0,0,0,0,0,0,0,0,0,0,0,0,0,0,,,0,0,0,0,0,0,0,0,0,0,0,0,,,,0,0,0,0,0,0,0,,0,0,0,0,,0,0,,0,0,0,0,0,0,0,0,0,0,0,0
00-0036569,G.Brightwell,Gary Brightwell,RB,RB,"https://static.www.nfl.com/image/upload/f_auto,q_auto/league/egwohqryh9q3pa7erynt",2021,REG,NYG,7,0,0,0,0,0,0,0,0,0,0,0,0,,,0,,0,0,0,0,1,4,0,0,0,0,0.150147082749754,0,0,0,0,0,1,1,6,0,0,0,1,5,0,-0.135463208309375,0,0,0,0,0,6,0.00177304964539007,0.000229200091680037,0.00282001453226113,0,2,0,6,0,0,0,0,0,0,0,0,0,0,0,0,0,0,0,0,0,0,1,15,0,0,0,0,0,0,0,0,0,0,0,0,0,,,0,0,0,0,0,0,0,0,0,0,0,0,,,,0,0,0,0,0,0,0,,0,0,0,0,,0,0,,0,0,0,0,0,0,0,0,0,0,1,2
00-0036570,R.Williams,Rodarius Williams,CB,DB,"https://static.www.nfl.com/image/private/f_auto,q_auto/league/jiidr0m42cdrywl4raqn",2021,REG,NYG,1,0,0,0,0,0,0,0,0,0,0,0,0,,,0,,0,0,0,0,0,0,0,0,0,0,,0,0,0,0,0,0,0,0,0,0,0,0,0,0,,0,0,0,0,0,,0,0,0,0,1,0,0,0,0,0,0,0,0,0,0,0,0,0,0,0,0,0,0,0,0,1,2,0,0,0,0,0,0,0,0,0,0,0,0,0,,,0,0,0,0,0,0,0,0,0,0,0,0,,,,0,0,0,0,0,0,0,,0,0,0,0,,0,0,,0,0,0,0,0,0,0,0,0,0,0,0
00-0036571,M.Stevenson,Marquez Stevenson,WR,WR,"https://static.www.nfl.com/image/private/f_auto,q_auto/league/kemavlwid32vr5ptpxd8",2021,REG,BUF,5,0,0,0,0,0,0,0,0,0,0,0,0,,,0,,0,0,0,0,0,0,0,0,0,0,,0,0,0,0,0,0,0,0,0,0,0,0,0,0,,0,0,0,0,0,,0,0,0,0,0,0,0,0,0,0,0,0,0,0,0,0,0,2,0,0,1,0,0,0,0,0,0,1,1,0,2,0,14,132,7,165,0,0,0,0,,,0,0,0,0,0,0,0,0,0,0,0,0,,,,0,0,0,0,0,0,0,,0,0,0,0,,0,0,,0,0,0,0,0,0,0,0,0,0,0,0
00-0036572,S.Smith,Shi Smith,WR,WR,"https://static.www.nfl.com/image/private/f_auto,q_auto/league/e08lbk8pl2oxbwxi86ib",2021,REG,CAR,5,0,0,0,0,0,0,0,0,0,0,0,0,,,0,,0,0,0,0,1,-3,0,0,0,0,-1.40088038891554,0,0,0,0,0,6,11,104,0,0,0,74,71,3,-2.51489595137537,0,3,3,1,1,1.40540540540541,0.0191304347826087,0.0167534525696174,0.0404230689726452,0,1,0,0,0,0,0,0,0,0,0,0,0,0,0,0,0,0,0,0,0,0,0,0,0,0,0,0,0,0,0,1,24,0,0,0,0,,,0,0,0,0,0,0,0,0,0,0,0,0,,,,0,0,0,0,0,0,0,,0,0,0,0,,0,0,,0,0,0,0,0,0,0,0,0,0,10.1,16.1
00-0036573,R.Wildgoose,Rachad Wildgoose,CB,DB,"https://static.www.nfl.com/image/private/f_auto,q_auto/league/twbtomejclwqvwjwrfx6",2021,REG,NYJ,2,0,0,0,0,0,0,0,0,0,0,0,0,,,0,,0,0,0,0,0,0,0,0,0,0,,0,0,0,0,0,0,0,0,0,0,0,0,0,0,,0,0,0,0,0,,0,0,0,0,1,0,2,0,0,0,0,0,0,0,0,0,0,0,0,0,0,0,0,0,0,0,0,0,0,0,0,0,0,0,0,0,0,0,0,0,,,0,0,0,0,0,0,0,0,0,0,0,0,,,,0,0,0,0,0,0,0,,0,0,0,0,,0,0,,0,0,0,0,0,0,0,0,0,0,0,0
00-0036576,P.Hoskins,Phil Hoskins,DT,DL,"https://static.www.nfl.com/image/upload/f_auto,q_auto/league/ffwoibyhadqfki62ftyw",2021,REG,CAR,3,0,0,0,0,0,0,0,0,0,0,0,0,,,0,,0,0,0,0,0,0,0,0,0,0,,0,0,0,0,0,0,0,0,0,0,0,0,0,0,,0,0,0,0,0,,0,0,0,0,3,0,1,1,8,0,1,8,1,0,0,0,0,0,0,0,0,0,0,0,0,1,15,0,0,0,0,0,0,0,0,0,0,0,0,0,,,0,0,0,0,0,0,0,0,0,0,0,0,,,,0,0,0,0,0,0,0,,0,0,0,0,,0,0,,0,0,0,0,0,0,0,0,0,0,0,0
00-0036582,N.McCrary,Nate McCrary,RB,RB,"https://static.www.nfl.com/image/private/f_auto,q_auto/league/mu0ujv1egc6viduiwbdk",2021,REG,BAL,1,0,0,0,0,0,0,0,0,0,0,0,0,,,0,,0,0,0,0,1,-1,0,0,0,0,-0.725636424031109,0,0,0,0,0,0,0,0,0,0,0,0,0,0,,0,0,0,0,0,,0,0,0,0,0,0,0,0,0,0,0,0,0,0,0,0,0,0,0,0,0,0,0,0,0,0,0,0,0,0,0,0,0,0,0,0,0,0,0,0,,,0,0,0,0,0,0,0,0,0,0,0,0,,,,0,0,0,0,0,0,0,,0,0,0,0,,0,0,,0,0,0,0,0,0,0,0,0,0,-0.1,-0.1
00-0036586,B.Wade,Barrington Wade,LB,LB,"https://static.www.nfl.com/image/private/f_auto,q_auto/league/lvdwrvqvgwbe0jyn53jh",2021,REG,DEN,1,0,0,0,0,0,0,0,0,0,0,0,0,,,0,,0,0,0,0,0,0,0,0,0,0,,0,0,0,0,0,0,0,0,0,0,0,0,0,0,,0,0,0,0,0,,0,0,0,0,0,0,1,0,0,0,0,0,0,0,0,0,0,0,0,0,0,0,0,0,0,0,0,0,0,0,0,0,0,0,0,0,0,0,0,0,,,0,0,0,0,0,0,0,0,0,0,0,0,,,,0,0,0,0,0,0,0,,0,0,0,0,,0,0,,0,0,0,0,0,0,0,0,0,0,0,0
00-0036587,A.Washington,Ar'Darius Washington,SAF,DB,"https://static.www.nfl.com/image/upload/f_auto,q_auto/league/ptjh8ufk5zfpdc0yrpeq",2021,REG,BAL,1,0,0,0,0,0,0,0,0,0,0,0,0,,,0,,0,0,0,0,0,0,0,0,0,0,,0,0,0,0,0,0,0,0,0,0,0,0,0,0,,0,0,0,0,0,,0,0,0,0,0,0,1,0,0,0,0,0,0,0,0,0,0,0,0,0,0,0,0,0,0,0,0,0,0,0,0,0,0,0,0,0,0,0,0,0,,,0,0,0,0,0,0,0,0,0,0,0,0,,,,0,0,0,0,0,0,0,,0,0,0,0,,0,0,,0,0,0,0,0,0,0,0,0,0,0,0
00-0036598,L.Akers,Landen Akers,WR,WR,"https://static.www.nfl.com/image/private/f_auto,q_auto/league/a3htstn0d8p9s0wcndvy",2021,REG,LA,1,0,0,0,0,0,0,0,0,0,0,0,0,,,0,,0,0,0,0,0,0,0,0,0,0,,0,0,0,0,0,0,0,0,0,0,0,0,0,0,,0,0,0,0,0,,0,0,0,0,0,0,1,0,0,0,0,0,0,0,0,0,0,0,0,0,0,0,0,0,0,0,0,0,0,0,0,0,0,0,0,0,0,0,0,0,,,0,0,0,0,0,0,0,0,0,0,0,0,,,,0,0,0,0,0,0,0,,0,0,0,0,,0,0,,0,0,0,0,0,0,0,0,0,0,0,0
00-0036611,R.Johnson,Raymond Johnson III,DE,DL,"https://static.www.nfl.com/image/private/f_auto,q_auto/league/qcmwspi2zhcrxct1txdh",2021,REG,NYG,4,0,0,0,0,0,0,0,0,0,0,0,0,,,0,,0,0,0,0,0,0,0,0,0,0,,0,0,0,0,0,0,0,0,0,0,0,0,0,0,,0,0,0,0,0,,0,0,0,0,2,1,1,1,10,0,1,10,1,0,0,0,0,0,0,0,0,0,0,0,0,0,0,0,0,0,0,0,0,0,0,0,0,0,0,0,,,0,0,0,0,0,0,0,0,0,0,0,0,,,,0,0,0,0,0,0,0,,0,0,0,0,,0,0,,0,0,0,0,0,0,0,0,0,0,0,0
00-0036613,J.Waddle,Jaylen Waddle,WR,WR,"https://static.www.nfl.com/image/upload/f_auto,q_auto/league/dsxd2zcqm42wsv4ewtfc",2021,REG,MIA,16,0,0,0,0,0,0,0,0,0,0,0,0,,,0,,0,0,0,0,2,3,1,0,0,1,1.02705890499055,0,0,0,0,0,104,140,1015,6,1,0,993,439,59,20.2234804597992,0,39,16,8,2,1.02215508559919,0.233722871452421,0.22209796466115,0.506052882441436,0,4,0,0,0,0,0,0,0,0,0,0,0,0,1,0,0,0,0,0,0,0,3,16,1,1,0,2,1,5,35,9,158,0,0,0,0,,,0,0,0,0,0,0,0,0,0,0,0,0,,,,0,0,0,0,0,0,0,,0,0,0,0,,0,0,,0,0,0,0,0,0,0,0,0,0,143.8,247.8
00-0036614,J.Davis,Jamin Davis,LB,LB,"https://static.www.nfl.com/image/upload/f_auto,q_auto/league/opdsr5ttchmbpuyw4vgf",2021,REG,WAS,16,0,0,0,0,0,0,0,0,0,0,0,0,,,0,,0,0,0,0,0,0,0,0,0,0,,0,0,0,0,0,0,0,0,0,0,0,0,0,0,,0,0,0,0,0,,0,0,0,0,40,8,28,3,10,0,1,2,2,0,0,1,0,0,0,0,0,0,0,0,0,1,15,0,0,0,0,0,0,0,0,0,0,0,0,0,,,0,0,0,0,0,0,0,0,0,0,0,0,,,,0,0,0,0,0,0,0,,0,0,0,0,,0,0,,0,0,0,0,0,0,0,0,0,0,0,0
00-0036615,C.Farley,Caleb Farley,CB,DB,"https://static.www.nfl.com/image/upload/f_auto,q_auto/league/tf3zbqnwrdquu2gnswzg",2021,REG,TEN,3,0,0,0,0,0,0,0,0,0,0,0,0,,,0,,0,0,0,0,0,0,0,0,0,0,,0,0,0,0,0,0,0,0,0,0,0,0,0,0,,0,0,0,0,0,,0,0,0,0,4,0,0,0,0,0,0,0,0,0,0,1,0,0,0,0,0,0,0,0,0,2,6,0,0,0,0,0,0,0,0,0,0,0,0,0,,,0,0,0,0,0,0,0,0,0,0,0,0,,,,0,0,0,0,0,0,0,,0,0,0,0,,0,0,,0,0,0,0,0,0,0,0,0,0,0,0
00-0036616,C.Darrisaw,Christian Darrisaw,OT,OL,"https://static.www.nfl.com/image/upload/f_auto,q_auto/league/i6lajihxkwue0ntawn10",2021,REG,MIN,5,0,0,0,0,0,0,0,0,0,0,0,0,,,0,,0,0,0,0,0,0,0,0,0,0,,0,0,0,0,0,0,0,0,0,0,0,0,0,0,,0,0,0,0,0,,0,0,0,0,0,0,0,0,0,0,0,0,0,0,0,0,0,0,0,0,3,0,0,0,0,3,20,0,0,0,0,0,0,0,0,0,0,0,0,0,,,0,0,0,0,0,0,0,0,0,0,0,0,,,,0,0,0,0,0,0,0,,0,0,0,0,,0,0,,0,0,0,0,0,0,0,0,0,0,0,0
00-0036617,A.Samuel,Asante Samuel Jr.,CB,DB,"https://static.www.nfl.com/image/private/f_auto,q_auto/league/hrnnoumk2vtrx9yhqs6n",2021,REG,LAC,12,0,0,0,0,0,0,0,0,0,0,0,0,,,0,,0,0,0,0,0,0,0,0,0,0,,0,0,0,0,0,0,0,0,0,0,0,0,0,0,,0,0,0,0,0,,0,0,0,0,31,2,10,1,2,0,0,0,0,2,26,11,0,0,0,0,0,0,0,0,0,4,109,0,0,0,0,0,0,0,0,0,0,0,0,0,,,0,0,0,0,0,0,0,0,0,0,0,0,,,,0,0,0,0,0,0,0,,0,0,0,0,,0,0,,0,0,0,0,0,0,0,0,0,0,0,0
00-0036618,S.Cosmi,Sam Cosmi,OT,OL,"https://static.www.nfl.com/image/upload/f_auto,q_auto/league/n6vudhzl0uiaffexr81u",2021,REG,WAS,3,0,0,0,0,0,0,0,0,0,0,0,0,,,0,,0,0,0,0,0,0,0,0,0,0,,0,0,0,0,0,0,0,0,0,0,0,0,0,0,,0,0,0,0,0,,0,0,0,0,0,0,0,0,0,0,0,0,0,0,0,0,0,0,0,0,1,0,0,0,0,3,30,0,0,0,0,0,0,0,0,0,0,0,0,0,,,0,0,0,0,0,0,0,0,0,0,0,0,,,,0,0,0,0,0,0,0,,0,0,0,0,,0,0,,0,0,0,0,0,0,0,0,0,0,0,0
00-0036619,D.Radunz,Dillon Radunz,OT,OL,"https://static.www.nfl.com/image/upload/f_auto,q_auto/league/yg2itp7chkpsn8etgdh1",2021,REG,TEN,2,0,0,0,0,0,0,0,0,0,0,0,0,,,0,,0,0,0,0,0,0,0,0,0,0,,0,0,0,0,0,0,0,0,0,0,0,0,0,0,,0,0,0,0,0,,0,0,0,0,1,0,0,0,0,0,0,0,0,0,0,0,0,0,0,0,0,0,0,0,0,2,17,0,0,0,0,0,0,0,0,0,0,0,0,0,,,0,0,0,0,0,0,0,0,0,0,0,0,,,,0,0,0,0,0,0,0,,0,0,0,0,,0,0,,0,0,0,0,0,0,0,0,0,0,0,0
00-0036620,D.Eskridge,Dee Eskridge,WR,WR,"https://static.www.nfl.com/image/upload/f_auto,q_auto/league/baasw8ia3qztewmawfnz",2021,REG,SEA,8,0,0,0,0,0,0,0,0,0,0,0,0,,,0,,0,0,0,0,4,59,0,0,0,2,7.53554499096936,0,2,2,1,0,10,20,64,1,0,0,252,32,4,-2.85617491975122,0,3,1,0,0,0.253968253968254,0.0421940928270042,0.0545572634769431,0.101481223674366,0,0,0,0,0,0,0,0,0,0,0,0,0,0,0,0,0,1,0,0,0,0,0,0,0,0,0,0,0,0,0,2,54,0,0,0,0,,,0,0,0,0,0,0,0,0,0,0,0,0,,,,0,0,0,0,0,0,0,,0,0,0,0,,0,0,,0,0,0,0,0,0,0,0,0,0,18.3,28.3
00-0036621,N.Bolton,Nick Bolton,LB,LB,"https://static.www.nfl.com/image/upload/f_auto,q_auto/league/qwdpcmobp7qgdzqgltlr",2021,REG,KC,16,0,0,0,0,0,0,0,0,0,0,0,0,,,0,,0,0,0,0,0,0,0,0,0,0,,0,0,0,0,0,0,0,0,0,0,0,0,0,0,,0,0,0,0,0,,0,0,0,0,57,13,42,5,11,0,0,0,3,0,0,3,0,0,0,0,0,0,1,86,1,0,0,0,0,0,0,0,0,0,0,0,0,0,0,0,,,0,0,0,0,0,0,0,0,0,0,0,0,,,,0,0,0,0,0,0,0,,0,0,0,0,,0,0,,0,0,0,0,0,0,0,0,0,0,0,0
00-0036622,J.Myers,Josh Myers,C,OL,"https://static.www.nfl.com/image/upload/f_auto,q_auto/league/ejnbuy27sru95vzzxdp3",2021,REG,GB,1,0,0,0,0,0,0,0,0,0,0,0,0,,,0,,0,0,0,0,0,0,0,0,0,0,,0,0,0,0,0,0,0,0,0,0,0,0,0,0,,0,0,0,0,0,,0,0,0,0,1,0,0,0,0,0,0,0,0,0,0,0,0,0,0,0,0,0,0,0,0,0,0,0,0,0,0,0,0,0,0,0,0,0,0,0,,,0,0,0,0,0,0,0,0,0,0,0,0,,,,0,0,0,0,0,0,0,,0,0,0,0,,0,0,,0,0,0,0,0,0,0,0,0,0,0,0
00-0036623,C.Humphrey,Creed Humphrey,C,OL,"https://static.www.nfl.com/image/upload/f_auto,q_auto/league/ggz2h81ghybmrerlgdsq",2021,REG,KC,6,0,0,0,0,0,0,0,0,0,0,0,0,,,0,,0,0,0,0,0,0,0,0,0,0,,0,0,0,0,0,0,0,0,0,0,0,0,0,0,,0,0,0,0,0,,0,0,0,0,1,0,0,0,0,0,0,0,0,0,0,0,0,0,0,0,0,0,0,0,0,4,38,0,1,0,1,0,0,0,0,0,0,0,0,0,,,0,0,0,0,0,0,0,0,0,0,0,0,,,,0,0,0,0,0,0,0,,0,0,0,0,,0,0,,0,0,0,0,0,0,0,0,0,0,0,0
00-0036624,A.McNeill,Alim McNeill,DT,DL,"https://static.www.nfl.com/image/upload/f_auto,q_auto/league/udieb8v70ple2vt3zyof",2021,REG,DET,16,0,0,0,0,0,0,0,0,0,0,0,0,,,0,,0,0,0,0,0,0,0,0,0,0,,0,0,0,0,0,0,0,0,0,0,0,0,0,0,,0,0,0,0,0,,0,0,0,0,11,4,24,3,11,0,2,8,3,0,0,1,0,0,0,0,0,0,0,0,0,0,0,0,0,0,0,0,0,0,0,0,0,0,0,0,,,0,0,0,0,0,0,0,0,0,0,0,0,,,,0,0,0,0,0,0,0,,0,0,0,0,,0,0,,0,0,0,0,0,0,0,0,0,0,0,0
00-0036625,B.St-Juste,Benjamin St-Juste,CB,DB,"https://static.www.nfl.com/image/upload/f_auto,q_auto/league/mad9dx5zee70kec6lpan",2021,REG,WAS,7,0,0,0,0,0,0,0,0,0,0,0,0,,,0,,0,0,0,0,0,0,0,0,0,0,,0,0,0,0,0,0,0,0,0,0,0,0,0,0,,0,0,0,0,0,,0,0,0,0,20,0,6,1,1,0,0,0,0,0,0,3,0,0,0,0,0,0,0,0,0,2,30,0,0,0,0,0,0,0,0,0,0,0,0,0,,,0,0,0,0,0,0,0,0,0,0,0,0,,,,0,0,0,0,0,0,0,,0,0,0,0,,0,0,,0,0,0,0,0,0,0,0,0,0,0,0
00-0036626,D.Brown,Dyami Brown,WR,WR,"https://static.www.nfl.com/image/upload/f_auto,q_auto/league/wwl9s886olkkvu67qktp",2021,REG,WAS,10,0,0,0,0,0,0,0,0,0,0,0,0,,,0,,0,0,0,0,1,-4,0,0,0,0,-1.22775111324154,0,0,0,0,0,12,25,165,0,0,0,381,34,6,-1.58332186387678,0,6,4,3,1,0.433070866141732,0.0468164794007491,0.0924757281553398,0.134957728809861,0,1,0,1,0,0,0,0,0,0,0,0,0,0,0,0,0,0,0,0,0,0,0,0,0,0,0,0,0,0,0,0,0,0,0,0,0,,,0,0,0,0,0,0,0,0,0,0,0,0,,,,0,0,0,0,0,0,0,,0,0,0,0,,0,0,,0,0,0,0,0,0,0,0,0,0,16.1,28.1
00-0036627,D.Fitzpatrick,Dez Fitzpatrick,WR,WR,"https://static.www.nfl.com/image/upload/f_auto,q_auto/league/xmxepri7gjhhu6wbvsnm",2021,REG,TEN,3,0,0,0,0,0,0,0,0,0,0,0,0,,,0,,0,0,0,0,0,0,0,0,0,0,,0,0,0,0,0,5,8,49,1,0,0,109,3,4,-4.21825127274497,0,3,1,0,0,0.44954128440367,0.0153256704980843,0.0272159800249688,0.0420396917646046,0,1,0,0,0,0,0,0,0,0,0,0,0,0,0,0,0,0,0,0,0,0,0,0,0,0,0,0,0,0,0,0,0,0,0,0,0,,,0,0,0,0,0,0,0,0,0,0,0,0,,,,0,0,0,0,0,0,0,,0,0,0,0,,0,0,,0,0,0,0,0,0,0,0,0,0,10.9,15.9
00-0036628,J.Bates,John Bates,TE,TE,"https://static.www.nfl.com/image/upload/f_auto,q_auto/league/edpnkleev10rpzfgjakv",2021,REG,WAS,12,0,0,0,0,0,0,0,0,0,0,0,0,,,0,,0,0,0,0,0,0,0,0,0,0,,0,0,0,0,0,20,25,249,1,1,0,149,139,11,15.7466056916164,0,11,6,4,0,1.67114093959732,0.0468164794007491,0.0361650485436893,0.0955402530817061,0,1,1,0,0,0,0,0,0,0,0,0,0,0,0,0,0,1,0,0,0,0,2,20,1,0,0,1,0,0,0,0,0,0,0,0,0,,,0,0,0,0,0,0,0,0,0,0,0,0,,,,0,0,0,0,0,0,0,,0,0,0,0,,0,0,,0,0,0,0,0,0,0,0,0,0,30.9,50.9
00-0036629,C.Bynum,Camryn Bynum,SAF,DB,"https://static.www.nfl.com/image/upload/f_auto,q_auto/league/rncq5z5bfhigx2atid7k",2021,REG,MIN,7,0,0,0,0,0,0,0,0,0,0,0,0,,,0,,0,0,0,0,0,0,0,0,0,0,,0,0,0,0,0,0,0,0,0,0,0,0,0,0,,0,0,0,0,0,,0,0,0,0,20,0,8,1,9,0,1,9,1,1,27,3,0,0,0,0,0,0,0,0,0,1,5,0,0,0,0,0,0,0,0,0,0,0,0,0,,,0,0,0,0,0,0,0,0,0,0,0,0,,,,0,0,0,0,0,0,0,,0,0,0,0,,0,0,,0,0,0,0,0,0,0,0,0,0,0,0
00-0036630,T.Wallace,Tylan Wallace,WR,WR,"https://static.www.nfl.com/image/upload/f_auto,q_auto/league/rifnnpeub6okv41offnd",2021,REG,BAL,10,0,0,0,0,0,0,0,0,0,0,0,0,,,0,,0,0,0,0,0,0,0,0,0,0,,0,0,0,0,0,2,6,23,0,0,0,38,14,1,-2.75271261623129,0,1,1,0,0,0.605263157894737,0.0101522842639594,0.00726299694189603,0.0203125242552663,0,4,0,5,0,0,0,0,0,0,0,0,0,0,0,0,0,0,0,0,0,0,1,4,0,0,0,0,0,0,0,2,39,0,0,0,0,,,0,0,0,0,0,0,0,0,0,0,0,0,,,,0,0,0,0,0,0,0,,0,0,0,0,,0,0,,0,0,0,0,0,0,0,0,0,0,2.3,4.3
00-0036631,R.Newman,Royce Newman,G,OL,"https://static.www.nfl.com/image/upload/f_auto,q_auto/league/q35tnynrruh8sagqphep",2021,REG,GB,3,0,0,0,0,0,0,0,0,0,0,0,0,,,0,,0,0,0,0,0,0,0,0,0,0,,0,0,0,0,0,0,0,0,0,0,0,0,0,0,,0,0,0,0,0,,0,0,0,0,0,0,0,0,0,0,0,0,0,0,0,0,0,0,0,0,0,0,0,0,0,4,24,0,0,0,0,0,0,0,0,0,0,0,0,0,,,0,0,0,0,0,0,0,0,0,0,0,0,,,,0,0,0,0,0,0,0,,0,0,0,0,,0,0,,0,0,0,0,0,0,0,0,0,0,0,0
00-0036633,C.Sterns,Caden Sterns,SAF,DB,"https://static.www.nfl.com/image/upload/f_auto,q_auto/league/odecof54t2dtdbtcg35w",2021,REG,DEN,12,0,0,0,0,0,0,0,0,0,0,0,0,,,0,,0,0,0,0,0,0,0,0,0,0,,0,0,0,0,0,0,0,0,0,0,0,0,0,0,,0,0,0,0,0,,0,0,0,0,22,0,6,2,12,0,2,12,2,2,47,5,0,0,0,0,0,0,0,0,0,1,8,0,0,0,0,0,0,0,0,0,0,0,0,0,,,0,0,0,0,0,0,0,0,0,0,0,0,,,,0,0,0,0,0,0,0,,0,0,0,0,,0,0,,0,0,0,0,0,0,0,0,0,0,0,0
00-0036634,T.Fields,Tony Fields II,LB,LB,"https://static.www.nfl.com/image/upload/f_auto,q_auto/league/dwjp5xpbs6yiekcfjxkx",2021,REG,CLE,4,0,0,0,0,0,0,0,0,0,0,0,0,,,0,,0,0,0,0,0,0,0,0,0,0,,0,0,0,0,0,0,0,0,0,0,0,0,0,0,,0,0,0,0,0,,0,0,0,0,2,0,2,0,0,0,0,0,0,0,0,0,0,0,0,0,0,0,0,0,0,0,0,0,0,0,0,0,0,0,0,0,0,0,0,0,,,0,0,0,0,0,0,0,0,0,0,0,0,,,,0,0,0,0,0,0,0,,0,0,0,0,,0,0,,0,0,0,0,0,0,0,0,0,0,0,0
00-0036635,I.Smith-Marsette,Ihmir Smith-Marsette,WR,WR,"https://static.www.nfl.com/image/upload/f_auto,q_auto/league/zv9y5bc8lsnvobjdm15p",2021,REG,MIN,6,0,0,0,0,0,0,0,0,0,0,0,0,,,0,,0,0,0,0,0,0,0,0,0,0,,0,0,0,0,0,5,6,116,2,0,0,128,17,4,11.404099471285,0,3,3,2,2,0.90625,0.0103806228373702,0.0264353572903759,0.0340756843593185,0,0,0,0,0,0,0,0,0,0,0,0,0,0,0,0,0,0,0,0,0,0,0,0,0,0,0,0,0,0,0,4,83,0,0,0,0,,,0,0,0,0,0,0,0,0,0,0,0,0,,,,0,0,0,0,0,0,0,,0,0,0,0,,0,0,,0,0,0,0,0,0,0,0,0,0,23.6,28.6
00-0036637,N.Gray,Noah Gray,TE,TE,"https://static.www.nfl.com/image/upload/f_auto,q_auto/league/yugngcrdfxh0nwzl4zwp",2021,REG,KC,7,0,0,0,0,0,0,0,0,0,0,0,0,,,0,,0,0,0,0,0,0,0,0,0,0,,0,0,0,0,0,7,10,36,1,0,0,23,18,2,-0.0367059657000937,0,0,0,0,0,1.56521739130435,0.0156985871271586,0.00463242698892246,0.0267905795829836,0,0,0,2,0,0,0,0,0,0,0,0,0,0,0,0,0,0,0,0,0,0,0,0,0,0,0,0,0,0,0,0,0,0,0,0,0,,,0,0,0,0,0,0,0,0,0,0,0,0,,,,0,0,0,0,0,0,0,,0,0,0,0,,0,0,,0,0,0,0,0,0,0,0,0,0,9.6,16.6
00-0036638,D.Forrest,Darrick Forrest,SAF,DB,"https://static.www.nfl.com/image/upload/f_auto,q_auto/league/t1k57hvbictnyjh65ygx",2021,REG,WAS,4,0,0,0,0,0,0,0,0,0,0,0,0,,,0,,0,0,0,0,0,0,0,0,0,0,,0,0,0,0,0,0,0,0,0,0,0,0,0,0,,0,0,0,0,0,,0,0,0,0,4,0,3,0,0,0,0,0,1,0,0,0,0,0,0,0,0,0,0,0,0,0,0,0,0,0,0,0,0,0,0,0,0,0,0,0,,,0,0,0,0,0,0,0,0,0,0,0,0,,,,0,0,0,0,0,0,0,,0,0,0,0,,0,0,,0,0,0,0,0,0,0,0,0,0,0,0
00-0036641,R.LeCounte,Richard LeCounte,SAF,DB,"https://static.www.nfl.com/image/private/f_auto,q_auto/league/h23r0gukt8wgzkfe8ooe",2021,REG,CLE,3,0,0,0,0,0,0,0,0,0,0,0,0,,,0,,0,0,0,0,0,0,0,0,0,0,,0,0,0,0,0,0,0,0,0,0,0,0,0,0,,0,0,0,0,0,,0,0,0,0,2,0,1,0,0,0,0,0,0,0,0,0,0,0,0,0,0,0,0,0,0,0,0,0,0,0,0,0,0,0,0,0,0,0,0,0,,,0,0,0,0,0,0,0,0,0,0,0,0,,,,0,0,0,0,0,0,0,,0,0,0,0,,0,0,,0,0,0,0,0,0,0,0,0,0,0,0
00-0036642,T.Slaton,Tedarrell Slaton,DT,DL,"https://static.www.nfl.com/image/upload/f_auto,q_auto/league/oktzavt6whxgvr6ukmhl",2021,REG,GB,14,0,0,0,0,0,0,0,0,0,0,0,0,,,0,,0,0,0,0,0,0,0,0,0,0,,0,0,0,0,0,0,0,0,0,0,0,0,0,0,,0,0,0,0,0,,0,0,0,0,12,2,9,0,0,0,1,4.5,2,0,0,0,0,0,0,0,0,0,0,0,0,0,0,0,0,0,0,0,0,0,0,0,0,0,0,0,,,0,0,0,0,0,0,0,0,0,0,0,0,,,,0,0,0,0,0,0,0,,0,0,0,0,,0,0,,0,0,0,0,0,0,0,0,0,0,0,0
00-0036643,K.Britt,K.J. Britt,LB,LB,"https://static.www.nfl.com/image/upload/f_auto,q_auto/league/kca9qozdfs1albiamsq0",2021,REG,TB,6,0,0,0,0,0,0,0,0,0,0,0,0,,,0,,0,0,0,0,0,0,0,0,0,0,,0,0,0,0,0,0,0,0,0,0,0,0,0,0,,0,0,0,0,0,,0,0,0,0,6,1,5,1,5,0,0,0,1,0,0,1,0,0,0,0,0,0,0,0,0,0,0,0,0,0,0,0,0,0,0,0,0,0,0,0,,,0,0,0,0,0,0,0,0,0,0,0,0,,,,0,0,0,0,0,0,0,,0,0,0,0,,0,0,,0,0,0,0,0,0,0,0,0,0,0,0
00-0036645,S.Jean-Charles,Shemar Jean-Charles,CB,DB,"https://static.www.nfl.com/image/upload/f_auto,q_auto/league/u7t0oehb31vg2xcz7z1q",2021,REG,GB,8,0,0,0,0,0,0,0,0,0,0,0,0,,,0,,0,0,0,0,0,0,0,0,0,0,,0,0,0,0,0,0,0,0,0,0,0,0,0,0,,0,0,0,0,0,,0,0,0,0,5,0,3,0,0,0,0,0,0,0,0,0,0,0,0,0,0,0,0,0,0,0,0,0,0,0,0,0,0,0,0,0,0,0,0,0,,,0,0,0,0,0,0,0,0,0,0,0,0,,,,0,0,0,0,0,0,0,,0,0,0,0,,0,0,,0,0,0,0,0,0,0,0,0,0,0,0
00-0036648,N.Niemann,Nick Niemann,LB,LB,"https://static.www.nfl.com/image/upload/f_auto,q_auto/league/nbizfccowpxtgytc4n2u",2021,REG,LAC,13,0,0,0,0,0,0,0,0,0,0,0,0,,,0,,0,0,0,0,0,0,0,0,0,0,,0,0,0,0,0,0,0,0,0,0,0,0,0,0,,0,0,0,0,0,,0,0,0,0,14,1,7,0,0,0,0,0,0,1,0,1,0,0,0,0,0,0,0,0,0,2,20,0,0,0,0,0,0,0,0,0,0,0,0,0,,,0,0,0,0,0,0,0,0,0,0,0,0,,,,0,0,0,0,0,0,0,,0,0,0,0,,0,0,,0,0,0,0,0,0,0,0,0,0,0,0
00-0036649,Q.Bohanna,Quinton Bohanna,DT,DL,"https://static.www.nfl.com/image/upload/f_auto,q_auto/league/jfyxrdrkpytiahvsoatj",2021,REG,DAL,7,0,0,0,0,0,0,0,0,0,0,0,0,,,0,,0,0,0,0,0,0,0,0,0,0,,0,0,0,0,0,0,0,0,0,0,0,0,0,0,,0,0,0,0,0,,0,0,0,0,3,0,7,0,0,0,0,0,0,0,0,0,0,0,0,0,0,0,0,0,0,0,0,0,0,0,0,0,0,0,0,0,0,0,0,0,,,0,0,0,0,0,0,0,0,0,0,0,0,,,,0,0,0,0,0,0,0,,0,0,0,0,,0,0,,0,0,0,0,0,0,0,0,0,0,0,0
00-0036650,L.Rountree,Larry Rountree III,RB,RB,"https://static.www.nfl.com/image/private/f_auto,q_auto/league/m40kbqrmtagssdl2nyx0",2021,REG,LAC,9,0,0,0,0,0,0,0,0,0,0,0,0,,,0,,0,0,0,0,36,87,1,0,0,5,-10.2044932351273,0,1,1,0,0,1,2,-1,0,0,0,-1,0,0,-1.26902811240871,0,0,0,0,0,1,0.00303490136570562,-0.000196772924045651,0.00441461100172647,0,0,0,2,0,0,0,0,0,0,0,0,0,0,0,0,0,0,0,0,0,0,0,0,0,0,0,0,0,0,0,7,117,0,0,0,0,,,0,0,0,0,0,0,0,0,0,0,0,0,,,,0,0,0,0,0,0,0,,0,0,0,0,,0,0,,0,0,0,0,0,0,0,0,0,0,14.6,15.6
00-0036652,R.McMath,Racey McMath,WR,WR,"https://static.www.nfl.com/image/upload/f_auto,q_auto/league/la1xkdczi8xr1exdwnvh",2021,REG,TEN,6,0,0,0,0,0,0,0,0,0,0,0,0,,,0,,0,0,0,0,0,0,0,0,0,0,,0,0,0,0,0,2,6,8,0,1,1,67,9,0,-6.96873102773679,0,0,0,0,0,0.119402985074627,0.0114942528735632,0.016729088639201,0.0289517413577855,0,1,0,4,0,0,0,0,0,0,0,0,0,0,0,0,0,0,0,0,0,0,0,0,1,0,0,1,1,0,0,0,0,0,0,0,0,,,0,0,0,0,0,0,0,0,0,0,0,0,,,,0,0,0,0,0,0,0,,0,0,0,0,,0,0,,0,0,0,0,0,0,0,0,0,0,-1.2,0.8
00-0036654,D.Felton,Demetric Felton,RB,RB,"https://static.www.nfl.com/image/private/f_auto,q_auto/league/pfjsjpzj2f9cn39xqde2",2021,REG,CLE,15,0,0,0,0,0,0,0,0,0,0,0,0,,,0,,0,0,0,0,7,24,0,0,0,0,-2.54391982546076,0,1,1,0,0,18,21,181,2,0,0,9,201,10,9.55242118309252,0,7,3,2,0,20.1111111111111,0.0420841683366734,0.00209692451071761,0.0645940996625124,0,2,0,2,0,0,1,0,0,0,0,0,0,0,4,0,0,4,0,0,0,0,0,0,0,4,0,4,0,32,227,9,172,0,0,0,0,,,0,0,0,0,0,0,0,0,0,0,0,0,,,,0,0,0,0,0,0,0,,0,0,0,0,,0,0,,0,0,0,0,0,0,0,0,0,0,32.5,50.5
00-0036656,B.Breeze,Brady Breeze,SAF,DB,"https://static.www.nfl.com/image/upload/f_auto,q_auto/league/khhvwilxglcemmakatgc",2021,REG,DET,3,0,0,0,0,0,0,0,0,0,0,0,0,,,0,,0,0,0,0,0,0,0,0,0,0,,0,0,0,0,0,0,0,0,0,0,0,0,0,0,,0,0,0,0,0,,0,0,0,0,5,0,1,0,0,0,0,0,0,0,0,0,0,0,0,0,0,0,0,0,0,0,0,0,0,0,0,0,0,0,0,0,0,0,0,0,,,0,0,0,0,0,0,0,0,0,0,0,0,,,,0,0,0,0,0,0,0,,0,0,0,0,,0,0,,0,0,0,0,0,0,0,0,0,0,0,0
00-0036657,S.Williams,Seth Williams,WR,WR,"https://static.www.nfl.com/image/private/f_auto,q_auto/league/uych6wdpoifihjl55wkf",2021,REG,DEN,1,0,0,0,0,0,0,0,0,0,0,0,0,,,0,,0,0,0,0,0,0,0,0,0,0,,0,0,0,0,0,1,1,34,0,0,0,30,4,1,2.06591478257906,0,1,1,1,0,1.13333333333333,0.00193423597678917,0.00659050966608084,0.00751471073144034,0,0,0,0,0,0,0,0,0,0,0,0,0,0,0,0,0,0,0,0,0,0,0,0,0,0,0,0,0,0,0,0,0,0,0,0,0,,,0,0,0,0,0,0,0,0,0,0,0,0,,,,0,0,0,0,0,0,0,,0,0,0,0,,0,0,,0,0,0,0,0,0,0,0,0,0,3.4,4.4
00-0036658,I.McDuffie,Isaiah McDuffie,LB,LB,"https://static.www.nfl.com/image/upload/f_auto,q_auto/league/kfscpyshsfu3hswm7lkd",2021,REG,GB,1,0,0,0,0,0,0,0,0,0,0,0,0,,,0,,0,0,0,0,0,0,0,0,0,0,,0,0,0,0,0,0,0,0,0,0,0,0,0,0,,0,0,0,0,0,,0,0,0,0,0,0,2,0,0,0,0,0,0,0,0,0,0,0,0,0,0,0,0,0,0,1,10,0,0,0,0,0,0,0,0,0,0,0,0,0,,,0,0,0,0,0,0,0,0,0,0,0,0,,,,0,0,0,0,0,0,0,,0,0,0,0,,0,0,,0,0,0,0,0,0,0,0,0,0,0,0
00-0036659,C.Cheeseman,Camaron Cheeseman,LS,SPEC,"https://static.www.nfl.com/image/private/f_auto,q_auto/league/rhf4jqlcnyxouv1rnxap",2021,REG,WAS,1,0,0,0,0,0,0,0,0,0,0,0,0,,,0,,0,0,0,0,0,0,0,0,0,0,,0,0,0,0,0,0,0,0,0,0,0,0,0,0,,0,0,0,0,0,,0,0,0,0,0,0,0,0,0,0,0,0,0,0,0,0,0,0,0,0,0,0,0,0,0,1,10,0,0,0,0,0,0,0,0,0,0,0,0,0,,,0,0,0,0,0,0,0,0,0,0,0,0,,,,0,0,0,0,0,0,0,,0,0,0,0,,0,0,,0,0,0,0,0,0,0,0,0,0,0,0
00-0036660,T.Smith,Trey Smith,G,OL,"https://static.www.nfl.com/image/upload/f_auto,q_auto/league/tevu0zoswqcvyjtweopr",2021,REG,KC,6,0,0,0,0,0,0,0,0,0,0,0,0,,,0,,0,0,0,0,0,0,0,0,0,0,,0,0,0,0,0,0,0,0,0,0,0,0,0,0,,0,0,0,0,0,,0,0,0,0,1,0,0,0,0,0,0,0,0,0,0,0,0,0,0,0,1,0,0,0,0,8,79,0,0,0,0,0,0,0,0,0,0,0,0,0,,,0,0,0,0,0,0,0,0,0,0,0,0,,,,0,0,0,0,0,0,0,,0,0,0,0,,0,0,,0,0,0,0,0,0,0,0,0,0,0,0
00-0036662,K.Vincent,Kary Vincent Jr.,CB,DB,,2021,REG,PHI,1,0,0,0,0,0,0,0,0,0,0,0,0,,,0,,0,0,0,0,0,0,0,0,0,0,,0,0,0,0,0,0,0,0,0,0,0,0,0,0,,0,0,0,0,0,,0,0,0,0,2,0,0,0,0,0,0,0,0,0,0,0,0,0,0,0,0,0,0,0,0,1,10,0,0,0,0,0,0,0,0,0,0,0,0,0,,,0,0,0,0,0,0,0,0,0,0,0,0,,,,0,0,0,0,0,0,0,,0,0,0,0,,0,0,,0,0,0,0,0,0,0,0,0,0,0,0
00-0036664,W.Bradley-King,Will Bradley-King,DE,DL,"https://static.www.nfl.com/image/upload/f_auto,q_auto/league/twnmwxwnx4tk8bwvhmdz",2021,REG,WAS,2,0,0,0,0,0,0,0,0,0,0,0,0,,,0,,0,0,0,0,0,0,0,0,0,0,,0,0,0,0,0,0,0,0,0,0,0,0,0,0,,0,0,0,0,0,,0,0,0,0,0,0,5,0,0,0,0.5,3,1,0,0,0,0,0,0,0,0,0,0,0,0,0,0,0,0,0,0,0,0,0,0,0,0,0,0,0,,,0,0,0,0,0,0,0,0,0,0,0,0,,,,0,0,0,0,0,0,0,,0,0,0,0,,0,0,,0,0,0,0,0,0,0,0,0,0,0,0
00-0036665,M.Webb,Mark Webb,SAF,DB,"https://static.www.nfl.com/image/private/f_auto,q_auto/league/x7xi4osjtpuvgr8yfomd",2021,REG,LAC,4,0,0,0,0,0,0,0,0,0,0,0,0,,,0,,0,0,0,0,0,0,0,0,0,0,,0,0,0,0,0,0,0,0,0,0,0,0,0,0,,0,0,0,0,0,,0,0,0,0,3,0,0,0,0,0,0,0,0,0,0,0,0,0,0,0,0,0,0,0,0,1,9,0,0,0,0,0,0,0,0,0,0,0,0,0,,,0,0,0,0,0,0,0,0,0,0,0,0,,,,0,0,0,0,0,0,0,,0,0,0,0,,0,0,,0,0,0,0,0,0,0,0,0,0,0,0
00-0036666,S.Toney,Shaka Toney,DE,DL,"https://static.www.nfl.com/image/private/f_auto,q_auto/league/evf5ko42ckcuosa4yaiu",2021,REG,WAS,3,0,0,0,0,0,0,0,0,0,0,0,0,,,0,,0,0,0,0,0,0,0,0,0,0,,0,0,0,0,0,0,0,0,0,0,0,0,0,0,,0,0,0,0,0,,0,0,0,0,2,0,6,1,9,0,1.5,12.5,3,0,0,0,0,0,0,0,0,0,0,0,0,0,0,0,0,0,0,0,0,0,0,0,0,0,0,0,,,0,0,0,0,0,0,0,0,0,0,0,0,,,,0,0,0,0,0,0,0,,0,0,0,0,,0,0,,0,0,0,0,0,0,0,0,0,0,0,0
00-0036668,M.Spencer,Marquiss Spencer,DE,DL,"https://static.www.nfl.com/image/private/f_auto,q_auto/league/qfjfrl5ocvouhlbwcz6o",2021,REG,DEN,1,0,0,0,0,0,0,0,0,0,0,0,0,,,0,,0,0,0,0,0,0,0,0,0,0,,0,0,0,0,0,0,0,0,0,0,0,0,0,0,,0,0,0,0,0,,0,0,0,0,0,0,1,0,0,0,0,0,0,0,0,0,0,0,0,0,0,0,0,0,0,0,0,0,0,0,0,0,0,0,0,0,0,0,0,0,,,0,0,0,0,0,0,0,0,0,0,0,0,,,,0,0,0,0,0,0,0,,0,0,0,0,,0,0,,0,0,0,0,0,0,0,0,0,0,0,0
00-0036669,K.Hill,Kylin Hill,RB,RB,"https://static.www.nfl.com/image/private/f_auto,q_auto/league/kqcnlnwoumzvotkzu841",2021,REG,GB,8,0,0,0,0,0,0,0,0,0,0,0,0,,,0,,0,0,0,0,10,24,0,0,0,1,-3.664956227527,0,0,0,0,0,1,2,5,0,0,0,-3,7,0,-0.41435015964089,0,0,0,0,0,-1.66666666666667,0.00350877192982456,-0.000655307994757536,0.00480444229840657,0,1,0,0,0,0,0,0,0,0,0,0,0,0,0,0,0,0,0,0,0,0,1,15,0,0,0,0,0,0,0,10,199,0,0,0,0,,,0,0,0,0,0,0,0,0,0,0,0,0,,,,0,0,0,0,0,0,0,,0,0,0,0,,0,0,,0,0,0,0,0,0,0,0,0,0,2.9,3.9
00-0036670,J.Jefferson,Jermar Jefferson,RB,RB,"https://static.www.nfl.com/image/upload/f_auto,q_auto/league/bkgrgirrdwlm05vqg74b",2021,REG,DET,4,0,0,0,0,0,0,0,0,0,0,0,0,,,0,,0,0,0,0,15,74,2,0,0,4,3.19619846622838,0,1,1,1,0,4,5,23,0,0,0,1,21,2,-0.322642765240744,0,1,0,0,0,23,0.00884955752212389,0.000264340470526038,0.0134593746125541,0,0,0,0,0,0,0,0,0,0,0,0,0,0,0,0,0,0,0,0,0,0,0,0,0,0,0,0,0,0,0,0,0,0,0,0,0,,,0,0,0,0,0,0,0,0,0,0,0,0,,,,0,0,0,0,0,0,0,,0,0,0,0,,0,0,,0,0,0,0,0,0,0,0,0,0,21.7,25.7
00-0036671,D.Milne,Dax Milne,WR,WR,"https://static.www.nfl.com/image/upload/f_auto,q_auto/league/is6qfhpfr82xc3udysfu",2021,REG,WAS,9,0,0,0,0,0,0,0,0,0,0,0,0,,,0,,0,0,0,0,1,1,0,0,0,0,-0.694028881320264,0,0,0,0,0,9,14,83,0,1,1,102,39,4,-5.62294358463259,0,4,1,1,0,0.813725490196078,0.0262172284644195,0.0247572815533981,0.0566559397840079,0,0,0,0,0,0,0,0,0,0,0,0,0,0,0,0,0,0,0,0,0,0,0,0,1,0,0,1,1,0,0,0,0,0,0,0,0,,,0,0,0,0,0,0,0,0,0,0,0,0,,,,0,0,0,0,0,0,0,,0,0,0,0,,0,0,,0,0,0,0,0,0,0,0,0,0,6.4,15.4
00-0036672,G.Stuard,Grant Stuard,LB,LB,"https://static.www.nfl.com/image/upload/f_auto,q_auto/league/ws9nh7wahkmhwqnpi7zv",2021,REG,TB,10,0,0,0,0,0,0,0,0,0,0,0,0,,,0,,0,0,0,0,0,0,0,0,0,0,,0,0,0,0,0,0,0,0,0,0,0,0,0,0,,0,0,0,0,0,,0,0,0,0,8,0,7,0,0,1,0,0,0,0,0,0,0,0,0,0,0,0,0,0,0,1,15,0,0,0,0,0,0,0,0,0,0,0,0,0,,,0,0,0,0,0,0,0,0,0,0,0,0,,,,0,0,0,0,0,0,0,,0,0,0,0,,0,0,,0,0,0,0,0,0,0,0,0,0,0,0
00-0036677,Z.Anderson,Zayne Anderson,SAF,DB,"https://static.www.nfl.com/image/upload/f_auto,q_auto/league/r4j0wtxm67rnmxl6zajl",2021,REG,KC,3,0,0,0,0,0,0,0,0,0,0,0,0,,,0,,0,0,0,0,0,0,0,0,0,0,,0,0,0,0,0,0,0,0,0,0,0,0,0,0,,0,0,0,0,0,,0,0,0,0,1,0,0,0,0,0,0,0,0,0,0,0,0,0,0,0,0,0,0,0,0,2,25,0,0,0,0,0,0,0,0,0,0,0,0,0,,,0,0,0,0,0,0,0,0,0,0,0,0,,,,0,0,0,0,0,0,0,,0,0,0,0,,0,0,,0,0,0,0,0,0,0,0,0,0,0,0
00-0036678,D.Bootle,Dicaprio Bootle,CB,DB,"https://static.www.nfl.com/image/upload/f_auto,q_auto/league/px3jesc8o4lw6fy0bhc7",2021,REG,KC,2,0,0,0,0,0,0,0,0,0,0,0,0,,,0,,0,0,0,0,0,0,0,0,0,0,,0,0,0,0,0,0,0,0,0,0,0,0,0,0,,0,0,0,0,0,,0,0,0,0,6,0,2,0,0,0,0,0,0,0,0,0,0,0,0,0,0,0,0,0,0,0,0,0,0,0,0,0,0,0,0,0,0,0,0,0,,,0,0,0,0,0,0,0,0,0,0,0,0,,,,0,0,0,0,0,0,0,,0,0,0,0,,0,0,,0,0,0,0,0,0,0,0,0,0,0,0
00-0036688,K.Thomas,Kiondre Thomas,CB,DB,"https://static.www.nfl.com/image/private/f_auto,q_auto/league/h80lqrskrkgwzb4i37zu",2021,REG,LAC,2,0,0,0,0,0,0,0,0,0,0,0,0,,,0,,0,0,0,0,0,0,0,0,0,0,,0,0,0,0,0,0,0,0,0,0,0,0,0,0,,0,0,0,0,0,,0,0,0,0,0,0,1,0,0,0,0,0,0,0,0,0,0,0,0,0,0,0,0,0,0,1,6,0,0,0,0,0,0,0,0,0,0,0,0,0,,,0,0,0,0,0,0,0,0,0,0,0,0,,,,0,0,0,0,0,0,0,,0,0,0,0,,0,0,,0,0,0,0,0,0,0,0,0,0,0,0
00-0036689,M.Wilson,Marvin Wilson,DT,DL,"https://static.www.nfl.com/image/private/f_auto,q_auto/league/mhncj9h5uhnukc7szrqf",2021,REG,PHI,1,0,0,0,0,0,0,0,0,0,0,0,0,,,0,,0,0,0,0,0,0,0,0,0,0,,0,0,0,0,0,0,0,0,0,0,0,0,0,0,,0,0,0,0,0,,0,0,0,0,1,0,2,0,0,0,0,0,0,0,0,0,0,0,0,0,0,0,0,0,0,0,0,0,0,0,0,0,0,0,0,0,0,0,0,0,,,0,0,0,0,0,0,0,0,0,0,0,0,,,,0,0,0,0,0,0,0,,0,0,0,0,,0,0,,0,0,0,0,0,0,0,0,0,0,0,0
00-0036691,T.Carter,Tory Carter,FB,RB,"https://static.www.nfl.com/image/private/f_auto,q_auto/league/tfdqi690jeasaaiqm2pm",2021,REG,TEN,3,0,0,0,0,0,0,0,0,0,0,0,0,,,0,,0,0,0,0,0,0,0,0,0,0,,0,0,0,0,0,0,0,0,0,0,0,0,0,0,,0,0,0,0,0,,0,0,0,0,1,1,0,0,0,0,0,0,0,0,0,0,0,0,0,0,0,0,1,0,0,0,0,0,0,0,0,0,0,0,0,0,0,0,0,0,,,0,0,0,0,0,0,0,0,0,0,0,0,,,,0,0,0,0,0,0,0,,0,0,0,0,,0,0,,0,0,0,0,0,0,0,0,0,0,0,0
00-0036692,M.Forristall,Miller Forristall,TE,TE,"https://static.www.nfl.com/image/upload/f_auto,q_auto/league/fewy6chb5ajeb0bgb1ou",2021,REG,CLE,1,0,0,0,0,0,0,0,0,0,0,0,0,,,0,,0,0,0,0,0,0,0,0,0,0,,0,0,0,0,0,0,0,0,0,0,0,0,0,0,,0,0,0,0,0,,0,0,0,0,0,0,1,0,0,0,0,0,0,0,0,0,0,0,0,0,0,0,0,0,0,0,0,0,0,0,0,0,0,0,0,0,0,0,0,0,,,0,0,0,0,0,0,0,0,0,0,0,0,,,,0,0,0,0,0,0,0,,0,0,0,0,,0,0,,0,0,0,0,0,0,0,0,0,0,0,0
00-0036695,N.Jones,Naquan Jones,DT,DL,"https://static.www.nfl.com/image/upload/f_auto,q_auto/league/i4edhuakry7za5kzgbov",2021,REG,TEN,11,0,0,0,0,0,0,0,0,0,0,0,0,,,0,,0,0,0,0,0,0,0,0,0,0,,0,0,0,0,0,0,0,0,0,0,0,0,0,0,,0,0,0,0,0,,0,0,0,0,12,6,11,4,16,0,2.5,17,3,0,0,2,0,0,0,0,0,0,0,0,0,1,5,0,0,0,0,0,0,0,0,0,0,0,0,0,,,0,0,0,0,0,0,0,0,0,0,0,0,,,,0,0,0,0,0,0,0,,0,0,0,0,,0,0,,0,0,0,0,0,0,0,0,0,0,0,0
00-0036698,M.Sargent,Mekhi Sargent,RB,RB,"https://static.www.nfl.com/image/private/f_auto,q_auto/league/vkjbw0dck6obsojugiya",2021,REG,JAX,4,0,0,0,0,0,0,0,0,0,0,0,0,,,0,,0,0,0,0,5,11,0,0,0,1,-2.03860674821772,0,0,0,0,0,0,1,0,0,0,0,-4,0,0,-0.429744546650909,0,0,0,0,0,0,0.00191570881226054,-0.000998751560549313,0.00217443712600629,0,0,0,0,0,0,0,0,0,0,0,0,0,0,0,0,0,0,0,0,0,0,0,0,0,0,0,0,0,0,0,0,0,0,0,0,0,,,0,0,0,0,0,0,0,0,0,0,0,0,,,,0,0,0,0,0,0,0,,0,0,0,0,,0,0,,0,0,0,0,0,0,0,0,0,0,1.1,1.1
00-0036700,D.Archibong,Daniel Archibong,DT,DL,"https://static.www.nfl.com/image/private/f_auto,q_auto/league/nb6nhsdrzagzcglvjwjy",2021,REG,PIT,1,0,0,0,0,0,0,0,0,0,0,0,0,,,0,,0,0,0,0,0,0,0,0,0,0,,0,0,0,0,0,0,0,0,0,0,0,0,0,0,,0,0,0,0,0,,0,0,0,0,0,0,2,0,0,0,0,0,0,0,0,0,0,0,0,0,0,0,0,0,0,0,0,0,0,0,0,0,0,0,0,0,0,0,0,0,,,0,0,0,0,0,0,0,0,0,0,0,0,,,,0,0,0,0,0,0,0,,0,0,0,0,,0,0,,0,0,0,0,0,0,0,0,0,0,0,0
00-0036703,B.Johnson,Brian Johnson,K,SPEC,"https://static.www.nfl.com/image/private/f_auto,q_auto/league/chpdthcaocrvpj7b6i3a",2021,REG,WAS,7,0,0,0,0,0,0,0,0,0,0,0,0,,,0,,0,0,0,0,0,0,0,0,0,0,,0,0,0,0,0,0,0,0,0,0,0,0,0,0,,0,0,0,0,0,,0,0,0,0,0,0,0,0,0,0,0,0,0,0,0,0,0,0,0,0,0,0,0,0,0,0,0,0,0,0,0,0,0,0,0,0,10,10,0,0,52,1,0,5,3,1,1,0,0,0,0,0,0,0,21;33;23;35;23;35;52;20;48;22,,,312,0,0,9,13,3,1,0.692307692307692,1,1,0,0,48,0,0,,0,0,0,0,0,0,0,0,0,0,0,0
00-0036704,C.Johnson,Caleb Johnson,LB,LB,"https://static.www.nfl.com/image/upload/f_auto,q_auto/league/cpvxwusivovnovmryprc",2021,REG,CHI,6,0,0,0,0,0,0,0,0,0,0,0,0,,,0,,0,0,0,0,0,0,0,0,0,0,,0,0,0,0,0,0,0,0,0,0,0,0,0,0,,0,0,0,0,0,,0,0,0,0,4,0,4,0,0,0,0,0,0,0,0,0,0,0,0,0,1,0,0,0,0,0,0,0,0,0,0,0,0,0,0,0,0,0,0,0,,,0,0,0,0,0,0,0,0,0,0,0,0,,,,0,0,0,0,0,0,0,,0,0,0,0,,0,0,,0,0,0,0,0,0,0,0,0,0,0,0
00-0036705,S.Kamara,Sam Kamara,DT,DL,"https://static.www.nfl.com/image/private/f_auto,q_auto/league/aakuha494hvtrja3dwjn",2021,REG,CHI,7,0,0,0,0,0,0,0,0,0,0,0,0,,,0,,0,0,0,0,0,0,0,0,0,0,,0,0,0,0,0,0,0,0,0,0,0,0,0,0,,0,0,0,0,0,,0,0,0,0,7,0,3,1,3,0,0,0,0,0,0,1,0,0,0,0,0,0,0,0,0,0,0,0,0,0,0,0,0,0,0,0,0,0,0,0,,,0,0,0,0,0,0,0,0,0,0,0,0,,,,0,0,0,0,0,0,0,,0,0,0,0,,0,0,,0,0,0,0,0,0,0,0,0,0,0,0
00-0036714,A.Kessman,Alex Kessman,K,SPEC,"https://static.www.nfl.com/image/private/f_auto,q_auto/league/gozrwnadfnwocar3x9od",2021,REG,NYJ,1,0,0,0,0,0,0,0,0,0,0,0,0,,,0,,0,0,0,0,0,0,0,0,0,0,,0,0,0,0,0,0,0,0,0,0,0,0,0,0,,0,0,0,0,0,,0,0,0,0,0,0,0,0,0,0,0,0,0,0,0,0,0,0,0,0,0,0,0,0,0,0,0,0,0,0,0,0,0,0,0,0,0,0,0,0,,,0,0,0,0,0,0,0,0,0,0,0,0,,,,0,0,0,0,2,2,0,0,0,0,0,0,,0,0,,0,0,0,0,0,0,0,0,0,0,0,0
00-0036716,A.Ogbongbemiga,Amen Ogbongbemiga,LB,LB,"https://static.www.nfl.com/image/upload/f_auto,q_auto/league/liyabetbezsk9lvuuphd",2021,REG,LAC,9,0,0,0,0,0,0,0,0,0,0,0,0,,,0,,0,0,0,0,0,0,0,0,0,0,,0,0,0,0,0,0,0,0,0,0,0,0,0,0,,0,0,0,0,0,,0,0,0,0,14,3,9,1,9,0,1,9,2,0,0,0,0,0,0,0,0,0,0,0,0,0,0,0,0,0,0,0,0,0,0,0,0,0,0,0,,,0,0,0,0,0,0,0,0,0,0,0,0,,,,0,0,0,0,0,0,0,,0,0,0,0,,0,0,,0,0,0,0,0,0,0,0,0,0,0,0
00-0036724,M.McCain,Mac McCain III,CB,DB,"https://static.www.nfl.com/image/private/f_auto,q_auto/league/mn17vthfjxrekwuqnkim",2021,REG,PHI,1,0,0,0,0,0,0,0,0,0,0,0,0,,,0,,0,0,0,0,0,0,0,0,0,0,,0,0,0,0,0,0,0,0,0,0,0,0,0,0,,0,0,0,0,0,,0,0,0,0,0,1,2,0,0,0,0,0,0,0,0,0,0,0,0,0,0,0,0,0,0,0,0,0,0,0,0,0,0,0,0,0,0,0,0,0,,,0,0,0,0,0,0,0,0,0,0,0,0,,,,0,0,0,0,0,0,0,,0,0,0,0,,0,0,,0,0,0,0,0,0,0,0,0,0,0,0
00-0036725,A.Mintze,Andre Mintze,LB,LB,"https://static.www.nfl.com/image/private/f_auto,q_auto/league/rcpyysmpwavwdubk1kc3",2021,REG,DEN,3,0,0,0,0,0,0,0,0,0,0,0,0,,,0,,0,0,0,0,0,0,0,0,0,0,,0,0,0,0,0,0,0,0,0,0,0,0,0,0,,0,0,0,0,0,,0,0,0,0,1,1,2,0,0,0,0,0,0,0,0,0,0,0,0,0,0,0,0,0,0,0,0,0,0,0,0,0,0,0,0,0,0,0,0,0,,,0,0,0,0,0,0,0,0,0,0,0,0,,,,0,0,0,0,0,0,0,,0,0,0,0,,0,0,,0,0,0,0,0,0,0,0,0,0,0,0
00-0036727,A.Prentice,Adam Prentice,FB,RB,"https://static.www.nfl.com/image/upload/f_auto,q_auto/league/v7eu5mvg4n0cg3cbrjxn",2021,REG,NO,5,0,0,0,0,0,0,0,0,0,0,0,0,,,0,,0,0,0,0,3,5,0,0,0,2,-0.503234281670302,0,0,0,0,0,3,3,16,0,0,0,1,15,1,-0.195035251206718,0,1,0,0,0,16,0.00632911392405063,0.000267022696929239,0.00968058677392642,0,1,0,0,0,0,0,0,0,0,0,0,0,0,0,0,0,0,0,0,0,0,0,0,0,0,0,0,0,0,0,0,0,0,0,0,0,,,0,0,0,0,0,0,0,0,0,0,0,0,,,,0,0,0,0,0,0,0,,0,0,0,0,,0,0,,0,0,0,0,0,0,0,0,0,0,2.1,5.1
00-0036728,C.Robinson,Curtis Robinson,LB,LB,"https://static.www.nfl.com/image/upload/f_auto,q_auto/league/t0a61ugsjq7akmobnrh5",2021,REG,SF,3,0,0,0,0,0,0,0,0,0,0,0,0,,,0,,0,0,0,0,0,0,0,0,0,0,,0,0,0,0,0,0,0,0,0,0,0,0,0,0,,0,0,0,0,0,,0,0,0,0,3,0,3,0,0,0,0,0,1,0,0,0,0,0,0,0,0,0,0,0,0,0,0,0,0,0,0,0,0,0,0,0,0,0,0,0,,,0,0,0,0,0,0,0,0,0,0,0,0,,,,0,0,0,0,0,0,0,,0,0,0,0,,0,0,,0,0,0,0,0,0,0,0,0,0,0,0
00-0036734,P.Williams,Pooka Williams Jr.,RB,RB,"https://static.www.nfl.com/image/private/f_auto,q_auto/league/nj0idpmfmstmaszbctpn",2021,REG,CIN,1,0,0,0,0,0,0,0,0,0,0,0,0,,,0,,0,0,0,0,0,0,0,0,0,0,,0,0,0,0,0,0,0,0,0,0,0,0,0,0,,0,0,0,0,0,,0,0,0,0,0,0,0,0,0,0,0,0,0,0,0,0,0,0,0,0,0,0,0,0,0,0,0,0,0,0,0,0,0,0,3,52,0,0,0,0,,,0,0,0,0,0,0,0,0,0,0,0,0,,,,0,0,0,0,0,0,0,,0,0,0,0,,0,0,,0,0,0,0,0,0,0,0,0,0,0,0
00-0036741,J.Stoll,Jack Stoll,TE,TE,"https://static.www.nfl.com/image/upload/f_auto,q_auto/league/rtgfs8jwzhtmupqxqgmz",2021,REG,PHI,6,0,0,0,0,0,0,0,0,0,0,0,0,,,0,,0,0,0,0,0,0,0,0,0,0,,0,0,0,0,0,4,5,22,0,0,0,14,20,0,-0.511518268038838,0,0,0,0,0,1.57142857142857,0.0106837606837607,0.0033096926713948,0.0183424258956174,0,1,0,1,0,0,0,0,0,0,0,0,0,0,0,0,0,1,-2,0,0,0,1,9,0,0,0,0,0,0,0,0,0,0,0,0,0,,,0,0,0,0,0,0,0,0,0,0,0,0,,,,0,0,0,0,0,0,0,,0,0,0,0,,0,0,,0,0,0,0,0,0,0,0,0,0,2.2,6.2
00-0036748,J.Jacobs,Jerry Jacobs,CB,DB,"https://static.www.nfl.com/image/private/f_auto,q_auto/league/dlseignrp0sx5zj94h6y",2021,REG,DET,12,0,0,0,0,0,0,0,0,0,0,0,0,,,0,,0,0,0,0,0,0,0,0,0,0,,0,0,0,0,0,0,0,0,0,0,0,0,0,0,,0,0,0,0,0,,0,0,0,0,27,3,4,2,4,1,0,0,1,0,0,7,0,1,0,0,1,0,0,0,0,3,62,0,1,0,1,0,1,0,0,0,0,0,0,0,,,0,0,0,0,0,0,0,0,0,0,0,0,,,,0,0,0,0,0,0,0,,0,0,0,0,,0,0,,0,0,0,0,0,0,0,0,0,0,0,0
00-0036749,T.Kraemer,Tommy Kraemer,G,OL,"https://static.www.nfl.com/image/private/f_auto,q_auto/league/yhf7kgbglim6iwquqzic",2021,REG,DET,3,0,0,0,0,0,0,0,0,0,0,0,0,,,0,,0,0,0,0,0,0,0,0,0,0,,0,0,0,0,0,0,0,0,0,0,0,0,0,0,,0,0,0,0,0,,0,0,0,0,0,0,0,0,0,0,0,0,0,0,0,0,0,0,0,0,1,0,0,0,0,2,20,0,0,0,0,0,0,0,0,0,0,0,0,0,,,0,0,0,0,0,0,0,0,0,0,0,0,,,,0,0,0,0,0,0,0,,0,0,0,0,,0,0,,0,0,0,0,0,0,0,0,0,0,0,0
00-0036752,A.Parker,AJ Parker,CB,DB,"https://static.www.nfl.com/image/private/f_auto,q_auto/league/tsgua6lcqdb7nobidicc",2021,REG,DET,13,0,0,0,0,0,0,0,0,0,0,0,0,,,0,,0,0,0,0,0,0,0,0,0,0,,0,0,0,0,0,0,0,0,0,0,0,0,0,0,,0,0,0,0,0,,0,0,0,0,36,3,11,1,2,1,0,0,0,1,0,7,0,0,0,0,0,0,0,0,0,2,35,0,0,0,0,0,0,0,0,0,0,0,0,0,,,0,0,0,0,0,0,0,0,0,0,0,0,,,,0,0,0,0,0,0,0,,0,0,0,0,,0,0,,0,0,0,0,0,0,0,0,0,0,0,0
00-0036754,B.Wright,Brock Wright,TE,TE,"https://static.www.nfl.com/image/upload/f_auto,q_auto/league/bd8sqnzheg7zetlhvku5",2021,REG,DET,8,0,0,0,0,0,0,0,0,0,0,0,0,,,0,,0,0,0,0,0,0,0,0,0,0,,0,0,0,0,0,12,17,117,2,0,0,70,64,6,-0.772076907858718,0,5,2,2,0,1.67142857142857,0.0300884955752212,0.0185038329368226,0.0580854264186077,0,2,0,1,0,0,0,0,0,0,0,0,0,0,0,0,0,0,0,0,0,0,3,20,0,0,0,0,0,0,0,0,0,0,0,0,0,,,0,0,0,0,0,0,0,0,0,0,0,0,,,,0,0,0,0,0,0,0,,0,0,0,0,,0,0,,0,0,0,0,0,0,0,0,0,0,23.7,35.7
00-0036755,J.Patterson,Jaret Patterson,RB,RB,"https://static.www.nfl.com/image/upload/f_auto,q_auto/league/n1rttxv1rhvjagyjgxvk",2021,REG,WAS,15,0,0,0,0,0,0,0,0,0,0,0,0,,,0,,0,0,0,0,68,266,2,1,0,15,-4.76239720682497,0,6,3,0,0,10,11,73,0,0,0,-3,75,5,2.96812259593853,0,3,0,0,0,-24.3333333333333,0.0205992509363296,-0.000728155339805825,0.0303891676666303,0,0,0,0,0,0,0,0,0,0,0,0,0,0,0,0,0,0,0,0,0,0,1,10,1,0,0,1,0,0,0,0,0,0,0,0,0,,,0,0,0,0,0,0,0,0,0,0,0,0,,,,0,0,0,0,0,0,0,,0,0,0,0,,0,0,,0,0,0,0,0,0,0,0,0,0,45.9,55.9
00-0036764,T.Coyle,Tyler Coyle,SAF,DB,"https://static.www.nfl.com/image/upload/f_auto,q_auto/league/zfyeuweep6mlurihoygz",2021,REG,DAL,1,0,0,0,0,0,0,0,0,0,0,0,0,,,0,,0,0,0,0,0,0,0,0,0,0,,0,0,0,0,0,0,0,0,0,0,0,0,0,0,,0,0,0,0,0,,0,0,0,0,0,1,1,0,0,0,0,0,0,0,0,0,0,0,0,0,0,0,0,0,0,0,0,0,0,0,0,0,0,0,0,0,0,0,0,0,,,0,0,0,0,0,0,0,0,0,0,0,0,,,,0,0,0,0,0,0,0,,0,0,0,0,,0,0,,0,0,0,0,0,0,0,0,0,0,0,0
00-0036767,A.Faoliu,Austin Faoliu,DT,DL,"https://static.www.nfl.com/image/private/f_auto,q_auto/league/yiunfanktxfm6gowcldw",2021,REG,DAL,1,0,0,0,0,0,0,0,0,0,0,0,0,,,0,,0,0,0,0,0,0,0,0,0,0,,0,0,0,0,0,0,0,0,0,0,0,0,0,0,,0,0,0,0,0,,0,0,0,0,2,0,0,0,0,0,0,0,0,0,0,0,0,0,0,0,0,0,0,0,0,0,0,0,0,0,0,0,0,0,0,0,0,0,0,0,,,0,0,0,0,0,0,0,0,0,0,0,0,,,,0,0,0,0,0,0,0,,0,0,0,0,,0,0,,0,0,0,0,0,0,0,0,0,0,0,0
00-0036768,J.Hardy,JaQuan Hardy,RB,RB,"https://static.www.nfl.com/image/private/f_auto,q_auto/league/mgwe4bpzdc7wvox8razh",2021,REG,DAL,2,0,0,0,0,0,0,0,0,0,0,0,0,,,0,,0,0,0,0,4,29,1,0,0,1,2.63505562755745,0,1,1,1,0,0,0,0,0,0,0,0,0,0,,0,0,0,0,0,,0,0,0,0,0,0,0,0,0,0,0,0,0,0,0,0,0,0,0,0,0,0,0,0,0,1,10,0,0,0,0,0,0,0,1,15,0,0,0,0,,,0,0,0,0,0,0,0,0,0,0,0,0,,,,0,0,0,0,0,0,0,,0,0,0,0,,0,0,,0,0,0,0,0,0,0,0,0,0,8.9,8.9
00-0036774,N.Ralston,Nick Ralston,FB,RB,"https://static.www.nfl.com/image/private/f_auto,q_auto/league/dhnzollh5rueorwlmuyf",2021,REG,DAL,1,0,0,0,0,0,0,0,0,0,0,0,0,,,0,,0,0,0,0,0,0,0,0,0,0,,0,0,0,0,0,0,0,0,0,0,0,0,0,0,,0,0,0,0,0,,0,0,0,0,0,0,1,0,0,0,0,0,0,0,0,0,0,0,0,0,0,0,0,0,0,0,0,0,0,0,0,0,0,0,0,0,0,0,0,0,,,0,0,0,0,0,0,0,0,0,0,0,0,,,,0,0,0,0,0,0,0,,0,0,0,0,,0,0,,0,0,0,0,0,0,0,0,0,0,0,0
00-0036780,F.Merrill,Forrest Merrill,DT,DL,"https://static.www.nfl.com/image/private/f_auto,q_auto/league/ovgwpbknwsjcsz4cju55",2021,REG,LAC,4,0,0,0,0,0,0,0,0,0,0,0,0,,,0,,0,0,0,0,0,0,0,0,0,0,,0,0,0,0,0,0,0,0,0,0,0,0,0,0,,0,0,0,0,0,,0,0,0,0,2,0,2,0,0,0,0,0,0,0,0,0,0,0,0,0,0,0,0,0,0,2,10,0,0,0,0,0,0,0,0,0,0,0,0,0,,,0,0,0,0,0,0,0,0,0,0,0,0,,,,0,0,0,0,0,0,0,,0,0,0,0,,0,0,,0,0,0,0,0,0,0,0,0,0,0,0
00-0036783,R.McCollum,Ryan McCollum,C,OL,"https://static.www.nfl.com/image/upload/f_auto,q_auto/league/xcq2izkd1ulmlwgiefv3",2021,REG,DET,1,0,0,0,0,0,0,0,0,0,0,0,0,,,0,,0,0,0,0,0,0,0,0,0,0,,0,0,0,0,0,0,0,0,0,0,0,0,0,0,,0,0,0,0,0,,0,0,0,0,0,0,0,0,0,0,0,0,0,0,0,0,0,0,0,0,0,0,0,0,0,1,9,0,0,0,0,0,0,0,0,0,0,0,0,0,,,0,0,0,0,0,0,0,0,0,0,0,0,,,,0,0,0,0,0,0,0,,0,0,0,0,,0,0,,0,0,0,0,0,0,0,0,0,0,0,0
00-0036788,J.Heflin,Jack Heflin,DT,DL,"https://static.www.nfl.com/image/upload/f_auto,q_auto/league/fpbxakmvdtvwmxmu6rl4",2021,REG,GB,1,0,0,0,0,0,0,0,0,0,0,0,0,,,0,,0,0,0,0,0,0,0,0,0,0,,0,0,0,0,0,0,0,0,0,0,0,0,0,0,,0,0,0,0,0,,0,0,0,0,0,0,1,0,0,0,0,0,0,0,0,0,0,0,0,0,0,0,0,0,0,0,0,0,0,0,0,0,0,0,0,0,0,0,0,0,,,0,0,0,0,0,0,0,0,0,0,0,0,,,,0,0,0,0,0,0,0,,0,0,0,0,,0,0,,0,0,0,0,0,0,0,0,0,0,0,0
00-0036795,J.Curhan,Jake Curhan,OT,OL,"https://static.www.nfl.com/image/upload/f_auto,q_auto/league/sfcyxgyi8qkzafuqwbnl",2021,REG,SEA,2,0,0,0,0,0,0,0,0,0,0,0,0,,,0,,0,0,0,0,0,0,0,0,0,0,,0,0,0,0,0,0,0,0,0,0,0,0,0,0,,0,0,0,0,0,,0,0,0,0,2,0,0,0,0,0,0,0,0,0,0,0,0,0,0,0,0,0,0,0,0,0,0,0,0,0,0,0,0,0,0,0,0,0,0,0,,,0,0,0,0,0,0,0,0,0,0,0,0,,,,0,0,0,0,0,0,0,,0,0,0,0,,0,0,,0,0,0,0,0,0,0,0,0,0,0,0
00-0036799,J.Johnson,Josh Johnson,RB,RB,"https://static.www.nfl.com/image/private/f_auto,q_auto/league/y0ewkkqqt9ufs3q49yuo",2021,REG,SEA,1,0,0,0,0,0,0,0,0,0,0,0,0,,,0,,0,0,0,0,0,0,0,0,0,0,,0,0,0,0,0,0,0,0,0,0,0,0,0,0,,0,0,0,0,0,,0,0,0,0,1,0,0,0,0,0,0,0,0,0,0,0,0,0,0,0,0,0,0,0,0,1,10,0,0,0,0,0,0,0,0,0,0,0,0,0,,,0,0,0,0,0,0,0,0,0,0,0,0,,,,0,0,0,0,0,0,0,,0,0,0,0,,0,0,,0,0,0,0,0,0,0,0,0,0,0,0
00-0036802,J.Rhattigan,Jon Rhattigan,LB,LB,"https://static.www.nfl.com/image/upload/f_auto,q_auto/league/im8y1u3b8ptowjxz56en",2021,REG,SEA,9,0,0,0,0,0,0,0,0,0,0,0,0,,,0,,0,0,0,0,0,0,0,0,0,0,,0,0,0,0,0,0,0,0,0,0,0,0,0,0,,0,0,0,0,0,,0,0,0,0,8,2,0,0,0,0,0,0,0,0,0,0,0,0,0,0,0,0,1,0,0,1,10,0,0,0,0,0,0,0,0,0,0,0,0,0,,,0,0,0,0,0,0,0,0,0,0,0,0,,,,0,0,0,0,0,0,0,,0,0,0,0,,0,0,,0,0,0,0,0,0,0,0,0,0,0,0
00-0036813,C.Elliss,Christian Elliss,LB,LB,"https://static.www.nfl.com/image/upload/f_auto,q_auto/league/g78euyfj7wtinnylus04",2021,REG,PHI,1,0,0,0,0,0,0,0,0,0,0,0,0,,,0,,0,0,0,0,0,0,0,0,0,0,,0,0,0,0,0,0,0,0,0,0,0,0,0,0,,0,0,0,0,0,,0,0,0,0,2,0,1,0,0,0,0,0,0,0,0,0,0,0,0,0,0,0,0,0,0,0,0,0,0,0,0,0,0,0,0,0,0,0,0,0,,,0,0,0,0,0,0,0,0,0,0,0,0,,,,0,0,0,0,0,0,0,,0,0,0,0,,0,0,,0,0,0,0,0,0,0,0,0,0,0,0
00-0036816,R.Patterson,Riley Patterson,K,SPEC,"https://static.www.nfl.com/image/upload/f_auto,q_auto/league/gzvyb1u3dueikfy3otlq",2021,REG,DET,7,0,0,0,0,0,0,0,0,0,0,0,0,,,0,,0,0,0,0,0,0,0,0,0,0,,0,0,0,0,0,0,0,0,0,0,0,0,0,0,,0,0,0,0,0,,0,0,0,0,1,0,0,0,0,0,0,0,0,0,0,0,0,0,0,0,0,0,0,0,0,0,0,0,0,0,0,0,0,0,0,0,13,14,1,0,49,0.928571428571429,0,3,6,4,0,0,0,0,0,0,1,0,31;41;49;36;37;47;45;26;37;26;34;36;27,55,,472,55,0,16,16,0,0,1,0,0,0,0,,0,0,,0,0,0,0,0,0,0,0,0,0,0,0
00-0036824,D.Etheridge,Dorian Etheridge,ILB,LB,"https://static.www.nfl.com/image/private/f_auto,q_auto/league/hpubzye4nl3iv3lmlzcy",2021,REG,ATL,1,0,0,0,0,0,0,0,0,0,0,0,0,,,0,,0,0,0,0,0,0,0,0,0,0,,0,0,0,0,0,0,0,0,0,0,0,0,0,0,,0,0,0,0,0,,0,0,0,0,0,0,1,0,0,0,0,0,0,0,0,0,0,0,0,0,0,0,0,0,0,0,0,0,0,0,0,0,0,0,0,0,0,0,0,0,,,0,0,0,0,0,0,0,0,0,0,0,0,,,,0,0,0,0,0,0,0,,0,0,0,0,,0,0,,0,0,0,0,0,0,0,0,0,0,0,0
00-0036825,F.Franks,Feleipe Franks,TE,TE,"https://static.www.nfl.com/image/upload/f_auto,q_auto/league/v5zscuctkdetzfstqouf",2021,REG,ATL,4,0,1,0,0,1,0,0,0,0,2,0,0,-3.84049341495847,-83.2534968852997,0,0,0,0,0,0,3,6,0,0,0,0,-1.56269827415235,0,0,0,0,0,0,0,0,0,0,0,0,0,0,,0,0,0,0,0,,0,0,0,0,0,0,0,0,0,0,0,0,0,0,0,0,0,0,0,0,0,0,0,0,0,1,10,0,0,0,0,0,0,0,0,0,0,0,0,0,,,0,0,0,0,0,0,0,0,0,0,0,0,,,,0,0,0,0,0,0,0,,0,0,0,0,,0,0,,0,0,0,0,0,0,0,0,0,0,-1.4,-1.4
00-0036842,K.Nwangwu,Kene Nwangwu,RB,RB,"https://static.www.nfl.com/image/upload/f_auto,q_auto/league/rlnqgz517fsohrndgjrb",2021,REG,MIN,9,0,0,0,0,0,0,0,0,0,0,0,0,,,0,,0,0,0,0,13,61,0,0,0,3,-0.644478876158129,0,2,1,0,0,4,5,9,0,0,0,-6,19,0,-2.96122648997698,0,0,0,0,0,-1.5,0.00865051903114187,-0.00123915737298637,0.0121083683856223,2,0,0,0,0,0,0,0,0,0,0,0,0,0,0,0,0,0,0,0,0,0,0,0,0,0,0,0,0,0,0,18,579,0,0,0,0,,,0,0,0,0,0,0,0,0,0,0,0,0,,,,0,0,0,0,0,0,0,,0,0,0,0,,0,0,,0,0,0,0,0,0,0,0,0,0,19,23
00-0036843,I.Loudermilk,Isaiahh Loudermilk,DE,DL,"https://static.www.nfl.com/image/upload/f_auto,q_auto/league/ezdwpy005v0doz6sobcp",2021,REG,PIT,13,0,0,0,0,0,0,0,0,0,0,0,0,,,0,,0,0,0,0,0,0,0,0,0,0,,0,0,0,0,0,0,0,0,0,0,0,0,0,0,,0,0,0,0,0,,0,0,0,0,12,4,7,0,0,0,1,0,0,0,0,3,0,0,0,0,0,0,0,0,0,0,0,0,0,0,0,0,0,0,0,0,0,0,0,0,,,0,0,0,0,0,0,0,0,0,0,0,0,,,,0,0,0,0,0,0,0,,0,0,0,0,,0,0,,0,0,0,0,0,0,0,0,0,0,0,0
00-0036844,G.Wallow,Garret Wallow,LB,LB,"https://static.www.nfl.com/image/upload/f_auto,q_auto/league/jf7xnestp0wmq0lbezxs",2021,REG,HOU,7,0,0,0,0,0,0,0,0,0,0,0,0,,,0,,0,0,0,0,0,0,0,0,0,0,,0,0,0,0,0,0,0,0,0,0,0,0,0,0,,0,0,0,0,0,,0,0,0,0,12,3,8,2,4,0,1,1,1,0,0,0,0,0,0,0,0,0,0,0,0,1,5,0,0,0,0,0,0,0,0,0,0,0,0,0,,,0,0,0,0,0,0,0,0,0,0,0,0,,,,0,0,0,0,0,0,0,,0,0,0,0,,0,0,,0,0,0,0,0,0,0,0,0,0,0,0
00-0036845,Q.Roche,Quincy Roche,LB,LB,"https://static.www.nfl.com/image/private/f_auto,q_auto/league/u4t89yjzxq2kk8fnm0pa",2021,REG,NYG,12,0,0,0,0,0,0,0,0,0,0,0,0,,,0,,0,0,0,0,0,0,0,0,0,0,,0,0,0,0,0,0,0,0,0,0,0,0,0,0,,0,0,0,0,0,,0,0,0,0,15,8,15,5,12,1,2.5,22,5,0,0,0,0,0,0,0,0,0,0,0,0,0,0,0,0,0,0,0,0,0,0,0,0,0,0,0,,,0,0,0,0,0,0,0,0,0,0,0,0,,,,0,0,0,0,0,0,0,,0,0,0,0,,0,0,,0,0,0,0,0,0,0,0,0,0,0,0
00-0036846,T.Norwood,Tre Norwood,CB,DB,"https://static.www.nfl.com/image/private/f_auto,q_auto/league/lwvtn8weuxsdabsm5hlf",2021,REG,PIT,16,0,0,0,0,0,0,0,0,0,0,0,0,,,0,,0,0,0,0,0,0,0,0,0,0,,0,0,0,0,0,0,0,0,0,0,0,0,0,0,,0,0,0,0,0,,0,0,0,0,26,6,6,1,4,0,0,0,0,1,0,4,0,0,0,0,0,0,0,0,0,1,15,0,0,0,0,0,0,0,0,0,0,0,0,0,,,0,0,0,0,0,0,0,0,0,0,0,0,,,,0,0,0,0,0,0,0,,0,0,0,0,,0,0,,0,0,0,0,0,0,0,0,0,0,0,0
00-0036847,P.Harvin,Pressley Harvin III,P,SPEC,"https://static.www.nfl.com/image/private/f_auto,q_auto/league/hwshwvpedy2bdkznmi6d",2021,REG,PIT,15,0,0,0,0,0,0,0,0,0,0,0,0,,,0,,0,0,0,0,0,0,0,0,0,0,,0,0,0,0,0,0,0,0,0,0,0,0,0,0,,0,0,0,0,0,,0,0,0,0,1,0,0,0,0,0,0,0,0,0,0,0,0,0,0,0,0,0,0,0,0,0,0,0,0,0,0,0,0,0,0,0,0,0,0,0,,,0,0,0,0,0,0,0,0,0,0,0,0,,,,0,0,0,0,0,0,0,,0,0,0,0,,70,0,64,2982,25,15,6,3,19,27,261,0,2661,0,0
00-0036849,T.Atwell,Tutu Atwell,WR,WR,"https://static.www.nfl.com/image/upload/f_auto,q_auto/league/twlslcaa7c2wblveaafu",2021,REG,LA,6,0,0,0,0,0,0,0,0,0,0,0,0,,,0,,0,0,0,0,0,0,0,0,0,0,,0,0,0,0,0,0,0,0,0,0,0,0,0,0,,0,0,0,0,0,,0,0,0,0,0,0,0,0,0,0,0,0,0,0,0,0,0,0,0,0,0,0,0,0,0,0,0,0,1,1,1,0,10,54,5,87,0,0,0,0,,,0,0,0,0,0,0,0,0,0,0,0,0,,,,0,0,0,0,0,0,0,,0,0,0,0,,0,0,,0,0,0,0,0,0,0,0,0,0,0,0
00-0036850,C.Sample,Cameron Sample,DE,DL,"https://static.www.nfl.com/image/private/f_auto,q_auto/league/kvkvhvbvcebjkevxjdhd",2021,REG,CIN,9,0,0,0,0,0,0,0,0,0,0,0,0,,,0,,0,0,0,0,0,0,0,0,0,0,,0,0,0,0,0,0,0,0,0,0,0,0,0,0,,0,0,0,0,0,,0,0,0,0,5,4,5,1,5,0,1.5,11,5,0,0,0,0,0,0,0,0,0,0,0,0,1,15,0,0,0,0,0,0,0,0,0,0,0,0,0,,,0,0,0,0,0,0,0,0,0,0,0,0,,,,0,0,0,0,0,0,0,,0,0,0,0,,0,0,,0,0,0,0,0,0,0,0,0,0,0,0
00-0036851,T.Shelvin,Tyler Shelvin,DT,DL,"https://static.www.nfl.com/image/private/f_auto,q_auto/league/bjwzgh4z3kiogmdk7sb3",2021,REG,CIN,1,0,0,0,0,0,0,0,0,0,0,0,0,,,0,,0,0,0,0,0,0,0,0,0,0,,0,0,0,0,0,0,0,0,0,0,0,0,0,0,,0,0,0,0,0,,0,0,0,0,1,0,3,0,0,0,0,0,0,0,0,0,0,0,0,0,0,0,0,0,0,0,0,0,0,0,0,0,0,0,0,0,0,0,0,0,,,0,0,0,0,0,0,0,0,0,0,0,0,,,,0,0,0,0,0,0,0,,0,0,0,0,,0,0,,0,0,0,0,0,0,0,0,0,0,0,0
00-0036853,T.Gillespie,Tyree Gillespie,SAF,DB,"https://static.www.nfl.com/image/private/f_auto,q_auto/league/qlzgpagydfo4lqzgtazz",2021,REG,LV,6,0,0,0,0,0,0,0,0,0,0,0,0,,,0,,0,0,0,0,0,0,0,0,0,0,,0,0,0,0,0,0,0,0,0,0,0,0,0,0,,0,0,0,0,0,,0,0,0,0,1,0,7,0,0,0,0,0,0,0,0,0,0,0,0,0,0,0,0,0,0,0,0,0,0,0,0,0,0,0,0,0,0,0,0,0,,,0,0,0,0,0,0,0,0,0,0,0,0,,,,0,0,0,0,0,0,0,,0,0,0,0,,0,0,,0,0,0,0,0,0,0,0,0,0,0,0
00-0036854,E.McPherson,Evan McPherson,K,SPEC,"https://static.www.nfl.com/image/upload/f_auto,q_auto/league/cpvujaqwscupzvbbx7oe",2021,REG,CIN,16,0,0,0,0,0,0,0,0,0,0,0,0,,,0,,0,0,0,0,0,0,0,0,0,0,,0,0,0,0,0,0,0,0,0,0,0,0,0,0,,0,0,0,0,0,,0,0,0,0,0,0,0,0,0,0,0,0,0,0,0,0,0,0,0,0,0,0,0,0,0,0,0,0,0,0,0,0,0,0,0,0,28,33,5,0,58,0.848484848484848,0,5,8,6,9,0,0,0,0,3,2,0,53;33;53;43;35;38;40;52;30;21;27;54;53;51;47;31;51;48;37;28;41;53;58;26;30;36;46;20,43;57;49;46;50,,1135,245,0,46,48,2,0,0.958333333333333,3,3,0,0,33;35;20,0,0,,0,0,0,0,0,0,0,0,0,0,0,0
00-0036856,T.Hill,Trey Hill,C,OL,"https://static.www.nfl.com/image/upload/f_auto,q_auto/league/ngdiunmyoawxtwz3tu7a",2021,REG,CIN,4,0,0,0,0,0,0,0,0,0,0,0,0,,,0,,0,0,0,0,0,0,0,0,0,0,,0,0,0,0,0,0,0,0,0,0,0,0,0,0,,0,0,0,0,0,,0,0,0,0,0,0,0,0,0,0,0,0,0,0,0,0,0,0,0,0,0,-6,0,0,0,5,36,0,1,0,1,0,0,0,0,0,0,0,0,0,,,0,0,0,0,0,0,0,0,0,0,0,0,,,,0,0,0,0,0,0,0,,0,0,0,0,,0,0,,0,0,0,0,0,0,0,0,0,0,0,0
00-0036857,C.Evans,Chris Evans,RB,RB,"https://static.www.nfl.com/image/upload/f_auto,q_auto/league/r7f5vinm6aqdzxtjf4yx",2021,REG,CIN,9,0,0,0,0,0,0,0,0,0,0,0,0,,,0,,0,0,0,0,17,77,0,0,0,3,0.68341325718211,0,3,2,0,0,15,17,151,2,0,0,50,113,6,12.0325865847273,0,8,1,1,0,3.02,0.0314814814814815,0.0113713895838071,0.0551821949308872,0,4,0,0,0,0,0,0,0,0,0,0,0,0,0,0,0,0,0,0,0,0,0,0,0,0,0,0,0,0,0,2,58,0,0,0,0,,,0,0,0,0,0,0,0,0,0,0,0,0,,,,0,0,0,0,0,0,0,,0,0,0,0,,0,0,,0,0,0,0,0,0,0,0,0,0,34.8,49.8
00-0036858,J.Camp,Jalen Camp,WR,WR,"https://static.www.nfl.com/image/private/f_auto,q_auto/league/uwnxm7am5nrzn5ocvpux",2021,REG,HOU,1,0,0,0,0,0,0,0,0,0,0,0,0,,,0,,0,0,0,0,0,0,0,0,0,0,,0,0,0,0,0,0,0,0,0,0,0,0,0,0,,0,0,0,0,0,,0,0,0,0,0,0,0,0,0,0,0,0,0,0,0,0,0,0,0,0,0,0,0,0,0,1,3,0,0,0,0,0,0,0,0,0,0,0,0,0,,,0,0,0,0,0,0,0,0,0,0,0,0,,,,0,0,0,0,0,0,0,,0,0,0,0,,0,0,,0,0,0,0,0,0,0,0,0,0,0,0
00-0036859,J.Morrissey,Jimmy Morrissey,C,OL,"https://static.www.nfl.com/image/upload/f_auto,q_auto/league/d1cei9wk9zuoz5gkvuqd",2021,REG,HOU,1,0,0,0,0,0,0,0,0,0,0,0,0,,,0,,0,0,0,0,0,0,0,0,0,0,,0,0,0,0,0,0,0,0,0,0,0,0,0,0,,0,0,0,0,0,,0,0,0,0,0,0,0,0,0,0,0,0,0,0,0,0,0,0,0,0,0,0,0,0,0,2,20,0,0,0,0,0,0,0,0,0,0,0,0,0,,,0,0,0,0,0,0,0,0,0,0,0,0,,,,0,0,0,0,0,0,0,,0,0,0,0,,0,0,,0,0,0,0,0,0,0,0,0,0,0,0
00-0036860,J.Funk,Jake Funk,RB,RB,"https://static.www.nfl.com/image/upload/f_auto,q_auto/league/xkegujg1754uei9oomoz",2021,REG,LA,5,0,0,0,0,0,0,0,0,0,0,0,0,,,0,,0,0,0,0,2,5,0,0,0,0,-1.03235841321293,0,0,0,0,0,0,0,0,0,0,0,0,0,0,,0,0,0,0,0,,0,0,0,0,1,0,1,0,0,0,0,0,0,0,0,0,0,0,0,0,0,0,0,0,0,0,0,0,0,0,0,0,0,0,4,88,0,0,0,0,,,0,0,0,0,0,0,0,0,0,0,0,0,,,,0,0,0,0,0,0,0,,0,0,0,0,,0,0,,0,0,0,0,0,0,0,0,0,0,0.5,0.5
00-0036862,B.Skowronek,Ben Skowronek,WR,WR,"https://static.www.nfl.com/image/upload/f_auto,q_auto/league/drojmh3dbpuagobvilzv",2021,REG,LA,12,0,0,0,0,0,0,0,0,0,0,0,0,,,0,,0,0,0,0,0,0,0,0,0,0,,0,0,0,0,0,11,20,133,0,0,0,210,53,7,1.40855996189614,0,6,2,2,0,0.633333333333333,0.0332225913621263,0.0409037787300351,0.0784665321542139,0,6,0,2,0,0,0,0,0,0,0,0,0,0,0,0,0,0,0,0,0,0,3,35,0,0,0,0,0,0,0,4,70,0,0,0,0,,,0,0,0,0,0,0,0,0,0,0,0,0,,,,0,0,0,0,0,0,0,,0,0,0,0,,0,0,,0,0,0,0,0,0,0,0,0,0,13.3,24.3
00-0036865,J.Carman,Jackson Carman,G,OL,"https://static.www.nfl.com/image/upload/f_auto,q_auto/league/jiqm430wyjuosgwzsoez",2021,REG,CIN,4,0,0,0,0,0,0,0,0,0,0,0,0,,,0,,0,0,0,0,0,0,0,0,0,0,,0,0,0,0,0,0,0,0,0,0,0,0,0,0,,0,0,0,0,0,,0,0,0,0,0,0,0,0,0,0,0,0,0,0,0,0,0,0,0,0,0,0,0,0,0,4,20,0,0,0,0,0,0,0,0,0,0,0,0,0,,,0,0,0,0,0,0,0,0,0,0,0,0,,,,0,0,0,0,0,0,0,,0,0,0,0,,0,0,,0,0,0,0,0,0,0,0,0,0,0,0
00-0036866,J.Hudson,James Hudson,OT,OL,"https://static.www.nfl.com/image/upload/f_auto,q_auto/league/awncy5wgubdzptt9ici9",2021,REG,CLE,3,0,0,0,0,0,0,0,0,0,0,0,0,,,0,,0,0,0,0,0,0,0,0,0,0,,0,0,0,0,0,0,0,0,0,0,0,0,0,0,,0,0,0,0,0,,0,0,0,0,0,0,0,0,0,0,0,0,0,0,0,0,0,0,0,0,0,0,0,0,0,3,15,0,0,0,0,0,0,0,0,0,0,0,0,0,,,0,0,0,0,0,0,0,0,0,0,0,0,,,,0,0,0,0,0,0,0,,0,0,0,0,,0,0,,0,0,0,0,0,0,0,0,0,0,0,0
00-0036867,C.Rumph,Chris Rumph II,LB,LB,"https://static.www.nfl.com/image/upload/f_auto,q_auto/league/ayrvlbmyxlvek7afcioc",2021,REG,LAC,8,0,0,0,0,0,0,0,0,0,0,0,0,,,0,,0,0,0,0,0,0,0,0,0,0,,0,0,0,0,0,0,0,0,0,0,0,0,0,0,,0,0,0,0,0,,0,0,0,0,6,2,11,1,5,0,1,5,3,0,0,0,0,0,0,0,0,0,0,0,0,2,30,0,0,0,0,0,0,0,0,0,0,0,0,0,,,0,0,0,0,0,0,0,0,0,0,0,0,,,,0,0,0,0,0,0,0,,0,0,0,0,,0,0,,0,0,0,0,0,0,0,0,0,0,0,0
00-0036868,J.Smith,Jordan Smith,DE,DL,"https://static.www.nfl.com/image/private/f_auto,q_auto/league/ukzjaxjpjmi9gwo10bie",2021,REG,JAX,1,0,0,0,0,0,0,0,0,0,0,0,0,,,0,,0,0,0,0,0,0,0,0,0,0,,0,0,0,0,0,0,0,0,0,0,0,0,0,0,,0,0,0,0,0,,0,0,0,0,1,0,0,0,0,0,0,0,0,0,0,0,0,0,0,0,0,0,0,0,0,0,0,0,0,0,0,0,0,0,0,0,0,0,0,0,,,0,0,0,0,0,0,0,0,0,0,0,0,,,,0,0,0,0,0,0,0,,0,0,0,0,,0,0,,0,0,0,0,0,0,0,0,0,0,0,0
00-0036869,D.Moore,Dan Moore Jr.,OT,OL,"https://static.www.nfl.com/image/upload/f_auto,q_auto/league/boxltktohmx9eqfrjr9c",2021,REG,PIT,4,0,0,0,0,0,0,0,0,0,0,0,0,,,0,,0,0,0,0,0,0,0,0,0,0,,0,0,0,0,0,0,0,0,0,0,0,0,0,0,,0,0,0,0,0,,0,0,0,0,0,0,0,0,0,0,0,0,0,0,0,0,0,0,0,0,0,0,0,0,0,4,30,0,0,0,0,0,0,0,0,0,0,0,0,0,,,0,0,0,0,0,0,0,0,0,0,0,0,,,,0,0,0,0,0,0,0,,0,0,0,0,,0,0,,0,0,0,0,0,0,0,0,0,0,0,0
00-0036870,B.Johnson,Buddy Johnson,LB,LB,"https://static.www.nfl.com/image/upload/f_auto,q_auto/league/aa4htfuz4uxcprkmmvii",2021,REG,PIT,2,0,0,0,0,0,0,0,0,0,0,0,0,,,0,,0,0,0,0,0,0,0,0,0,0,,0,0,0,0,0,0,0,0,0,0,0,0,0,0,,0,0,0,0,0,,0,0,0,0,2,0,0,0,0,0,0,0,0,0,0,0,0,0,0,0,0,0,0,0,0,0,0,0,0,0,0,0,0,0,0,0,0,0,0,0,,,0,0,0,0,0,0,0,0,0,0,0,0,,,,0,0,0,0,0,0,0,,0,0,0,0,,0,0,,0,0,0,0,0,0,0,0,0,0,0,0
00-0036871,N.Hobbs,Nate Hobbs,CB,DB,"https://static.www.nfl.com/image/upload/f_auto,q_auto/league/tqngf0urgkjrrqtx0kzl",2021,REG,LV,15,0,0,0,0,0,0,0,0,0,0,0,0,,,0,,0,0,0,0,0,0,0,0,0,0,,0,0,0,0,0,0,0,0,0,0,0,0,0,0,,0,0,0,0,0,,0,0,0,0,48,3,23,3,10,1,1,6,4,1,9,3,0,0,0,0,0,0,0,0,0,4,48,0,0,0,0,0,0,0,0,0,0,0,0,0,,,0,0,0,0,0,0,0,0,0,0,0,0,,,,0,0,0,0,0,0,0,,0,0,0,0,,0,0,,0,0,0,0,0,0,0,0,0,0,0,0
00-0036874,P.Surtain,Pat Surtain II,CB,DB,"https://static.www.nfl.com/image/upload/f_auto,q_auto/league/soec8zk3n5jvxvywq1gm",2021,REG,DEN,15,0,0,0,0,0,0,0,0,0,0,0,0,,,0,,0,0,0,0,0,0,0,0,0,0,,0,0,0,0,0,0,0,0,0,0,0,0,0,0,,0,0,0,0,0,,0,0,0,0,45,0,13,1,2,0,0,0,0,4,70,14,1,0,0,0,0,0,0,0,0,2,41,0,0,0,0,0,0,0,0,0,0,0,0,0,,,0,0,0,0,0,0,0,0,0,0,0,0,,,,0,0,0,0,0,0,0,,0,0,0,0,,0,0,,0,0,0,0,0,0,0,0,0,0,0,0
00-0036875,R.Stevenson,Rhamondre Stevenson,RB,RB,"https://static.www.nfl.com/image/upload/f_auto,q_auto/league/ed09migntlyy8ntgvcu1",2021,REG,NE,12,0,0,0,0,0,0,0,0,0,0,0,0,,,0,,0,0,0,0,133,606,5,1,0,33,2.23256308192699,0,20,13,1,0,14,18,123,0,1,1,-5,145,3,-3.03740213514539,0,3,2,2,1,-24.6,0.0343511450381679,-0.0011660447761194,0.0507104862139683,0,0,0,0,0,0,0,0,0,0,0,0,0,0,0,0,0,0,0,0,0,0,0,0,2,0,0,2,1,0,0,0,0,0,0,0,0,,,0,0,0,0,0,0,0,0,0,0,0,0,,,,0,0,0,0,0,0,0,,0,0,0,0,,0,0,,0,0,0,0,0,0,0,0,0,0,100.9,114.9
00-0036876,K.Granson,Kylen Granson,TE,TE,"https://static.www.nfl.com/image/upload/f_auto,q_auto/league/ysbxmdw4da30q3kjb571",2021,REG,IND,10,0,0,0,0,0,0,0,0,0,0,0,0,,,0,,0,0,0,0,0,0,0,0,0,0,,0,0,0,0,0,11,15,106,0,0,0,59,76,4,4.28321402050258,0,4,1,1,0,1.79661016949153,0.0298804780876494,0.01475,0.0551457171314741,0,0,0,0,0,0,0,0,0,0,0,0,0,0,0,0,0,0,0,0,0,0,0,0,0,0,0,0,0,0,0,0,0,0,0,0,0,,,0,0,0,0,0,0,0,0,0,0,0,0,,,,0,0,0,0,0,0,0,,0,0,0,0,,0,0,,0,0,0,0,0,0,0,0,0,0,10.6,21.6
00-0036877,J.Darden,Jaelon Darden,WR,WR,"https://static.www.nfl.com/image/upload/f_auto,q_auto/league/po3sqw0b1qwonkg80lrf",2021,REG,TB,9,0,0,0,0,0,0,0,0,0,0,0,0,,,0,,0,0,0,0,1,11,0,0,0,1,0.661719581112266,0,1,0,0,0,6,12,43,0,0,0,156,24,1,-9.37790116628708,0,1,1,1,0,0.275641025641026,0.0167597765363129,0.0264675941635562,0.0436669807189586,0,0,0,0,0,0,0,0,0,0,0,0,0,0,0,0,0,0,0,0,0,0,0,0,0,0,0,0,0,19,142,18,359,0,0,0,0,,,0,0,0,0,0,0,0,0,0,0,0,0,,,,0,0,0,0,0,0,0,,0,0,0,0,,0,0,,0,0,0,0,0,0,0,0,0,0,5.4,11.4
00-0036879,S.Ehlinger,Sam Ehlinger,QB,QB,"https://static.www.nfl.com/image/upload/f_auto,q_auto/league/ntaqj7ts4bvck59gqecf",2021,REG,IND,3,0,0,0,0,0,0,0,0,0,0,0,0,,,0,,0,0,0,0,3,9,0,0,0,1,0.0419185117643792,0,0,0,0,0,0,0,0,0,0,0,0,0,0,,0,0,0,0,0,,0,0,0,0,0,0,0,0,0,0,0,0,0,0,0,0,0,0,0,0,0,0,0,0,0,0,0,0,0,0,0,0,0,0,0,0,0,0,0,0,,,0,0,0,0,0,0,0,0,0,0,0,0,,,,0,0,0,0,0,0,0,,0,0,0,0,,0,0,,0,0,0,0,0,0,0,0,0,0,0.9,0.9
00-0036880,P.Sewell,Penei Sewell,OT,OL,"https://static.www.nfl.com/image/upload/f_auto,q_auto/league/bfdl9aba5nufevjfckeb",2021,REG,DET,7,0,0,0,0,0,0,0,0,0,0,0,0,,,0,,0,0,0,0,0,0,0,0,0,0,,0,0,0,0,0,0,0,0,0,0,0,0,0,0,,0,0,0,0,0,,0,0,0,0,0,0,0,0,0,0,0,0,0,0,0,0,0,0,0,0,0,0,0,0,0,8,51,0,0,0,0,0,0,0,0,0,0,0,0,0,,,0,0,0,0,0,0,0,0,0,0,0,0,,,,0,0,0,0,0,0,0,,0,0,0,0,,0,0,,0,0,0,0,0,0,0,0,0,0,0,0
00-0036881,J.Tufele,Jay Tufele,DT,DL,"https://static.www.nfl.com/image/upload/f_auto,q_auto/league/w0b0txntjiv6diob9u5k",2021,REG,JAX,2,0,0,0,0,0,0,0,0,0,0,0,0,,,0,,0,0,0,0,0,0,0,0,0,0,,0,0,0,0,0,0,0,0,0,0,0,0,0,0,,0,0,0,0,0,,0,0,0,0,1,0,1,0,0,0,0,0,0,0,0,0,0,0,0,0,0,0,0,0,0,0,0,0,0,0,0,0,0,0,0,0,0,0,0,0,,,0,0,0,0,0,0,0,0,0,0,0,0,,,,0,0,0,0,0,0,0,,0,0,0,0,,0,0,,0,0,0,0,0,0,0,0,0,0,0,0
00-0036882,J.Cox,Jabril Cox,LB,LB,"https://static.www.nfl.com/image/private/f_auto,q_auto/league/ige3g4uhygy4v2w34xja",2021,REG,DAL,3,0,0,0,0,0,0,0,0,0,0,0,0,,,0,,0,0,0,0,0,0,0,0,0,0,,0,0,0,0,0,0,0,0,0,0,0,0,0,0,,0,0,0,0,0,,0,0,0,0,1,1,0,0,0,0,0,0,0,0,0,0,0,0,0,0,0,0,0,0,0,1,10,0,0,0,0,0,0,0,0,0,0,0,0,0,,,0,0,0,0,0,0,0,0,0,0,0,0,,,,0,0,0,0,0,0,0,,0,0,0,0,,0,0,,0,0,0,0,0,0,0,0,0,0,0,0
00-0036883,T.Togiai,Tommy Togiai,DT,DL,"https://static.www.nfl.com/image/upload/f_auto,q_auto/league/vq1st1d5nifz8aze1aix",2021,REG,CLE,6,0,0,0,0,0,0,0,0,0,0,0,0,,,0,,0,0,0,0,0,0,0,0,0,0,,0,0,0,0,0,0,0,0,0,0,0,0,0,0,,0,0,0,0,0,,0,0,0,0,7,2,7,0,0,0,0.5,0,1,0,0,1,0,0,0,0,0,0,0,0,0,1,5,0,0,0,0,0,0,0,0,0,0,0,0,0,,,0,0,0,0,0,0,0,0,0,0,0,0,,,,0,0,0,0,0,0,0,,0,0,0,0,,0,0,,0,0,0,0,0,0,0,0,0,0,0,0
00-0036884,M.Wilson,Marco Wilson,CB,DB,"https://static.www.nfl.com/image/upload/f_auto,q_auto/league/mcmzfcisg5pkfulsp0tr",2021,REG,ARI,14,0,0,0,0,0,0,0,0,0,0,0,0,,,0,,0,0,0,0,0,0,0,0,0,0,,0,0,0,0,0,0,0,0,0,0,0,0,0,0,,0,0,0,0,0,,0,0,0,0,36,4,8,1,1,2,0,0,0,0,0,4,0,0,0,0,0,0,0,0,0,6,79,0,0,0,0,0,0,0,0,0,0,0,0,0,,,0,0,0,0,0,0,0,0,0,0,0,0,,,,0,0,0,0,0,0,0,,0,0,0,0,,0,0,,0,0,0,0,0,0,0,0,0,0,0,0
00-0036885,T.Brown,Tre Brown,CB,DB,"https://static.www.nfl.com/image/upload/f_auto,q_auto/league/rsa4qgvqzrmqgonwf3co",2021,REG,SEA,5,0,0,0,0,0,0,0,0,0,0,0,0,,,0,,0,0,0,0,0,0,0,0,0,0,,0,0,0,0,0,0,0,0,0,0,0,0,0,0,,0,0,0,0,0,,0,0,0,0,8,1,1,0,0,0,0,0,0,0,0,1,0,0,0,0,0,0,0,0,0,1,14,0,0,0,0,0,0,0,0,0,0,0,0,0,,,0,0,0,0,0,0,0,0,0,0,0,0,,,,0,0,0,0,0,0,0,,0,0,0,0,,0,0,,0,0,0,0,0,0,0,0,0,0,0,0
00-0036887,L.Farrell,Luke Farrell,TE,TE,"https://static.www.nfl.com/image/upload/f_auto,q_auto/league/sccmpo8xbzdbjasmwcfj",2021,REG,JAX,8,0,0,0,0,0,0,0,0,0,0,0,0,,,0,,0,0,0,0,0,0,0,0,0,0,,0,0,0,0,0,7,11,56,0,1,0,73,28,3,-3.624067246099,0,2,1,1,0,0.767123287671233,0.0188679245283019,0.0153200419727177,0.0390259161733552,0,0,0,0,0,0,0,0,0,0,0,0,0,0,0,0,0,0,0,0,0,0,1,14,1,0,0,1,0,0,0,0,0,0,0,0,0,,,0,0,0,0,0,0,0,0,0,0,0,0,,,,0,0,0,0,0,0,0,,0,0,0,0,,0,0,,0,0,0,0,0,0,0,0,0,0,5.6,12.6
00-0036888,D.Hamlin,Damar Hamlin,SAF,DB,"https://static.www.nfl.com/image/upload/f_auto,q_auto/league/y3up9bdo5vczbq5zskxo",2021,REG,BUF,4,0,0,0,0,0,0,0,0,0,0,0,0,,,0,,0,0,0,0,0,0,0,0,0,0,,0,0,0,0,0,0,0,0,0,0,0,0,0,0,,0,0,0,0,0,,0,0,0,0,1,1,0,0,0,0,0,0,0,0,0,2,0,0,0,0,0,0,0,0,0,0,0,0,0,0,0,0,0,0,0,0,0,0,0,0,,,0,0,0,0,0,0,0,0,0,0,0,0,,,,0,0,0,0,0,0,0,,0,0,0,0,,0,0,,0,0,0,0,0,0,0,0,0,0,0,0
00-0036892,A.Leatherwood,Alex Leatherwood,OT,OL,"https://static.www.nfl.com/image/upload/f_auto,q_auto/league/w2dbhl6mojkv5h8zb00t",2021,REG,LV,8,0,0,0,0,0,0,0,0,0,0,0,0,,,0,,0,0,0,0,0,0,0,0,0,0,,0,0,0,0,0,0,0,0,0,0,0,0,0,0,,0,0,0,0,0,,0,0,0,0,0,0,1,0,0,0,0,0,0,0,0,0,0,0,0,0,0,0,0,0,0,11,68,0,0,0,0,0,0,0,0,0,0,0,0,0,,,0,0,0,0,0,0,0,0,0,0,0,0,,,,0,0,0,0,0,0,0,,0,0,0,0,,0,0,,0,0,0,0,0,0,0,0,0,0,0,0
00-0036893,N.Harris,Najee Harris,RB,RB,"https://static.www.nfl.com/image/upload/f_auto,q_auto/league/grfxgbvqnzz40r7rdtvk",2021,REG,PIT,17,0,0,0,0,0,0,0,0,0,0,0,0,,,0,,0,0,0,0,307,1200,7,0,0,62,-19.3829167587877,0,28,18,6,0,74,94,467,3,0,0,-13,499,22,-4.77227781489305,0,13,5,3,0,-35.9230769230769,0.143950995405819,-0.00292858751971165,0.213876481844931,0,3,0,0,0,0,0,0,0,0,0,0,0,0,0,0,0,1,-2,0,0,0,0,0,0,0,0,0,0,0,0,0,0,0,0,0,0,,,0,0,0,0,0,0,0,0,0,0,0,0,,,,0,0,0,0,0,0,0,,0,0,0,0,,0,0,,0,0,0,0,0,0,0,0,0,0,226.7,300.7
00-0036894,P.Freiermuth,Pat Freiermuth,TE,TE,"https://static.www.nfl.com/image/upload/f_auto,q_auto/league/vmwioi77upc9hqwaskfa",2021,REG,PIT,16,0,0,0,0,0,0,0,0,0,0,0,0,,,0,,0,0,0,0,0,0,0,0,0,0,,0,0,0,0,0,60,79,497,7,1,1,432,247,34,25.7509338416311,1,21,4,2,0,1.15046296296296,0.120980091883614,0.0973192160396486,0.249593589053175,0,1,0,0,0,0,0,0,0,0,0,0,0,0,0,0,0,0,0,0,0,0,0,0,1,0,0,1,1,0,0,0,0,0,0,0,0,,,0,0,0,0,0,0,0,0,0,0,0,0,,,,0,0,0,0,0,0,0,,0,0,0,0,,0,0,,0,0,0,0,0,0,0,0,0,0,91.7,151.7
00-0036895,E.Smith,Elerson G. Smith,LB,LB,"https://static.www.nfl.com/image/upload/f_auto,q_auto/league/kgilw8ty3eiv8qknp8p3",2021,REG,NYG,4,0,0,0,0,0,0,0,0,0,0,0,0,,,0,,0,0,0,0,0,0,0,0,0,0,,0,0,0,0,0,0,0,0,0,0,0,0,0,0,,0,0,0,0,0,,0,0,0,0,2,0,6,0,0,1,0,0,2,0,0,0,0,0,0,0,0,0,0,0,0,0,0,0,0,0,0,0,0,0,0,0,0,0,0,0,,,0,0,0,0,0,0,0,0,0,0,0,0,,,,0,0,0,0,0,0,0,,0,0,0,0,,0,0,,0,0,0,0,0,0,0,0,0,0,0,0
00-0036896,V.Dimukeje,Victor Dimukeje,LB,LB,"https://static.www.nfl.com/image/upload/f_auto,q_auto/league/timanef1mpwuc1cqmptm",2021,REG,ARI,3,0,0,0,0,0,0,0,0,0,0,0,0,,,0,,0,0,0,0,0,0,0,0,0,0,,0,0,0,0,0,0,0,0,0,0,0,0,0,0,,0,0,0,0,0,,0,0,0,0,0,0,3,0,0,0,0,0,1,0,0,0,0,0,0,0,0,0,0,0,0,0,0,0,0,0,0,0,0,0,0,0,0,0,0,0,,,0,0,0,0,0,0,0,0,0,0,0,0,,,,0,0,0,0,0,0,0,,0,0,0,0,,0,0,,0,0,0,0,0,0,0,0,0,0,0,0
00-0036897,T.Gowan,Tay Gowan,CB,DB,"https://static.www.nfl.com/image/upload/f_auto,q_auto/league/qptgakt1zwusrcerbgrt",2021,REG,PHI,2,0,0,0,0,0,0,0,0,0,0,0,0,,,0,,0,0,0,0,0,0,0,0,0,0,,0,0,0,0,0,0,0,0,0,0,0,0,0,0,,0,0,0,0,0,,0,0,0,0,0,1,1,0,0,0,0,0,0,0,0,0,0,0,0,0,0,0,0,0,0,0,0,0,0,0,0,0,0,0,0,0,0,0,0,0,,,0,0,0,0,0,0,0,0,0,0,0,0,,,,0,0,0,0,0,0,0,,0,0,0,0,,0,0,,0,0,0,0,0,0,0,0,0,0,0,0
00-0036898,D.Mills,Davis Mills,QB,QB,"https://static.www.nfl.com/image/upload/f_auto,q_auto/league/v3bofeusytvkogvqichy",2021,REG,HOU,13,263,394,2664,16,10,31,-206,4,1,2869,1232,118,-44.6813100582581,-0.219684366195921,1,0.928546531892646,102,44,31,5,18,44,0,0,0,5,-7.2879314966247,1,1,0,0,0,0,0,0,0,0,0,0,0,0,,0,0,0,0,0,,0,0,0,0,0,0,0,0,0,0,0,0,0,0,0,0,0,0,0,0,4,0,0,0,0,2,14,3,2,0,5,1,0,0,0,0,0,0,0,0,,,0,0,0,0,0,0,0,0,0,0,0,0,,,,0,0,0,0,0,0,0,,0,0,0,0,,0,0,,0,0,0,0,0,0,0,0,0,0,156.96,156.96
00-0036899,A.Robinson,Aaron Robinson,CB,DB,"https://static.www.nfl.com/image/private/f_auto,q_auto/league/dblt920y18bisodimwdl",2021,REG,NYG,6,0,0,0,0,0,0,0,0,0,0,0,0,,,0,,0,0,0,0,0,0,0,0,0,0,,0,0,0,0,0,0,0,0,0,0,0,0,0,0,,0,0,0,0,0,,0,0,0,0,14,2,10,0,0,0,0,0,1,0,0,3,0,0,0,0,0,0,0,0,0,0,0,0,0,0,0,0,0,0,0,0,0,0,0,0,,,0,0,0,0,0,0,0,0,0,0,0,0,,,,0,0,0,0,0,0,0,,0,0,0,0,,0,0,,0,0,0,0,0,0,0,0,0,0,0,0
00-0036900,J.Chase,Ja'Marr Chase,WR,WR,"https://static.www.nfl.com/image/upload/f_auto,q_auto/league/qya3dtjb5kgofcuj2tuw",2021,REG,CIN,17,0,0,0,0,0,0,0,0,0,0,0,0,,,0,,0,0,0,0,7,21,0,0,0,2,-2.22707325778902,0,1,0,0,0,81,128,1455,13,2,1,1617,651,56,65.3395719897078,0,51,32,22,8,0.899814471243043,0.237037037037037,0.367750739140323,0.612981072953782,0,2,0,1,0,0,0,0,0,0,0,0,0,0,0,0,0,0,0,0,0,0,3,35,2,0,1,2,1,0,0,0,0,0,0,0,0,,,0,0,0,0,0,0,0,0,0,0,0,0,,,,0,0,0,0,0,0,0,,0,0,0,0,,0,0,,0,0,0,0,0,0,0,0,0,0,223.6,304.6
00-0036901,E.Stokes,Eric Stokes,CB,DB,"https://static.www.nfl.com/image/upload/f_auto,q_auto/league/utosvktgajhtqd2px9xp",2021,REG,GB,16,0,0,0,0,0,0,0,0,0,0,0,0,,,0,,0,0,0,0,0,0,0,0,0,0,,0,0,0,0,0,0,0,0,0,0,0,0,0,0,,0,0,0,0,0,,0,0,0,0,40,3,12,0,0,0,0,0,0,1,0,14,0,0,0,0,0,0,0,0,0,3,45,0,0,0,0,0,0,0,0,0,0,0,0,0,,,0,0,0,0,0,0,0,0,0,0,0,0,,,,0,0,0,0,0,0,0,,0,0,0,0,,0,0,,0,0,0,0,0,0,0,0,0,0,0,0
00-0036903,B.Brown,Bobby Brown III,DT,DL,"https://static.www.nfl.com/image/upload/f_auto,q_auto/league/f3fspidlfqws3asws3gw",2021,REG,LA,1,0,0,0,0,0,0,0,0,0,0,0,0,,,0,,0,0,0,0,0,0,0,0,0,0,,0,0,0,0,0,0,0,0,0,0,0,0,0,0,,0,0,0,0,0,,0,0,0,0,0,0,1,0,0,0,0,0,0,0,0,0,0,0,0,0,0,0,0,0,0,0,0,0,0,0,0,0,0,0,0,0,0,0,0,0,,,0,0,0,0,0,0,0,0,0,0,0,0,,,,0,0,0,0,0,0,0,,0,0,0,0,,0,0,,0,0,0,0,0,0,0,0,0,0,0,0
00-0036904,R.Rochell,Robert Rochell,CB,DB,"https://static.www.nfl.com/image/upload/f_auto,q_auto/league/oqn1nnmeqppzkymivtfe",2021,REG,LA,8,0,0,0,0,0,0,0,0,0,0,0,0,,,0,,0,0,0,0,0,0,0,0,0,0,,0,0,0,0,0,0,0,0,0,0,0,0,0,0,,0,0,0,0,0,,0,0,0,0,10,1,3,0,0,0,0,0,0,1,1,4,0,0,0,0,0,0,1,0,0,1,47,0,0,0,0,0,0,0,0,0,0,0,0,0,,,0,0,0,0,0,0,0,0,0,0,0,0,,,,0,0,0,0,0,0,0,,0,0,0,0,,0,0,,0,0,0,0,0,0,0,0,0,0,0,0
00-0036905,L.Borom,Larry Borom,G,OL,"https://static.www.nfl.com/image/upload/f_auto,q_auto/league/n9k0wubk028m5ecfwg8x",2021,REG,CHI,3,0,0,0,0,0,0,0,0,0,0,0,0,,,0,,0,0,0,0,0,0,0,0,0,0,,0,0,0,0,0,0,0,0,0,0,0,0,0,0,,0,0,0,0,0,,0,0,0,0,0,0,0,0,0,0,0,0,0,0,0,0,0,0,0,0,0,0,0,0,0,3,15,0,0,0,0,0,0,0,0,0,0,0,0,0,,,0,0,0,0,0,0,0,0,0,0,0,0,,,,0,0,0,0,0,0,0,,0,0,0,0,,0,0,,0,0,0,0,0,0,0,0,0,0,0,0
00-0036906,K.Herbert,Khalil Herbert,RB,RB,"https://static.www.nfl.com/image/upload/f_auto,q_auto/league/gjwksf9ygntjmtceeerh",2021,REG,CHI,16,0,0,0,0,0,0,0,0,0,0,0,0,,,0,,0,0,0,0,103,433,2,0,0,24,-2.98519935191143,0,9,7,4,0,14,16,96,0,0,0,-5,101,6,-0.765520217228279,0,5,2,1,0,-19.2,0.0305343511450382,-0.00111234705228031,0.045022883780961,0,1,0,2,0,0,0,0,0,0,0,0,0,0,0,0,0,3,0,0,0,0,0,0,1,0,0,1,0,0,0,27,650,0,0,0,0,,,0,0,0,0,0,0,0,0,0,0,0,0,,,,0,0,0,0,0,0,0,,0,0,0,0,,0,0,,0,0,0,0,0,0,0,0,0,0,64.9,78.9
00-0036907,D.Newsome,Dazz Newsome,WR,WR,"https://static.www.nfl.com/image/private/f_auto,q_auto/league/cwp4qiumv4yzxg0hsbvj",2021,REG,CHI,3,0,0,0,0,0,0,0,0,0,0,0,0,,,0,,0,0,0,0,0,0,0,0,0,0,,0,0,0,0,0,2,5,23,0,0,0,36,15,1,-9.42269557260443,0,2,0,0,0,0.638888888888889,0.00954198473282443,0.00800889877641824,0.0199192062427294,0,1,0,1,0,0,0,0,0,0,0,0,0,0,0,0,0,0,0,0,0,0,0,0,0,0,0,0,0,6,75,0,0,0,0,0,0,,,0,0,0,0,0,0,0,0,0,0,0,0,,,,0,0,0,0,0,0,0,,0,0,0,0,,0,0,,0,0,0,0,0,0,0,0,0,0,2.3,4.3
00-0036908,T.Graham,Thomas Graham Jr.,CB,DB,"https://static.www.nfl.com/image/upload/f_auto,q_auto/league/cus86hixtsycdpsqrviz",2021,REG,CHI,4,0,0,0,0,0,0,0,0,0,0,0,0,,,0,,0,0,0,0,0,0,0,0,0,0,,0,0,0,0,0,0,0,0,0,0,0,0,0,0,,0,0,0,0,0,,0,0,0,0,6,0,7,1,3,0,0,0,0,0,0,4,0,0,0,0,0,0,0,0,0,0,0,0,0,0,0,0,0,0,0,0,0,0,0,0,,,0,0,0,0,0,0,0,0,0,0,0,0,,,,0,0,0,0,0,0,0,,0,0,0,0,,0,0,,0,0,0,0,0,0,0,0,0,0,0,0
00-0036909,K.Tonga,Khyiris Tonga,DT,DL,"https://static.www.nfl.com/image/upload/f_auto,q_auto/league/sd2nd0xkekkuf2hrlcjq",2021,REG,CHI,10,0,0,0,0,0,0,0,0,0,0,0,0,,,0,,0,0,0,0,0,0,0,0,0,0,,0,0,0,0,0,0,0,0,0,0,0,0,0,0,,0,0,0,0,0,,0,0,0,0,10,0,14,1,1,0,0,0,0,0,0,0,0,0,0,0,0,0,1,0,0,2,23,0,0,0,0,0,0,0,0,0,0,0,0,0,,,0,0,0,0,0,0,0,0,0,0,0,0,,,,0,0,0,0,0,0,0,,0,0,0,0,,0,0,,0,0,0,0,0,0,0,0,0,0,0,0
00-0036910,C.Saunders,C.J. Saunders,WR,WR,"https://static.www.nfl.com/image/private/f_auto,q_auto/league/fsp88zweiyrelqneg7vk",2021,REG,CAR,1,0,0,0,0,0,0,0,0,0,0,0,0,,,0,,0,0,0,0,0,0,0,0,0,0,,0,0,0,0,0,2,2,11,0,0,0,11,0,1,-0.33768893359229,0,0,0,0,0,1,0.00347826086956522,0.00249037808467285,0.00696065596361883,0,0,0,0,0,0,0,0,0,0,0,0,0,0,0,0,0,0,0,0,0,0,0,0,0,0,0,0,0,0,0,0,0,0,0,0,0,,,0,0,0,0,0,0,0,0,0,0,0,0,,,,0,0,0,0,0,0,0,,0,0,0,0,,0,0,,0,0,0,0,0,0,0,0,0,0,1.1,3.1
00-0036912,D.Smith,DeVonta Smith,WR,WR,"https://static.www.nfl.com/image/upload/f_auto,q_auto/league/vj2fz8veorg1k5qthnjm",2021,REG,PHI,17,0,0,0,0,0,0,0,0,0,0,0,0,,,0,,0,0,0,0,0,0,0,0,0,0,,0,0,0,0,0,64,104,916,5,1,1,1476,208,43,29.6749906962591,1,39,24,16,1,0.62059620596206,0.222222222222222,0.348936170212766,0.57758865248227,0,2,0,0,0,0,1,0,0,0,0,0,0,0,0,0,0,0,0,0,0,0,3,20,1,0,0,1,1,0,0,0,0,0,0,0,0,,,0,0,0,0,0,0,0,0,0,0,0,0,,,,0,0,0,0,0,0,0,,0,0,0,0,,0,0,,0,0,0,0,0,0,0,0,0,0,121.6,185.6
00-0036913,K.Toney,Kadarius Toney,WR,WR,"https://static.www.nfl.com/image/upload/f_auto,q_auto/league/nuwjpint0g5wejogudt4",2021,REG,NYG,9,1,3,19,0,0,1,-6,0,0,53,6,1,-0.828378256643191,-26.6942918300629,0,0.358490566037736,1,1,0,0,3,6,0,0,0,0,-3.32274110376602,0,0,0,0,0,39,57,420,0,0,0,367,228,21,14.4375979824514,0,14,10,5,0,1.14441416893733,0.101063829787234,0.0841164336465735,0.210477248233452,0,0,0,0,0,0,0,0,0,0,0,0,0,0,0,0,0,1,-8,0,0,0,0,0,0,0,0,0,0,1,0,0,0,0,0,0,0,,,0,0,0,0,0,0,0,0,0,0,0,0,,,,0,0,0,0,0,0,0,,0,0,0,0,,0,0,,0,0,0,0,0,0,0,0,0,0,43.36,82.36
00-0036914,G.Rousseau,Greg Rousseau,LB,LB,"https://static.www.nfl.com/image/upload/f_auto,q_auto/league/oljb2xg9fry8gnuqz66k",2021,REG,BUF,16,0,0,0,0,0,0,0,0,0,0,0,0,,,0,,0,0,0,0,0,0,0,0,0,0,,0,0,0,0,0,0,0,0,0,0,0,0,0,0,,0,0,0,0,0,,0,0,0,0,35,7,8,4,7,1,4,12,10,1,3,4,0,0,0,0,0,0,0,0,0,0,0,0,0,0,0,0,0,0,0,0,0,0,0,0,,,0,0,0,0,0,0,0,0,0,0,0,0,,,,0,0,0,0,0,0,0,,0,0,0,0,,0,0,,0,0,0,0,0,0,0,0,0,0,0,0
00-0036915,J.Owusu-Koramoah,Jeremiah Owusu-Koramoah,LB,LB,"https://static.www.nfl.com/image/private/f_auto,q_auto/league/evmul3yfbefvmy1tc1ns",2021,REG,CLE,14,0,0,0,0,0,0,0,0,0,0,0,0,,,0,,0,0,0,0,0,0,0,0,0,0,,0,0,0,0,0,0,0,0,0,0,0,0,0,0,,0,0,0,0,0,,0,0,0,0,43,6,27,2,2,2,1.5,7.5,4,0,0,4,0,0,0,0,0,0,0,0,0,1,5,0,0,0,0,0,0,0,0,0,0,0,0,0,,,0,0,0,0,0,0,0,0,0,0,0,0,,,,0,0,0,0,0,0,0,,0,0,0,0,,0,0,,0,0,0,0,0,0,0,0,0,0,0,0
00-0036916,M.Williams,Milton Williams,DT,DL,"https://static.www.nfl.com/image/upload/f_auto,q_auto/league/pne778olspa9ercg4e56",2021,REG,PHI,16,0,0,0,0,0,0,0,0,0,0,0,0,,,0,,0,0,0,0,0,0,0,0,0,0,,0,0,0,0,0,0,0,0,0,0,0,0,0,0,,0,0,0,0,0,,0,0,0,0,13,2,15,6,20,0,2,14,6,0,0,2,0,0,0,0,0,0,0,0,0,3,15,0,0,0,0,0,0,0,0,0,0,0,0,0,,,0,0,0,0,0,0,0,0,0,0,0,0,,,,0,0,0,0,0,0,0,,0,0,0,0,,0,0,,0,0,0,0,0,0,0,0,0,0,0,0
00-0036917,Z.McPhearson,Zech McPhearson,CB,DB,"https://static.www.nfl.com/image/private/f_auto,q_auto/league/ih4tfn9t1fujcyiw9a83",2021,REG,PHI,7,0,0,0,0,0,0,0,0,0,0,0,0,,,0,,0,0,0,0,0,0,0,0,0,0,,0,0,0,0,0,0,0,0,0,0,0,0,0,0,,0,0,0,0,0,,0,0,0,0,7,0,9,0,0,0,0,0,0,0,0,1,0,0,0,0,0,0,0,0,0,2,20,0,0,0,0,0,0,0,0,0,0,0,0,0,,,0,0,0,0,0,0,0,0,0,0,0,0,,,,0,0,0,0,0,0,0,,0,0,0,0,,0,0,,0,0,0,0,0,0,0,0,0,0,0,0
00-0036918,J.Harris,Jacob Harris,WR,WR,"https://static.www.nfl.com/image/upload/f_auto,q_auto/league/hqfvp6k11llxeostdvey",2021,REG,LA,2,0,0,0,0,0,0,0,0,0,0,0,0,,,0,,0,0,0,0,0,0,0,0,0,0,,0,0,0,0,0,0,0,0,0,0,0,0,0,0,,0,0,0,0,0,,0,0,0,0,0,0,0,0,0,0,0,0,0,0,0,0,0,0,0,0,0,0,0,0,0,2,20,0,0,0,0,0,0,0,0,0,0,0,0,0,,,0,0,0,0,0,0,0,0,0,0,0,0,,,,0,0,0,0,0,0,0,,0,0,0,0,,0,0,,0,0,0,0,0,0,0,0,0,0,0,0
00-0036919,K.Gainwell,Kenny Gainwell,RB,RB,"https://static.www.nfl.com/image/upload/f_auto,q_auto/league/f74x1ywy7oo5kq81vblh",2021,REG,PHI,16,0,0,0,0,0,0,0,0,0,0,0,0,,,0,,0,0,0,0,68,291,5,1,1,19,2.75056927236785,1,7,6,0,0,33,50,253,1,0,0,93,226,14,4.41399603899844,0,11,2,0,0,2.72043010752688,0.106837606837607,0.0219858156028369,0.175646481178396,0,0,0,0,0,0,0,0,0,0,0,0,0,0,0,0,0,0,0,0,0,0,0,0,2,0,0,2,1,0,0,8,137,0,0,0,0,,,0,0,0,0,0,0,0,0,0,0,0,0,,,,0,0,0,0,0,0,0,,0,0,0,0,,0,0,,0,0,0,0,0,0,0,0,0,0,90.4,123.4
00-0036920,M.Tuipulotu,Marlon Tuipulotu,DT,DL,"https://static.www.nfl.com/image/upload/f_auto,q_auto/league/ho9eokvcqvge4qdld2ie",2021,REG,PHI,3,0,0,0,0,0,0,0,0,0,0,0,0,,,0,,0,0,0,0,0,0,0,0,0,0,,0,0,0,0,0,0,0,0,0,0,0,0,0,0,,0,0,0,0,0,,0,0,0,0,1,0,4,0,0,0,0,0,0,0,0,0,0,0,0,0,0,0,0,0,0,0,0,0,0,0,0,0,0,0,0,0,0,0,0,0,,,0,0,0,0,0,0,0,0,0,0,0,0,,,,0,0,0,0,0,0,0,,0,0,0,0,,0,0,,0,0,0,0,0,0,0,0,0,0,0,0
00-0036921,Ta.Jackson,Tarron Jackson,DE,DL,"https://static.www.nfl.com/image/upload/f_auto,q_auto/league/tfd72aqmphacayrwxsu3",2021,REG,PHI,12,0,0,0,0,0,0,0,0,0,0,0,0,,,0,,0,0,0,0,0,0,0,0,0,0,,0,0,0,0,0,0,0,0,0,0,0,0,0,0,,0,0,0,0,0,,0,0,0,0,11,0,7,2,8,1,1,6,1,0,0,0,0,0,0,0,0,0,0,0,0,1,5,0,0,0,0,0,0,0,0,0,0,0,0,0,,,0,0,0,0,0,0,0,0,0,0,0,0,,,,0,0,0,0,0,0,0,,0,0,0,0,,0,0,,0,0,0,0,0,0,0,0,0,0,0,0
00-0036922,P.Johnson,Patrick Johnson,LB,LB,"https://static.www.nfl.com/image/upload/f_auto,q_auto/league/qtngv13hh6rm4kfc52jt",2021,REG,PHI,9,0,0,0,0,0,0,0,0,0,0,0,0,,,0,,0,0,0,0,0,0,0,0,0,0,,0,0,0,0,0,0,0,0,0,0,0,0,0,0,,0,0,0,0,0,,0,0,0,0,9,2,6,1,9,0,0,0,0,0,0,0,0,0,0,0,0,0,0,0,0,0,0,0,0,0,0,0,0,0,0,0,0,0,0,0,,,0,0,0,0,0,0,0,0,0,0,0,0,,,,0,0,0,0,0,0,0,,0,0,0,0,,0,0,,0,0,0,0,0,0,0,0,0,0,0,0
00-0036924,Mi.Carter,Michael Carter,RB,RB,"https://static.www.nfl.com/image/upload/f_auto,q_auto/league/e1y7zhd7w3xbthodfa3m",2021,REG,NYJ,14,0,0,0,0,0,0,0,0,0,0,0,0,,,0,,0,0,0,0,147,639,4,0,0,29,-6.38614189652423,0,13,10,3,1,36,55,325,0,1,1,33,341,16,-5.29610359222572,0,15,7,2,0,9.84848484848485,0.0946643717728055,0.00758795125316165,0.147308123536421,0,0,0,1,0,0,0,0,0,0,0,0,0,0,0,0,0,0,0,0,0,0,2,20,1,0,0,1,1,0,0,0,0,0,0,0,0,,,0,0,0,0,0,0,0,0,0,0,0,0,,,,0,0,0,0,0,0,0,,0,0,0,0,,0,0,,0,0,0,0,0,0,0,0,0,0,118.4,154.4
00-0036925,J.Stevens,JaCoby Stevens,LB,LB,"https://static.www.nfl.com/image/private/f_auto,q_auto/league/gortk2qygtzwzkd5y2jc",2021,REG,PHI,2,0,0,0,0,0,0,0,0,0,0,0,0,,,0,,0,0,0,0,0,0,0,0,0,0,,0,0,0,0,0,0,0,0,0,0,0,0,0,0,,0,0,0,0,0,,0,0,0,0,1,0,2,0,0,0,0,0,0,0,0,0,0,0,0,0,0,0,0,0,0,0,0,0,0,0,0,0,0,0,0,0,0,0,0,0,,,0,0,0,0,0,0,0,0,0,0,0,0,,,,0,0,0,0,0,0,0,,0,0,0,0,,0,0,,0,0,0,0,0,0,0,0,0,0,0,0
00-0036926,P.Turner,Payton Turner,DE,DL,"https://static.www.nfl.com/image/upload/f_auto,q_auto/league/lh1skysdf0gyqhkasque",2021,REG,NO,4,0,0,0,0,0,0,0,0,0,0,0,0,,,0,,0,0,0,0,0,0,0,0,0,0,,0,0,0,0,0,0,0,0,0,0,0,0,0,0,,0,0,0,0,0,,0,0,0,0,8,1,3,3,7,0,1,4,3,0,0,0,0,0,0,0,0,0,0,0,0,2,19,0,0,0,0,0,0,0,0,0,0,0,0,0,,,0,0,0,0,0,0,0,0,0,0,0,0,,,,0,0,0,0,0,0,0,,0,0,0,0,,0,0,,0,0,0,0,0,0,0,0,0,0,0,0
00-0036927,P.Werner,Pete Werner,LB,LB,"https://static.www.nfl.com/image/upload/f_auto,q_auto/league/nqs87jnlklns7tm7w5jj",2021,REG,NO,13,0,0,0,0,0,0,0,0,0,0,0,0,,,0,,0,0,0,0,0,0,0,0,0,0,,0,0,0,0,0,0,0,0,0,0,0,0,0,0,,0,0,0,0,0,,0,0,0,0,30,6,26,2,3,0,0,0,1,0,0,0,0,0,0,0,0,0,0,0,0,1,15,0,0,0,0,0,0,0,0,0,0,0,0,0,,,0,0,0,0,0,0,0,0,0,0,0,0,,,,0,0,0,0,0,0,0,,0,0,0,0,,0,0,,0,0,0,0,0,0,0,0,0,0,0,0
00-0036929,I.Book,Ian Book,QB,QB,"https://static.www.nfl.com/image/upload/f_auto,q_auto/league/gfizehze3lahkqm40vk4",2021,REG,NO,1,12,20,135,0,2,8,-54,0,0,76,81,5,-29.7298099388718,-7.27827449639638,0,1.77631578947368,5,2,1,1,3,6,0,0,0,1,1.0195731476997,0,0,0,0,0,0,0,0,0,0,0,0,0,0,,0,0,0,0,0,,0,0,0,0,0,0,0,0,0,0,0,0,0,0,0,0,0,0,0,0,0,0,0,0,0,0,0,0,0,0,0,0,0,0,0,0,0,0,0,0,,,0,0,0,0,0,0,0,0,0,0,0,0,,,,0,0,0,0,0,0,0,,0,0,0,0,,0,0,,0,0,0,0,0,0,0,0,0,0,2,2
00-0036930,L.Young,Landon Young,OT,OL,"https://static.www.nfl.com/image/upload/f_auto,q_auto/league/xdlyslqtyq9dgyvhj9sw",2021,REG,NO,1,0,0,0,0,0,0,0,0,0,0,0,0,,,0,,0,0,0,0,0,0,0,0,0,0,,0,0,0,0,0,0,0,0,0,0,0,0,0,0,,0,0,0,0,0,,0,0,0,0,0,0,0,0,0,0,0,0,0,0,0,0,0,0,0,0,0,0,0,0,0,2,15,0,0,0,0,0,0,0,0,0,0,0,0,0,,,0,0,0,0,0,0,0,0,0,0,0,0,,,,0,0,0,0,0,0,0,,0,0,0,0,,0,0,,0,0,0,0,0,0,0,0,0,0,0,0
00-0036932,M.Parsons,Micah Parsons,LB,LB,"https://static.www.nfl.com/image/upload/f_auto,q_auto/league/igbkpnpsezgrvngnf5ck",2021,REG,DAL,16,0,0,0,0,0,0,0,0,0,0,0,0,,,0,,0,0,0,0,0,0,0,0,0,0,,0,0,0,0,0,0,0,0,0,0,0,0,0,0,,0,0,0,0,0,,0,0,0,0,59,5,20,20,114,3,13,119.5,30,0,0,3,0,0,0,0,0,0,0,0,0,3,35,0,0,0,0,0,0,0,0,0,0,0,0,0,,,0,0,0,0,0,0,0,0,0,0,0,0,,,,0,0,0,0,0,0,0,,0,0,0,0,,0,0,,0,0,0,0,0,0,0,0,0,0,0,0
00-0036933,Z.Collins,Zaven Collins,LB,LB,"https://static.www.nfl.com/image/upload/f_auto,q_auto/league/kyzjrpamx2gfuumvpxai",2021,REG,ARI,12,0,0,0,0,0,0,0,0,0,0,0,0,,,0,,0,0,0,0,0,0,0,0,0,0,,0,0,0,0,0,0,0,0,0,0,0,0,0,0,,0,0,0,0,0,,0,0,0,0,11,2,12,1,1,0,0,0,0,0,0,3,0,0,0,0,0,0,0,0,0,0,0,0,0,0,0,0,0,0,0,0,0,0,0,0,,,0,0,0,0,0,0,0,0,0,0,0,0,,,,0,0,0,0,0,0,0,,0,0,0,0,,0,0,,0,0,0,0,0,0,0,0,0,0,0,0
00-0036934,J.Phillips,Jaelan Phillips,LB,LB,"https://static.www.nfl.com/image/upload/f_auto,q_auto/league/etpp0zmoctw8uweix07f",2021,REG,MIA,16,0,0,0,0,0,0,0,0,0,0,0,0,,,0,,0,0,0,0,0,0,0,0,0,0,,0,0,0,0,0,0,0,0,0,0,0,0,0,0,,0,0,0,0,0,,0,0,0,0,20,3,19,8,61,0,8.5,71.5,16,0,0,1,0,0,0,0,0,0,1,0,0,4,42,0,0,0,0,0,0,0,0,0,0,0,0,0,,,0,0,0,0,0,0,0,0,0,0,0,0,,,,0,0,0,0,0,0,0,,0,0,0,0,,0,0,,0,0,0,0,0,0,0,0,0,0,0,0
00-0036935,K.Joseph,Kelvin Joseph,CB,DB,"https://static.www.nfl.com/image/upload/f_auto,q_auto/league/mdrpjtcjzd8gfzuwuy8r",2021,REG,DAL,7,0,0,0,0,0,0,0,0,0,0,0,0,,,0,,0,0,0,0,0,0,0,0,0,0,,0,0,0,0,0,0,0,0,0,0,0,0,0,0,,0,0,0,0,0,,0,0,0,0,13,0,3,1,2,0,0,0,0,0,0,2,0,0,0,0,1,7,0,0,0,2,10,0,0,0,0,0,0,0,0,0,0,0,0,0,,,0,0,0,0,0,0,0,0,0,0,0,0,,,,0,0,0,0,0,0,0,,0,0,0,0,,0,0,,0,0,0,0,0,0,0,0,0,0,0,0
00-0036936,R.Moore,Rondale Moore,WR,WR,"https://static.www.nfl.com/image/upload/f_auto,q_auto/league/v9s3rloekxbv6seesizb",2021,REG,ARI,14,0,0,0,0,0,0,0,0,0,0,0,0,,,0,,0,0,0,0,18,76,0,0,0,2,-0.16007382501266,0,2,1,1,0,54,64,435,1,1,0,92,438,18,1.49882943996057,0,12,7,3,1,4.72826086956522,0.112280701754386,0.0207909604519774,0.182974724947963,0,1,0,0,0,0,0,0,0,0,0,0,0,0,2,0,0,0,0,0,0,0,1,10,1,2,1,3,1,21,171,13,291,0,0,0,0,,,0,0,0,0,0,0,0,0,0,0,0,0,,,,0,0,0,0,0,0,0,,0,0,0,0,,0,0,,0,0,0,0,0,0,0,0,0,0,57.1,111.1
00-0036937,P.Adebo,Paulson Adebo,CB,DB,"https://static.www.nfl.com/image/upload/f_auto,q_auto/league/syndlzqvjmmeplufohl8",2021,REG,NO,16,0,0,0,0,0,0,0,0,0,0,0,0,,,0,,0,0,0,0,0,0,0,0,0,0,,0,0,0,0,0,0,0,0,0,0,0,0,0,0,,0,0,0,0,0,,0,0,0,0,51,4,11,4,7,0,0,0,0,3,50,8,0,0,0,0,0,0,0,0,0,6,76,0,0,0,0,0,0,0,0,0,0,0,0,0,,,0,0,0,0,0,0,0,0,0,0,0,0,,,,0,0,0,0,0,0,0,,0,0,0,0,,0,0,,0,0,0,0,0,0,0,0,0,0,0,0
00-0036938,R.Weaver,Rashad Weaver,LB,LB,"https://static.www.nfl.com/image/upload/f_auto,q_auto/league/vt5dzhhhkf7aus8yofpf",2021,REG,TEN,1,0,0,0,0,0,0,0,0,0,0,0,0,,,0,,0,0,0,0,0,0,0,0,0,0,,0,0,0,0,0,0,0,0,0,0,0,0,0,0,,0,0,0,0,0,,0,0,0,0,0,0,2,0,0,0,0,0,0,0,0,0,0,0,0,0,0,0,0,0,0,0,0,0,0,0,0,0,0,0,0,0,0,0,0,0,,,0,0,0,0,0,0,0,0,0,0,0,0,,,,0,0,0,0,0,0,0,,0,0,0,0,,0,0,,0,0,0,0,0,0,0,0,0,0,0,0
00-0036939,K.Baker,Kawaan Baker,WR,WR,"https://static.www.nfl.com/image/upload/f_auto,q_auto/league/k7gz0gln5napurgaiigj",2021,REG,NO,1,0,0,0,0,0,0,0,0,0,0,0,0,,,0,,0,0,0,0,0,0,0,0,0,0,,0,0,0,0,0,0,0,0,0,0,0,0,0,0,,0,0,0,0,0,,0,0,0,0,1,0,0,0,0,0,0,0,0,0,0,0,0,0,0,0,0,0,0,0,0,0,0,0,0,0,0,0,0,0,0,0,0,0,0,0,,,0,0,0,0,0,0,0,0,0,0,0,0,,,,0,0,0,0,0,0,0,,0,0,0,0,,0,0,,0,0,0,0,0,0,0,0,0,0,0,0
00-0036940,O.Oweh,Odafe Oweh,LB,LB,"https://static.www.nfl.com/image/upload/f_auto,q_auto/league/xjfiyufnofknncgkmbyy",2021,REG,BAL,13,0,0,0,0,0,0,0,0,0,0,0,0,,,0,,0,0,0,0,0,0,0,0,0,0,,0,0,0,0,0,0,0,0,0,0,0,0,0,0,,0,0,0,0,0,,0,0,0,0,18,5,10,3,19,3,5,25,15,0,0,1,0,0,0,0,0,0,2,0,0,4,20,0,0,0,0,0,0,0,0,0,0,0,0,0,,,0,0,0,0,0,0,0,0,0,0,0,0,,,,0,0,0,0,0,0,0,,0,0,0,0,,0,0,,0,0,0,0,0,0,0,0,0,0,0,0
00-0036941,A.Cisco,Andre Cisco,SAF,DB,"https://static.www.nfl.com/image/upload/f_auto,q_auto/league/sdk8jvmv30mvetujj7bs",2021,REG,JAX,11,0,0,0,0,0,0,0,0,0,0,0,0,,,0,,0,0,0,0,0,0,0,0,0,0,,0,0,0,0,0,0,0,0,0,0,0,0,0,0,,0,0,0,0,0,,0,0,0,0,18,1,7,0,0,2,0,0,0,0,0,2,0,0,0,0,0,0,0,0,0,1,9,0,0,0,0,0,0,0,0,0,0,0,0,0,,,0,0,0,0,0,0,0,0,0,0,0,0,,,,0,0,0,0,0,0,0,,0,0,0,0,,0,0,,0,0,0,0,0,0,0,0,0,0,0,0
00-0036942,O.Odighizuwa,Osa Odighizuwa,DT,DL,"https://static.www.nfl.com/image/upload/f_auto,q_auto/league/xjx8vxlafv4i0hmvtrje",2021,REG,DAL,16,0,0,0,0,0,0,0,0,0,0,0,0,,,0,,0,0,0,0,0,0,0,0,0,0,,0,0,0,0,0,0,0,0,0,0,0,0,0,0,,0,0,0,0,0,,0,0,0,0,15,6,15,3,16,0,2,20,11,0,0,0,0,0,0,0,0,0,0,0,0,2,20,0,0,0,0,0,0,0,0,0,0,0,0,0,,,0,0,0,0,0,0,0,0,0,0,0,0,,,,0,0,0,0,0,0,0,,0,0,0,0,,0,0,,0,0,0,0,0,0,0,0,0,0,0,0
00-0036944,J.Horn,Jaycee Horn,CB,DB,"https://static.www.nfl.com/image/upload/f_auto,q_auto/league/lvqdczrm0ebvb8m3n5fu",2021,REG,CAR,3,0,0,0,0,0,0,0,0,0,0,0,0,,,0,,0,0,0,0,0,0,0,0,0,0,,0,0,0,0,0,0,0,0,0,0,0,0,0,0,,0,0,0,0,0,,0,0,0,0,3,0,2,0,0,0,0,0,0,1,13,1,0,0,0,0,0,0,0,0,0,0,0,0,0,0,0,0,0,0,0,0,0,0,0,0,,,0,0,0,0,0,0,0,0,0,0,0,0,,,,0,0,0,0,0,0,0,,0,0,0,0,,0,0,,0,0,0,0,0,0,0,0,0,0,0,0
00-0036945,J.Fields,Justin Fields,QB,QB,"https://static.www.nfl.com/image/upload/f_auto,q_auto/league/fbteankooq2c33yquq2j",2021,REG,CHI,12,159,270,1870,7,10,36,-264,8,4,2645,683,83,-64.9287721148454,-1.95220725974817,0,0.706994328922495,81,39,28,4,72,420,2,4,1,22,6.72785522010876,0,14,11,3,0,0,0,0,0,0,0,0,0,0,,0,0,0,0,0,,0,0,0,0,0,0,0,0,0,0,0,0,0,0,0,0,0,0,0,0,4,-12,0,0,0,2,10,10,2,2,12,5,0,0,0,0,0,0,0,0,,,0,0,0,0,0,0,0,0,0,0,0,0,,,,0,0,0,0,0,0,0,,0,0,0,0,,0,0,,0,0,0,0,0,0,0,0,0,0,126.8,126.8
00-0036946,K.Mond,Kellen Mond,QB,QB,"https://static.www.nfl.com/image/private/f_auto,q_auto/league/gkyy94nwpf2z7eecwvbw",2021,REG,MIN,1,2,3,5,0,0,0,0,0,0,0,9,0,-1.75755254249088,-6.2244713306427,0,0,0,0,0,0,0,0,0,0,0,0,,0,0,0,0,0,0,0,0,0,0,0,0,0,0,,0,0,0,0,0,,0,0,0,0,0,0,0,0,0,0,0,0,0,0,0,0,0,0,0,0,0,0,0,0,0,0,0,0,0,0,0,0,0,0,0,0,0,0,0,0,,,0,0,0,0,0,0,0,0,0,0,0,0,,,,0,0,0,0,0,0,0,,0,0,0,0,,0,0,,0,0,0,0,0,0,0,0,0,0,0.2,0.2
00-0036947,J.Mayfield,Jalen Mayfield,OT,OL,"https://static.www.nfl.com/image/upload/f_auto,q_auto/league/fxz80fliscm47ruoytmh",2021,REG,ATL,4,0,0,0,0,0,0,0,0,0,0,0,0,,,0,,0,0,0,0,0,0,0,0,0,0,,0,0,0,0,0,0,0,0,0,0,0,0,0,0,,0,0,0,0,0,,0,0,0,0,0,0,0,0,0,0,0,0,0,0,0,0,0,0,0,0,0,0,0,0,0,7,39,0,0,0,0,0,0,0,0,0,0,0,0,0,,,0,0,0,0,0,0,0,0,0,0,0,0,,,,0,0,0,0,0,0,0,,0,0,0,0,,0,0,,0,0,0,0,0,0,0,0,0,0,0,0
00-0036948,T.Graham,Ta'Quon Graham,DT,DL,"https://static.www.nfl.com/image/upload/f_auto,q_auto/league/guxpxgrm0ulryqybspna",2021,REG,ATL,10,0,0,0,0,0,0,0,0,0,0,0,0,,,0,,0,0,0,0,0,0,0,0,0,0,,0,0,0,0,0,0,0,0,0,0,0,0,0,0,,0,0,0,0,0,,0,0,0,0,7,1,7,1,1,0,0,0,2,0,0,0,0,0,0,0,0,0,0,0,0,0,0,0,0,0,0,0,0,0,0,0,0,0,0,0,,,0,0,0,0,0,0,0,0,0,0,0,0,,,,0,0,0,0,0,0,0,,0,0,0,0,,0,0,,0,0,0,0,0,0,0,0,0,0,0,0
00-0036949,A.Ogundeji,Adetokunbo Ogundeji,LB,LB,"https://static.www.nfl.com/image/private/f_auto,q_auto/league/jrauxzb1zr7msoctlyfc",2021,REG,ATL,13,0,0,0,0,0,0,0,0,0,0,0,0,,,0,,0,0,0,0,0,0,0,0,0,0,,0,0,0,0,0,0,0,0,0,0,0,0,0,0,,0,0,0,0,0,,0,0,0,0,17,1,15,4,16,0,1,9,2,0,0,1,0,0,0,0,0,0,1,0,0,2,20,0,0,0,0,0,0,0,0,0,0,0,0,0,,,0,0,0,0,0,0,0,0,0,0,0,0,,,,0,0,0,0,0,0,0,,0,0,0,0,,0,0,,0,0,0,0,0,0,0,0,0,0,0,0
00-0036950,A.Williams,Avery Williams,RB,RB,"https://static.www.nfl.com/image/upload/f_auto,q_auto/league/udxcy5ukuuppfhemywfn",2021,REG,ATL,15,0,0,0,0,0,0,0,0,0,0,0,0,,,0,,0,0,0,0,0,0,0,0,0,0,,0,0,0,0,0,0,0,0,0,0,0,0,0,0,,0,0,0,0,0,,0,0,0,0,8,3,11,0,0,1,0,0,3,0,0,1,0,1,0,0,2,0,0,0,0,0,0,1,0,0,1,0,20,153,23,490,0,0,0,0,,,0,0,0,0,0,0,0,0,0,0,0,0,,,,0,0,0,0,0,0,0,,0,0,0,0,,0,0,,0,0,0,0,0,0,0,0,0,0,0,0
00-0036951,F.Darby,Frank Darby,WR,WR,"https://static.www.nfl.com/image/private/f_auto,q_auto/league/ctfcyiif8irphwslbqur",2021,REG,ATL,4,0,0,0,0,0,0,0,0,0,0,0,0,,,0,,0,0,0,0,0,0,0,0,0,0,,0,0,0,0,0,1,4,14,0,0,0,83,11,1,-3.14465343760094,0,1,0,0,0,0.168674698795181,0.0072202166064982,0.020033791938209,0.0248539792664936,0,0,0,1,0,0,1,0,0,0,0,0,0,0,0,0,0,0,0,0,0,0,1,15,0,0,0,0,0,0,0,0,0,0,0,0,0,,,0,0,0,0,0,0,0,0,0,0,0,0,,,,0,0,0,0,0,0,0,,0,0,0,0,,0,0,,0,0,0,0,0,0,0,0,0,0,1.4,2.4
00-0036952,J.Cooper,Jonathon Cooper,LB,LB,"https://static.www.nfl.com/image/upload/f_auto,q_auto/league/rzjdnsaz0sfs9v4xetov",2021,REG,DEN,12,0,0,0,0,0,0,0,0,0,0,0,0,,,0,,0,0,0,0,0,0,0,0,0,0,,0,0,0,0,0,0,0,0,0,0,0,0,0,0,,0,0,0,0,0,,0,0,0,0,18,4,16,4,28,0,2.5,22,7,0,0,0,0,0,0,0,0,0,1,0,0,0,0,0,0,0,0,0,0,0,0,0,0,0,0,0,,,0,0,0,0,0,0,0,0,0,0,0,0,,,,0,0,0,0,0,0,0,,0,0,0,0,,0,0,,0,0,0,0,0,0,0,0,0,0,0,0
00-0036953,T.Jenkins,Teven Jenkins,G,OL,"https://static.www.nfl.com/image/upload/f_auto,q_auto/league/i0oiehuaelpnrtrlfmfl",2021,REG,CHI,2,0,0,0,0,0,0,0,0,0,0,0,0,,,0,,0,0,0,0,0,0,0,0,0,0,,0,0,0,0,0,0,0,0,0,0,0,0,0,0,,0,0,0,0,0,,0,0,0,0,0,0,0,0,0,0,0,0,0,0,0,0,0,0,0,0,0,0,0,0,0,6,40,0,0,0,0,0,0,0,0,0,0,0,0,0,,,0,0,0,0,0,0,0,0,0,0,0,0,,,,0,0,0,0,0,0,0,,0,0,0,0,,0,0,,0,0,0,0,0,0,0,0,0,0,0,0
00-0036954,L.Onwuzurike,Levi Onwuzurike,DT,DL,"https://static.www.nfl.com/image/upload/f_auto,q_auto/league/tcn8qpvseaumyfvt8ty3",2021,REG,DET,15,0,0,0,0,0,0,0,0,0,0,0,0,,,0,,0,0,0,0,0,0,0,0,0,0,,0,0,0,0,0,0,0,0,0,0,0,0,0,0,,0,0,0,0,0,,0,0,0,0,11,4,20,2,8,0,1,7,1,0,0,2,0,0,0,0,0,0,0,0,0,0,0,0,0,0,0,0,0,0,0,0,0,0,0,0,,,0,0,0,0,0,0,0,0,0,0,0,0,,,,0,0,0,0,0,0,0,,0,0,0,0,,0,0,,0,0,0,0,0,0,0,0,0,0,0,0
00-0036955,T.Marshall,Terrace Marshall Jr.,WR,WR,"https://static.www.nfl.com/image/upload/f_auto,q_auto/league/a2yarai1371wellve3nq",2021,REG,CAR,12,0,0,0,0,0,0,0,0,0,0,0,0,,,0,,0,0,0,0,0,0,0,0,0,0,,0,0,0,0,0,17,30,138,0,0,0,211,63,7,-7.99966774764986,1,4,1,1,0,0.654028436018957,0.0521739130434783,0.0477699796241793,0.111699855302143,0,0,0,0,0,0,0,0,0,0,0,0,0,0,0,0,0,0,0,0,0,0,1,5,0,0,0,0,0,0,0,0,0,0,0,0,0,,,0,0,0,0,0,0,0,0,0,0,0,0,,,,0,0,0,0,0,0,0,,0,0,0,0,,0,0,,0,0,0,0,0,0,0,0,0,0,15.8,32.8
00-0036956,D.Hall,Darren Hall,CB,DB,"https://static.www.nfl.com/image/upload/f_auto,q_auto/league/btpudohpy5mnzimqn2xm",2021,REG,ATL,10,0,0,0,0,0,0,0,0,0,0,0,0,,,0,,0,0,0,0,0,0,0,0,0,0,,0,0,0,0,0,0,0,0,0,0,0,0,0,0,,0,0,0,0,0,,0,0,0,0,21,0,6,2,9,0,1,7,1,0,0,3,0,0,0,0,0,0,0,0,0,0,0,0,0,0,0,0,0,0,0,0,0,0,0,0,,,0,0,0,0,0,0,0,0,0,0,0,0,,,,0,0,0,0,0,0,0,,0,0,0,0,,0,0,,0,0,0,0,0,0,0,0,0,0,0,0
00-0036957,D.Dalman,Drew Dalman,C,OL,"https://static.www.nfl.com/image/upload/f_auto,q_auto/league/dbs2xvntmad015bo7qxe",2021,REG,ATL,1,0,0,0,0,0,0,0,0,0,0,0,0,,,0,,0,0,0,0,0,0,0,0,0,0,,0,0,0,0,0,0,0,0,0,0,0,0,0,0,,0,0,0,0,0,,0,0,0,0,0,0,0,0,0,0,0,0,0,0,0,0,0,0,0,0,0,0,0,0,0,1,5,0,0,0,0,0,0,0,0,0,0,0,0,0,,,0,0,0,0,0,0,0,0,0,0,0,0,,,,0,0,0,0,0,0,0,,0,0,0,0,,0,0,,0,0,0,0,0,0,0,0,0,0,0,0
00-0036959,M.Bandy,Michael Bandy,WR,WR,"https://static.www.nfl.com/image/upload/f_auto,q_auto/league/chfu1cqtulkawqq1mulx",2021,REG,LAC,1,0,0,0,0,0,0,0,0,0,0,0,0,,,0,,0,0,0,0,0,0,0,0,0,0,,0,0,0,0,0,0,0,0,0,0,0,0,0,0,,0,0,0,0,0,,0,0,0,0,0,0,0,0,0,0,0,0,0,0,0,0,0,0,0,0,0,0,0,0,0,0,0,0,0,0,0,0,0,0,4,88,0,0,0,0,,,0,0,0,0,0,0,0,0,0,0,0,0,,,,0,0,0,0,0,0,0,,0,0,0,0,,0,0,,0,0,0,0,0,0,0,0,0,0,0,0
00-0036961,R.Grant,Richie Grant,SAF,DB,"https://static.www.nfl.com/image/upload/f_auto,q_auto/league/hzzmvmlmkqe6sn4g1d4j",2021,REG,ATL,11,0,0,0,0,0,0,0,0,0,0,0,0,,,0,,0,0,0,0,0,0,0,0,0,0,,0,0,0,0,0,0,0,0,0,0,0,0,0,0,,0,0,0,0,0,,0,0,0,0,23,5,7,1,1,1,0,0,0,0,0,2,0,0,0,0,0,0,1,2,0,1,15,0,0,0,0,0,0,0,0,0,0,0,0,0,,,0,0,0,0,0,0,0,0,0,0,0,0,,,,0,0,0,0,0,0,0,,0,0,0,0,,0,0,,0,0,0,0,0,0,0,0,0,0,0,0
00-0036962,T.Moehrig,Tre'von Moehrig,SAF,DB,"https://static.www.nfl.com/image/upload/f_auto,q_auto/league/cyprwi2vzj1a3oitgseo",2021,REG,LV,17,0,0,0,0,0,0,0,0,0,0,0,0,,,0,,0,0,0,0,0,0,0,0,0,0,,0,0,0,0,0,0,0,0,0,0,0,0,0,0,,0,0,0,0,0,,0,0,0,0,35,1,19,0,0,0,0,0,0,1,35,6,0,0,0,0,0,0,0,0,0,0,0,0,0,0,0,0,0,0,0,0,0,0,0,0,,,0,0,0,0,0,0,0,0,0,0,0,0,,,,0,0,0,0,0,0,0,,0,0,0,0,,0,0,,0,0,0,0,0,0,0,0,0,0,0,0
00-0036963,A.St. Brown,Amon-Ra St. Brown,WR,WR,"https://static.www.nfl.com/image/upload/f_auto,q_auto/league/fd8nwhm6pvxfyzphzl6i",2021,REG,DET,16,0,0,0,0,0,0,0,0,0,0,0,0,,,0,,0,0,0,0,7,61,1,0,0,2,5.09169255231154,0,3,3,1,0,90,119,912,5,0,0,831,424,48,53.2366418043288,2,32,18,11,0,1.09747292418773,0.210619469026549,0.219666931007137,0.469696055244819,0,1,0,0,0,0,0,0,0,0,0,0,0,0,0,0,0,0,0,0,0,0,1,10,0,0,0,0,0,0,0,0,0,0,0,0,0,,,0,0,0,0,0,0,0,0,0,0,0,0,,,,0,0,0,0,0,0,0,,0,0,0,0,,0,0,,0,0,0,0,0,0,0,0,0,0,137.3,227.3
00-0036964,D.Barnes,Derrick Barnes,LB,LB,"https://static.www.nfl.com/image/upload/f_auto,q_auto/league/jksvb5xfttcodlgvlyjo",2021,REG,DET,16,0,0,0,0,0,0,0,0,0,0,0,0,,,0,,0,0,0,0,0,0,0,0,0,0,,0,0,0,0,0,0,0,0,0,0,0,0,0,0,,0,0,0,0,0,,0,0,0,0,36,6,25,4,12,0,2,0,2,0,0,2,0,0,0,0,0,0,0,0,0,0,0,0,0,0,0,0,0,0,0,0,0,0,0,0,,,0,0,0,0,0,0,0,0,0,0,0,0,,,,0,0,0,0,0,0,0,,0,0,0,0,,0,0,,0,0,0,0,0,0,0,0,0,0,0,0
00-0036967,J.Tryon,Joe Tryon-Shoyinka,DE,DL,"https://static.www.nfl.com/image/upload/f_auto,q_auto/league/it6wkxysejicc83azqkd",2021,REG,TB,17,0,0,0,0,0,0,0,0,0,0,0,0,,,0,,0,0,0,0,0,0,0,0,0,0,,0,0,0,0,0,0,0,0,0,0,0,0,0,0,,0,0,0,0,0,,0,0,0,0,18,3,8,5,22,0,4,17,10,0,0,3,0,0,0,0,0,0,0,0,0,2,15,0,0,0,0,0,0,0,0,0,0,0,0,0,,,0,0,0,0,0,0,0,0,0,0,0,0,,,,0,0,0,0,0,0,0,,0,0,0,0,,0,0,,0,0,0,0,0,0,0,0,0,0,0,0
00-0036968,B.Christensen,Brady Christensen,OT,OL,"https://static.www.nfl.com/image/upload/f_auto,q_auto/league/pbj2pkbe5cwtomutayd1",2021,REG,CAR,3,0,0,0,0,0,0,0,0,0,0,0,0,,,0,,0,0,0,0,0,0,0,0,0,0,,0,0,0,0,0,0,0,0,0,0,0,0,0,0,,0,0,0,0,0,,0,0,0,0,1,0,0,0,0,0,0,0,0,0,0,0,0,0,0,0,0,0,0,0,0,2,15,0,0,0,0,0,0,0,0,0,0,0,0,0,,,0,0,0,0,0,0,0,0,0,0,0,0,,,,0,0,0,0,0,0,0,,0,0,0,0,,0,0,,0,0,0,0,0,0,0,0,0,0,0,0
00-0036970,K.Pitts,Kyle Pitts,TE,TE,"https://static.www.nfl.com/image/upload/f_auto,q_auto/league/tbec213me3pszzszecqo",2021,REG,ATL,17,0,0,0,0,0,0,0,0,0,0,0,0,,,0,,0,0,0,0,0,0,0,0,0,0,,0,0,0,0,0,68,110,1026,1,0,0,1193,313,43,26.3311149346791,0,41,27,16,2,0.860016764459346,0.1985559566787,0.287955587738354,0.499402846434898,0,3,0,0,0,0,0,0,0,0,0,0,0,0,0,0,0,0,0,0,0,0,2,10,0,0,0,0,0,0,0,0,0,0,0,0,0,,,0,0,0,0,0,0,0,0,0,0,0,0,,,,0,0,0,0,0,0,0,,0,0,0,0,,0,0,,0,0,0,0,0,0,0,0,0,0,108.6,176.6
00-0036971,T.Lawrence,Trevor Lawrence,QB,QB,"https://static.www.nfl.com/image/upload/f_auto,q_auto/league/d75srntioly7fq0z8vip",2021,REG,JAX,17,359,602,3641,12,17,32,-238,6,5,4738,1634,177,-60.7478595979954,-4.80008055031197,2,0.768467707893626,144,66,43,5,73,334,2,2,0,22,11.3141416168671,0,12,4,1,0,0,0,0,0,0,0,0,0,0,,0,0,0,0,0,,0,0,0,0,2,0,0,0,0,0,0,0,0,0,0,0,0,0,0,0,2,0,0,0,0,0,0,6,3,0,9,5,0,0,0,0,0,0,0,0,,,0,0,0,0,0,0,0,0,0,0,0,0,,,,0,0,0,0,0,0,0,,0,0,0,0,,0,0,,0,0,0,0,0,0,0,0,0,0,199.04,199.04
00-0036972,M.Jones,Mac Jones,QB,QB,"https://static.www.nfl.com/image/upload/f_auto,q_auto/league/v5sg1z9qvdpjeapblndz",2021,REG,NE,17,352,521,3801,22,13,28,-241,4,2,4158,1760,177,52.8761365748097,2.38219310626125,2,0.914141414141414,152,77,52,6,44,129,0,3,1,22,-0.205186354012467,0,5,3,0,0,0,0,0,0,0,0,0,0,0,,0,0,0,0,0,,0,0,0,0,1,0,1,0,0,0,0,0,0,0,0,0,0,0,0,0,1,-11,0,0,0,2,14,3,4,0,7,3,0,0,0,0,0,0,0,0,,,0,0,0,0,0,0,0,0,0,0,0,0,,,,0,0,0,0,0,0,0,,0,0,0,0,,0,0,,0,0,0,0,0,0,0,0,0,0,224.94,224.94
00-0036974,T.Campbell,Tyson Campbell,CB,DB,"https://static.www.nfl.com/image/upload/f_auto,q_auto/league/qhtmkkoqakioplm2vfrw",2021,REG,JAX,15,0,0,0,0,0,0,0,0,0,0,0,0,,,0,,0,0,0,0,0,0,0,0,0,0,,0,0,0,0,0,0,0,0,0,0,0,0,0,0,,0,0,0,0,0,,0,0,0,0,46,3,24,2,4,0,0,0,0,2,3,10,0,0,0,0,0,0,0,0,0,0,0,0,0,0,0,0,0,0,0,0,0,0,0,0,,,0,0,0,0,0,0,0,0,0,0,0,0,,,,0,0,0,0,0,0,0,,0,0,0,0,,0,0,,0,0,0,0,0,0,0,0,0,0,0,0
00-0036976,S.Brown,Spencer Brown,OT,OL,"https://static.www.nfl.com/image/upload/f_auto,q_auto/league/q2lsfuxunzzgso9rtldu",2021,REG,BUF,4,0,0,0,0,0,0,0,0,0,0,0,0,,,0,,0,0,0,0,0,0,0,0,0,0,,0,0,0,0,0,0,0,0,0,0,0,0,0,0,,0,0,0,0,0,,0,0,0,0,1,0,0,0,0,0,0,0,0,0,0,0,0,0,0,0,1,0,0,0,0,7,56,0,0,0,0,0,0,0,0,0,0,0,0,0,,,0,0,0,0,0,0,0,0,0,0,0,0,,,,0,0,0,0,0,0,0,,0,0,0,0,,0,0,,0,0,0,0,0,0,0,0,0,0,0,0
00-0036977,B.Cleveland,Ben Cleveland,G,OL,"https://static.www.nfl.com/image/upload/f_auto,q_auto/league/y36gxknbgsy3gt9wwzbl",2021,REG,BAL,2,0,0,0,0,0,0,0,0,0,0,0,0,,,0,,0,0,0,0,0,0,0,0,0,0,,0,0,0,0,0,0,0,0,0,0,0,0,0,0,,0,0,0,0,0,,0,0,0,0,0,0,0,0,0,0,0,0,0,0,0,0,0,0,0,0,0,0,0,0,0,2,15,0,0,0,0,0,0,0,0,0,0,0,0,0,,,0,0,0,0,0,0,0,0,0,0,0,0,,,,0,0,0,0,0,0,0,,0,0,0,0,,0,0,,0,0,0,0,0,0,0,0,0,0,0,0
00-0036979,A.Vera-Tucker,Alijah Vera-Tucker,G,OL,"https://static.www.nfl.com/image/upload/f_auto,q_auto/league/ybjzt1nrjtnflpjhnirs",2021,REG,NYJ,6,0,0,0,0,0,0,0,0,0,0,0,0,,,0,,0,0,0,0,0,0,0,0,0,0,,0,0,0,0,0,0,0,0,0,0,0,0,0,0,,0,0,0,0,0,,0,0,0,0,1,0,0,0,0,0,0,0,0,0,0,0,0,0,0,0,0,0,0,0,0,5,40,0,0,0,0,0,0,0,0,0,0,0,0,0,,,0,0,0,0,0,0,0,0,0,0,0,0,,,,0,0,0,0,0,0,0,,0,0,0,0,,0,0,,0,0,0,0,0,0,0,0,0,0,0,0
00-0036980,E.Moore,Elijah Moore,WR,WR,"https://static.www.nfl.com/image/upload/f_auto,q_auto/league/hglegw8qqnvb8fghc8cq",2021,REG,NYJ,11,0,0,0,0,0,0,0,0,0,0,0,0,,,0,,0,0,0,0,5,54,1,0,0,3,5.48785973581835,0,2,2,0,0,43,77,538,5,0,0,899,207,24,-1.29077478688313,0,23,13,9,1,0.598442714126808,0.132530120481928,0.206714187169464,0.343495111741517,0,5,0,0,0,0,0,0,0,0,0,0,0,0,0,0,0,0,0,0,0,0,3,20,0,0,0,0,0,0,0,0,0,0,0,0,0,,,0,0,0,0,0,0,0,0,0,0,0,0,,,,0,0,0,0,0,0,0,,0,0,0,0,,0,0,,0,0,0,0,0,0,0,0,0,0,95.2,138.2
00-0036981,C.Barmore,Christian Barmore,DT,DL,"https://static.www.nfl.com/image/upload/f_auto,q_auto/league/r2qnczxwkpqhk8is5jkv",2021,REG,NE,17,0,0,0,0,0,0,0,0,0,0,0,0,,,0,,0,0,0,0,0,0,0,0,0,0,,0,0,0,0,0,0,0,0,0,0,0,0,0,0,,0,0,0,0,0,,0,0,0,0,14,9,23,1,11,0,1.5,15,9,0,0,2,0,0,0,0,0,0,0,0,0,1,5,0,0,0,0,0,0,0,0,0,0,0,0,0,,,0,0,0,0,0,0,0,0,0,0,0,0,,,,0,0,0,0,0,0,0,,0,0,0,0,,0,0,,0,0,0,0,0,0,0,0,0,0,0,0
00-0036982,C.Golston,Chauncey Golston,DE,DL,"https://static.www.nfl.com/image/upload/f_auto,q_auto/league/sxmy7rxufyanqn2mpsba",2021,REG,DAL,14,0,0,0,0,0,0,0,0,0,0,0,0,,,0,,0,0,0,0,0,0,0,0,0,0,,0,0,0,0,0,0,0,0,0,0,0,0,0,0,,0,0,0,0,0,,0,0,0,1,12,2,18,0,0,0,1,7,4,0,0,1,0,0,0,0,0,0,1,6,0,1,15,0,0,0,0,0,0,0,0,0,0,0,0,0,,,0,0,0,0,0,0,0,0,0,0,0,0,,,,0,0,0,0,0,0,0,,0,0,0,0,,0,0,,0,0,0,0,0,0,0,0,0,0,6,6
00-0036983,K.Green,Kendrick Green,G,OL,"https://static.www.nfl.com/image/upload/f_auto,q_auto/league/b8rtjagcsjnnwczsin7u",2021,REG,PIT,6,0,0,0,0,0,0,0,0,0,0,0,0,,,0,,0,0,0,0,0,0,0,0,0,0,,0,0,0,0,0,0,0,0,0,0,0,0,0,0,,0,0,0,0,0,,0,0,0,0,2,0,0,0,0,0,0,0,0,0,0,0,0,0,0,0,0,-17,0,0,0,6,55,0,1,0,1,0,0,0,0,0,0,0,0,0,,,0,0,0,0,0,0,0,0,0,0,0,0,,,,0,0,0,0,0,0,0,,0,0,0,0,,0,0,,0,0,0,0,0,0,0,0,0,0,0,0
00-0036984,T.Sermon,Trey Sermon,RB,RB,"https://static.www.nfl.com/image/upload/f_auto,q_auto/league/eqhl3xiczodsyqlmsxvr",2021,REG,SF,6,0,0,0,0,0,0,0,0,0,0,0,0,,,0,,0,0,0,0,41,167,1,0,0,9,-1.67643299812335,0,3,3,0,0,3,4,26,0,0,0,10,18,1,1.58819469204173,0,1,1,1,0,2.6,0.00804828973843059,0.0024981264051961,0.0138211230912831,0,0,1,1,0,0,0,0,0,0,0,0,0,0,0,0,0,0,0,0,0,0,0,0,0,0,0,0,0,0,0,0,0,0,0,0,0,,,0,0,0,0,0,0,0,0,0,0,0,0,,,,0,0,0,0,0,0,0,,0,0,0,0,,0,0,,0,0,0,0,0,0,0,0,0,0,25.3,28.3
00-0036986,N.Wright,Nahshon Wright,CB,DB,"https://static.www.nfl.com/image/upload/f_auto,q_auto/league/muwpbl5yr0o4yvkcxtu3",2021,REG,DAL,9,0,0,0,0,0,0,0,0,0,0,0,0,,,0,,0,0,0,0,0,0,0,0,0,0,,0,0,0,0,0,0,0,0,0,0,0,0,0,0,,0,0,0,0,0,,0,0,0,1,7,0,2,0,0,0,0,0,0,0,0,0,0,1,0,0,0,0,0,0,0,4,25,0,1,0,1,1,1,0,0,0,0,0,0,0,,,0,0,0,0,0,0,0,0,0,0,0,0,,,,0,0,0,0,0,0,0,,0,0,0,0,,0,0,,0,0,0,0,0,0,0,0,0,0,6,6
00-0036987,B.Stephens,Brandon Stephens,CB,DB,"https://static.www.nfl.com/image/upload/f_auto,q_auto/league/xvwpf9u0s2yj7ldppaen",2021,REG,BAL,17,0,0,0,0,0,0,0,0,0,0,0,0,,,0,,0,0,0,0,0,0,0,0,0,0,,0,0,0,0,0,0,0,0,0,0,0,0,0,0,,0,0,0,0,0,,0,0,0,0,46,3,29,1,1,0,0,0,1,0,0,4,0,0,0,0,0,0,0,0,0,1,5,0,0,0,0,0,0,0,0,0,0,0,0,0,,,0,0,0,0,0,0,0,0,0,0,0,0,,,,0,0,0,0,0,0,0,,0,0,0,0,,0,0,,0,0,0,0,0,0,0,0,0,0,0,0
00-0036988,J.Palmer,Josh Palmer,WR,WR,"https://static.www.nfl.com/image/upload/f_auto,q_auto/league/woswdfrtxnsfgzsjvsxx",2021,REG,LAC,15,0,0,0,0,0,0,0,0,0,0,0,0,,,0,,0,0,0,0,1,6,0,0,0,0,0.21983389207162,0,0,0,0,0,33,49,353,4,0,0,489,100,18,12.5169016551809,0,15,7,3,0,0.721881390593047,0.0743550834597876,0.0962219598583235,0.178887997090508,0,2,0,0,0,0,0,0,0,0,0,0,0,0,0,0,0,0,0,0,0,0,1,5,0,0,0,0,0,0,0,0,0,0,0,0,0,,,0,0,0,0,0,0,0,0,0,0,0,0,,,,0,0,0,0,0,0,0,,0,0,0,0,,0,0,,0,0,0,0,0,0,0,0,0,0,59.9,92.9
00-0036989,M.Koonce,Malcolm Koonce,DE,DL,"https://static.www.nfl.com/image/upload/f_auto,q_auto/league/cujkqhjibrywjodwgfyp",2021,REG,LV,3,0,0,0,0,0,0,0,0,0,0,0,0,,,0,,0,0,0,0,0,0,0,0,0,0,,0,0,0,0,0,0,0,0,0,0,0,0,0,0,,0,0,0,0,0,,0,0,0,0,2,0,1,2,15,0,2,15,2,0,0,0,0,0,0,0,0,0,0,0,0,0,0,0,0,0,0,0,0,0,0,0,0,0,0,0,,,0,0,0,0,0,0,0,0,0,0,0,0,,,,0,0,0,0,0,0,0,,0,0,0,0,,0,0,,0,0,0,0,0,0,0,0,0,0,0,0
00-0036990,D.Deablo,Divine Deablo,LB,LB,"https://static.www.nfl.com/image/upload/f_auto,q_auto/league/btw2sohcblkqvpsrctio",2021,REG,LV,10,0,0,0,0,0,0,0,0,0,0,0,0,,,0,,0,0,0,0,0,0,0,0,0,0,,0,0,0,0,0,0,0,0,0,0,0,0,0,0,,0,0,0,0,0,,0,0,0,0,22,6,17,0,0,0,0,0,0,0,0,1,0,0,0,0,0,0,1,0,0,2,13,0,0,0,0,0,0,0,0,0,0,0,0,0,,,0,0,0,0,0,0,0,0,0,0,0,0,,,,0,0,0,0,0,0,0,,0,0,0,0,,0,0,,0,0,0,0,0,0,0,0,0,0,0,0
00-0036991,Am.Rodgers,Amari Rodgers,WR,WR,"https://static.www.nfl.com/image/private/f_auto,q_auto/league/g85ohsk2pgbf7xz2f1a8",2021,REG,GB,16,0,0,0,0,0,0,0,0,0,0,0,0,,,0,,0,0,0,0,1,11,0,0,0,1,0.956685218960047,0,1,0,0,0,4,8,45,0,0,0,40,24,2,-4.54981470136711,0,2,1,0,0,1.125,0.0140350877192982,0.00873743993010048,0.0271688395300177,0,3,0,0,0,0,0,0,0,0,0,0,0,0,2,0,0,1,0,0,0,0,0,0,1,1,0,2,0,20,166,11,199,0,0,0,0,,,0,0,0,0,0,0,0,0,0,0,0,0,,,,0,0,0,0,0,0,0,,0,0,0,0,,0,0,,0,0,0,0,0,0,0,0,0,0,5.6,9.6
00-0036992,E.Molden,Elijah Molden,CB,DB,"https://static.www.nfl.com/image/upload/f_auto,q_auto/league/yxq6pkgcvnln5riyonff",2021,REG,TEN,14,0,0,0,0,0,0,0,0,0,0,0,0,,,0,,0,0,0,0,0,0,0,0,0,0,,0,0,0,0,0,0,0,0,0,0,0,0,0,0,,0,0,0,0,0,,0,0,0,0,39,4,19,2,8,1,0,0,1,1,2,4,1,0,0,0,0,0,1,0,0,0,0,0,0,0,0,0,0,0,0,0,0,0,0,0,,,0,0,0,0,0,0,0,0,0,0,0,0,,,,0,0,0,0,0,0,0,,0,0,0,0,,0,0,,0,0,0,0,0,0,0,0,0,0,0,0
00-0036993,I.Melifonwu,Ifeatu Melifonwu,SAF,DB,"https://static.www.nfl.com/image/upload/f_auto,q_auto/league/ftt7jc1nr0hmf1xmzyh2",2021,REG,DET,6,0,0,0,0,0,0,0,0,0,0,0,0,,,0,,0,0,0,0,0,0,0,0,0,0,,0,0,0,0,0,0,0,0,0,0,0,0,0,0,,0,0,0,0,0,,0,0,0,0,10,2,3,0,0,0,0,0,0,0,0,3,0,0,0,0,0,0,2,0,0,0,0,0,0,0,0,0,0,0,0,0,0,0,0,0,,,0,0,0,0,0,0,0,0,0,0,0,0,,,,0,0,0,0,0,0,0,,0,0,0,0,,0,0,,0,0,0,0,0,0,0,0,0,0,0,0
00-0036994,E.Jones,Ernest Jones,LB,LB,"https://static.www.nfl.com/image/upload/f_auto,q_auto/league/zn0pz6okty7vbj5ryryt",2021,REG,LA,11,0,0,0,0,0,0,0,0,0,0,0,0,,,0,,0,0,0,0,0,0,0,0,0,0,,0,0,0,0,0,0,0,0,0,0,0,0,0,0,,0,0,0,0,0,,0,0,0,0,29,7,25,1,1,0,1,4,3,2,50,4,0,0,0,0,0,0,0,0,0,1,5,0,0,0,0,0,0,0,0,0,0,0,0,0,,,0,0,0,0,0,0,0,0,0,0,0,0,,,,0,0,0,0,0,0,0,,0,0,0,0,,0,0,,0,0,0,0,0,0,0,0,0,0,0,0
00-0036995,B.Browning,Baron Browning,LB,LB,"https://static.www.nfl.com/image/upload/f_auto,q_auto/league/nd86rlr1op1wgkbpfcxv",2021,REG,DEN,11,0,0,0,0,0,0,0,0,0,0,0,0,,,0,,0,0,0,0,0,0,0,0,0,0,,0,0,0,0,0,0,0,0,0,0,0,0,0,0,,0,0,0,0,0,,0,0,0,0,32,0,26,2,4,0,0,0,1,0,0,2,0,0,0,0,0,0,0,0,0,1,5,0,0,0,0,0,0,0,0,0,0,0,0,0,,,0,0,0,0,0,0,0,0,0,0,0,0,,,,0,0,0,0,0,0,0,,0,0,0,0,,0,0,,0,0,0,0,0,0,0,0,0,0,0,0
00-0036996,G.Newsome,Greg Newsome II,CB,DB,"https://static.www.nfl.com/image/upload/f_auto,q_auto/league/zyfy3onrys9i6ounvai8",2021,REG,CLE,12,0,0,0,0,0,0,0,0,0,0,0,0,,,0,,0,0,0,0,0,0,0,0,0,0,,0,0,0,0,0,0,0,0,0,0,0,0,0,0,,0,0,0,0,0,,0,0,0,0,30,3,4,0,0,0,0,0,0,0,0,9,0,0,0,0,0,0,0,0,0,3,44,0,0,0,0,0,0,0,0,0,0,0,0,0,,,0,0,0,0,0,0,0,0,0,0,0,0,,,,0,0,0,0,0,0,0,,0,0,0,0,,0,0,,0,0,0,0,0,0,0,0,0,0,0,0
00-0036997,J.Williams,Javonte Williams,RB,RB,"https://static.www.nfl.com/image/upload/f_auto,q_auto/league/hwzske22c4wrlf27qrih",2021,REG,DEN,17,0,0,0,0,0,0,0,0,0,0,0,0,,,0,,0,0,0,0,203,903,4,2,1,52,-17.2622951627256,0,25,16,6,1,43,53,316,3,0,0,-12,343,12,7.52227862008477,0,15,3,2,1,-26.3333333333333,0.102514506769826,-0.00263620386643234,0.151926417448236,0,1,0,0,0,0,0,0,0,0,0,0,0,0,0,0,0,1,0,0,0,0,1,5,2,0,0,2,1,0,0,0,0,0,0,0,0,,,0,0,0,0,0,0,0,0,0,0,0,0,,,,0,0,0,0,0,0,0,,0,0,0,0,,0,0,,0,0,0,0,0,0,0,0,0,0,161.9,204.9
00-0036998,J.Holland,Jevon Holland,SAF,DB,"https://static.www.nfl.com/image/upload/f_auto,q_auto/league/zuvtkp7vhs3iqvpj9nen",2021,REG,MIA,15,0,0,0,0,0,0,0,0,0,0,0,0,,,0,,0,0,0,0,0,0,0,0,0,0,,0,0,0,0,0,0,0,0,0,0,0,0,0,0,,0,0,0,0,0,,0,0,0,0,44,4,21,3,19,0,2.5,24,7,2,0,10,0,2,0,0,3,3,0,0,0,3,34,1,1,0,2,1,12,92,0,0,0,0,0,0,,,0,0,0,0,0,0,0,0,0,0,0,0,,,,0,0,0,0,0,0,0,,0,0,0,0,,0,0,,0,0,0,0,0,0,0,0,0,0,0,0
00-0036999,A.Schwartz,Anthony Schwartz,WR,WR,"https://static.www.nfl.com/image/upload/f_auto,q_auto/league/wqrxhwwlgpjkb6w8edgo",2021,REG,CLE,13,0,0,0,0,0,0,0,0,0,0,0,0,,,0,,0,0,0,0,6,39,0,0,0,4,1.14813425811008,0,3,2,0,0,10,23,135,1,0,0,396,10,6,-7.83959086597315,0,5,3,1,1,0.340909090909091,0.0460921843687375,0.092264678471575,0.133723551483209,0,2,0,0,0,0,0,0,0,0,0,0,0,0,0,0,0,0,0,0,0,0,0,0,0,0,0,0,0,0,0,15,322,0,0,0,0,,,0,0,0,0,0,0,0,0,0,0,0,0,,,,0,0,0,0,0,0,0,,0,0,0,0,,0,0,,0,0,0,0,0,0,0,0,0,0,23.4,33.4
00-0037000,M.Rice,Monty Rice,LB,LB,"https://static.www.nfl.com/image/upload/f_auto,q_auto/league/rrcuqfoaipif1vrlobuz",2021,REG,TEN,7,0,0,0,0,0,0,0,0,0,0,0,0,,,0,,0,0,0,0,0,0,0,0,0,0,,0,0,0,0,0,0,0,0,0,0,0,0,0,0,,0,0,0,0,0,,0,0,0,0,10,7,19,0,0,0,0,0,1,0,0,1,0,0,0,0,0,0,0,0,0,1,5,0,0,0,0,0,0,0,0,0,0,0,0,0,,,0,0,0,0,0,0,0,0,0,0,0,0,,,,0,0,0,0,0,0,0,,0,0,0,0,,0,0,,0,0,0,0,0,0,0,0,0,0,0,0
00-0037001,Q.Meinerz,Quinn Meinerz,C,OL,"https://static.www.nfl.com/image/upload/f_auto,q_auto/league/wataecqih21xww0giu06",2021,REG,DEN,2,0,0,0,0,0,0,0,0,0,0,0,0,,,0,,0,0,0,0,0,0,0,0,0,0,,0,0,0,0,0,0,0,0,0,0,0,0,0,0,,0,0,0,0,0,,0,0,0,0,0,0,0,0,0,0,0,0,0,0,0,0,0,0,0,0,0,0,0,0,0,2,12,0,0,0,0,0,0,0,0,0,0,0,0,0,,,0,0,0,0,0,0,0,0,0,0,0,0,,,,0,0,0,0,0,0,0,,0,0,0,0,,0,0,,0,0,0,0,0,0,0,0,0,0,0,0
00-0037002,L.Dickerson,Landon Dickerson,G,OL,"https://static.www.nfl.com/image/upload/f_auto,q_auto/league/xmdowvfxum5huo9ahemm",2021,REG,PHI,5,0,0,0,0,0,0,0,0,0,0,0,0,,,0,,0,0,0,0,0,0,0,0,0,0,,0,0,0,0,0,0,0,0,0,0,0,0,0,0,,0,0,0,0,0,,0,0,0,0,0,0,0,0,0,0,0,0,0,0,0,0,0,0,0,0,0,0,0,0,0,5,35,0,0,0,0,0,0,0,0,0,0,0,0,0,,,0,0,0,0,0,0,0,0,0,0,0,0,,,,0,0,0,0,0,0,0,,0,0,0,0,,0,0,,0,0,0,0,0,0,0,0,0,0,0,0
00-0037004,H.Long,Hunter Long,TE,TE,"https://static.www.nfl.com/image/upload/f_auto,q_auto/league/n1kvmijdfpyv1dwlwqa6",2021,REG,MIA,3,0,0,0,0,0,0,0,0,0,0,0,0,,,0,,0,0,0,0,0,0,0,0,0,0,,0,0,0,0,0,1,3,8,0,0,0,10,4,0,-7.00587911845651,0,0,0,0,0,0.8,0.00500834724540902,0.00223663609930664,0.00907816613762817,0,0,0,0,0,0,0,0,0,0,0,0,0,0,0,0,0,0,0,0,0,0,1,10,0,0,0,0,0,0,0,0,0,0,0,0,0,,,0,0,0,0,0,0,0,0,0,0,0,0,,,,0,0,0,0,0,0,0,,0,0,0,0,,0,0,,0,0,0,0,0,0,0,0,0,0,0.8,1.8
00-0037005,T.Tremble,Tommy Tremble,TE,TE,"https://static.www.nfl.com/image/upload/f_auto,q_auto/league/j0atbeflgj05pldxfon6",2021,REG,CAR,15,0,0,0,0,0,0,0,0,0,0,0,0,,,0,,0,0,0,0,3,11,1,0,0,1,0.662044653145131,0,0,0,0,0,20,35,180,1,0,0,287,70,10,6.35770828415128,1,6,3,1,0,0.627177700348432,0.0608695652173913,0.0649762282091918,0.136787707572521,0,2,0,1,0,0,0,0,0,0,0,0,0,0,0,0,0,0,0,0,0,0,1,5,0,0,0,0,0,0,0,1,21,0,0,0,0,,,0,0,0,0,0,0,0,0,0,0,0,0,,,,0,0,0,0,0,0,0,,0,0,0,0,,0,0,,0,0,0,0,0,0,0,0,0,0,33.1,53.1
00-0037007,P.Jones,Patrick Jones II,LB,LB,"https://static.www.nfl.com/image/upload/f_auto,q_auto/league/yj0r18rgx7oishozdalv",2021,REG,MIN,5,0,0,0,0,0,0,0,0,0,0,0,0,,,0,,0,0,0,0,0,0,0,0,0,0,,0,0,0,0,0,0,0,0,0,0,0,0,0,0,,0,0,0,0,0,,0,0,0,0,4,0,3,0,0,0,0,0,0,0,0,0,0,0,0,0,0,0,0,0,0,2,20,0,0,0,0,0,0,0,0,0,0,0,0,0,,,0,0,0,0,0,0,0,0,0,0,0,0,,,,0,0,0,0,0,0,0,,0,0,0,0,,0,0,,0,0,0,0,0,0,0,0,0,0,0,0
00-0037008,A.Thomas,Ambry Thomas,CB,DB,"https://static.www.nfl.com/image/upload/f_auto,q_auto/league/amjpcxjbfudtvtargzfa",2021,REG,SF,9,0,0,0,0,0,0,0,0,0,0,0,0,,,0,,0,0,0,0,0,0,0,0,0,0,,0,0,0,0,0,0,0,0,0,0,0,0,0,0,,0,0,0,0,0,,0,0,0,0,16,1,6,0,0,0,0,0,0,1,0,5,0,0,0,0,0,0,0,0,0,2,10,0,0,0,0,0,0,0,4,70,0,0,0,0,,,0,0,0,0,0,0,0,0,0,0,0,0,,,,0,0,0,0,0,0,0,,0,0,0,0,,0,0,,0,0,0,0,0,0,0,0,0,0,0,0
00-0037009,R.Slater,Rashawn Slater,OT,OL,"https://static.www.nfl.com/image/upload/f_auto,q_auto/league/o3c6u8ug6sw7mpdeojqk",2021,REG,LAC,6,0,0,0,0,0,0,0,0,0,0,0,0,,,0,,0,0,0,0,0,0,0,0,0,0,,0,0,0,0,0,0,0,0,0,0,0,0,0,0,,0,0,0,0,0,,0,0,0,0,0,0,0,0,0,0,0,0,0,0,0,0,0,0,0,0,0,0,0,0,0,6,45,0,0,0,0,0,0,0,0,0,0,0,0,0,,,0,0,0,0,0,0,0,0,0,0,0,0,,,,0,0,0,0,0,0,0,,0,0,0,0,,0,0,,0,0,0,0,0,0,0,0,0,0,0,0
00-0037010,L.Eichenberg,Liam Eichenberg,OT,OL,"https://static.www.nfl.com/image/upload/f_auto,q_auto/league/q1witqmianbqxz4lmtur",2021,REG,MIA,9,0,0,0,0,0,0,0,0,0,0,0,0,,,0,,0,0,0,0,0,0,0,0,0,0,,0,0,0,0,0,0,0,0,0,0,0,0,0,0,,0,0,0,0,0,,0,0,0,0,0,0,0,0,0,0,0,0,0,0,0,0,0,0,0,0,4,0,0,0,0,7,44,0,0,0,0,0,0,0,0,0,0,0,0,0,,,0,0,0,0,0,0,0,0,0,0,0,0,,,,0,0,0,0,0,0,0,,0,0,0,0,,0,0,,0,0,0,0,0,0,0,0,0,0,0,0
00-0037011,T.McKitty,Tre' McKitty,TE,TE,"https://static.www.nfl.com/image/upload/f_auto,q_auto/league/hcsuglnch88wtxp9emcv",2021,REG,LAC,6,0,0,0,0,0,0,0,0,0,0,0,0,,,0,,0,0,0,0,0,0,0,0,0,0,,0,0,0,0,0,6,8,45,0,0,0,18,34,3,1.40671956504229,0,1,0,0,0,2.5,0.0121396054628225,0.00354191263282172,0.0206887470372089,0,1,0,0,0,0,0,0,0,0,0,0,0,0,0,0,0,0,0,0,0,0,0,0,0,0,0,0,0,0,0,0,0,0,0,0,0,,,0,0,0,0,0,0,0,0,0,0,0,0,,,,0,0,0,0,0,0,0,,0,0,0,0,,0,0,,0,0,0,0,0,0,0,0,0,0,4.5,10.5
00-0037012,T.Lance,Trey Lance,QB,QB,"https://static.www.nfl.com/image/upload/f_auto,q_auto/league/gu6ewpdscaswlet6pbq0",2021,REG,SF,6,41,71,603,5,2,4,-15,0,0,658,288,27,10.6849274455011,-4.1441786116448,0,0.916413373860182,25,11,8,3,38,168,1,0,0,8,-1.75603184085921,1,4,3,0,0,0,0,0,0,0,0,0,0,0,,0,0,0,0,0,,0,0,0,0,0,0,0,0,0,0,0,0,0,0,0,0,0,0,0,0,0,0,0,0,0,0,0,0,0,0,0,0,0,0,0,0,0,0,0,0,,,0,0,0,0,0,0,0,0,0,0,0,0,,,,0,0,0,0,0,0,0,,0,0,0,0,,0,0,,0,0,0,0,0,0,0,0,0,0,64.92,64.92
00-0037013,Z.Wilson,Zach Wilson,QB,QB,"https://static.www.nfl.com/image/upload/f_auto,q_auto/league/i17xpbsar7evcypbhtel",2021,REG,NYJ,13,213,383,2334,9,11,44,-370,4,1,2885,1099,112,-95.573186357066,-9.63935967270142,1,0.809012131715771,99,44,32,5,29,185,4,0,0,10,7.61297220291622,1,7,5,3,1,0,1,0,0,0,0,8,0,0,-0.740858779405244,0,0,0,0,0,0,0.00172117039586919,0.00183950333409979,0.00386940792767364,0,1,0,0,0,0,0,0,0,0,0,0,0,0,0,0,0,3,0,0,0,0,1,10,4,1,1,5,1,0,0,0,0,0,0,0,0,,,0,0,0,0,0,0,0,0,0,0,0,0,,,,0,0,0,0,0,0,0,,0,0,0,0,,0,0,,0,0,0,0,0,0,0,0,0,0,151.86,151.86
,,,,,,2021,REG,LV,272,0,0,0,0,0,0,0,0,0,0,0,0,,,0,,0,0,0,0,0,0,0,0,0,0,,0,0,0,0,0,0,0,0,0,0,0,0,0,0,,0,0,0,0,0,,0,0,0,0,0,0,0,0,0,0,0,0,0,0,0,0,0,0,4,0,0,0,0,0,0,252,1242,0,0,0,0,0,0,0,0,0,0,0,0,0,,,0,0,0,0,0,0,0,0,0,0,0,0,,,,0,0,0,0,0,0,0,,0,0,0,0,,0,0,,0,0,0,0,0,0,0,0,0,0,0,0
